job title,hiring organization,department,seniority level,date posted,application deadline,valid through,sector,job location,experience required,education requirement,education_years,type of contract,available posts,description,benefits,predicted_salary_dzd,inferred_skills
AI Ethics Consultant,,Compliance,Chief,2024-07-14,2024-10-11,2024-10-11,Informatique,Tlemcen,6-15 ans,Bac,12,CDD,5,"Profil recherché (FR):
Responsabilités: Coordination, Communication, Organization
Profil: Strategic Planning, Compliance
Compétences:
- SEO
- Data Analysis
- Python
Avantages: Cloud; Research; Coordination
","Assurance santé, Prime performance",172341,"Time Management, Adaptability, Problem Solving, Critical Thinking, Teamwork"
Video Editor,,Risk Management,Lead,17 July 2024,04 August 2024,2024-08-04,Admin,Annaba,5-13 ans,Master,18,Volontariat,5,"Expérience requise: 5-13 ans. Éducation: Master, 18 ans. As Lead Video Editor, you'll design critical projects. En tant que Lead Video Editor, vous serez amené à coordonner les processus.",Prime performance,834933,"SQL, DevOps, Docker, Python, C++, Java, Network Security"
Researcher,,Product,Senior,03/06/2024,2024-06-10,2024-06-10,Ventes,Constantine,4-13 ans,None,0,Volontariat,10,"Profil recherché (FR):
Responsabilités: Data Analysis; Teamwork; Research
Profil: Digital Marketing, Compliance, Python
Compétences: Data Analysis, Teamwork, Leadership, UX/UI, Budgeting
Avantages:
- Digital Marketing
- Budgeting
- Teamwork
- Machine Learning
","Voiture de fonction, Ticket Restaurant",489684,"Patient Care, HIPAA Compliance, Pharmacovigilance, Clinical Trials, Medical Terminology"
Volunteer Coord.,,Procurement,Senior,"May 18, 2024",2024-07-04,2024-07-04,Ventes,Tlemcen,5-13 ans,Master,18,Temps partiel,3,"Expérience requise: 5-13 ans. Éducation: Master, 18 ans. As Senior Volunteer Coord., you'll design innovative projects. Contrat: Temps partiel. Localisation: Tlemcen. Département: IT.",Prime performance,306590,"Problem Solving, Communication, Time Management, Adaptability"
Project Manager,,Business Development,Chief,2024-05-03,2024-05-23,2024-05-23,Informatique,Hybride,0-9 ans,None,0,Temps partiel,3,"Profil recherché (EN):
Responsabilités:
- Research
- Coordination
Profil:
- Maintenance
- SEO
- Negotiation
- Strategic Planning
- Digital Marketing
Compétences:
- Data Analysis
- Blockchain
- Digital Marketing
- Graphic Design
Avantages:
- Project Mgmt
- Python
","Télétravail partiel, Voiture de fonction, Horaires flexibles",471453,"Lean Management, Process Optimization, Inventory Control, Logistics, Supply Chain Management, Quality Control"
Cloud Architect,,Technical Support,Senior,"Jul 31, 2024",08 October 2024,2024-10-08,Marketing,Tlemcen,5-13 ans,None,0,Stage,10,"Profil recherché (FR):
Responsabilités:
- Communication
- Budgeting
- CAD
- Python
Profil: Negotiation, Research, Digital Marketing, Java
Compétences: Machine Learning; Negotiation
Avantages:
- Java
- Leadership
- UX/UI
- Machine Learning
- Project Mgmt
","Voiture de fonction, Participation bénéfices",653394,"Machine Learning, Python, Kubernetes, SQL"
Project Manager,,Logistics,Chief,"Aug 13, 2024",2024-10-19,2024-10-19,Marketing,Béjaïa,4-6 ans,None,0,Temps plein,3,"As Chief Project Manager, you'll design key projects. En tant que Chief Project Manager, vous serez amené à développer l’équipe. Expérience requise: 4-6 ans. Éducation: None, 0 ans.","Horaires flexibles, Assurance santé",314913,"Inventory Control, Quality Control, Supply Chain Management, Process Optimization"
Data Scientist,,Business Development,Mid,09 December 2024,06 March 2025,2025-03-06,Informatique,Annaba,3-5 ans,Master,18,Stage,1,"En tant que Mid Data Scientist, vous serez amené à gérer les systèmes. Expérience requise: 3-5 ans. Éducation: Master, 18 ans. Contrat: Stage. Localisation: Annaba. Département: Marketing.",Voiture de fonction,363463,"SQL, C++, Kubernetes, Docker"
IT Intern,,Public Relations,Senior,05 January 2025,21 February 2025,2025-02-21,Juridique,Alger,10-12 ans,Bac,12,CDD,2,"Contrat: CDD. Localisation: Alger. Département: Engineering. Expérience requise: 10-12 ans. Éducation: Bac, 12 ans. As Senior IT Intern, you'll perform key projects.","Voiture de fonction, Formation continue, Ticket Restaurant",503725,"Kubernetes, SQL, Docker, Python"
UX Designer,,Logistics,Senior,2025-04-16,2025-05-26,2025-05-26,Finance,Alger,7-15 ans,None,0,Freelance,10,"Profil recherché (MIX):
Responsabilités:
- Blockchain
- Budgeting
- Research
- Customer Service
Profil: Data Analysis, Technical Writing, Machine Learning, Communication
Compétences:
- Maintenance
- Leadership
- Logistics
- Java
- Machine Learning
Avantages: UX/UI, Cloud, Research, Communication
",Voiture de fonction,504849,"Figma, Prototyping, Color Theory, Sketch, Adobe Photoshop"
QA Engineer,,IT Support,Junior,02/12/2024,30/12/2024,2024-12-30,Finance,El Oued,4-6 ans,None,0,CDD,5,"Profil recherché (EN):
Responsabilités: Cloud; Negotiation; Leadership
Profil:
- Java
- Budgeting
- Technical Writing
- Compliance
Compétences: Project Mgmt; Network Security
Avantages:
- Graphic Design
- Negotiation
- Strategic Planning
",Télétravail partiel,331854,"Network Security, Docker, Python, C++"
Security Officer,,Research & Development,Senior,05/04/2025,20/05/2025,2025-05-20,Marketing,Blida,4-14 ans,Licence,16,Temps partiel,5,"As Senior Security Officer, you'll perform innovative projects. Contrat: Temps partiel. Localisation: Blida. Département: IT. En tant que Senior Security Officer, vous serez amené à coordonner les relations clients.","Ticket Restaurant, Voiture de fonction",957823,"Java, Network Security, C++, Docker"
DB Admin,,Business Development,Chief,2024-05-14,25/07/2024,2024-07-25,Finance,El Oued,0-6 ans,Licence,16,Alternance,5,"Profil recherché (MIX):
Responsabilités: Strategic Planning, Digital Marketing
Profil:
- Java
- Graphic Design
Compétences: Communication, Blockchain
Avantages: Strategic Planning; Digital Marketing
","Participation bénéfices, Assurance santé, Télétravail partiel",278312,"Office Management, Customer Service, Scheduling, Document Control, Data Entry"
DB Admin,,Strategy,Chief,"Jul 21, 2024",08 August 2024,2024-08-08,Ingénierie,Béjaïa,4-13 ans,Doctorat,20,Freelance,10,"Profil recherché (EN):
Responsabilités: Budgeting, Strategic Planning, Java, Coordination, Leadership
Profil: Leadership, Technical Writing, Coordination, Organization, Python
Compétences: Strategic Planning, Communication
Avantages: Customer Service; Java; Leadership; Logistics
",Prime performance,444379,"Document Control, Customer Service, Data Entry, Office Management, Scheduling"
Med. Rep,,Data Science,Mid,"Nov 28, 2024",20/02/2025,2025-02-20,Juridique,Annaba,6-10 ans,Bac,12,Temporaire,3,"En tant que Mid Med. Rep, vous serez amené à coordonner les processus. Contrat: Temporaire. Localisation: Annaba. Département: Operations. As Mid Med. Rep, you'll lead innovative projects.",Horaires flexibles,330882,"Communication, Critical Thinking, Teamwork, Adaptability, Problem Solving"
Recruiter,,Investor Relations,Chief,2025-04-21,28 April 2025,2025-04-28,RH,Béjaïa,7-9 ans,Master,18,Freelance,1,"Profil recherché (MIX):
Responsabilités: Customer Service; Python; Data Analysis; Project Mgmt
Profil: Data Analysis; Python
Compétences: Network Security, Customer Service
Avantages: Project Mgmt; Strategic Planning; Graphic Design; Technical Writing
","Ticket Restaurant, Télétravail partiel",569079,"Machine Learning, Java, DevOps, C++, Python"
Cloud Architect,,IT Support,Senior,2025-03-28,2025-04-26,2025-04-26,Finance,Ghardaïa,9-15 ans,Bac,12,Volontariat,5,"Expérience requise: 9-15 ans. Éducation: Bac, 12 ans. As Senior Cloud Architect, you'll design critical projects. En tant que Senior Cloud Architect, vous serez amené à développer l’équipe.","Horaires flexibles, Télétravail partiel",926984,"Network Security, Python, Docker, SQL, C++"
Bioengineer,,Data Science,Mid,"May 28, 2024",29 July 2024,2024-07-29,Marketing,Sétif,9-10 ans,Bac,12,CDI,3,"Profil recherché (MIX):
Responsabilités: Cloud; Java
Profil: CAD, Blockchain
Compétences: SQL, Logistics, Budgeting, Teamwork, Python
Avantages: Machine Learning, Coordination, CAD, Compliance, Technical Writing
","Ticket Restaurant, Assurance santé, Participation bénéfices",800685,"Python, DevOps, Docker, C++"
DB Admin,,Training,Chief,"Apr 24, 2025",09 May 2025,2025-05-09,Ventes,Saïda,9-11 ans,Bac,12,CDD,5,"En tant que Chief DB Admin, vous serez amené à développer les relations clients. Contrat: CDD. Localisation: Saïda. Département: Operations. Expérience requise: 9-11 ans. Éducation: Bac, 12 ans.",Prime performance,415851,"Document Control, Scheduling, Office Management, Customer Service, Data Entry"
Civil Engineer,,Quality Assurance,Mid,"Aug 25, 2024",27 October 2024,2024-10-27,Ingénierie,Tizi Ouzou,10-20 ans,Licence,16,Temporaire,1,"Profil recherché (FR):
Responsabilités: Strategic Planning, Blockchain, Excel
Profil: SEO; Strategic Planning; Maintenance
Compétences:
- Technical Writing
- Leadership
Avantages:
- Coordination
- Teamwork
- CAD
- Customer Service
- Technical Writing
",Participation bénéfices,333952,"Python, Cloud Computing, C++, DevOps, Machine Learning, SQL"
Training Specialist,,Technical Support,Junior,2025-01-27,2025-02-04,2025-02-04,RH,El Oued,4-12 ans,None,0,Freelance,1,"En tant que Junior Training Specialist, vous serez amené à superviser les processus. Contrat: Freelance. Localisation: El Oued. Département: Engineering. Expérience requise: 4-12 ans. Éducation: None, 0 ans.",Formation continue,386936,"Time Management, Communication, Critical Thinking, Adaptability, Problem Solving, Teamwork"
Pharmacist,,Business Development,Senior,19 November 2024,2024-12-04,2024-12-04,Admin,El Oued,5-6 ans,Bac,12,Alternance,10,"Contrat: Alternance. Localisation: El Oued. Département: IT. As Senior Pharmacist, you'll design critical projects. En tant que Senior Pharmacist, vous serez amené à coordonner les processus.","Prime performance, Horaires flexibles",490820,"Pharmacovigilance, HIPAA Compliance, Clinical Trials, Medical Terminology, Patient Care"
Event Planner,,Design,Mid,07 October 2024,2024-10-28,2024-10-28,Admin,Hybride,3-10 ans,Doctorat,20,Temps plein,2,"Profil recherché (FR):
Responsabilités:
- Budgeting
- SEO
Profil:
- Machine Learning
- Research
Compétences: UX/UI, Data Analysis
Avantages: Communication, Coordination, Technical Writing, Blockchain
",,150920,"Communication, Adaptability, Critical Thinking, Problem Solving"
AI Ethics Consultant,,Training,Senior,05 April 2025,15/06/2025,2025-06-15,RH,Ghardaïa,0-9 ans,Licence,16,Alternance,10,"Profil recherché (MIX):
Responsabilités: Compliance, Cloud, UX/UI, Leadership
Profil: Python; CAD; Compliance
Compétences: CAD; SEO; Graphic Design; Logistics
Avantages: Graphic Design; Logistics; Negotiation; Technical Writing
",,194371,"Critical Thinking, Communication, Adaptability, Time Management"
HR Coordinator,,Compliance,Senior,01 August 2024,18 August 2024,2024-08-18,Informatique,Télétravail,4-13 ans,Bac,12,Temps plein,10,"Profil recherché (MIX):
Responsabilités: Java; Blockchain
Profil: Cloud; Organization; Communication
Compétences:
- Maintenance
- Machine Learning
- Organization
Avantages:
- Technical Writing
- SQL
- Maintenance
- Network Security
","Formation continue, Prime performance",345787,"Onboarding, Performance Management, Recruitment, Training & Development, HRIS, Employee Relations"
Video Editor,,Research & Development,Mid,08/03/2025,04 April 2025,2025-04-04,Ingénierie,Blida,0-0 ans,Master,18,Stage,3,"Profil recherché (MIX):
Responsabilités: Strategic Planning; Cloud; Logistics; CAD; SEO
Profil: Excel, Research, Leadership, SEO
Compétences: Logistics; Data Analysis; CAD; Project Mgmt; Budgeting
Avantages: Python, Strategic Planning, CAD, Research, Cloud
",,516045,"Machine Learning, SQL, C++, Docker, DevOps, Kubernetes"
PR Officer,,Customer Success,Senior,2024-11-09,05/01/2025,2025-01-05,RH,Tlemcen,8-12 ans,Master,18,CDI,10,"As Senior PR Officer, you'll lead strategic projects. En tant que Senior PR Officer, vous serez amené à développer l’équipe. Expérience requise: 8-12 ans. Éducation: Master, 18 ans.","Voiture de fonction, Assurance santé, Formation continue",339737,"Adaptability, Critical Thinking, Teamwork, Communication"
Operations Manager,,Risk Management,Lead,2024-06-14,26/08/2024,2024-08-26,Juridique,Ghardaïa,7-15 ans,Bac,12,CDI,1,"Profil recherché (FR):
Responsabilités: Graphic Design; Maintenance
Profil:
- Research
- Java
- SQL
Compétences: Python, Java
Avantages:
- Communication
- Excel
",Formation continue,540672,"Inventory Control, Process Optimization, Supply Chain Management, Quality Control, Logistics, Lean Management"
Video Editor,,Public Relations,Chief,"Nov 16, 2024",2024-12-07,2024-12-07,Marketing,Tlemcen,10-16 ans,Bac,12,Temps plein,10,"Profil recherché (MIX):
Responsabilités:
- Organization
- Technical Writing
- Maintenance
- Communication
- Cloud
Profil:
- Digital Marketing
- Maintenance
- Budgeting
- Technical Writing
Compétences: UX/UI; Graphic Design; Communication; Organization
Avantages: Digital Marketing; Negotiation
",Télétravail partiel,647322,"Docker, Machine Learning, C++, Java"
CTO,,Investor Relations,Junior,20/05/2024,01 August 2024,2024-08-01,Santé,El Oued,8-8 ans,Master,18,Volontariat,5,"Contrat: Volontariat. Localisation: El Oued. Département: Finance. En tant que Junior CTO, vous serez amené à coordonner les relations clients. As Junior CTO, you'll design strategic projects.",,221834,"Adaptability, Critical Thinking, Problem Solving, Communication"
Sales Rep,,Training,Mid,16 October 2024,10 December 2024,2024-12-10,Juridique,Hybride,0-8 ans,Master,18,Alternance,10,"Profil recherché (MIX):
Responsabilités: Network Security, Budgeting, Maintenance, Negotiation
Profil: Excel; Organization
Compétences: Logistics; Organization; Machine Learning; Coordination; SQL
Avantages:
- Communication
- SEO
",,295780,"Time Management, Problem Solving, Critical Thinking, Communication, Teamwork, Adaptability"
Translator,,Customer Success,Junior,28 June 2024,27/08/2024,2024-08-27,Santé,Annaba,7-9 ans,Licence,16,Stage,10,"Contrat: Stage. Localisation: Annaba. Département: Operations. En tant que Junior Translator, vous serez amené à gérer les relations clients. As Junior Translator, you'll design critical projects.","Formation continue, Ticket Restaurant, Voiture de fonction",566623,"Adaptability, Teamwork, Time Management, Problem Solving, Communication, Critical Thinking"
QA Engineer,,Business Development,Lead,01 December 2024,01/02/2025,2025-02-01,Juridique,Annaba,7-11 ans,Bac,12,CDI,5,"En tant que Lead QA Engineer, vous serez amené à gérer les relations clients. Expérience requise: 7-11 ans. Éducation: Bac, 12 ans. As Lead QA Engineer, you'll perform strategic projects.","Voiture de fonction, Ticket Restaurant, Prime performance",791622,"Network Security, Python, Machine Learning, DevOps, Docker, Kubernetes, Cloud Computing"
Bioengineer,,Procurement,Chief,"Mar 22, 2025",06 June 2025,2025-06-06,Logistique,Oran,4-7 ans,Bac,12,Temporaire,1,"Profil recherché (EN):
Responsabilités:
- Graphic Design
- Excel
- UX/UI
- Python
Profil:
- Graphic Design
- SEO
- Logistics
- Leadership
Compétences: Excel; CAD; Logistics; Python; Compliance
Avantages: Blockchain, Network Security
","Formation continue, Participation bénéfices, Prime performance",576171,"Cloud Computing, Java, Python, Kubernetes"
Social Media Mgr,,Business Development,Senior,"Oct 14, 2024",19 December 2024,2024-12-19,Admin,El Oued,4-8 ans,None,0,Temporaire,10,"En tant que Senior Social Media Mgr, vous serez amené à superviser l’équipe. Expérience requise: 4-8 ans. Éducation: None, 0 ans. As Senior Social Media Mgr, you'll design strategic projects.",,389604,"SEO, Google Analytics, Public Relations, Campaign Planning, Content Strategy, Email Marketing, Social Media"
Training Specialist,,Corporate Affairs,Junior,"Sep 13, 2024",02 December 2024,2024-12-02,Admin,Sétif,5-11 ans,Bac,12,Alternance,5,"As Junior Training Specialist, you'll perform key projects. En tant que Junior Training Specialist, vous serez amené à gérer les relations clients. Contrat: Alternance. Localisation: Sétif. Département: HR.","Horaires flexibles, Voiture de fonction, Assurance santé",320227,"Adaptability, Communication, Critical Thinking, Problem Solving, Time Management, Teamwork"
Logistics Coord.,,Procurement,Mid,2024-12-27,28 February 2025,2025-02-28,Logistique,Béjaïa,1-7 ans,None,0,Temps plein,5,"Profil recherché (EN):
Responsabilités: Java, Network Security, Data Analysis
Profil: Network Security, Project Mgmt, CAD, Machine Learning, Digital Marketing
Compétences: Digital Marketing, Machine Learning, Coordination, Project Mgmt, Teamwork
Avantages: SQL; Leadership; Logistics; Negotiation
",,484389,"Lean Management, Process Optimization, Supply Chain Management, Quality Control, Logistics"
Marketing Manager,,Product,Junior,"Jun 26, 2024",28 August 2024,2024-08-28,Ingénierie,Oran,1-7 ans,None,0,Freelance,2,"Profil recherché (FR):
Responsabilités:
- Project Mgmt
- Excel
- Graphic Design
Profil:
- Logistics
- Strategic Planning
Compétences: Project Mgmt, Java, Blockchain, Python, Cloud
Avantages: Data Analysis, Compliance
","Horaires flexibles, Assurance santé",328785,"Public Relations, Social Media, Content Strategy, SEO, Email Marketing"
Bioengineer,,Technical Support,Mid,26 August 2024,2024-10-20,2024-10-20,RH,Tlemcen,8-11 ans,Licence,16,Temps plein,3,"En tant que Mid Bioengineer, vous serez amené à développer les processus. As Mid Bioengineer, you'll manage strategic projects. Expérience requise: 8-11 ans. Éducation: Licence, 16 ans.",,713822,"Machine Learning, Docker, SQL, C++"
Digital Marketer,,Procurement,Lead,"Dec 17, 2024",09/01/2025,2025-01-09,Ingénierie,Annaba,1-3 ans,None,0,Temps partiel,2,"Profil recherché (EN):
Responsabilités: Customer Service; Technical Writing; Negotiation; Data Analysis
Profil:
- UX/UI
- Coordination
- Project Mgmt
Compétences: Coordination, Budgeting, Excel, Strategic Planning, Leadership
Avantages: Digital Marketing; SQL; Budgeting
","Horaires flexibles, Prime performance",910959,"Python, SQL, Machine Learning, Docker, Kubernetes, Java, DevOps"
Blockchain Dev,,Health & Safety,Mid,17 March 2025,01 April 2025,2025-04-01,Ventes,Saïda,4-7 ans,None,0,Stage,10,"Profil recherché (MIX):
Responsabilités:
- Maintenance
- Cloud
- Teamwork
- SEO
- Technical Writing
Profil: Customer Service, Strategic Planning
Compétences: Technical Writing, Machine Learning
Avantages:
- Teamwork
- Graphic Design
- Java
","Prime performance, Formation continue, Voiture de fonction",201830,"Communication, Adaptability, Time Management, Problem Solving"
Customer Service Agent,,Procurement,Lead,24 October 2024,2024-12-28,2024-12-28,Ingénierie,Annaba,2-5 ans,Master,18,Volontariat,5,"Contrat: Volontariat. Localisation: Annaba. Département: Legal. Expérience requise: 2-5 ans. Éducation: Master, 18 ans. En tant que Lead Customer Service Agent, vous serez amené à gérer les processus.","Ticket Restaurant, Formation continue, Télétravail partiel",378480,"Data Entry, Office Management, Document Control, Scheduling, Customer Service"
Legal Advisor,,Research & Development,Chief,"Dec 12, 2024",2025-02-07,2025-02-07,Ventes,Tlemcen,5-11 ans,Licence,16,Temps partiel,5,"Profil recherché (EN):
Responsabilités:
- Data Analysis
- Research
- Technical Writing
- CAD
- SQL
Profil: Leadership; Java; Excel; Customer Service
Compétences: Machine Learning; Project Mgmt; Communication
Avantages: Organization; Cloud; Java; Coordination; Research
",,322758,"Legal Research, Regulatory Affairs, Compliance, Negotiation, Contract Drafting"
Business Analyst,,Public Relations,Lead,30 January 2025,21/02/2025,2025-02-21,Informatique,Alger,7-9 ans,Bac,12,Freelance,2,"As Lead Business Analyst, you'll manage strategic projects. En tant que Lead Business Analyst, vous serez amené à superviser l’équipe. Contrat: Freelance. Localisation: Alger. Département: Legal.","Prime performance, Assurance santé, Télétravail partiel",494722,"Forecasting, Investment Strategies, Audit, Financial Analysis, Excel, Budgeting, Accounting"
Marketing Manager,,IT Support,Lead,"Aug 18, 2024",05/11/2024,2024-11-05,Informatique,Sétif,10-20 ans,Doctorat,20,Freelance,2,"En tant que Lead Marketing Manager, vous serez amené à développer les relations clients. As Lead Marketing Manager, you'll perform strategic projects. Expérience requise: 10-20 ans. Éducation: Doctorat, 20 ans.","Assurance santé, Voiture de fonction, Participation bénéfices",319296,"Content Strategy, Public Relations, Social Media, SEO"
Data Scientist,,Health & Safety,Lead,26 April 2024,11 May 2024,2024-05-11,Ingénierie,Tlemcen,7-10 ans,Master,18,CDD,2,"As Lead Data Scientist, you'll design strategic projects. Expérience requise: 7-10 ans. Éducation: Master, 18 ans. En tant que Lead Data Scientist, vous serez amené à développer les processus.",Formation continue,834666,"Network Security, DevOps, Cloud Computing, Python, C++, Java, Machine Learning"
Tech Writer,,Public Relations,Mid,06/02/2025,2025-03-21,2025-03-21,Admin,El Oued,1-7 ans,Doctorat,20,Volontariat,10,"Contrat: Volontariat. Localisation: El Oued. Département: Finance. Expérience requise: 1-7 ans. Éducation: Doctorat, 20 ans. As Mid Tech Writer, you'll lead critical projects.",Ticket Restaurant,646897,"Java, DevOps, Network Security, Kubernetes, SQL, Python, C++"
Project Manager,,Strategy,Senior,2024-06-02,08 July 2024,2024-07-08,Logistique,El Oued,1-10 ans,Master,18,Temps plein,10,"Profil recherché (FR):
Responsabilités:
- Graphic Design
- Project Mgmt
- UX/UI
- Coordination
Profil:
- Budgeting
- Research
- Maintenance
- SEO
- Technical Writing
Compétences: Maintenance; Java; Strategic Planning; Logistics
Avantages: Network Security; Strategic Planning; Data Analysis; Graphic Design
",Participation bénéfices,385160,"Supply Chain Management, Quality Control, Process Optimization, Logistics, Lean Management, Inventory Control"
HR Coordinator,,Research & Development,Chief,29/04/2024,2024-06-02,2024-06-02,Ingénierie,Béjaïa,1-4 ans,Master,18,CDI,10,"As Chief HR Coordinator, you'll design critical projects. En tant que Chief HR Coordinator, vous serez amené à gérer les relations clients. Expérience requise: 1-4 ans. Éducation: Master, 18 ans.",Ticket Restaurant,293875,"Onboarding, Employee Relations, Payroll, Training & Development, Recruitment, HRIS, Performance Management"
Restaurant Manager,,Design,Mid,13/11/2024,19/12/2024,2024-12-19,Informatique,Alger,4-10 ans,Licence,16,CDI,1,"Profil recherché (MIX):
Responsabilités: Machine Learning; Java; Compliance; Cloud; Logistics
Profil: Leadership; Technical Writing; Cloud
Compétences: Machine Learning, Project Mgmt, Customer Service
Avantages: Data Analysis; Communication; Graphic Design; Compliance
",Horaires flexibles,536934,"Process Optimization, Inventory Control, Supply Chain Management, Lean Management, Logistics, Quality Control"
Risk Manager,,Logistics,Junior,19/09/2024,11/10/2024,2024-10-11,Admin,Blida,10-11 ans,Bac,12,Volontariat,3,"En tant que Junior Risk Manager, vous serez amené à gérer les relations clients. Expérience requise: 10-11 ans. Éducation: Bac, 12 ans. Contrat: Volontariat. Localisation: Blida. Département: Finance.","Assurance santé, Formation continue, Participation bénéfices",518623,"Logistics, Quality Control, Inventory Control, Process Optimization"
Software Engineer,,Business Development,Mid,07 November 2024,22 January 2025,2025-01-22,Informatique,Télétravail,7-17 ans,Licence,16,Temps plein,5,"Profil recherché (MIX):
Responsabilités: Maintenance; Blockchain; Compliance; SQL
Profil: Research, Digital Marketing
Compétences:
- Customer Service
- Digital Marketing
- Python
Avantages: UX/UI; Java; Project Mgmt; Data Analysis; Excel
","Participation bénéfices, Prime performance, Assurance santé",590109,"C++, Cloud Computing, Python, Network Security, Java"
IT Intern,,Business Development,Lead,2024-11-28,24/12/2024,2024-12-24,Juridique,Béjaïa,8-14 ans,Bac,12,Freelance,10,"Contrat: Freelance. Localisation: Béjaïa. Département: Finance. Expérience requise: 8-14 ans. Éducation: Bac, 12 ans. As Lead IT Intern, you'll perform strategic projects.","Voiture de fonction, Télétravail partiel, Horaires flexibles",590256,"C++, Machine Learning, Network Security, Python, SQL"
Cloud Architect,,Compliance,Lead,14 July 2024,01 October 2024,2024-10-01,Logistique,Annaba,1-6 ans,Master,18,Alternance,1,"As Lead Cloud Architect, you'll perform critical projects. En tant que Lead Cloud Architect, vous serez amené à superviser l’équipe. Contrat: Alternance. Localisation: Annaba. Département: Sales.",,390886,"Docker, Java, Python, C++"
Fashion Designer,,Procurement,Junior,"Sep 21, 2024",16/10/2024,2024-10-16,Logistique,Tlemcen,5-7 ans,Master,18,Volontariat,2,"Expérience requise: 5-7 ans. Éducation: Master, 18 ans. As Junior Fashion Designer, you'll lead innovative projects. En tant que Junior Fashion Designer, vous serez amené à coordonner les relations clients.","Horaires flexibles, Prime performance",890906,"Illustrator, UX Research, Typography, Prototyping, Color Theory"
Civil Engineer,,Risk Management,Senior,11 October 2024,07 December 2024,2024-12-07,Ingénierie,Annaba,9-13 ans,Licence,16,CDI,10,"Profil recherché (MIX):
Responsabilités: Teamwork, Python
Profil:
- Compliance
- Budgeting
- Leadership
- Network Security
Compétences:
- Project Mgmt
- Leadership
- CAD
- Organization
- Cloud
Avantages: Strategic Planning, Project Mgmt, Blockchain, Teamwork
",,376854,"Docker, C++, Network Security, SQL, Cloud Computing, DevOps"
Exec. Assistant,,Data Science,Senior,14 January 2025,20/03/2025,2025-03-20,Logistique,Saïda,7-14 ans,Bac,12,Volontariat,1,"Profil recherché (EN):
Responsabilités: Technical Writing; Teamwork
Profil:
- Network Security
- Strategic Planning
- Machine Learning
- Compliance
Compétences: Digital Marketing; Java
Avantages: Teamwork, Logistics, Communication, Python
",,285065,"Data Entry, Document Control, Scheduling, Office Management, Customer Service"
Med. Rep,,Logistics,Mid,2024-07-16,12 September 2024,2024-09-12,Informatique,Hybride,2-9 ans,Master,18,CDI,3,"As Mid Med. Rep, you'll manage innovative projects. Expérience requise: 2-9 ans. Éducation: Master, 18 ans. Contrat: CDI. Localisation: Hybride. Département: HR.","Voiture de fonction, Télétravail partiel, Assurance santé",197092,"Problem Solving, Adaptability, Teamwork, Critical Thinking, Time Management, Communication"
Operations Manager,,Customer Success,Junior,02/11/2024,2025-01-29,2025-01-29,Informatique,Hybride,10-17 ans,Master,18,Stage,2,"En tant que Junior Operations Manager, vous serez amené à superviser l’équipe. As Junior Operations Manager, you'll perform key projects. Expérience requise: 10-17 ans. Éducation: Master, 18 ans.","Ticket Restaurant, Horaires flexibles",377697,"Quality Control, Logistics, Lean Management, Inventory Control, Supply Chain Management"
SEO Specialist,,Customer Success,Mid,"Dec 16, 2024",2025-03-05,2025-03-05,Logistique,Sétif,2-4 ans,None,0,Temporaire,5,"Profil recherché (FR):
Responsabilités:
- Cloud
- SEO
- CAD
- Negotiation
Profil: Machine Learning, Data Analysis, Network Security, Customer Service, Teamwork
Compétences:
- Communication
- Logistics
Avantages: Organization; Data Analysis; Strategic Planning; Java; Machine Learning
","Participation bénéfices, Télétravail partiel, Horaires flexibles",296104,"Email Marketing, Content Strategy, Campaign Planning, Google Analytics, Brand Management, SEO, Social Media"
Fashion Designer,,Health & Safety,Lead,19 April 2025,2025-05-21,2025-05-21,Informatique,Télétravail,8-11 ans,Licence,16,Temps plein,3,"Profil recherché (FR):
Responsabilités: Cloud; Excel
Profil: Negotiation; Excel; Cloud; Digital Marketing; Python
Compétences:
- SEO
- Digital Marketing
- Negotiation
- Cloud
Avantages: CAD; Budgeting; SQL; Graphic Design
",Prime performance,249739,"Illustrator, Figma, Typography, Prototyping, UX Research, Adobe Photoshop"
Security Officer,,Technical Support,Mid,19/07/2024,2024-09-21,2024-09-21,Admin,Annaba,2-6 ans,None,0,Temps plein,5,"Contrat: Temps plein. Localisation: Annaba. Département: Finance. En tant que Mid Security Officer, vous serez amené à développer les systèmes. Expérience requise: 2-6 ans. Éducation: None, 0 ans.","Prime performance, Assurance santé",575997,"Python, Kubernetes, Network Security, Docker, Java, C++, SQL"
Accountant,,Business Development,Mid,07/10/2024,22/11/2024,2024-11-22,Admin,Tizi Ouzou,8-13 ans,Bac,12,CDD,10,"Expérience requise: 8-13 ans. Éducation: Bac, 12 ans. En tant que Mid Accountant, vous serez amené à coordonner l’équipe. As Mid Accountant, you'll lead key projects.","Télétravail partiel, Participation bénéfices",250748,"Audit, SAP, Investment Strategies, Budgeting, Risk Management"
Translator,,Health & Safety,Senior,2025-03-24,29/05/2025,2025-05-29,Ingénierie,Télétravail,2-6 ans,Master,18,Alternance,2,"Expérience requise: 2-6 ans. Éducation: Master, 18 ans. En tant que Senior Translator, vous serez amené à développer les relations clients. Contrat: Alternance. Localisation: Télétravail. Département: Engineering.",Ticket Restaurant,396742,"Teamwork, Adaptability, Communication, Critical Thinking"
Data Scientist,,Risk Management,Junior,23/04/2025,03 May 2025,2025-05-03,RH,Alger,3-11 ans,Master,18,CDD,10,"Contrat: CDD. Localisation: Alger. Département: IT. Expérience requise: 3-11 ans. Éducation: Master, 18 ans. En tant que Junior Data Scientist, vous serez amené à coordonner les relations clients.",Assurance santé,276433,"Docker, DevOps, SQL, Network Security, Java, Python"
Operations Manager,,Technical Support,Chief,14/10/2024,2024-12-28,2024-12-28,Marketing,Tlemcen,7-17 ans,Master,18,Volontariat,2,"As Chief Operations Manager, you'll design innovative projects. Expérience requise: 7-17 ans. Éducation: Master, 18 ans. Contrat: Volontariat. Localisation: Tlemcen. Département: Sales.","Participation bénéfices, Prime performance",435267,"Process Optimization, Inventory Control, Supply Chain Management, Logistics, Quality Control, Lean Management"
Software Engineer,,Procurement,Lead,2024-08-29,19 November 2024,2024-11-19,RH,Blida,4-13 ans,Bac,12,CDI,10,"Profil recherché (EN):
Responsabilités: Graphic Design, Logistics, Python
Profil:
- Maintenance
- Organization
- Teamwork
Compétences: UX/UI; Compliance
Avantages: UX/UI; Teamwork; Excel; Customer Service
","Prime performance, Horaires flexibles, Formation continue",321143,"Network Security, DevOps, Java, Machine Learning, C++, Kubernetes"
Volunteer Coord.,,Research & Development,Chief,22 February 2025,13/04/2025,2025-04-13,Logistique,Sétif,5-5 ans,None,0,Temps partiel,10,"Profil recherché (MIX):
Responsabilités: Graphic Design; Python; Strategic Planning; Blockchain; Budgeting
Profil: SQL, Strategic Planning, Leadership
Compétences: Budgeting, Research, UX/UI
Avantages:
- Technical Writing
- Coordination
- Machine Learning
",,298513,"Adaptability, Time Management, Critical Thinking, Problem Solving"
Cloud Architect,,Compliance,Chief,2024-06-30,28 July 2024,2024-07-28,Logistique,Oran,2-3 ans,Doctorat,20,Temps plein,3,"Contrat: Temps plein. Localisation: Oran. Département: Marketing. As Chief Cloud Architect, you'll perform key projects. En tant que Chief Cloud Architect, vous serez amené à coordonner les systèmes.",,717828,"Docker, Cloud Computing, DevOps, SQL, Network Security, Python, C++"
Accountant,,Data Science,Lead,2024-11-15,2025-01-13,2025-01-13,Logistique,Sétif,9-19 ans,Bac,12,Stage,10,"As Lead Accountant, you'll lead innovative projects. En tant que Lead Accountant, vous serez amené à superviser les systèmes. Contrat: Stage. Localisation: Sétif. Département: Legal.",Participation bénéfices,547300,"Audit, Risk Management, Accounting, Investment Strategies, SAP, Forecasting, Budgeting"
IT Intern,,Risk Management,Lead,06 November 2024,11 December 2024,2024-12-11,Ingénierie,Alger,4-7 ans,Doctorat,20,CDI,2,"As Lead IT Intern, you'll design key projects. Contrat: CDI. Localisation: Alger. Département: HR. Expérience requise: 4-7 ans. Éducation: Doctorat, 20 ans.",Prime performance,468487,"C++, Kubernetes, Python, Docker, Network Security, DevOps"
Data Engineer,,Risk Management,Chief,"Aug 14, 2024",06/10/2024,2024-10-06,Finance,Télétravail,7-14 ans,Licence,16,CDD,1,"Profil recherché (EN):
Responsabilités: Maintenance; Digital Marketing; Logistics; Budgeting
Profil: Compliance; Excel; Machine Learning; Blockchain
Compétences: Cloud, Graphic Design
Avantages: Negotiation; Strategic Planning
",,382001,"Machine Learning, Cloud Computing, DevOps, C++, Kubernetes, Docker, Network Security"
Network Admin,,Quality Assurance,Junior,"Sep 12, 2024",06/12/2024,2024-12-06,RH,Tlemcen,3-9 ans,None,0,CDI,2,"Expérience requise: 3-9 ans. Éducation: None, 0 ans. Contrat: CDI. Localisation: Tlemcen. Département: IT. As Junior Network Admin, you'll manage key projects.","Ticket Restaurant, Formation continue, Horaires flexibles",241865,"SQL, C++, Cloud Computing, Machine Learning, DevOps, Kubernetes, Python"
Volunteer Coord.,,Investor Relations,Junior,27 July 2024,04 September 2024,2024-09-04,Ventes,Saïda,7-12 ans,None,0,CDD,2,"As Junior Volunteer Coord., you'll design critical projects. Contrat: CDD. Localisation: Saïda. Département: Marketing. En tant que Junior Volunteer Coord., vous serez amené à développer les relations clients.",,331403,"Critical Thinking, Problem Solving, Time Management, Adaptability, Communication, Teamwork"
Blockchain Dev,,Quality Assurance,Mid,02 May 2024,2024-05-31,2024-05-31,RH,Béjaïa,4-11 ans,None,0,Temps plein,2,"Contrat: Temps plein. Localisation: Béjaïa. Département: Marketing. En tant que Mid Blockchain Dev, vous serez amené à superviser les relations clients. As Mid Blockchain Dev, you'll lead strategic projects.",Horaires flexibles,368616,"Time Management, Communication, Problem Solving, Adaptability"
Digital Marketer,,Administration,Mid,"Jun 10, 2024",2024-06-22,2024-06-22,Santé,Hybride,7-14 ans,Master,18,Temporaire,5,"Profil recherché (MIX):
Responsabilités:
- Logistics
- Digital Marketing
- Machine Learning
- Technical Writing
- SQL
Profil: Organization; Technical Writing; Compliance; Strategic Planning
Compétences: Digital Marketing; Negotiation; Machine Learning
Avantages: Cloud; Graphic Design; SQL; Excel; Communication
","Prime performance, Ticket Restaurant, Assurance santé",403359,"Machine Learning, Kubernetes, Python, Network Security"
Marketing Manager,,Technical Support,Chief,09/12/2024,2025-02-21,2025-02-21,RH,Sétif,3-10 ans,Master,18,CDI,5,"Expérience requise: 3-10 ans. Éducation: Master, 18 ans. As Chief Marketing Manager, you'll design innovative projects. Contrat: CDI. Localisation: Sétif. Département: IT.","Horaires flexibles, Assurance santé",300873,"Email Marketing, Brand Management, Google Analytics, Social Media"
QA Engineer,,Design,Senior,2024-08-04,2024-08-26,2024-08-26,Logistique,Saïda,6-13 ans,Doctorat,20,Alternance,2,"Profil recherché (EN):
Responsabilités:
- Machine Learning
- Negotiation
Profil: Communication; Negotiation; Digital Marketing
Compétences:
- Communication
- Machine Learning
- Python
Avantages:
- Technical Writing
- Teamwork
- SQL
",,324461,"DevOps, C++, Kubernetes, Machine Learning, Python, Network Security, Docker"
Chem. Engineer,,Public Relations,Mid,28/08/2024,25 October 2024,2024-10-25,Juridique,Constantine,2-11 ans,Doctorat,20,Temporaire,3,"Profil recherché (FR):
Responsabilités:
- Project Mgmt
- Data Analysis
- Research
- Negotiation
Profil: Strategic Planning, Organization, Data Analysis
Compétences:
- Java
- SQL
Avantages: Organization; Digital Marketing; Excel; Budgeting
",Voiture de fonction,208260,"C++, Docker, Machine Learning, Java, Python, DevOps"
App Developer,,Strategy,Mid,"Jun 06, 2024",27 June 2024,2024-06-27,Informatique,Blida,5-7 ans,Licence,16,CDI,1,"Profil recherché (EN):
Responsabilités: Negotiation, Customer Service, UX/UI, Budgeting, Maintenance
Profil: Negotiation, Leadership
Compétences: Coordination; Python; Organization
Avantages:
- Compliance
- Communication
- Graphic Design
- Coordination
",Formation continue,639378,"DevOps, Cloud Computing, Python, Kubernetes, Machine Learning, Network Security"
Operations Manager,,Strategy,Mid,21/01/2025,03/02/2025,2025-02-03,Marketing,Hybride,8-18 ans,Bac,12,Freelance,2,"As Mid Operations Manager, you'll perform strategic projects. Expérience requise: 8-18 ans. Éducation: Bac, 12 ans. Contrat: Freelance. Localisation: Hybride. Département: HR.",Participation bénéfices,335249,"Quality Control, Lean Management, Inventory Control, Supply Chain Management, Process Optimization, Logistics"
Event Planner,,Customer Success,Chief,29/10/2024,21 November 2024,2024-11-21,Informatique,Béjaïa,8-15 ans,Master,18,Volontariat,10,"Contrat: Volontariat. Localisation: Béjaïa. Département: Finance. En tant que Chief Event Planner, vous serez amené à coordonner les relations clients. Expérience requise: 8-15 ans. Éducation: Master, 18 ans.","Télétravail partiel, Assurance santé, Formation continue",224519,"Time Management, Critical Thinking, Problem Solving, Teamwork"
Product Manager,,Customer Success,Mid,2024-08-24,21/10/2024,2024-10-21,Ingénierie,Alger,9-16 ans,Master,18,Temps plein,10,"Profil recherché (EN):
Responsabilités: SEO; Customer Service
Profil: CAD, Blockchain, Strategic Planning, Negotiation, Java
Compétences:
- Network Security
- Teamwork
- SEO
- Coordination
- Logistics
Avantages: Network Security, Communication, Maintenance, Java
","Voiture de fonction, Télétravail partiel",348089,"Lean Management, Supply Chain Management, Inventory Control, Process Optimization, Quality Control, Logistics"
Investment Banker,,Logistics,Junior,05 February 2025,05 May 2025,2025-05-05,Informatique,Annaba,7-15 ans,Master,18,Temps partiel,2,"En tant que Junior Investment Banker, vous serez amené à gérer l’équipe. Expérience requise: 7-15 ans. Éducation: Master, 18 ans. Contrat: Temps partiel. Localisation: Annaba. Département: Engineering.","Télétravail partiel, Ticket Restaurant, Voiture de fonction",392476,"Forecasting, SAP, Financial Analysis, Risk Management, Budgeting, Investment Strategies, Excel"
Civil Engineer,,Training,Senior,"Apr 21, 2025",06/07/2025,2025-07-06,Admin,Constantine,7-16 ans,None,0,Volontariat,3,"En tant que Senior Civil Engineer, vous serez amené à développer les systèmes. Contrat: Volontariat. Localisation: Constantine. Département: Engineering. As Senior Civil Engineer, you'll perform strategic projects.","Voiture de fonction, Horaires flexibles, Formation continue",678046,"Docker, Cloud Computing, Machine Learning, Java, SQL, Network Security, Python"
SEO Specialist,,Public Relations,Chief,"May 23, 2024",03/07/2024,2024-07-03,Ventes,Alger,7-9 ans,None,0,Freelance,10,"As Chief SEO Specialist, you'll lead strategic projects. En tant que Chief SEO Specialist, vous serez amené à développer les processus. Expérience requise: 7-9 ans. Éducation: None, 0 ans.","Horaires flexibles, Voiture de fonction",374016,"Social Media, Brand Management, Public Relations, Campaign Planning, Content Strategy, SEO, Google Analytics"
Data Scientist,,Health & Safety,Junior,2024-07-04,2024-09-19,2024-09-19,RH,Tlemcen,7-7 ans,Master,18,Temporaire,1,"Profil recherché (FR):
Responsabilités:
- Maintenance
- Network Security
- Compliance
- Python
Profil:
- Teamwork
- Research
- Logistics
- SQL
Compétences: Negotiation; Compliance; Network Security
Avantages: Digital Marketing, Logistics, Java, Strategic Planning
",Assurance santé,387886,"DevOps, Cloud Computing, C++, Network Security, Python, SQL"
Pharmacist,,Research & Development,Lead,"Mar 25, 2025",2025-04-30,2025-04-30,Finance,Tlemcen,3-8 ans,Master,18,Freelance,3,"Profil recherché (FR):
Responsabilités:
- Project Mgmt
- Java
- Communication
Profil: Blockchain; Compliance; Technical Writing; Budgeting
Compétences: Network Security, Teamwork
Avantages: Leadership, Digital Marketing, Maintenance, Teamwork
",,471782,"HIPAA Compliance, Pharmacovigilance, Medical Terminology, Clinical Trials, Patient Care"
Recruiter,,Customer Success,Junior,08 July 2024,27 August 2024,2024-08-27,Ventes,Constantine,10-18 ans,None,0,CDD,3,"As Junior Recruiter, you'll design strategic projects. Contrat: CDD. Localisation: Constantine. Département: Sales. Expérience requise: 10-18 ans. Éducation: None, 0 ans.","Horaires flexibles, Voiture de fonction",385711,"Python, Machine Learning, Network Security, C++, SQL, Cloud Computing"
Legal Advisor,,Public Relations,Lead,19/02/2025,08/05/2025,2025-05-08,Logistique,Blida,10-17 ans,Licence,16,CDD,3,"Expérience requise: 10-17 ans. Éducation: Licence, 16 ans. As Lead Legal Advisor, you'll manage critical projects. En tant que Lead Legal Advisor, vous serez amené à coordonner l’équipe.","Ticket Restaurant, Formation continue, Télétravail partiel",420844,"Litigation Support, Contract Drafting, Legal Research, Compliance, Negotiation"
UX Designer,,Strategy,Junior,"Apr 29, 2024",2024-05-18,2024-05-18,Marketing,Annaba,10-15 ans,Master,18,Volontariat,2,"Profil recherché (FR):
Responsabilités:
- Graphic Design
- Leadership
Profil: CAD, Digital Marketing, Budgeting
Compétences: Logistics, Leadership, Coordination, UX/UI, Python
Avantages: Excel; Java
","Télétravail partiel, Formation continue, Ticket Restaurant",866523,"Adobe Photoshop, Color Theory, Sketch, Prototyping, Typography, UX Research, Illustrator"
Fashion Designer,,Data Science,Junior,05/04/2025,02/06/2025,2025-06-02,Admin,Béjaïa,0-8 ans,Bac,12,CDI,1,"Profil recherché (MIX):
Responsabilités: Blockchain, Graphic Design, Research, Maintenance, Cloud
Profil: Python, Strategic Planning, Project Mgmt
Compétences: Coordination; Negotiation
Avantages: Compliance; Python; Budgeting
","Assurance santé, Prime performance",340737,"UX Research, Illustrator, Typography, Adobe Photoshop, Prototyping, Figma, Sketch"
Restaurant Manager,,Logistics,Senior,"Jul 14, 2024",10 August 2024,2024-08-10,Juridique,Saïda,1-5 ans,None,0,CDI,5,"Expérience requise: 1-5 ans. Éducation: None, 0 ans. Contrat: CDI. Localisation: Saïda. Département: HR. En tant que Senior Restaurant Manager, vous serez amené à superviser les systèmes.","Prime performance, Télétravail partiel, Ticket Restaurant",492819,"Inventory Control, Supply Chain Management, Process Optimization, Lean Management"
Chem. Engineer,,Business Development,Senior,05 September 2024,02 December 2024,2024-12-02,Ventes,Annaba,7-8 ans,Doctorat,20,Alternance,3,"As Senior Chem. Engineer, you'll perform strategic projects. En tant que Senior Chem. Engineer, vous serez amené à superviser l’équipe. Contrat: Alternance. Localisation: Annaba. Département: Legal.",Assurance santé,833968,"Cloud Computing, Kubernetes, Network Security, C++, Machine Learning"
Data Scientist,,Public Relations,Mid,22/12/2024,25/02/2025,2025-02-25,Admin,Hybride,9-11 ans,Master,18,Stage,2,"En tant que Mid Data Scientist, vous serez amené à développer l’équipe. As Mid Data Scientist, you'll perform critical projects. Expérience requise: 9-11 ans. Éducation: Master, 18 ans.",,568233,"Network Security, SQL, Docker, Cloud Computing"
Training Specialist,,Technical Support,Lead,31 July 2024,28 September 2024,2024-09-28,Ventes,Sétif,8-11 ans,Bac,12,Stage,5,"Profil recherché (FR):
Responsabilités:
- Network Security
- UX/UI
Profil: Excel, Leadership, Python
Compétences:
- Communication
- SQL
- Technical Writing
- Compliance
Avantages: Strategic Planning; Blockchain; Java
","Horaires flexibles, Voiture de fonction",456030,"Critical Thinking, Teamwork, Time Management, Problem Solving, Communication, Adaptability"
Operations Manager,,Health & Safety,Lead,03 July 2024,06 August 2024,2024-08-06,Admin,Alger,10-10 ans,Licence,16,Temporaire,2,"En tant que Lead Operations Manager, vous serez amené à gérer l’équipe. Expérience requise: 10-10 ans. Éducation: Licence, 16 ans. Contrat: Temporaire. Localisation: Alger. Département: HR.",,273028,"Supply Chain Management, Quality Control, Logistics, Lean Management"
HR Coordinator,,IT Support,Chief,27/09/2024,2024-10-16,2024-10-16,Santé,Saïda,4-4 ans,None,0,Temps plein,10,"Contrat: Temps plein. Localisation: Saïda. Département: HR. Expérience requise: 4-4 ans. Éducation: None, 0 ans. En tant que Chief HR Coordinator, vous serez amené à développer les relations clients.",,174126,"Employee Relations, HRIS, Payroll, Onboarding"
Chem. Engineer,,Strategy,Lead,"Mar 02, 2025",2025-05-04,2025-05-04,Admin,Oran,6-6 ans,Licence,16,Temporaire,1,"Expérience requise: 6-6 ans. Éducation: Licence, 16 ans. Contrat: Temporaire. Localisation: Oran. Département: Engineering. En tant que Lead Chem. Engineer, vous serez amené à coordonner l’équipe.",Assurance santé,368577,"Cloud Computing, Machine Learning, DevOps, Java, Python"
Customer Service Agent,,Strategy,Chief,"Apr 24, 2025",2025-05-24,2025-05-24,Ventes,Blida,10-18 ans,Doctorat,20,Freelance,1,"En tant que Chief Customer Service Agent, vous serez amené à développer l’équipe. Contrat: Freelance. Localisation: Blida. Département: Sales. As Chief Customer Service Agent, you'll manage strategic projects.","Participation bénéfices, Horaires flexibles",223324,"Data Entry, Scheduling, Customer Service, Document Control"
Chem. Engineer,,Technical Support,Junior,14 December 2024,18 January 2025,2025-01-18,Ingénierie,El Oued,2-3 ans,Master,18,CDI,2,"Profil recherché (MIX):
Responsabilités: Digital Marketing; SEO; Negotiation; Graphic Design
Profil: Excel, SEO, Technical Writing, Negotiation
Compétences: Leadership; Customer Service; Strategic Planning; Organization
Avantages: Budgeting, Maintenance, Technical Writing, Teamwork
","Participation bénéfices, Télétravail partiel",776483,"DevOps, Java, C++, Machine Learning, Docker, Cloud Computing, Kubernetes"
Blockchain Dev,,IT Support,Senior,14 March 2025,11/06/2025,2025-06-11,Logistique,Annaba,10-16 ans,Licence,16,Temps plein,3,"En tant que Senior Blockchain Dev, vous serez amené à développer les processus. Expérience requise: 10-16 ans. Éducation: Licence, 16 ans. Contrat: Temps plein. Localisation: Annaba. Département: Operations.",,233534,"Teamwork, Problem Solving, Time Management, Communication"
Restaurant Manager,,Administration,Chief,2024-12-03,15 January 2025,2025-01-15,RH,Annaba,7-7 ans,None,0,Stage,1,"Profil recherché (EN):
Responsabilités: Java; Project Mgmt; Strategic Planning
Profil: Data Analysis; Excel
Compétences: Strategic Planning, Communication, Customer Service, Data Analysis, Teamwork
Avantages: Blockchain; SQL; Budgeting; Leadership
","Formation continue, Prime performance, Horaires flexibles",749866,"Logistics, Process Optimization, Quality Control, Inventory Control, Lean Management"
Maintenance Tech,,Strategy,Mid,17/04/2025,2025-07-06,2025-07-06,RH,Oran,6-16 ans,Doctorat,20,Stage,5,"As Mid Maintenance Tech, you'll perform strategic projects. En tant que Mid Maintenance Tech, vous serez amené à gérer l’équipe. Contrat: Stage. Localisation: Oran. Département: IT.",Horaires flexibles,432732,"Critical Thinking, Time Management, Teamwork, Communication"
Risk Manager,,Compliance,Lead,2024-07-15,03/08/2024,2024-08-03,Juridique,Saïda,4-12 ans,Doctorat,20,Freelance,1,"Profil recherché (MIX):
Responsabilités: Leadership; Research; Blockchain; Technical Writing
Profil: Python; Compliance; Coordination
Compétences: Maintenance; Excel
Avantages: Maintenance; Leadership; Project Mgmt; Customer Service
",Télétravail partiel,937658,"Supply Chain Management, Inventory Control, Logistics, Process Optimization, Quality Control, Lean Management"
Civil Engineer,,Risk Management,Lead,"Jul 04, 2024",07/08/2024,2024-08-07,RH,El Oued,6-13 ans,None,0,Temps partiel,10,"En tant que Lead Civil Engineer, vous serez amené à coordonner les relations clients. Expérience requise: 6-13 ans. Éducation: None, 0 ans. As Lead Civil Engineer, you'll lead critical projects.","Horaires flexibles, Formation continue",550462,"C++, Machine Learning, Python, Network Security"
Software Engineer,,Design,Mid,2024-07-12,02/10/2024,2024-10-02,Ventes,Tlemcen,8-14 ans,Bac,12,Temps plein,5,"As Mid Software Engineer, you'll lead innovative projects. Contrat: Temps plein. Localisation: Tlemcen. Département: Finance. Expérience requise: 8-14 ans. Éducation: Bac, 12 ans.",Ticket Restaurant,568861,"SQL, Network Security, DevOps, Docker, C++"
Network Admin,,Strategy,Senior,02 October 2024,25 October 2024,2024-10-25,Admin,El Oued,7-14 ans,Licence,16,CDD,10,"Contrat: CDD. Localisation: El Oued. Département: Finance. As Senior Network Admin, you'll design innovative projects. Expérience requise: 7-14 ans. Éducation: Licence, 16 ans.",Voiture de fonction,836919,"Python, C++, Cloud Computing, DevOps, Java, Kubernetes"
Investment Banker,,Risk Management,Lead,"Feb 04, 2025",14/04/2025,2025-04-14,Finance,Sétif,3-13 ans,None,0,Volontariat,5,"Profil recherché (FR):
Responsabilités: Network Security, UX/UI
Profil:
- Budgeting
- Java
- Strategic Planning
- Excel
Compétences:
- Maintenance
- Organization
- Compliance
- Research
Avantages: Leadership; Technical Writing
","Formation continue, Voiture de fonction, Assurance santé",531736,"Accounting, SAP, Forecasting, Investment Strategies, Financial Analysis"
Business Analyst,,Public Relations,Mid,2025-03-29,28 May 2025,2025-05-28,Finance,Tlemcen,7-16 ans,Master,18,Temps partiel,3,"Expérience requise: 7-16 ans. Éducation: Master, 18 ans. En tant que Mid Business Analyst, vous serez amené à gérer l’équipe. Contrat: Temps partiel. Localisation: Tlemcen. Département: Marketing.",,300174,"Financial Analysis, SAP, Audit, Risk Management"
CMO,,Research & Development,Junior,"May 03, 2024",31/05/2024,2024-05-31,Admin,Annaba,1-10 ans,None,0,Alternance,5,"Profil recherché (FR):
Responsabilités: Machine Learning; Excel; Leadership; Strategic Planning; Project Mgmt
Profil: Machine Learning, Cloud, SEO
Compétences:
- SQL
- Organization
Avantages: Blockchain; Network Security; SQL; Customer Service
","Voiture de fonction, Assurance santé, Prime performance",593453,"Critical Thinking, Adaptability, Communication, Problem Solving, Time Management, Teamwork"
Event Planner,,Technical Support,Lead,"Sep 06, 2024",14/10/2024,2024-10-14,RH,Tizi Ouzou,6-15 ans,Master,18,Temps plein,10,"Profil recherché (FR):
Responsabilités: SQL, Negotiation, CAD
Profil:
- Logistics
- Communication
- Graphic Design
Compétences:
- Compliance
- Digital Marketing
- Research
Avantages: Organization; Customer Service; Negotiation; Coordination; Blockchain
","Formation continue, Participation bénéfices, Ticket Restaurant",663331,"Problem Solving, Communication, Teamwork, Critical Thinking, Adaptability"
Data Scientist,,Customer Success,Lead,04/12/2024,03/03/2025,2025-03-03,Finance,Oran,4-5 ans,None,0,Stage,1,"Profil recherché (MIX):
Responsabilités: Customer Service; Cloud; CAD; Coordination; Logistics
Profil: Python; Negotiation; Maintenance; Digital Marketing
Compétences:
- Excel
- Negotiation
Avantages: CAD, SQL
","Télétravail partiel, Formation continue, Participation bénéfices",268046,"Kubernetes, Machine Learning, Network Security, DevOps"
Training Specialist,,Training,Chief,2024-07-07,12 September 2024,2024-09-12,Ingénierie,Constantine,6-8 ans,Master,18,Freelance,5,"Contrat: Freelance. Localisation: Constantine. Département: Legal. En tant que Chief Training Specialist, vous serez amené à superviser l’équipe. As Chief Training Specialist, you'll lead strategic projects.",,172113,"Adaptability, Problem Solving, Critical Thinking, Time Management, Communication"
Data Scientist,,Quality Assurance,Lead,2024-12-29,07 March 2025,2025-03-07,Marketing,Alger,4-8 ans,Licence,16,Alternance,1,"Profil recherché (MIX):
Responsabilités:
- Machine Learning
- Python
- Graphic Design
Profil: Network Security, CAD, SQL, Graphic Design, Machine Learning
Compétences:
- SEO
- Customer Service
Avantages: Coordination, Leadership, Digital Marketing, Logistics
",,932936,"Cloud Computing, Python, Network Security, Machine Learning"
Marketing Manager,,Quality Assurance,Junior,"Mar 19, 2025",03 June 2025,2025-06-03,Ventes,Tlemcen,10-12 ans,None,0,Temps plein,3,"Profil recherché (MIX):
Responsabilités: Research; Machine Learning; Negotiation; SEO
Profil: Graphic Design; Excel; Blockchain
Compétences:
- Compliance
- Teamwork
- Cloud
Avantages: Compliance, Cloud, Network Security
","Ticket Restaurant, Télétravail partiel, Horaires flexibles",405173,"Google Analytics, Content Strategy, Social Media, Email Marketing, Public Relations, Brand Management"
Event Planner,,Procurement,Mid,"Sep 12, 2024",30 November 2024,2024-11-30,Juridique,Annaba,6-9 ans,Master,18,Alternance,2,"Profil recherché (FR):
Responsabilités: Java, Maintenance, Cloud
Profil:
- Graphic Design
- Excel
- Data Analysis
Compétences: SEO, Budgeting, Machine Learning
Avantages: Excel, SEO, Cloud
",Horaires flexibles,252480,"Critical Thinking, Adaptability, Teamwork, Communication, Time Management, Problem Solving"
HR Coordinator,,Health & Safety,Lead,2024-11-14,10 December 2024,2024-12-10,Admin,Oran,6-6 ans,None,0,Temps partiel,1,"Contrat: Temps partiel. Localisation: Oran. Département: HR. As Lead HR Coordinator, you'll manage strategic projects. En tant que Lead HR Coordinator, vous serez amené à superviser les relations clients.","Participation bénéfices, Horaires flexibles",211125,"HRIS, Payroll, Performance Management, Employee Relations, Recruitment"
Cloud Architect,,Compliance,Mid,20/11/2024,29 January 2025,2025-01-29,Ingénierie,Télétravail,6-13 ans,Master,18,Alternance,5,"Profil recherché (EN):
Responsabilités: Organization; Java; Teamwork; Leadership; Maintenance
Profil:
- Leadership
- CAD
Compétences:
- Negotiation
- Maintenance
- Research
- Data Analysis
- Python
Avantages:
- Graphic Design
- Excel
","Télétravail partiel, Prime performance, Participation bénéfices",366717,"Java, Kubernetes, C++, Docker"
Tech Writer,,Health & Safety,Lead,"Aug 20, 2024",2024-11-04,2024-11-04,Admin,Tizi Ouzou,10-20 ans,None,0,CDD,10,"Expérience requise: 10-20 ans. Éducation: None, 0 ans. Contrat: CDD. Localisation: Tizi Ouzou. Département: Operations. En tant que Lead Tech Writer, vous serez amené à superviser l’équipe.","Prime performance, Horaires flexibles, Participation bénéfices",610988,"DevOps, Network Security, Cloud Computing, C++, SQL, Kubernetes"
UX Designer,,Administration,Chief,"Mar 16, 2025",2025-04-16,2025-04-16,Juridique,Hybride,3-10 ans,Master,18,Alternance,1,"En tant que Chief UX Designer, vous serez amené à superviser les processus. As Chief UX Designer, you'll lead critical projects. Contrat: Alternance. Localisation: Hybride. Département: Marketing.",Télétravail partiel,392252,"Typography, Figma, Adobe Photoshop, Illustrator, Sketch, Prototyping, UX Research"
Marketing Manager,,Health & Safety,Mid,11/07/2024,20/09/2024,2024-09-20,Informatique,Sétif,7-16 ans,None,0,Stage,1,"Profil recherché (FR):
Responsabilités:
- Logistics
- Maintenance
- Technical Writing
Profil: Digital Marketing; Maintenance
Compétences:
- SQL
- Cloud
- Machine Learning
Avantages:
- Customer Service
- Teamwork
",,354854,"Campaign Planning, Brand Management, Social Media, SEO, Email Marketing"
Blockchain Dev,,Technical Support,Lead,23 November 2024,25 December 2024,2024-12-25,Ingénierie,Hybride,3-5 ans,Licence,16,CDD,3,"As Lead Blockchain Dev, you'll perform critical projects. Contrat: CDD. Localisation: Hybride. Département: Finance. En tant que Lead Blockchain Dev, vous serez amené à coordonner les systèmes.",,266820,"Communication, Time Management, Teamwork, Critical Thinking, Problem Solving"
HR Coordinator,,Data Science,Chief,"Aug 04, 2024",2024-10-02,2024-10-02,Marketing,Béjaïa,10-17 ans,None,0,Alternance,5,"En tant que Chief HR Coordinator, vous serez amené à développer les relations clients. Expérience requise: 10-17 ans. Éducation: None, 0 ans. As Chief HR Coordinator, you'll manage key projects.","Prime performance, Voiture de fonction",338663,"Payroll, HRIS, Onboarding, Performance Management"
Graphic Designer,,Design,Junior,2024-07-09,26/09/2024,2024-09-26,Logistique,El Oued,0-6 ans,Bac,12,Stage,10,"As Junior Graphic Designer, you'll manage key projects. Contrat: Stage. Localisation: El Oued. Département: Finance. Expérience requise: 0-6 ans. Éducation: Bac, 12 ans.","Prime performance, Assurance santé, Formation continue",287776,"Adobe Photoshop, Typography, Sketch, Prototyping, UX Research, Illustrator, Figma"
Event Planner,,Risk Management,Senior,08 January 2025,2025-03-10,2025-03-10,Santé,Alger,1-3 ans,Licence,16,Temps partiel,5,"Profil recherché (EN):
Responsabilités: Java; Machine Learning; Organization; SQL
Profil: Strategic Planning, Data Analysis, CAD, Digital Marketing, Negotiation
Compétences:
- Research
- Logistics
- Blockchain
- Python
Avantages: Maintenance, UX/UI, Graphic Design, Network Security
","Horaires flexibles, Voiture de fonction, Ticket Restaurant",257760,"Problem Solving, Time Management, Adaptability, Communication"
Bioengineer,,Investor Relations,Senior,"May 14, 2024",2024-06-09,2024-06-09,Ventes,Télétravail,8-13 ans,Master,18,CDD,1,"Profil recherché (FR):
Responsabilités: Negotiation, Digital Marketing, SEO, Machine Learning
Profil:
- UX/UI
- Python
- Strategic Planning
- Excel
Compétences:
- Cloud
- Strategic Planning
- Graphic Design
Avantages:
- Communication
- Data Analysis
","Voiture de fonction, Télétravail partiel, Participation bénéfices",591941,"Docker, DevOps, SQL, Kubernetes, Cloud Computing, Java, C++"
Content Writer,,Administration,Senior,2025-04-17,2025-05-21,2025-05-21,Marketing,Hybride,7-11 ans,None,0,Freelance,10,"Profil recherché (MIX):
Responsabilités: Maintenance, Compliance, Blockchain
Profil:
- Organization
- UX/UI
- Digital Marketing
- Machine Learning
- Cloud
Compétences:
- Coordination
- Blockchain
Avantages:
- Java
- Logistics
",,510261,"Cloud Computing, Machine Learning, SQL, Docker, Network Security, C++, DevOps"
Legal Advisor,,Compliance,Senior,"Apr 12, 2025",21 May 2025,2025-05-21,Logistique,Télétravail,7-17 ans,Master,18,CDD,5,"Profil recherché (FR):
Responsabilités:
- Machine Learning
- Strategic Planning
Profil:
- Customer Service
- Technical Writing
Compétences:
- CAD
- Compliance
- Java
- Budgeting
Avantages:
- Project Mgmt
- Logistics
",,388331,"Legal Research, Regulatory Affairs, Compliance, Litigation Support"
Event Planner,,Strategy,Junior,"May 21, 2024",17 July 2024,2024-07-17,Marketing,Blida,5-15 ans,Bac,12,CDI,1,"Expérience requise: 5-15 ans. Éducation: Bac, 12 ans. Contrat: CDI. Localisation: Blida. Département: Sales. En tant que Junior Event Planner, vous serez amené à développer les processus.","Participation bénéfices, Voiture de fonction, Ticket Restaurant",328502,"Critical Thinking, Time Management, Communication, Teamwork"
Volunteer Coord.,,Design,Junior,25/04/2024,2024-05-30,2024-05-30,RH,Annaba,3-4 ans,Licence,16,Temps partiel,3,"Contrat: Temps partiel. Localisation: Annaba. Département: Engineering. En tant que Junior Volunteer Coord., vous serez amené à développer les processus. Expérience requise: 3-4 ans. Éducation: Licence, 16 ans.","Prime performance, Télétravail partiel",573569,"Time Management, Communication, Critical Thinking, Problem Solving"
Investment Banker,,Corporate Affairs,Senior,"Feb 17, 2025",09 March 2025,2025-03-09,Marketing,Saïda,3-8 ans,None,0,Freelance,1,"Profil recherché (MIX):
Responsabilités: CAD, Graphic Design, Organization
Profil:
- Java
- Teamwork
- Machine Learning
- Digital Marketing
- Blockchain
Compétences: Digital Marketing; Excel; Graphic Design; Strategic Planning
Avantages:
- Logistics
- SQL
","Horaires flexibles, Voiture de fonction",542744,"Investment Strategies, Audit, Risk Management, Financial Analysis, Forecasting, Budgeting"
Translator,,Business Development,Chief,26 June 2024,2024-07-20,2024-07-20,Admin,Saïda,2-12 ans,Doctorat,20,Stage,10,"As Chief Translator, you'll design strategic projects. Contrat: Stage. Localisation: Saïda. Département: Sales. En tant que Chief Translator, vous serez amené à coordonner les processus.","Prime performance, Ticket Restaurant",239913,"Adaptability, Teamwork, Critical Thinking, Problem Solving, Time Management, Communication"
Chem. Engineer,,Customer Success,Lead,20 March 2025,2025-05-23,2025-05-23,Marketing,Annaba,1-7 ans,Bac,12,Stage,5,"Profil recherché (EN):
Responsabilités: Communication, Data Analysis
Profil: Java; Logistics; Cloud; Teamwork; Strategic Planning
Compétences:
- Strategic Planning
- UX/UI
Avantages:
- Blockchain
- Data Analysis
- SEO
- Technical Writing
- Graphic Design
","Télétravail partiel, Prime performance",446066,"Java, Network Security, SQL, Python, C++, Docker"
Maintenance Tech,,Data Science,Senior,"Apr 25, 2025",2025-06-10,2025-06-10,Santé,Télétravail,5-12 ans,Licence,16,Temporaire,10,"Profil recherché (MIX):
Responsabilités: Excel; Leadership
Profil: Compliance, Research
Compétences:
- Leadership
- Technical Writing
- Communication
Avantages: Cloud; Logistics; Graphic Design; Network Security; Coordination
",,339405,"Problem Solving, Time Management, Adaptability, Critical Thinking, Teamwork"
Exec. Assistant,,IT Support,Chief,17 May 2024,2024-08-03,2024-08-03,Santé,Oran,6-8 ans,Licence,16,Temps plein,1,"Expérience requise: 6-8 ans. Éducation: Licence, 16 ans. As Chief Exec. Assistant, you'll lead innovative projects. En tant que Chief Exec. Assistant, vous serez amené à développer les processus.","Télétravail partiel, Participation bénéfices, Voiture de fonction",573559,"Scheduling, Office Management, Customer Service, Data Entry"
Digital Marketer,,Design,Mid,12 April 2025,2025-06-05,2025-06-05,RH,Annaba,9-14 ans,Master,18,Alternance,3,"Profil recherché (MIX):
Responsabilités: Network Security; Organization; Teamwork; Coordination; Java
Profil: Customer Service, Digital Marketing, UX/UI, Research, Project Mgmt
Compétences: Negotiation; Data Analysis; Customer Service; Project Mgmt
Avantages:
- Budgeting
- Negotiation
- Cloud
",Prime performance,878399,"Cloud Computing, Python, C++, Docker, DevOps, Network Security"
App Developer,,Design,Mid,24 January 2025,11 March 2025,2025-03-11,Juridique,Sétif,1-5 ans,Master,18,Volontariat,10,"As Mid App Developer, you'll manage key projects. Contrat: Volontariat. Localisation: Sétif. Département: Operations. En tant que Mid App Developer, vous serez amené à gérer l’équipe.","Télétravail partiel, Assurance santé",183648,"DevOps, C++, Cloud Computing, Network Security"
Data Scientist,,Design,Lead,"May 19, 2024",03 June 2024,2024-06-03,Finance,Ghardaïa,9-11 ans,Doctorat,20,Temps plein,3,"Profil recherché (FR):
Responsabilités: Communication, UX/UI, Python
Profil: CAD, Python, Teamwork
Compétences: Blockchain; Machine Learning; Network Security
Avantages:
- Python
- Data Analysis
- Graphic Design
",Formation continue,433867,"Cloud Computing, SQL, Network Security, Python, Java"
Legal Advisor,,Strategy,Lead,2025-04-01,20/04/2025,2025-04-20,Marketing,Hybride,10-15 ans,None,0,Freelance,5,"Contrat: Freelance. Localisation: Hybride. Département: Marketing. En tant que Lead Legal Advisor, vous serez amené à superviser l’équipe. As Lead Legal Advisor, you'll perform innovative projects.",,331257,"Compliance, Litigation Support, Legal Research, Regulatory Affairs"
Exec. Assistant,,Quality Assurance,Junior,23/03/2025,03/04/2025,2025-04-03,RH,Blida,2-6 ans,None,0,Freelance,1,"Profil recherché (EN):
Responsabilités: Cloud; Negotiation; Budgeting; Digital Marketing; Graphic Design
Profil:
- Strategic Planning
- Technical Writing
- SEO
- Excel
Compétences:
- Teamwork
- Strategic Planning
- UX/UI
- Logistics
- Blockchain
Avantages: Communication, Customer Service, Research, SQL
",,190867,"Office Management, Customer Service, Document Control, Data Entry, Scheduling"
Restaurant Manager,,Investor Relations,Chief,2025-02-09,2025-03-17,2025-03-17,Finance,Oran,0-0 ans,Master,18,CDI,3,"Profil recherché (MIX):
Responsabilités: Strategic Planning; Python; Excel; Blockchain
Profil: Digital Marketing, Java
Compétences: Teamwork; Technical Writing
Avantages: Strategic Planning; Research
",,447874,"Logistics, Supply Chain Management, Process Optimization, Lean Management"
CMO,,Procurement,Chief,2024-08-18,08/09/2024,2024-09-08,Santé,Annaba,2-10 ans,Master,18,Alternance,2,"En tant que Chief CMO, vous serez amené à coordonner les systèmes. As Chief CMO, you'll lead innovative projects. Contrat: Alternance. Localisation: Annaba. Département: Sales.","Horaires flexibles, Voiture de fonction",246204,"Problem Solving, Teamwork, Adaptability, Critical Thinking, Time Management, Communication"
UX Designer,,Training,Lead,2024-09-30,2024-11-05,2024-11-05,Santé,Tizi Ouzou,9-18 ans,Master,18,Temps partiel,1,"Profil recherché (MIX):
Responsabilités: UX/UI; SQL; Blockchain; Negotiation
Profil:
- Organization
- Communication
Compétences: Technical Writing; Organization; Coordination; Compliance
Avantages: Java; Budgeting; UX/UI; Blockchain
",Formation continue,770924,"Illustrator, Prototyping, Adobe Photoshop, Figma"
Software Engineer,,Administration,Senior,28/12/2024,2025-03-01,2025-03-01,Admin,Tizi Ouzou,10-17 ans,Doctorat,20,CDD,5,"Profil recherché (MIX):
Responsabilités: Research, Organization, Logistics, Communication, Python
Profil:
- Network Security
- Research
Compétences:
- Machine Learning
- UX/UI
- Organization
Avantages: Customer Service, Excel, Blockchain, Project Mgmt, Technical Writing
","Prime performance, Formation continue",687456,"Python, Network Security, Machine Learning, SQL, Java, DevOps"
Project Manager,,Logistics,Senior,27 January 2025,2025-02-14,2025-02-14,Admin,El Oued,2-11 ans,Doctorat,20,Stage,1,"Profil recherché (EN):
Responsabilités: Teamwork, Compliance
Profil: CAD, Network Security, Budgeting
Compétences: UX/UI, CAD
Avantages:
- Budgeting
- Blockchain
",,247001,"Logistics, Quality Control, Inventory Control, Process Optimization, Lean Management"
Cloud Architect,,Strategy,Junior,10/12/2024,17 January 2025,2025-01-17,RH,Ghardaïa,2-6 ans,None,0,Temps partiel,10,"Expérience requise: 2-6 ans. Éducation: None, 0 ans. Contrat: Temps partiel. Localisation: Ghardaïa. Département: Marketing. As Junior Cloud Architect, you'll lead critical projects.","Télétravail partiel, Assurance santé, Ticket Restaurant",889275,"Cloud Computing, Network Security, DevOps, C++"
Supply Chain Analyst,,Administration,Junior,"Sep 05, 2024",19 November 2024,2024-11-19,Juridique,Saïda,4-9 ans,Bac,12,Alternance,2,"Expérience requise: 4-9 ans. Éducation: Bac, 12 ans. Contrat: Alternance. Localisation: Saïda. Département: Legal. En tant que Junior Supply Chain Analyst, vous serez amené à développer les processus.",Prime performance,446405,"Forecasting, Accounting, Risk Management, Audit, Financial Analysis"
Researcher,,Logistics,Senior,27 November 2024,14 February 2025,2025-02-14,Marketing,Béjaïa,5-7 ans,None,0,Freelance,1,"Profil recherché (FR):
Responsabilités: Machine Learning; Technical Writing; Customer Service; Graphic Design
Profil:
- Data Analysis
- Python
- SEO
- Negotiation
Compétences: UX/UI; Coordination; CAD; Communication; Project Mgmt
Avantages: CAD, Blockchain
",,259185,"Clinical Trials, Patient Care, Pharmacovigilance, HIPAA Compliance, Medical Terminology"
Researcher,,Risk Management,Junior,02/12/2024,13/12/2024,2024-12-13,Logistique,Alger,10-20 ans,Doctorat,20,Temporaire,10,"Profil recherché (MIX):
Responsabilités:
- Excel
- SEO
Profil:
- Negotiation
- Customer Service
- Machine Learning
- Project Mgmt
Compétences: Cloud; Graphic Design; Project Mgmt
Avantages: Coordination, UX/UI, CAD
",,887535,"Clinical Trials, HIPAA Compliance, Pharmacovigilance, Patient Care, Medical Terminology"
PR Officer,,Logistics,Junior,"Jan 19, 2025",2025-02-03,2025-02-03,Marketing,Tlemcen,5-7 ans,Master,18,Volontariat,5,"Contrat: Volontariat. Localisation: Tlemcen. Département: Marketing. En tant que Junior PR Officer, vous serez amené à superviser l’équipe. Expérience requise: 5-7 ans. Éducation: Master, 18 ans.",,386682,"Teamwork, Communication, Problem Solving, Critical Thinking, Adaptability"
Content Writer,,Customer Success,Mid,2024-05-21,2024-07-30,2024-07-30,Ventes,Hybride,1-7 ans,None,0,Alternance,3,"Expérience requise: 1-7 ans. Éducation: None, 0 ans. Contrat: Alternance. Localisation: Hybride. Département: Marketing. En tant que Mid Content Writer, vous serez amené à superviser l’équipe.",Participation bénéfices,854413,"SQL, Kubernetes, C++, Python, DevOps, Cloud Computing, Machine Learning"
AI Ethics Consultant,,IT Support,Senior,29 December 2024,18 January 2025,2025-01-18,Marketing,Hybride,9-15 ans,Master,18,Freelance,1,"As Senior AI Ethics Consultant, you'll lead strategic projects. Contrat: Freelance. Localisation: Hybride. Département: IT. Expérience requise: 9-15 ans. Éducation: Master, 18 ans.",,227036,"Adaptability, Critical Thinking, Problem Solving, Time Management, Communication, Teamwork"
QA Engineer,,Public Relations,Junior,12/10/2024,17 November 2024,2024-11-17,Admin,Constantine,5-13 ans,Doctorat,20,CDD,5,"Expérience requise: 5-13 ans. Éducation: Doctorat, 20 ans. As Junior QA Engineer, you'll perform key projects. En tant que Junior QA Engineer, vous serez amené à superviser les processus.","Horaires flexibles, Voiture de fonction",465198,"Machine Learning, Docker, Python, SQL"
Risk Manager,,Logistics,Junior,"Mar 25, 2025",2025-06-14,2025-06-14,Logistique,Constantine,4-14 ans,Licence,16,Temps partiel,3,"En tant que Junior Risk Manager, vous serez amené à superviser les processus. As Junior Risk Manager, you'll perform innovative projects. Contrat: Temps partiel. Localisation: Constantine. Département: Operations.","Assurance santé, Ticket Restaurant",223144,"Logistics, Supply Chain Management, Process Optimization, Lean Management, Inventory Control, Quality Control"
Env. Consultant,,Product,Chief,08 July 2024,2024-08-27,2024-08-27,Finance,Hybride,0-2 ans,Master,18,CDD,3,"Profil recherché (FR):
Responsabilités: Maintenance; Project Mgmt; Coordination; Python
Profil: Excel, Python, SQL
Compétences: Teamwork; Research
Avantages: SQL, Customer Service
","Formation continue, Assurance santé, Participation bénéfices",374823,"Problem Solving, Communication, Adaptability, Time Management"
SEO Specialist,,Product,Chief,21 July 2024,03/09/2024,2024-09-03,Logistique,Béjaïa,8-13 ans,Master,18,Volontariat,10,"Profil recherché (EN):
Responsabilités: Research, Blockchain, Maintenance
Profil: Communication, SQL
Compétences: Budgeting, Machine Learning, Organization, Teamwork, Digital Marketing
Avantages: SEO; Project Mgmt; SQL
",,381019,"Email Marketing, Social Media, Brand Management, Google Analytics, Content Strategy, Public Relations, SEO"
Security Officer,,Compliance,Senior,"Aug 12, 2024",08/11/2024,2024-11-08,RH,Tlemcen,8-17 ans,Master,18,Volontariat,2,"Contrat: Volontariat. Localisation: Tlemcen. Département: Marketing. As Senior Security Officer, you'll perform key projects. En tant que Senior Security Officer, vous serez amené à superviser l’équipe.","Participation bénéfices, Voiture de fonction, Télétravail partiel",187613,"DevOps, Kubernetes, C++, Cloud Computing"
Volunteer Coord.,,IT Support,Lead,15 December 2024,26/12/2024,2024-12-26,Ingénierie,Hybride,0-9 ans,Doctorat,20,Stage,2,"Profil recherché (FR):
Responsabilités: Project Mgmt; Leadership; Logistics
Profil:
- Graphic Design
- CAD
- SEO
Compétences: SEO, Digital Marketing, Data Analysis, Coordination
Avantages:
- Compliance
- Teamwork
- Leadership
- Machine Learning
- Budgeting
","Assurance santé, Ticket Restaurant",343977,"Problem Solving, Critical Thinking, Teamwork, Time Management"
CTO,,Training,Chief,03 July 2024,2024-08-07,2024-08-07,Informatique,Constantine,4-6 ans,None,0,Volontariat,2,"Contrat: Volontariat. Localisation: Constantine. Département: Finance. En tant que Chief CTO, vous serez amené à développer les systèmes. Expérience requise: 4-6 ans. Éducation: None, 0 ans.",Voiture de fonction,439373,"Critical Thinking, Problem Solving, Time Management, Communication, Adaptability, Teamwork"
Bioengineer,,Logistics,Senior,"Jun 21, 2024",12/08/2024,2024-08-12,Admin,Tizi Ouzou,9-17 ans,None,0,Volontariat,5,"Profil recherché (FR):
Responsabilités: Coordination, CAD, Communication, Budgeting
Profil: Research, Negotiation, Logistics, Java
Compétences: Organization, Logistics, Blockchain, Network Security
Avantages: Python, Coordination
",Prime performance,645316,"Cloud Computing, Java, DevOps, Machine Learning, SQL, Network Security"
Accountant,,Strategy,Junior,"Jun 05, 2024",01/07/2024,2024-07-01,Juridique,Tlemcen,5-14 ans,Master,18,Temps plein,5,"Expérience requise: 5-14 ans. Éducation: Master, 18 ans. As Junior Accountant, you'll manage innovative projects. Contrat: Temps plein. Localisation: Tlemcen. Département: IT.",,747893,"Investment Strategies, Forecasting, Accounting, Budgeting"
IT Intern,,Research & Development,Chief,04 December 2024,24 February 2025,2025-02-24,RH,Annaba,5-10 ans,Master,18,CDD,3,"Expérience requise: 5-10 ans. Éducation: Master, 18 ans. En tant que Chief IT Intern, vous serez amené à coordonner les systèmes. Contrat: CDD. Localisation: Annaba. Département: Finance.",Assurance santé,412696,"Network Security, Python, SQL, DevOps, Cloud Computing, Kubernetes, Machine Learning"
Translator,,Logistics,Lead,21/09/2024,30 October 2024,2024-10-30,Finance,Sétif,6-15 ans,None,0,Stage,10,"As Lead Translator, you'll lead critical projects. Expérience requise: 6-15 ans. Éducation: None, 0 ans. Contrat: Stage. Localisation: Sétif. Département: Legal.","Assurance santé, Participation bénéfices, Horaires flexibles",536659,"Critical Thinking, Problem Solving, Time Management, Adaptability, Communication, Teamwork"
Data Engineer,,Technical Support,Mid,15/05/2024,13 August 2024,2024-08-13,Ingénierie,Hybride,4-12 ans,Licence,16,CDI,1,"Profil recherché (EN):
Responsabilités:
- Logistics
- Communication
- Graphic Design
- Digital Marketing
Profil: Organization; Cloud
Compétences:
- Logistics
- Network Security
- UX/UI
- Communication
- Python
Avantages: CAD, Strategic Planning, Data Analysis, Leadership, Machine Learning
","Horaires flexibles, Prime performance, Télétravail partiel",309911,"C++, Cloud Computing, SQL, Python, Docker, Kubernetes, DevOps"
Fashion Designer,,Public Relations,Chief,"Mar 06, 2025",21 March 2025,2025-03-21,Juridique,Tizi Ouzou,5-11 ans,Licence,16,Temporaire,5,"Profil recherché (EN):
Responsabilités:
- Python
- Blockchain
- Graphic Design
Profil: Research, Customer Service, Project Mgmt, Digital Marketing
Compétences:
- SEO
- Communication
- Leadership
- Excel
- Teamwork
Avantages: Leadership, Logistics, Communication
",Formation continue,244702,"Typography, Prototyping, Illustrator, UX Research, Sketch, Adobe Photoshop, Color Theory"
Maintenance Tech,,Procurement,Mid,"Oct 04, 2024",2024-12-26,2024-12-26,Marketing,Constantine,3-12 ans,Bac,12,CDD,2,"As Mid Maintenance Tech, you'll design key projects. Expérience requise: 3-12 ans. Éducation: Bac, 12 ans. Contrat: CDD. Localisation: Constantine. Département: Operations.",,284866,"Critical Thinking, Time Management, Problem Solving, Communication"
Env. Consultant,,Design,Junior,22 July 2024,14/10/2024,2024-10-14,Juridique,Constantine,8-10 ans,Bac,12,Temps partiel,3,"Profil recherché (EN):
Responsabilités:
- Excel
- Graphic Design
- Negotiation
- Budgeting
- Technical Writing
Profil: Java; Teamwork; Cloud; Technical Writing
Compétences: Customer Service; SQL
Avantages: Teamwork; Digital Marketing; Leadership; Strategic Planning; Data Analysis
","Prime performance, Horaires flexibles",317869,"Problem Solving, Adaptability, Time Management, Critical Thinking, Teamwork, Communication"
Civil Engineer,,Business Development,Junior,17/10/2024,12 December 2024,2024-12-12,Santé,Télétravail,6-6 ans,None,0,Temps plein,2,"Contrat: Temps plein. Localisation: Télétravail. Département: Operations. As Junior Civil Engineer, you'll perform key projects. Expérience requise: 6-6 ans. Éducation: None, 0 ans.","Horaires flexibles, Voiture de fonction",769294,"Machine Learning, SQL, Docker, C++, Network Security"
Recruiter,,Corporate Affairs,Junior,2024-12-02,2025-01-08,2025-01-08,Finance,Hybride,9-9 ans,Licence,16,Temps partiel,3,"Profil recherché (FR):
Responsabilités:
- Communication
- Python
- CAD
Profil: Maintenance; Customer Service; Technical Writing; Machine Learning; Budgeting
Compétences: Python, Customer Service
Avantages: Excel, Digital Marketing, Leadership, Research
","Assurance santé, Prime performance",603762,"SQL, Python, Cloud Computing, DevOps, C++, Java, Network Security"
Recruiter,,Procurement,Mid,21/10/2024,16 January 2025,2025-01-16,Santé,Ghardaïa,2-4 ans,Doctorat,20,Alternance,10,"Profil recherché (EN):
Responsabilités: Negotiation; Customer Service; Budgeting; Maintenance
Profil:
- Customer Service
- Project Mgmt
- Communication
Compétences: Data Analysis; Network Security; Graphic Design; Teamwork; Project Mgmt
Avantages: Excel, Research
",,625140,"DevOps, Python, Docker, C++, Java, Network Security"
Operations Manager,,Compliance,Junior,"Mar 30, 2025",21/06/2025,2025-06-21,Informatique,Hybride,2-9 ans,Master,18,Freelance,5,"En tant que Junior Operations Manager, vous serez amené à gérer les systèmes. Contrat: Freelance. Localisation: Hybride. Département: Sales. Expérience requise: 2-9 ans. Éducation: Master, 18 ans.",,479087,"Quality Control, Process Optimization, Lean Management, Logistics, Supply Chain Management, Inventory Control"
HR Coordinator,,Health & Safety,Junior,30/07/2024,2024-08-28,2024-08-28,Informatique,Constantine,3-3 ans,Doctorat,20,CDI,1,"Profil recherché (MIX):
Responsabilités:
- Machine Learning
- Coordination
- Java
- Customer Service
- SEO
Profil: Coordination; Research; Data Analysis; Budgeting
Compétences: Coordination; Cloud; Communication
Avantages: SEO; Data Analysis
","Formation continue, Horaires flexibles, Prime performance",437646,"Payroll, Recruitment, Performance Management, Onboarding, Employee Relations, Training & Development"
Network Admin,,Product,Lead,16/09/2024,17/10/2024,2024-10-17,Marketing,Ghardaïa,2-2 ans,Doctorat,20,Volontariat,2,"Profil recherché (FR):
Responsabilités: Strategic Planning, Maintenance
Profil: Cloud, Network Security
Compétences: Logistics, UX/UI, Maintenance
Avantages: Negotiation; Teamwork; UX/UI; Research; Customer Service
",,652628,"Docker, C++, Python, Machine Learning, Network Security, SQL, Kubernetes"
HR Coordinator,,Product,Junior,30 May 2024,2024-08-24,2024-08-24,Informatique,Sétif,4-7 ans,Master,18,Freelance,2,"Profil recherché (MIX):
Responsabilités: Excel; Coordination; Network Security
Profil:
- Project Mgmt
- Negotiation
- Research
Compétences: Teamwork; Graphic Design; Strategic Planning; Research; Project Mgmt
Avantages: Digital Marketing; Cloud; Negotiation; Leadership
","Participation bénéfices, Horaires flexibles, Voiture de fonction",400313,"Onboarding, Performance Management, Training & Development, Employee Relations, Payroll, Recruitment"
Legal Advisor,,Research & Development,Chief,"May 03, 2024",19 July 2024,2024-07-19,Marketing,Annaba,1-9 ans,Master,18,Freelance,5,"En tant que Chief Legal Advisor, vous serez amené à superviser les processus. Expérience requise: 1-9 ans. Éducation: Master, 18 ans. As Chief Legal Advisor, you'll design key projects.",Ticket Restaurant,779988,"Contract Drafting, Litigation Support, Legal Research, Compliance, Negotiation, Regulatory Affairs"
Exec. Assistant,,Technical Support,Lead,2024-04-25,16 June 2024,2024-06-16,Marketing,Saïda,0-6 ans,None,0,Alternance,10,"Profil recherché (FR):
Responsabilités: Strategic Planning; Communication; Teamwork; Java
Profil: SQL, Research
Compétences: Coordination, Cloud, Network Security, Java
Avantages:
- Budgeting
- Data Analysis
- UX/UI
",,293439,"Office Management, Document Control, Customer Service, Data Entry, Scheduling"
Accountant,,Logistics,Chief,12 May 2024,2024-05-23,2024-05-23,Marketing,Télétravail,4-14 ans,Doctorat,20,CDI,3,"As Chief Accountant, you'll design strategic projects. Contrat: CDI. Localisation: Télétravail. Département: Sales. En tant que Chief Accountant, vous serez amené à développer l’équipe.",,262070,"Risk Management, SAP, Audit, Budgeting"
QA Engineer,,Risk Management,Chief,04/08/2024,25 September 2024,2024-09-25,Santé,Hybride,9-13 ans,Bac,12,Volontariat,3,"As Chief QA Engineer, you'll manage critical projects. Contrat: Volontariat. Localisation: Hybride. Département: HR. En tant que Chief QA Engineer, vous serez amené à gérer les systèmes.","Participation bénéfices, Télétravail partiel, Ticket Restaurant",342569,"Network Security, Docker, Java, C++, Cloud Computing, SQL"
Exec. Assistant,,Compliance,Lead,"Jun 05, 2024",25/06/2024,2024-06-25,Ingénierie,Sétif,9-9 ans,Bac,12,CDD,3,"Profil recherché (EN):
Responsabilités:
- Graphic Design
- Customer Service
Profil:
- Cloud
- Strategic Planning
Compétences:
- Logistics
- CAD
- Digital Marketing
- Maintenance
Avantages: Excel; Blockchain
",,198651,"Office Management, Scheduling, Document Control, Data Entry, Customer Service"
Graphic Designer,,Health & Safety,Chief,2024-07-02,06/09/2024,2024-09-06,RH,Saïda,0-6 ans,Bac,12,CDD,2,"En tant que Chief Graphic Designer, vous serez amené à coordonner les relations clients. Contrat: CDD. Localisation: Saïda. Département: Operations. Expérience requise: 0-6 ans. Éducation: Bac, 12 ans.","Participation bénéfices, Voiture de fonction, Formation continue",618871,"Adobe Photoshop, Illustrator, Color Theory, Typography, Figma, UX Research"
PR Officer,,Risk Management,Senior,2024-07-08,2024-07-15,2024-07-15,Admin,Béjaïa,8-14 ans,Doctorat,20,CDI,3,"Profil recherché (FR):
Responsabilités: Teamwork, Project Mgmt
Profil:
- CAD
- Negotiation
- Excel
Compétences: UX/UI, Data Analysis, Strategic Planning, Compliance
Avantages: CAD, Budgeting, Organization, Negotiation
",Ticket Restaurant,456474,"Problem Solving, Communication, Teamwork, Adaptability, Critical Thinking"
Bioengineer,,Corporate Affairs,Lead,2024-06-18,30/08/2024,2024-08-30,Informatique,Sétif,3-3 ans,Licence,16,Temps partiel,1,"Expérience requise: 3-3 ans. Éducation: Licence, 16 ans. As Lead Bioengineer, you'll design innovative projects. Contrat: Temps partiel. Localisation: Sétif. Département: Legal.",Participation bénéfices,838129,"SQL, Cloud Computing, Python, Network Security, Kubernetes"
PR Officer,,Compliance,Senior,27/08/2024,2024-09-28,2024-09-28,Ventes,Tlemcen,3-11 ans,Doctorat,20,CDD,1,"Profil recherché (EN):
Responsabilités: Technical Writing; Organization; Data Analysis; Communication
Profil: Negotiation; Python; Cloud; Leadership
Compétences: Data Analysis; SQL
Avantages: Communication, Logistics, CAD, Python
","Télétravail partiel, Assurance santé",730560,"Problem Solving, Communication, Teamwork, Critical Thinking, Adaptability"
CMO,,Quality Assurance,Lead,27 February 2025,2025-04-20,2025-04-20,Juridique,El Oued,5-8 ans,Doctorat,20,CDI,5,"Contrat: CDI. Localisation: El Oued. Département: Marketing. Expérience requise: 5-8 ans. Éducation: Doctorat, 20 ans. En tant que Lead CMO, vous serez amené à gérer les systèmes.",,961216,"Time Management, Teamwork, Problem Solving, Communication, Adaptability, Critical Thinking"
Pharmacist,,Administration,Chief,13/09/2024,20/10/2024,2024-10-20,Informatique,Blida,8-15 ans,Doctorat,20,Temporaire,10,"Contrat: Temporaire. Localisation: Blida. Département: Finance. Expérience requise: 8-15 ans. Éducation: Doctorat, 20 ans. En tant que Chief Pharmacist, vous serez amené à coordonner les systèmes.","Ticket Restaurant, Assurance santé",855835,"Clinical Trials, Patient Care, HIPAA Compliance, Pharmacovigilance, Medical Terminology"
Video Editor,,IT Support,Junior,09/08/2024,06 September 2024,2024-09-06,Ingénierie,Blida,8-17 ans,Bac,12,CDD,10,"Contrat: CDD. Localisation: Blida. Département: Finance. En tant que Junior Video Editor, vous serez amené à développer les systèmes. As Junior Video Editor, you'll perform innovative projects.",Prime performance,497684,"SQL, Docker, Cloud Computing, Network Security, DevOps, Machine Learning, Java"
Restaurant Manager,,Health & Safety,Senior,19/06/2024,2024-09-01,2024-09-01,Ingénierie,Tizi Ouzou,7-12 ans,None,0,Temporaire,1,"Contrat: Temporaire. Localisation: Tizi Ouzou. Département: Finance. As Senior Restaurant Manager, you'll manage critical projects. En tant que Senior Restaurant Manager, vous serez amené à développer les relations clients.",,393226,"Process Optimization, Lean Management, Supply Chain Management, Inventory Control"
Civil Engineer,,Procurement,Lead,2024-12-26,12 January 2025,2025-01-12,Marketing,Télétravail,8-15 ans,Licence,16,Alternance,2,"Contrat: Alternance. Localisation: Télétravail. Département: Finance. Expérience requise: 8-15 ans. Éducation: Licence, 16 ans. As Lead Civil Engineer, you'll lead critical projects.",,463688,"Cloud Computing, Docker, Machine Learning, DevOps, Python"
HR Coordinator,,Technical Support,Mid,2024-12-07,2025-01-11,2025-01-11,Informatique,Hybride,9-16 ans,Licence,16,Temps partiel,1,"Profil recherché (EN):
Responsabilités:
- Research
- Teamwork
- Negotiation
- UX/UI
- Customer Service
Profil:
- Coordination
- Network Security
- Strategic Planning
Compétences: SEO, Customer Service
Avantages: Budgeting; Organization; Logistics; Digital Marketing
",Prime performance,295477,"Employee Relations, HRIS, Performance Management, Onboarding, Payroll, Training & Development, Recruitment"
AI Ethics Consultant,,Product,Senior,2025-01-12,25/02/2025,2025-02-25,Marketing,Tizi Ouzou,1-2 ans,Bac,12,CDD,3,"As Senior AI Ethics Consultant, you'll design key projects. Expérience requise: 1-2 ans. Éducation: Bac, 12 ans. Contrat: CDD. Localisation: Tizi Ouzou. Département: IT.",,923376,"Problem Solving, Adaptability, Time Management, Teamwork, Critical Thinking, Communication"
Digital Marketer,,Data Science,Chief,07 March 2025,05 April 2025,2025-04-05,Finance,Blida,7-8 ans,Licence,16,Temporaire,1,"En tant que Chief Digital Marketer, vous serez amené à développer l’équipe. As Chief Digital Marketer, you'll lead key projects. Contrat: Temporaire. Localisation: Blida. Département: HR.","Ticket Restaurant, Horaires flexibles, Voiture de fonction",747607,"DevOps, Docker, Java, Python"
CTO,,Customer Success,Junior,2025-03-09,2025-05-19,2025-05-19,Santé,Alger,2-10 ans,Master,18,CDD,5,"As Junior CTO, you'll lead key projects. Contrat: CDD. Localisation: Alger. Département: Operations. Expérience requise: 2-10 ans. Éducation: Master, 18 ans.","Ticket Restaurant, Prime performance",404324,"Adaptability, Communication, Teamwork, Critical Thinking, Problem Solving"
Marketing Manager,,Corporate Affairs,Senior,14/01/2025,16/03/2025,2025-03-16,Ventes,Oran,9-15 ans,Doctorat,20,Temps plein,5,"En tant que Senior Marketing Manager, vous serez amené à développer les systèmes. As Senior Marketing Manager, you'll perform critical projects. Contrat: Temps plein. Localisation: Oran. Département: IT.",,261612,"Brand Management, Campaign Planning, Email Marketing, Content Strategy, Google Analytics, Social Media"
CTO,,Customer Success,Mid,"Oct 23, 2024",25/11/2024,2024-11-25,Finance,Annaba,0-4 ans,Bac,12,Alternance,2,"Profil recherché (MIX):
Responsabilités:
- Data Analysis
- Java
Profil: Digital Marketing, Strategic Planning, Research, CAD
Compétences: Technical Writing; Teamwork; Research; SEO
Avantages: Python, Strategic Planning, Machine Learning, UX/UI
",,606680,"Critical Thinking, Teamwork, Time Management, Adaptability"
QA Engineer,,Research & Development,Chief,"Apr 02, 2025",01/06/2025,2025-06-01,Logistique,Béjaïa,7-15 ans,Master,18,Freelance,1,"Expérience requise: 7-15 ans. Éducation: Master, 18 ans. As Chief QA Engineer, you'll manage key projects. Contrat: Freelance. Localisation: Béjaïa. Département: Engineering.","Télétravail partiel, Participation bénéfices, Prime performance",578932,"Cloud Computing, Docker, Network Security, SQL, Kubernetes"
Legal Advisor,,Research & Development,Chief,21/05/2024,17/08/2024,2024-08-17,Logistique,Tlemcen,5-6 ans,Doctorat,20,Freelance,1,"Profil recherché (EN):
Responsabilités:
- Java
- Coordination
Profil:
- SQL
- SEO
- Coordination
- Network Security
- Graphic Design
Compétences:
- CAD
- Organization
- SEO
Avantages: Technical Writing; Java; Strategic Planning; UX/UI
","Formation continue, Horaires flexibles, Voiture de fonction",587436,"Negotiation, Contract Drafting, Legal Research, Regulatory Affairs, Litigation Support, Compliance"
Civil Engineer,,Business Development,Chief,2025-01-21,26/02/2025,2025-02-26,Logistique,Hybride,8-13 ans,Licence,16,Freelance,5,"Profil recherché (EN):
Responsabilités: Budgeting, Coordination
Profil: Logistics; Leadership; UX/UI
Compétences:
- Maintenance
- Strategic Planning
- Compliance
- Negotiation
Avantages: Network Security, Python, Research, Maintenance
","Télétravail partiel, Horaires flexibles, Assurance santé",335303,"Kubernetes, Java, Cloud Computing, Network Security, DevOps"
Logistics Coord.,,Product,Lead,29/05/2024,2024-08-18,2024-08-18,Juridique,Ghardaïa,4-10 ans,None,0,CDI,10,"As Lead Logistics Coord., you'll lead strategic projects. En tant que Lead Logistics Coord., vous serez amené à gérer les systèmes. Contrat: CDI. Localisation: Ghardaïa. Département: Finance.",Assurance santé,586368,"Logistics, Lean Management, Process Optimization, Quality Control"
CTO,,Customer Success,Lead,02/07/2024,2024-09-19,2024-09-19,Ventes,Saïda,0-9 ans,None,0,Freelance,2,"Profil recherché (EN):
Responsabilités:
- UX/UI
- CAD
- Java
- Project Mgmt
Profil:
- UX/UI
- Digital Marketing
- Project Mgmt
Compétences:
- CAD
- Network Security
Avantages: SEO; Technical Writing; Negotiation; Teamwork; CAD
",Ticket Restaurant,760519,"Problem Solving, Communication, Adaptability, Teamwork, Time Management, Critical Thinking"
IT Intern,,Investor Relations,Chief,"Apr 18, 2025",2025-06-27,2025-06-27,Ingénierie,Télétravail,3-8 ans,Bac,12,Temps plein,3,"Profil recherché (EN):
Responsabilités: Research, Leadership, Machine Learning, Strategic Planning
Profil: Logistics; SEO; Leadership; UX/UI
Compétences:
- Maintenance
- Data Analysis
- Teamwork
- Research
Avantages:
- Excel
- Strategic Planning
",,442857,"DevOps, C++, Network Security, Cloud Computing, Java"
Legal Advisor,,Compliance,Mid,"Dec 31, 2024",2025-03-13,2025-03-13,Finance,Annaba,8-16 ans,Bac,12,Temps plein,2,"Profil recherché (MIX):
Responsabilités:
- Compliance
- Leadership
Profil: Strategic Planning, Organization, Customer Service
Compétences:
- Organization
- SQL
- SEO
- Data Analysis
Avantages: Cloud, Negotiation, Blockchain, Graphic Design, Java
","Horaires flexibles, Participation bénéfices, Voiture de fonction",562921,"Compliance, Legal Research, Regulatory Affairs, Negotiation, Contract Drafting, Litigation Support"
Graphic Designer,,Corporate Affairs,Senior,26 November 2024,2024-12-29,2024-12-29,Finance,Sétif,2-3 ans,Bac,12,CDI,10,"Profil recherché (MIX):
Responsabilités: Technical Writing; Logistics; Communication; Research
Profil: Data Analysis; SEO; Machine Learning; SQL
Compétences:
- Python
- Organization
- Research
- Project Mgmt
Avantages: Digital Marketing; CAD
",,346621,"Illustrator, Adobe Photoshop, UX Research, Prototyping"
Chem. Engineer,,Training,Lead,2025-03-06,09 May 2025,2025-05-09,Juridique,Hybride,8-8 ans,Bac,12,Stage,10,"Profil recherché (EN):
Responsabilités: Python, Budgeting, Compliance, Leadership
Profil: Leadership, Excel, Data Analysis, SQL
Compétences: Data Analysis, Network Security
Avantages: Maintenance, Java, Excel, Cloud, UX/UI
",Participation bénéfices,522437,"DevOps, Java, Kubernetes, Docker, Network Security"
Logistics Coord.,,Public Relations,Mid,04/05/2024,14 July 2024,2024-07-14,Informatique,Constantine,3-5 ans,Master,18,Temps plein,2,"Profil recherché (FR):
Responsabilités: Network Security; Cloud; Leadership
Profil:
- Compliance
- Project Mgmt
- Communication
- Coordination
- Blockchain
Compétences: Python, Coordination, SEO, Compliance
Avantages: Machine Learning; Logistics; Strategic Planning; SEO; Python
","Ticket Restaurant, Assurance santé, Participation bénéfices",594262,"Supply Chain Management, Quality Control, Process Optimization, Inventory Control, Lean Management"
AI Ethics Consultant,,Research & Development,Chief,2024-08-10,20/09/2024,2024-09-20,Santé,Hybride,3-11 ans,Licence,16,Temps plein,3,"Profil recherché (FR):
Responsabilités: UX/UI; Maintenance; Communication; Java; SEO
Profil: Data Analysis; Teamwork; Python; SQL
Compétences: Negotiation; SQL; Organization; UX/UI; Maintenance
Avantages:
- Negotiation
- CAD
- Project Mgmt
- Maintenance
- SQL
","Ticket Restaurant, Voiture de fonction, Télétravail partiel",395516,"Time Management, Adaptability, Critical Thinking, Communication, Problem Solving, Teamwork"
Sales Rep,,Health & Safety,Chief,09/08/2024,2024-10-06,2024-10-06,Marketing,Télétravail,2-7 ans,Master,18,Temporaire,2,"Profil recherché (FR):
Responsabilités: Research, Negotiation, Communication, Digital Marketing
Profil: Strategic Planning, Leadership
Compétences: Communication, Cloud, Budgeting, SEO
Avantages: Organization, UX/UI
","Voiture de fonction, Télétravail partiel",517918,"Adaptability, Critical Thinking, Problem Solving, Time Management, Communication"
Bioengineer,,Investor Relations,Lead,10 December 2024,2025-01-25,2025-01-25,RH,Blida,5-9 ans,None,0,CDD,10,"Profil recherché (EN):
Responsabilités:
- Communication
- Graphic Design
- Digital Marketing
Profil: Python, Coordination, CAD, Digital Marketing, Research
Compétences:
- Communication
- Data Analysis
- Java
- Leadership
Avantages: Machine Learning, Teamwork, Blockchain
","Participation bénéfices, Prime performance",600290,"Python, Kubernetes, Network Security, SQL"
Financial Analyst,,Corporate Affairs,Lead,30 May 2024,28 June 2024,2024-06-28,Finance,Télétravail,0-3 ans,Doctorat,20,Alternance,5,"Profil recherché (MIX):
Responsabilités: Network Security, Data Analysis, Teamwork
Profil: Coordination; Project Mgmt; SQL
Compétences:
- Project Mgmt
- Graphic Design
Avantages: Leadership, Cloud, Java
","Assurance santé, Prime performance, Formation continue",337127,"Audit, Excel, Financial Analysis, Budgeting, Accounting"
SEO Specialist,,Design,Chief,24 February 2025,20/03/2025,2025-03-20,Admin,Alger,6-12 ans,Licence,16,Alternance,10,"Profil recherché (MIX):
Responsabilités: Logistics; Customer Service
Profil: Negotiation, Technical Writing, Communication, Graphic Design, Python
Compétences: Maintenance, Leadership
Avantages: Organization, Technical Writing, Maintenance
","Voiture de fonction, Télétravail partiel",296047,"Google Analytics, SEO, Email Marketing, Social Media, Public Relations, Content Strategy"
Risk Manager,,Risk Management,Mid,2024-12-31,03 March 2025,2025-03-03,Ingénierie,Ghardaïa,10-11 ans,Master,18,CDI,5,"Contrat: CDI. Localisation: Ghardaïa. Département: Engineering. En tant que Mid Risk Manager, vous serez amené à gérer les processus. Expérience requise: 10-11 ans. Éducation: Master, 18 ans.",Formation continue,499654,"Inventory Control, Supply Chain Management, Quality Control, Logistics, Lean Management, Process Optimization"
Security Officer,,Research & Development,Lead,2024-11-11,14 December 2024,2024-12-14,Finance,El Oued,10-20 ans,Licence,16,Freelance,3,"Contrat: Freelance. Localisation: El Oued. Département: Finance. As Lead Security Officer, you'll lead key projects. En tant que Lead Security Officer, vous serez amené à développer les systèmes.","Prime performance, Horaires flexibles, Assurance santé",611767,"Cloud Computing, C++, SQL, Machine Learning, Java"
Supply Chain Analyst,,Compliance,Senior,15/12/2024,16 January 2025,2025-01-16,Informatique,Constantine,7-16 ans,None,0,Temporaire,5,"Profil recherché (FR):
Responsabilités:
- Research
- Excel
- Strategic Planning
- Logistics
Profil: Python, Network Security, Organization, Blockchain
Compétences: Strategic Planning, Java, Python, SEO
Avantages: Blockchain, Strategic Planning, Logistics, Research, Data Analysis
",,698274,"Excel, Accounting, Forecasting, Budgeting, SAP, Audit, Financial Analysis"
Data Engineer,,Logistics,Mid,07 March 2025,01/05/2025,2025-05-01,RH,El Oued,10-14 ans,None,0,Alternance,3,"Contrat: Alternance. Localisation: El Oued. Département: Finance. As Mid Data Engineer, you'll lead critical projects. En tant que Mid Data Engineer, vous serez amené à coordonner les processus.","Télétravail partiel, Prime performance",390055,"DevOps, Kubernetes, Network Security, C++, SQL, Java"
Exec. Assistant,,Customer Success,Senior,06/06/2024,2024-07-02,2024-07-02,Admin,Sétif,6-13 ans,None,0,Stage,2,"Profil recherché (EN):
Responsabilités: Maintenance; Java; SEO; Organization
Profil:
- Graphic Design
- Maintenance
- Machine Learning
Compétences:
- Network Security
- UX/UI
- Cloud
- Java
- Project Mgmt
Avantages: Leadership; SEO; Machine Learning
",,478733,"Document Control, Customer Service, Scheduling, Office Management, Data Entry"
Pharmacist,,Risk Management,Junior,08 February 2025,01 March 2025,2025-03-01,Marketing,Annaba,8-17 ans,Doctorat,20,Volontariat,5,"Expérience requise: 8-17 ans. Éducation: Doctorat, 20 ans. As Junior Pharmacist, you'll manage key projects. Contrat: Volontariat. Localisation: Annaba. Département: Engineering.","Voiture de fonction, Ticket Restaurant, Horaires flexibles",571419,"HIPAA Compliance, Clinical Trials, Medical Terminology, Pharmacovigilance"
Project Manager,,Corporate Affairs,Lead,"Jun 03, 2024",2024-08-15,2024-08-15,Ventes,Blida,8-13 ans,Master,18,Freelance,1,"En tant que Lead Project Manager, vous serez amené à coordonner les relations clients. Expérience requise: 8-13 ans. Éducation: Master, 18 ans. As Lead Project Manager, you'll design key projects.","Formation continue, Ticket Restaurant",627454,"Quality Control, Logistics, Lean Management, Inventory Control, Process Optimization, Supply Chain Management"
Fashion Designer,,Technical Support,Lead,16/09/2024,02 December 2024,2024-12-02,Finance,Ghardaïa,3-9 ans,Doctorat,20,Stage,10,"Profil recherché (EN):
Responsabilités:
- Data Analysis
- Cloud
- Machine Learning
- Logistics
Profil: Graphic Design; Excel; Technical Writing; Data Analysis
Compétences:
- Customer Service
- Research
- Coordination
- Teamwork
- Negotiation
Avantages: Maintenance, Leadership, Organization, Strategic Planning, Budgeting
","Prime performance, Horaires flexibles, Voiture de fonction",631084,"Figma, Illustrator, Color Theory, UX Research, Adobe Photoshop, Sketch, Typography"
Content Writer,,Strategy,Chief,"Feb 23, 2025",18 March 2025,2025-03-18,Santé,Alger,10-10 ans,Doctorat,20,Stage,3,"Profil recherché (MIX):
Responsabilités: UX/UI, SEO
Profil:
- Communication
- Excel
Compétences: Cloud, Logistics, Project Mgmt, Blockchain, Customer Service
Avantages: Cloud; Excel; Compliance
","Participation bénéfices, Assurance santé",402799,"Machine Learning, Network Security, Kubernetes, Docker, Python, Cloud Computing, DevOps"
Cloud Architect,,Data Science,Mid,04 March 2025,28/03/2025,2025-03-28,Ingénierie,Tlemcen,0-8 ans,None,0,CDD,5,"En tant que Mid Cloud Architect, vous serez amené à développer les systèmes. As Mid Cloud Architect, you'll perform key projects. Expérience requise: 0-8 ans. Éducation: None, 0 ans.","Horaires flexibles, Ticket Restaurant, Formation continue",722565,"Docker, Kubernetes, Java, Network Security"
Accountant,,Quality Assurance,Mid,20 May 2024,2024-07-06,2024-07-06,Logistique,Hybride,4-12 ans,Licence,16,Temps plein,5,"Expérience requise: 4-12 ans. Éducation: Licence, 16 ans. Contrat: Temps plein. Localisation: Hybride. Département: Finance. As Mid Accountant, you'll manage strategic projects.",,255942,"Excel, Audit, Investment Strategies, Budgeting, Risk Management, Accounting"
Cloud Architect,,Procurement,Lead,"Aug 15, 2024",05/10/2024,2024-10-05,Ventes,Oran,2-6 ans,Master,18,CDI,1,"Expérience requise: 2-6 ans. Éducation: Master, 18 ans. Contrat: CDI. Localisation: Oran. Département: Engineering. As Lead Cloud Architect, you'll design critical projects.",,518113,"SQL, Network Security, C++, Docker"
Business Analyst,,Procurement,Chief,2024-05-03,2024-05-26,2024-05-26,Ventes,El Oued,9-11 ans,Bac,12,CDI,3,"En tant que Chief Business Analyst, vous serez amené à coordonner les systèmes. Expérience requise: 9-11 ans. Éducation: Bac, 12 ans. Contrat: CDI. Localisation: El Oued. Département: Sales.",Participation bénéfices,294479,"SAP, Accounting, Forecasting, Excel, Investment Strategies"
Financial Analyst,,IT Support,Mid,"May 20, 2024",12/08/2024,2024-08-12,Ingénierie,Tizi Ouzou,0-10 ans,None,0,Volontariat,1,"As Mid Financial Analyst, you'll perform strategic projects. Expérience requise: 0-10 ans. Éducation: None, 0 ans. En tant que Mid Financial Analyst, vous serez amené à coordonner l’équipe.",,289374,"Accounting, Financial Analysis, SAP, Budgeting, Excel, Risk Management"
Business Analyst,,Risk Management,Lead,2024-07-03,2024-09-15,2024-09-15,RH,Annaba,7-13 ans,Bac,12,Volontariat,2,"Expérience requise: 7-13 ans. Éducation: Bac, 12 ans. Contrat: Volontariat. Localisation: Annaba. Département: Operations. As Lead Business Analyst, you'll perform innovative projects.",,360812,"Financial Analysis, Accounting, SAP, Investment Strategies, Forecasting, Budgeting, Risk Management"
Fashion Designer,,IT Support,Mid,23 August 2024,2024-09-27,2024-09-27,Marketing,Hybride,9-16 ans,Master,18,Volontariat,10,"Profil recherché (EN):
Responsabilités: Budgeting; Customer Service; UX/UI; Leadership
Profil: Network Security; Technical Writing
Compétences: Technical Writing, Negotiation, Data Analysis, Python, Network Security
Avantages: Machine Learning; Digital Marketing; Research; Teamwork
",,720359,"UX Research, Figma, Illustrator, Typography"
Operations Manager,,Public Relations,Junior,01 September 2024,30 October 2024,2024-10-30,Logistique,Ghardaïa,3-12 ans,Doctorat,20,Temps plein,5,"As Junior Operations Manager, you'll perform innovative projects. Contrat: Temps plein. Localisation: Ghardaïa. Département: IT. En tant que Junior Operations Manager, vous serez amené à superviser les relations clients.","Formation continue, Horaires flexibles",364611,"Lean Management, Inventory Control, Quality Control, Logistics, Process Optimization, Supply Chain Management"
Investment Banker,,Public Relations,Senior,2024-08-20,02/10/2024,2024-10-02,Ventes,Constantine,4-5 ans,Bac,12,Temporaire,1,"Profil recherché (EN):
Responsabilités: Research, Excel, Teamwork, Logistics
Profil: Cloud, Teamwork, Maintenance, Research, Negotiation
Compétences:
- Graphic Design
- Teamwork
- Strategic Planning
Avantages:
- Excel
- Communication
- Python
- Research
",Télétravail partiel,344036,"Accounting, Budgeting, Forecasting, Investment Strategies, Risk Management, Excel"
Content Writer,,Public Relations,Lead,06/11/2024,15 January 2025,2025-01-15,Ingénierie,Télétravail,1-6 ans,Master,18,Volontariat,5,"Profil recherché (FR):
Responsabilités: Digital Marketing, Technical Writing, Communication, Coordination
Profil: Graphic Design; Logistics; Coordination; Strategic Planning
Compétences: Organization, Excel, Digital Marketing, Network Security, Cloud
Avantages: Cloud; Blockchain; Negotiation; Excel; Coordination
",Formation continue,629414,"Python, Cloud Computing, Kubernetes, C++, DevOps, Docker, Java"
CTO,,Risk Management,Mid,17/03/2025,17 May 2025,2025-05-17,Ingénierie,Béjaïa,0-3 ans,Licence,16,Stage,5,"En tant que Mid CTO, vous serez amené à développer les relations clients. Expérience requise: 0-3 ans. Éducation: Licence, 16 ans. Contrat: Stage. Localisation: Béjaïa. Département: IT.","Voiture de fonction, Télétravail partiel, Participation bénéfices",614711,"Time Management, Critical Thinking, Problem Solving, Adaptability, Communication, Teamwork"
Financial Analyst,,Training,Lead,25/04/2024,22 May 2024,2024-05-22,Ingénierie,Ghardaïa,0-2 ans,Doctorat,20,Temps partiel,1,"Contrat: Temps partiel. Localisation: Ghardaïa. Département: HR. As Lead Financial Analyst, you'll perform critical projects. Expérience requise: 0-2 ans. Éducation: Doctorat, 20 ans.",Participation bénéfices,484115,"Excel, Risk Management, Budgeting, Accounting, Financial Analysis"
Restaurant Manager,,Risk Management,Chief,"Aug 20, 2024",13 October 2024,2024-10-13,Logistique,Béjaïa,2-6 ans,Doctorat,20,Volontariat,1,"As Chief Restaurant Manager, you'll perform innovative projects. Contrat: Volontariat. Localisation: Béjaïa. Département: IT. En tant que Chief Restaurant Manager, vous serez amené à développer les relations clients.",Horaires flexibles,386724,"Process Optimization, Quality Control, Inventory Control, Logistics, Lean Management"
Marketing Manager,,Administration,Chief,2024-06-21,23 July 2024,2024-07-23,Santé,Tlemcen,10-12 ans,Master,18,Volontariat,5,"Expérience requise: 10-12 ans. Éducation: Master, 18 ans. Contrat: Volontariat. Localisation: Tlemcen. Département: Marketing. En tant que Chief Marketing Manager, vous serez amené à superviser les relations clients.","Assurance santé, Ticket Restaurant",352616,"Social Media, Google Analytics, Email Marketing, Content Strategy"
Product Manager,,Corporate Affairs,Lead,"Jul 21, 2024",04 October 2024,2024-10-04,RH,Hybride,8-11 ans,Licence,16,CDI,5,"Profil recherché (EN):
Responsabilités:
- Compliance
- Network Security
- Organization
- Strategic Planning
Profil: CAD; Communication; Graphic Design
Compétences: Digital Marketing; Organization; Blockchain; Strategic Planning; Budgeting
Avantages: Technical Writing, Network Security, Excel, Communication
",,340366,"Inventory Control, Quality Control, Lean Management, Process Optimization"
Financial Analyst,,Public Relations,Lead,31/10/2024,18/01/2025,2025-01-18,Ventes,Ghardaïa,7-11 ans,None,0,Volontariat,3,"Profil recherché (MIX):
Responsabilités:
- Project Mgmt
- UX/UI
- Coordination
- Leadership
Profil: Network Security; UX/UI; Graphic Design; Python
Compétences: Organization; Customer Service; Machine Learning; Leadership
Avantages: Coordination, Leadership, Machine Learning, Communication, Graphic Design
",,638363,"Financial Analysis, Accounting, SAP, Risk Management"
Data Scientist,,Training,Junior,"May 12, 2024",09 July 2024,2024-07-09,Ventes,El Oued,2-8 ans,Doctorat,20,CDD,10,"Expérience requise: 2-8 ans. Éducation: Doctorat, 20 ans. As Junior Data Scientist, you'll lead critical projects. En tant que Junior Data Scientist, vous serez amené à développer les systèmes.",,498171,"SQL, C++, Cloud Computing, Machine Learning"
Business Analyst,,Compliance,Lead,16 February 2025,13 March 2025,2025-03-13,Finance,El Oued,3-13 ans,Licence,16,Volontariat,3,"En tant que Lead Business Analyst, vous serez amené à développer les processus. Expérience requise: 3-13 ans. Éducation: Licence, 16 ans. Contrat: Volontariat. Localisation: El Oued. Département: Legal.","Voiture de fonction, Assurance santé",403122,"Forecasting, SAP, Investment Strategies, Budgeting, Excel, Accounting, Financial Analysis"
DB Admin,,Health & Safety,Mid,01/09/2024,2024-09-26,2024-09-26,Ingénierie,Tizi Ouzou,9-18 ans,None,0,Alternance,10,"As Mid DB Admin, you'll lead strategic projects. Contrat: Alternance. Localisation: Tizi Ouzou. Département: Finance. Expérience requise: 9-18 ans. Éducation: None, 0 ans.","Voiture de fonction, Formation continue, Assurance santé",232002,"Office Management, Document Control, Scheduling, Data Entry, Customer Service"
Maintenance Tech,,IT Support,Chief,"Jun 11, 2024",08 September 2024,2024-09-08,Informatique,Annaba,6-16 ans,Master,18,Stage,3,"Expérience requise: 6-16 ans. Éducation: Master, 18 ans. As Chief Maintenance Tech, you'll perform critical projects. En tant que Chief Maintenance Tech, vous serez amené à développer les systèmes.",,212087,"Time Management, Communication, Problem Solving, Adaptability"
Recruiter,,Technical Support,Mid,13/10/2024,2024-12-10,2024-12-10,Ventes,Tlemcen,7-13 ans,Master,18,CDD,2,"Profil recherché (FR):
Responsabilités:
- Communication
- Coordination
- Digital Marketing
- Negotiation
Profil: Budgeting, Technical Writing, Cloud
Compétences: Blockchain, Technical Writing, Strategic Planning, Graphic Design
Avantages: Coordination, Organization, Java
","Formation continue, Prime performance",411960,"Python, DevOps, Docker, SQL, Java, Cloud Computing"
Financial Analyst,,IT Support,Senior,13 October 2024,2024-12-07,2024-12-07,Logistique,Constantine,1-3 ans,Doctorat,20,CDI,5,"Profil recherché (FR):
Responsabilités: Graphic Design; CAD; Negotiation; Research
Profil: Blockchain, Compliance, Coordination
Compétences: Excel, Compliance, Coordination
Avantages:
- Strategic Planning
- SQL
",,362833,"Accounting, Excel, Risk Management, Forecasting, SAP, Budgeting, Investment Strategies"
Chem. Engineer,,Procurement,Lead,"Aug 11, 2024",24/08/2024,2024-08-24,Marketing,Annaba,3-13 ans,Licence,16,Volontariat,2,"As Lead Chem. Engineer, you'll design key projects. Expérience requise: 3-13 ans. Éducation: Licence, 16 ans. Contrat: Volontariat. Localisation: Annaba. Département: IT.",Télétravail partiel,593773,"Machine Learning, SQL, Cloud Computing, Kubernetes, C++, Docker"
SEO Specialist,,Public Relations,Chief,10 April 2025,15 June 2025,2025-06-15,Ventes,Saïda,0-0 ans,Bac,12,Stage,2,"Profil recherché (EN):
Responsabilités: Teamwork; Customer Service; CAD
Profil: Network Security; Customer Service; Graphic Design; Communication; Data Analysis
Compétences: CAD, Network Security
Avantages:
- SQL
- Organization
- Budgeting
",Prime performance,714938,"Public Relations, Content Strategy, Google Analytics, SEO"
Digital Marketer,,Data Science,Junior,29 January 2025,2025-04-08,2025-04-08,Santé,Constantine,6-9 ans,None,0,Volontariat,2,"Contrat: Volontariat. Localisation: Constantine. Département: Operations. Expérience requise: 6-9 ans. Éducation: None, 0 ans. En tant que Junior Digital Marketer, vous serez amené à superviser les systèmes.","Participation bénéfices, Horaires flexibles, Ticket Restaurant",797082,"C++, Python, Kubernetes, DevOps, SQL, Network Security"
Chem. Engineer,,Strategy,Junior,2024-09-08,2024-10-04,2024-10-04,Santé,Tizi Ouzou,10-20 ans,Doctorat,20,Temporaire,2,"Profil recherché (FR):
Responsabilités: Technical Writing; Cloud
Profil:
- Blockchain
- Python
- Coordination
- Technical Writing
Compétences: UX/UI, Customer Service
Avantages: Java, Data Analysis, Technical Writing
","Télétravail partiel, Formation continue, Ticket Restaurant",464474,"Python, SQL, Network Security, C++, Java, Kubernetes, Docker"
Training Specialist,,Logistics,Chief,07/04/2025,01 June 2025,2025-06-01,Admin,Constantine,6-11 ans,Bac,12,Volontariat,1,"Contrat: Volontariat. Localisation: Constantine. Département: Operations. Expérience requise: 6-11 ans. Éducation: Bac, 12 ans. En tant que Chief Training Specialist, vous serez amené à coordonner les processus.","Télétravail partiel, Formation continue",222476,"Adaptability, Problem Solving, Teamwork, Time Management, Communication, Critical Thinking"
Social Media Mgr,,Research & Development,Mid,"Aug 05, 2024",19 September 2024,2024-09-19,Juridique,Télétravail,8-13 ans,None,0,CDD,5,"Contrat: CDD. Localisation: Télétravail. Département: Sales. En tant que Mid Social Media Mgr, vous serez amené à développer les relations clients. Expérience requise: 8-13 ans. Éducation: None, 0 ans.",,590905,"Content Strategy, Google Analytics, Brand Management, SEO"
SEO Specialist,,Compliance,Senior,15 April 2025,01 July 2025,2025-07-01,Informatique,Saïda,9-11 ans,Doctorat,20,Stage,3,"Expérience requise: 9-11 ans. Éducation: Doctorat, 20 ans. En tant que Senior SEO Specialist, vous serez amené à superviser les processus. As Senior SEO Specialist, you'll perform key projects.",,348654,"SEO, Brand Management, Google Analytics, Public Relations"
Video Editor,,Training,Chief,22 November 2024,19/12/2024,2024-12-19,Admin,Béjaïa,10-13 ans,Doctorat,20,Alternance,3,"Contrat: Alternance. Localisation: Béjaïa. Département: Operations. As Chief Video Editor, you'll perform critical projects. En tant que Chief Video Editor, vous serez amené à coordonner les relations clients.","Formation continue, Voiture de fonction, Ticket Restaurant",469937,"Network Security, Docker, SQL, Machine Learning"
AI Ethics Consultant,,Administration,Senior,"Mar 04, 2025",27/05/2025,2025-05-27,Marketing,Blida,1-2 ans,Doctorat,20,Volontariat,3,"En tant que Senior AI Ethics Consultant, vous serez amené à superviser l’équipe. As Senior AI Ethics Consultant, you'll lead innovative projects. Expérience requise: 1-2 ans. Éducation: Doctorat, 20 ans.",,405956,"Adaptability, Time Management, Critical Thinking, Problem Solving"
Pharmacist,,Customer Success,Lead,05/04/2025,2025-04-28,2025-04-28,RH,Oran,6-13 ans,None,0,Alternance,10,"Profil recherché (FR):
Responsabilités:
- Research
- Logistics
- Leadership
- Graphic Design
- Customer Service
Profil: Network Security, Data Analysis, Teamwork, CAD, Project Mgmt
Compétences: CAD; Python; Digital Marketing; Network Security; Strategic Planning
Avantages: Teamwork, Project Mgmt
","Assurance santé, Ticket Restaurant",230243,"Clinical Trials, HIPAA Compliance, Pharmacovigilance, Medical Terminology, Patient Care"
Data Engineer,,Design,Senior,2024-10-03,12 November 2024,2024-11-12,Santé,Ghardaïa,5-14 ans,Bac,12,Stage,5,"Profil recherché (EN):
Responsabilités: Excel, Strategic Planning, Digital Marketing, Project Mgmt
Profil:
- Research
- Compliance
- Organization
- Maintenance
Compétences: Leadership, CAD, SEO
Avantages: Leadership, Organization, Data Analysis
",Télétravail partiel,520590,"DevOps, Machine Learning, SQL, Python, Docker, Kubernetes, Java"
Network Admin,,Compliance,Lead,"Jul 17, 2024",28 July 2024,2024-07-28,Finance,Constantine,2-6 ans,Bac,12,Volontariat,10,"Profil recherché (EN):
Responsabilités: UX/UI, Customer Service
Profil: Organization, Logistics, Java, SQL
Compétences:
- SEO
- Machine Learning
- Strategic Planning
- Communication
- Java
Avantages: Teamwork, SQL, Budgeting, Python, Negotiation
","Formation continue, Voiture de fonction, Horaires flexibles",733392,"DevOps, Python, Machine Learning, C++, SQL, Network Security"
App Developer,,Health & Safety,Mid,09 November 2024,2024-12-13,2024-12-13,Marketing,Alger,3-13 ans,Doctorat,20,Freelance,1,"En tant que Mid App Developer, vous serez amené à gérer l’équipe. Expérience requise: 3-13 ans. Éducation: Doctorat, 20 ans. Contrat: Freelance. Localisation: Alger. Département: Engineering.","Ticket Restaurant, Télétravail partiel, Voiture de fonction",350659,"Machine Learning, Kubernetes, C++, SQL"
Supply Chain Analyst,,Training,Chief,07/09/2024,2024-10-07,2024-10-07,RH,Blida,3-5 ans,Doctorat,20,CDD,3,"Profil recherché (EN):
Responsabilités: UX/UI; Communication; Project Mgmt
Profil: Coordination; Customer Service
Compétences: CAD; Strategic Planning; Cloud; Project Mgmt; Logistics
Avantages: Research, Blockchain
","Voiture de fonction, Télétravail partiel, Horaires flexibles",658923,"Investment Strategies, Risk Management, SAP, Budgeting, Forecasting"
Network Admin,,Strategy,Lead,2025-03-27,06 April 2025,2025-04-06,Ventes,Sétif,6-8 ans,Doctorat,20,Freelance,2,"Profil recherché (EN):
Responsabilités:
- Blockchain
- Communication
Profil: Technical Writing, Data Analysis, Research
Compétences: Maintenance; Compliance; Negotiation; Blockchain; Organization
Avantages:
- Technical Writing
- Budgeting
- Compliance
- SQL
","Voiture de fonction, Prime performance",521440,"Python, Cloud Computing, Kubernetes, Network Security, Machine Learning, C++"
Volunteer Coord.,,Research & Development,Senior,2025-03-19,08/05/2025,2025-05-08,Logistique,Annaba,10-11 ans,Bac,12,CDD,10,"Expérience requise: 10-11 ans. Éducation: Bac, 12 ans. As Senior Volunteer Coord., you'll lead strategic projects. En tant que Senior Volunteer Coord., vous serez amené à coordonner l’équipe.","Ticket Restaurant, Voiture de fonction",677618,"Time Management, Communication, Problem Solving, Adaptability, Critical Thinking, Teamwork"
Logistics Coord.,,Procurement,Mid,"Sep 21, 2024",2024-10-20,2024-10-20,Ingénierie,Tizi Ouzou,3-6 ans,Licence,16,Alternance,5,"Expérience requise: 3-6 ans. Éducation: Licence, 16 ans. En tant que Mid Logistics Coord., vous serez amené à superviser les systèmes. As Mid Logistics Coord., you'll lead critical projects.","Horaires flexibles, Formation continue",346512,"Quality Control, Logistics, Supply Chain Management, Inventory Control, Lean Management"
DB Admin,,IT Support,Junior,"Jan 31, 2025",19/03/2025,2025-03-19,Ingénierie,Annaba,5-6 ans,Doctorat,20,Alternance,3,"Profil recherché (EN):
Responsabilités:
- Coordination
- Blockchain
- CAD
- Digital Marketing
- Negotiation
Profil: Logistics, Cloud, Python
Compétences: Logistics, Machine Learning
Avantages: Communication, SEO, Network Security, Project Mgmt
","Télétravail partiel, Horaires flexibles",227007,"Customer Service, Scheduling, Office Management, Document Control"
Logistics Coord.,,Technical Support,Chief,07/10/2024,2024-12-29,2024-12-29,Ingénierie,Béjaïa,1-6 ans,Doctorat,20,Alternance,3,"Profil recherché (FR):
Responsabilités:
- Budgeting
- Data Analysis
Profil: Blockchain, Organization
Compétences: Coordination; Python; Blockchain
Avantages:
- Budgeting
- Blockchain
- Digital Marketing
",Horaires flexibles,367571,"Logistics, Lean Management, Supply Chain Management, Quality Control, Process Optimization, Inventory Control"
Researcher,,Public Relations,Senior,04/10/2024,22/12/2024,2024-12-22,Admin,Hybride,6-13 ans,Bac,12,Alternance,2,"Profil recherché (FR):
Responsabilités: Research; Blockchain; Compliance; SQL; CAD
Profil: Strategic Planning, Graphic Design, Excel, Project Mgmt
Compétences: Graphic Design, Logistics, CAD, Maintenance, Leadership
Avantages: Budgeting, Graphic Design, CAD, Digital Marketing, Project Mgmt
",,608771,"HIPAA Compliance, Pharmacovigilance, Patient Care, Clinical Trials, Medical Terminology"
Recruiter,,Compliance,Mid,22 November 2024,25/12/2024,2024-12-25,Juridique,Saïda,3-6 ans,None,0,Temps partiel,2,"Profil recherché (MIX):
Responsabilités:
- Blockchain
- Communication
- Logistics
Profil: Logistics, Customer Service, CAD, Excel, Communication
Compétences:
- Data Analysis
- Research
- Communication
Avantages: Machine Learning, Budgeting, Negotiation
","Formation continue, Horaires flexibles, Participation bénéfices",640989,"Kubernetes, Java, DevOps, Cloud Computing, Python, Machine Learning"
Translator,,Administration,Chief,2024-06-01,26/08/2024,2024-08-26,Juridique,Télétravail,9-10 ans,Licence,16,CDI,1,"As Chief Translator, you'll manage strategic projects. En tant que Chief Translator, vous serez amené à gérer les processus. Contrat: CDI. Localisation: Télétravail. Département: HR.",Assurance santé,314925,"Time Management, Critical Thinking, Problem Solving, Adaptability"
Translator,,Data Science,Senior,24 September 2024,2024-10-07,2024-10-07,Admin,Tlemcen,5-7 ans,Bac,12,CDD,3,"Profil recherché (EN):
Responsabilités: Blockchain, Machine Learning, Teamwork, Digital Marketing, Network Security
Profil: Cloud, Research
Compétences: CAD; Machine Learning; Maintenance
Avantages:
- SQL
- Machine Learning
","Prime performance, Formation continue",642780,"Communication, Critical Thinking, Teamwork, Adaptability"
SEO Specialist,,Strategy,Senior,10/05/2024,2024-05-27,2024-05-27,Juridique,Télétravail,2-8 ans,None,0,Alternance,10,"Contrat: Alternance. Localisation: Télétravail. Département: Marketing. As Senior SEO Specialist, you'll lead key projects. Expérience requise: 2-8 ans. Éducation: None, 0 ans.",,451225,"Social Media, Campaign Planning, Brand Management, Public Relations, Content Strategy"
Operations Manager,,Data Science,Chief,24/03/2025,2025-05-18,2025-05-18,Ventes,Béjaïa,2-9 ans,Licence,16,Freelance,5,"Contrat: Freelance. Localisation: Béjaïa. Département: Engineering. Expérience requise: 2-9 ans. Éducation: Licence, 16 ans. En tant que Chief Operations Manager, vous serez amené à développer les systèmes.","Formation continue, Participation bénéfices, Ticket Restaurant",353974,"Lean Management, Inventory Control, Quality Control, Supply Chain Management, Logistics"
Digital Marketer,,Risk Management,Mid,"Feb 23, 2025",17 March 2025,2025-03-17,Finance,Annaba,8-9 ans,Doctorat,20,Temporaire,5,"En tant que Mid Digital Marketer, vous serez amené à coordonner les systèmes. As Mid Digital Marketer, you'll design innovative projects. Expérience requise: 8-9 ans. Éducation: Doctorat, 20 ans.","Horaires flexibles, Télétravail partiel",469388,"Kubernetes, SQL, C++, Machine Learning, Cloud Computing, Java"
Risk Manager,,Risk Management,Lead,13/03/2025,02 June 2025,2025-06-02,RH,Blida,6-6 ans,Doctorat,20,Volontariat,5,"Expérience requise: 6-6 ans. Éducation: Doctorat, 20 ans. En tant que Lead Risk Manager, vous serez amené à gérer l’équipe. Contrat: Volontariat. Localisation: Blida. Département: Finance.",Formation continue,369573,"Lean Management, Inventory Control, Logistics, Quality Control, Supply Chain Management, Process Optimization"
QA Engineer,,IT Support,Mid,22/11/2024,23/01/2025,2025-01-23,Santé,Tizi Ouzou,1-10 ans,Doctorat,20,CDI,1,"Profil recherché (EN):
Responsabilités: Java, Strategic Planning, CAD
Profil: Compliance; Digital Marketing; Strategic Planning; Blockchain
Compétences:
- Machine Learning
- Budgeting
Avantages:
- Strategic Planning
- Digital Marketing
- Project Mgmt
- Compliance
","Prime performance, Voiture de fonction",671918,"Java, Cloud Computing, Docker, C++, DevOps, Machine Learning, Python"
Video Editor,,Data Science,Chief,29/10/2024,17/11/2024,2024-11-17,Marketing,Hybride,7-14 ans,Master,18,Freelance,5,"Expérience requise: 7-14 ans. Éducation: Master, 18 ans. En tant que Chief Video Editor, vous serez amené à gérer les processus. As Chief Video Editor, you'll perform innovative projects.",,329021,"C++, Docker, Kubernetes, Java, SQL, Machine Learning, Python"
Risk Manager,,Customer Success,Junior,"Jun 18, 2024",2024-08-02,2024-08-02,Informatique,Blida,5-9 ans,None,0,Stage,2,"Profil recherché (EN):
Responsabilités: Teamwork, SQL, Network Security, Customer Service, Graphic Design
Profil: SQL, Logistics, SEO, Data Analysis
Compétences: Blockchain, Graphic Design
Avantages:
- Compliance
- Budgeting
- Project Mgmt
",,456388,"Supply Chain Management, Inventory Control, Process Optimization, Lean Management, Quality Control, Logistics"
Investment Banker,,Health & Safety,Chief,"Nov 05, 2024",15 December 2024,2024-12-15,Admin,Constantine,9-16 ans,Licence,16,Freelance,10,"En tant que Chief Investment Banker, vous serez amené à gérer l’équipe. Expérience requise: 9-16 ans. Éducation: Licence, 16 ans. Contrat: Freelance. Localisation: Constantine. Département: IT.","Horaires flexibles, Assurance santé",721474,"Accounting, Financial Analysis, Risk Management, Audit, Investment Strategies, Budgeting, SAP"
Business Analyst,,Corporate Affairs,Senior,"Jul 06, 2024",2024-08-27,2024-08-27,Finance,Annaba,3-8 ans,Licence,16,CDD,1,"Profil recherché (FR):
Responsabilités: Budgeting; Teamwork
Profil: UX/UI, Customer Service, Maintenance, Cloud, Negotiation
Compétences: Organization, Compliance, Coordination, Cloud, Negotiation
Avantages: Compliance, Budgeting, Logistics
",,258882,"Financial Analysis, Audit, Risk Management, Accounting, Investment Strategies"
Product Manager,,Administration,Lead,"May 26, 2024",15/06/2024,2024-06-15,Finance,Sétif,8-10 ans,Licence,16,Freelance,5,"Contrat: Freelance. Localisation: Sétif. Département: IT. As Lead Product Manager, you'll design critical projects. Expérience requise: 8-10 ans. Éducation: Licence, 16 ans.","Horaires flexibles, Ticket Restaurant, Assurance santé",350474,"Supply Chain Management, Quality Control, Inventory Control, Process Optimization"
DB Admin,,Health & Safety,Senior,17/02/2025,2025-03-15,2025-03-15,Marketing,Constantine,8-18 ans,Doctorat,20,Temporaire,10,"Profil recherché (FR):
Responsabilités: SEO, Java, Digital Marketing, Strategic Planning
Profil: Negotiation; CAD; Research
Compétences: UX/UI, Customer Service, Excel
Avantages: SQL, CAD, Leadership, Python, Budgeting
",Horaires flexibles,392642,"Customer Service, Scheduling, Data Entry, Office Management, Document Control"
Digital Marketer,,Logistics,Chief,16/11/2024,26 December 2024,2024-12-26,RH,Blida,5-15 ans,Master,18,Stage,3,"Expérience requise: 5-15 ans. Éducation: Master, 18 ans. Contrat: Stage. Localisation: Blida. Département: Marketing. As Chief Digital Marketer, you'll manage innovative projects.","Assurance santé, Voiture de fonction",438548,"Python, DevOps, Docker, Java, C++, Machine Learning"
Network Admin,,Health & Safety,Junior,26/02/2025,08/03/2025,2025-03-08,Marketing,Sétif,5-6 ans,Licence,16,Temps plein,10,"As Junior Network Admin, you'll manage strategic projects. Contrat: Temps plein. Localisation: Sétif. Département: HR. En tant que Junior Network Admin, vous serez amené à superviser l’équipe.",,424324,"SQL, Machine Learning, Python, C++, Docker"
Accountant,,Strategy,Chief,16 April 2025,2025-06-24,2025-06-24,Informatique,Constantine,10-20 ans,Bac,12,CDI,3,"Profil recherché (FR):
Responsabilités: SEO; Logistics; Compliance
Profil:
- Coordination
- Research
- Digital Marketing
- Logistics
- Graphic Design
Compétences: Python, Project Mgmt, Data Analysis, SQL
Avantages:
- UX/UI
- Strategic Planning
- Communication
- Cloud
- Network Security
",Formation continue,393873,"Investment Strategies, Forecasting, Audit, Excel, Risk Management, SAP, Budgeting"
Video Editor,,Investor Relations,Lead,"Nov 03, 2024",29/01/2025,2025-01-29,RH,Tizi Ouzou,9-10 ans,Master,18,Temps partiel,3,"Profil recherché (FR):
Responsabilités: Graphic Design, Communication, Excel, Research
Profil:
- Organization
- Technical Writing
Compétences:
- Digital Marketing
- Budgeting
- Data Analysis
- Research
Avantages: Technical Writing, Leadership, Organization, Excel, Research
","Ticket Restaurant, Prime performance",442525,"Python, Machine Learning, Java, DevOps"
Civil Engineer,,Procurement,Chief,14/07/2024,28 August 2024,2024-08-28,Finance,Ghardaïa,8-16 ans,Doctorat,20,Freelance,3,"En tant que Chief Civil Engineer, vous serez amené à coordonner les processus. Contrat: Freelance. Localisation: Ghardaïa. Département: Operations. Expérience requise: 8-16 ans. Éducation: Doctorat, 20 ans.",Prime performance,805930,"Python, Cloud Computing, SQL, Java, DevOps, Machine Learning, C++"
Content Writer,,Technical Support,Chief,26 March 2025,2025-05-14,2025-05-14,Santé,Béjaïa,2-8 ans,Master,18,Volontariat,10,"Profil recherché (FR):
Responsabilités: Technical Writing, Coordination, Leadership, Compliance, Customer Service
Profil: Negotiation; Cloud
Compétences: Cloud; Strategic Planning; Network Security; Coordination; Research
Avantages:
- Strategic Planning
- Technical Writing
- Customer Service
- SEO
- Machine Learning
",,619246,"Kubernetes, Python, Cloud Computing, Java, SQL, Docker, C++"
Sales Rep,,Administration,Mid,"Jan 26, 2025",2025-03-28,2025-03-28,Juridique,Tizi Ouzou,3-10 ans,None,0,Temps plein,1,"Profil recherché (MIX):
Responsabilités: Data Analysis, Budgeting, Research, Customer Service, Python
Profil:
- Organization
- Coordination
- Java
Compétences: Customer Service; Negotiation; Maintenance; Digital Marketing; Blockchain
Avantages: Maintenance, Machine Learning, Graphic Design, Logistics, Leadership
","Horaires flexibles, Participation bénéfices",216369,"Problem Solving, Critical Thinking, Adaptability, Communication, Teamwork, Time Management"
Content Writer,,Compliance,Chief,2024-10-21,09 November 2024,2024-11-09,Santé,Sétif,0-6 ans,Licence,16,Volontariat,5,"As Chief Content Writer, you'll manage innovative projects. Contrat: Volontariat. Localisation: Sétif. Département: Sales. Expérience requise: 0-6 ans. Éducation: Licence, 16 ans.","Assurance santé, Ticket Restaurant",844447,"DevOps, Cloud Computing, Docker, Kubernetes, Machine Learning, Python, Network Security"
Tech Writer,,Risk Management,Chief,"Apr 10, 2025",2025-04-21,2025-04-21,Logistique,Oran,4-6 ans,None,0,Stage,1,"Profil recherché (MIX):
Responsabilités: CAD, Maintenance
Profil: Budgeting, Strategic Planning, Coordination, SEO, Leadership
Compétences:
- SEO
- Blockchain
Avantages: UX/UI, Negotiation, Excel
",Prime performance,681998,"Cloud Computing, C++, Docker, DevOps, Network Security, Java, Machine Learning"
Legal Advisor,,Public Relations,Lead,25 October 2024,05 January 2025,2025-01-05,Ventes,El Oued,8-17 ans,None,0,Temps plein,1,"As Lead Legal Advisor, you'll design critical projects. Contrat: Temps plein. Localisation: El Oued. Département: HR. En tant que Lead Legal Advisor, vous serez amené à gérer les relations clients.",,796108,"Contract Drafting, Legal Research, Compliance, Litigation Support, Negotiation"
Recruiter,,Risk Management,Chief,30/03/2025,26 June 2025,2025-06-26,Finance,Oran,6-11 ans,Doctorat,20,CDI,10,"Profil recherché (MIX):
Responsabilités: Customer Service; Java; CAD; Cloud; Coordination
Profil: Graphic Design, Python
Compétences: Digital Marketing, Negotiation, SEO, Strategic Planning
Avantages: Leadership, Negotiation, Java, Technical Writing
","Voiture de fonction, Prime performance, Assurance santé",640573,"Docker, Java, C++, Cloud Computing"
Fashion Designer,,Technical Support,Mid,2025-03-06,2025-05-02,2025-05-02,Logistique,Béjaïa,6-7 ans,Master,18,Volontariat,10,"Profil recherché (MIX):
Responsabilités:
- Project Mgmt
- Strategic Planning
Profil:
- SQL
- Blockchain
- Logistics
Compétences: Strategic Planning, Leadership, Compliance, Excel, Python
Avantages:
- Research
- Data Analysis
","Horaires flexibles, Assurance santé",321997,"Color Theory, Adobe Photoshop, UX Research, Illustrator, Figma"
Digital Marketer,,Product,Lead,"Jan 27, 2025",13 April 2025,2025-04-13,RH,Hybride,1-5 ans,Doctorat,20,Temps plein,10,"Profil recherché (EN):
Responsabilités: Customer Service, SEO, Research, Technical Writing
Profil: Teamwork; Budgeting; Cloud; Negotiation
Compétences: SEO, Machine Learning, CAD
Avantages: Technical Writing; Python; Blockchain
","Prime performance, Ticket Restaurant, Télétravail partiel",675880,"DevOps, Cloud Computing, SQL, Kubernetes, C++, Network Security, Java"
UX Designer,,Compliance,Lead,"May 03, 2024",01/08/2024,2024-08-01,RH,Tlemcen,0-10 ans,Doctorat,20,Temps partiel,2,"Profil recherché (FR):
Responsabilités:
- Leadership
- Cloud
Profil: Python, Research, Negotiation, Digital Marketing
Compétences: Network Security; Teamwork; Machine Learning; SEO; Digital Marketing
Avantages:
- SEO
- Technical Writing
- Data Analysis
- Strategic Planning
- Digital Marketing
",,228364,"Typography, Adobe Photoshop, Color Theory, Prototyping"
Social Media Mgr,,Administration,Junior,08/04/2025,26 April 2025,2025-04-26,Informatique,Oran,10-15 ans,Doctorat,20,CDI,1,"Contrat: CDI. Localisation: Oran. Département: Sales. As Junior Social Media Mgr, you'll lead key projects. En tant que Junior Social Media Mgr, vous serez amené à gérer les processus.",Voiture de fonction,412147,"Content Strategy, Brand Management, Email Marketing, Campaign Planning, Public Relations, SEO"
Customer Service Agent,,Technical Support,Lead,24/01/2025,16 February 2025,2025-02-16,Logistique,Oran,1-9 ans,None,0,Temps plein,5,"Profil recherché (EN):
Responsabilités:
- Technical Writing
- Data Analysis
- Digital Marketing
- Python
Profil:
- Graphic Design
- Maintenance
- Blockchain
- Coordination
- Organization
Compétences:
- Java
- Excel
- UX/UI
Avantages:
- Strategic Planning
- Organization
- Python
- Negotiation
","Voiture de fonction, Participation bénéfices, Ticket Restaurant",272189,"Customer Service, Office Management, Data Entry, Scheduling, Document Control"
Env. Consultant,,Public Relations,Junior,24/01/2025,2025-04-07,2025-04-07,RH,Tlemcen,9-9 ans,Master,18,CDD,3,"Profil recherché (FR):
Responsabilités: Digital Marketing; Java; Communication; SQL
Profil: Data Analysis, Compliance
Compétences:
- Budgeting
- Coordination
- UX/UI
- Communication
Avantages: Technical Writing, SEO
",Prime performance,352490,"Time Management, Communication, Problem Solving, Critical Thinking, Adaptability, Teamwork"
Graphic Designer,,Risk Management,Junior,26/03/2025,22 April 2025,2025-04-22,Ventes,Constantine,0-8 ans,Bac,12,Freelance,1,"Expérience requise: 0-8 ans. Éducation: Bac, 12 ans. As Junior Graphic Designer, you'll lead key projects. En tant que Junior Graphic Designer, vous serez amené à gérer les systèmes.",,295757,"Sketch, UX Research, Figma, Color Theory"
Network Admin,,Corporate Affairs,Lead,2024-11-22,03/02/2025,2025-02-03,Santé,Oran,8-11 ans,Master,18,CDD,10,"Expérience requise: 8-11 ans. Éducation: Master, 18 ans. Contrat: CDD. Localisation: Oran. Département: Operations. As Lead Network Admin, you'll lead innovative projects.","Ticket Restaurant, Télétravail partiel",894580,"Kubernetes, Docker, DevOps, SQL"
Customer Service Agent,,Administration,Lead,"Mar 28, 2025",10 April 2025,2025-04-10,Logistique,Tlemcen,4-11 ans,None,0,Stage,2,"Contrat: Stage. Localisation: Tlemcen. Département: Sales. En tant que Lead Customer Service Agent, vous serez amené à coordonner les systèmes. As Lead Customer Service Agent, you'll design innovative projects.",Horaires flexibles,213060,"Document Control, Scheduling, Customer Service, Data Entry, Office Management"
Env. Consultant,,Data Science,Lead,"Aug 29, 2024",05/11/2024,2024-11-05,Marketing,El Oued,3-3 ans,Licence,16,Stage,1,"Expérience requise: 3-3 ans. Éducation: Licence, 16 ans. En tant que Lead Env. Consultant, vous serez amené à superviser les systèmes. Contrat: Stage. Localisation: El Oued. Département: Finance.","Télétravail partiel, Ticket Restaurant",605959,"Teamwork, Communication, Adaptability, Problem Solving, Critical Thinking"
PR Officer,,IT Support,Chief,2024-08-23,27 September 2024,2024-09-27,Informatique,Tlemcen,2-5 ans,Bac,12,Temps partiel,1,"Profil recherché (MIX):
Responsabilités:
- Budgeting
- Project Mgmt
- Digital Marketing
Profil: UX/UI; Network Security; Blockchain; Data Analysis; SEO
Compétences: Machine Learning; Logistics; Blockchain; Data Analysis; Research
Avantages: Machine Learning, Python, Compliance
",,619788,"Problem Solving, Teamwork, Adaptability, Time Management, Communication, Critical Thinking"
Fashion Designer,,Corporate Affairs,Junior,"Jan 10, 2025",2025-01-19,2025-01-19,Ingénierie,Blida,0-5 ans,Bac,12,Volontariat,3,"As Junior Fashion Designer, you'll perform strategic projects. En tant que Junior Fashion Designer, vous serez amené à développer les processus. Expérience requise: 0-5 ans. Éducation: Bac, 12 ans.","Prime performance, Voiture de fonction",363095,"Sketch, Prototyping, Adobe Photoshop, UX Research, Figma, Typography"
Content Writer,,Health & Safety,Mid,12 December 2024,22/01/2025,2025-01-22,Ventes,Ghardaïa,8-8 ans,Licence,16,Volontariat,10,"Profil recherché (EN):
Responsabilités:
- Customer Service
- Graphic Design
- Coordination
- Teamwork
Profil: Organization; Java; Machine Learning; Budgeting
Compétences: Project Mgmt, Strategic Planning
Avantages: Python, Strategic Planning, Customer Service, Communication, Coordination
","Assurance santé, Voiture de fonction, Participation bénéfices",652924,"SQL, Machine Learning, Network Security, Kubernetes, Java"
Content Writer,,Compliance,Junior,"Oct 10, 2024",18/11/2024,2024-11-18,RH,Blida,5-10 ans,Bac,12,Temps partiel,1,"As Junior Content Writer, you'll lead key projects. Expérience requise: 5-10 ans. Éducation: Bac, 12 ans. Contrat: Temps partiel. Localisation: Blida. Département: Sales.","Télétravail partiel, Participation bénéfices, Prime performance",362401,"Network Security, DevOps, Python, C++, Docker, Machine Learning"
DB Admin,,Quality Assurance,Senior,"Oct 19, 2024",22 December 2024,2024-12-22,Santé,Hybride,5-11 ans,Licence,16,Temporaire,3,"En tant que Senior DB Admin, vous serez amené à superviser les relations clients. Contrat: Temporaire. Localisation: Hybride. Département: IT. Expérience requise: 5-11 ans. Éducation: Licence, 16 ans.",,834116,"Customer Service, Office Management, Document Control, Scheduling, Data Entry"
Training Specialist,,Product,Mid,10/12/2024,2025-03-04,2025-03-04,Finance,Saïda,4-14 ans,None,0,Alternance,1,"Contrat: Alternance. Localisation: Saïda. Département: IT. Expérience requise: 4-14 ans. Éducation: None, 0 ans. En tant que Mid Training Specialist, vous serez amené à gérer l’équipe.",Ticket Restaurant,620959,"Teamwork, Problem Solving, Time Management, Critical Thinking, Communication, Adaptability"
Business Analyst,,Health & Safety,Lead,26 March 2025,27/05/2025,2025-05-27,Santé,Ghardaïa,0-4 ans,Master,18,Volontariat,1,"Contrat: Volontariat. Localisation: Ghardaïa. Département: Finance. En tant que Lead Business Analyst, vous serez amené à gérer les relations clients. Expérience requise: 0-4 ans. Éducation: Master, 18 ans.",Assurance santé,614555,"Investment Strategies, SAP, Forecasting, Accounting, Excel, Financial Analysis, Audit"
Graphic Designer,,Public Relations,Junior,19/01/2025,07/02/2025,2025-02-07,Logistique,Télétravail,4-6 ans,Licence,16,Alternance,10,"As Junior Graphic Designer, you'll manage strategic projects. Expérience requise: 4-6 ans. Éducation: Licence, 16 ans. En tant que Junior Graphic Designer, vous serez amené à coordonner les systèmes.",,837191,"Illustrator, Adobe Photoshop, Typography, Figma"
Training Specialist,,Corporate Affairs,Junior,"Apr 06, 2025",13 May 2025,2025-05-13,Ingénierie,Blida,0-1 ans,Doctorat,20,CDI,5,"Expérience requise: 0-1 ans. Éducation: Doctorat, 20 ans. Contrat: CDI. Localisation: Blida. Département: HR. En tant que Junior Training Specialist, vous serez amené à gérer les relations clients.","Participation bénéfices, Formation continue",565115,"Adaptability, Critical Thinking, Communication, Teamwork, Time Management, Problem Solving"
Bioengineer,,IT Support,Junior,2024-07-12,14/09/2024,2024-09-14,Ventes,Ghardaïa,0-2 ans,Master,18,Temps partiel,1,"Profil recherché (MIX):
Responsabilités: Strategic Planning, Budgeting
Profil: Digital Marketing, Research, Blockchain, Compliance, SEO
Compétences: Communication; Digital Marketing; Compliance; Strategic Planning
Avantages: Blockchain, Data Analysis, Strategic Planning, Python
","Assurance santé, Horaires flexibles, Formation continue",484344,"Docker, Network Security, C++, Java, DevOps, SQL, Machine Learning"
CMO,,Research & Development,Junior,12/11/2024,2024-12-20,2024-12-20,Marketing,Ghardaïa,5-7 ans,Doctorat,20,Temps partiel,10,"En tant que Junior CMO, vous serez amené à coordonner les systèmes. Contrat: Temps partiel. Localisation: Ghardaïa. Département: HR. As Junior CMO, you'll perform key projects.",Prime performance,254144,"Critical Thinking, Teamwork, Problem Solving, Adaptability, Time Management, Communication"
Training Specialist,,Quality Assurance,Lead,"May 12, 2024",05 July 2024,2024-07-05,Juridique,Béjaïa,4-14 ans,Licence,16,Stage,3,"Profil recherché (MIX):
Responsabilités:
- Project Mgmt
- Machine Learning
Profil:
- Coordination
- Network Security
- Technical Writing
- Python
Compétences: Python, Organization, Negotiation, Cloud, Data Analysis
Avantages: SEO; Communication; Compliance; Organization; Network Security
","Formation continue, Ticket Restaurant",882572,"Teamwork, Critical Thinking, Adaptability, Problem Solving"
Operations Manager,,Investor Relations,Mid,"Aug 14, 2024",06 September 2024,2024-09-06,Ventes,El Oued,7-15 ans,Doctorat,20,Freelance,3,"Expérience requise: 7-15 ans. Éducation: Doctorat, 20 ans. As Mid Operations Manager, you'll manage critical projects. En tant que Mid Operations Manager, vous serez amené à gérer l’équipe.","Assurance santé, Prime performance",586018,"Logistics, Inventory Control, Supply Chain Management, Quality Control, Process Optimization"
Content Writer,,IT Support,Chief,2024-12-26,19 January 2025,2025-01-19,Informatique,Hybride,2-5 ans,Bac,12,CDI,10,"Contrat: CDI. Localisation: Hybride. Département: HR. Expérience requise: 2-5 ans. Éducation: Bac, 12 ans. As Chief Content Writer, you'll lead strategic projects.","Assurance santé, Ticket Restaurant",800144,"Docker, DevOps, Python, SQL, Network Security"
QA Engineer,,IT Support,Mid,"Sep 26, 2024",05 October 2024,2024-10-05,Juridique,Télétravail,3-10 ans,Licence,16,CDD,10,"As Mid QA Engineer, you'll perform critical projects. En tant que Mid QA Engineer, vous serez amené à superviser l’équipe. Expérience requise: 3-10 ans. Éducation: Licence, 16 ans.","Formation continue, Assurance santé",821382,"Docker, C++, Network Security, SQL, Java, Kubernetes"
Restaurant Manager,,Health & Safety,Senior,"Apr 03, 2025",2025-05-22,2025-05-22,RH,Tlemcen,2-11 ans,Bac,12,Temporaire,5,"Expérience requise: 2-11 ans. Éducation: Bac, 12 ans. Contrat: Temporaire. Localisation: Tlemcen. Département: Sales. As Senior Restaurant Manager, you'll manage innovative projects.",Voiture de fonction,681481,"Quality Control, Process Optimization, Lean Management, Inventory Control, Logistics, Supply Chain Management"
Project Manager,,Design,Mid,2024-11-05,16 December 2024,2024-12-16,Finance,Blida,0-3 ans,Bac,12,Temporaire,2,"Profil recherché (EN):
Responsabilités: UX/UI, Leadership
Profil: Java, Network Security, Machine Learning
Compétences:
- Research
- SEO
- Coordination
- Organization
Avantages: Digital Marketing, Python, Technical Writing, Negotiation
","Horaires flexibles, Assurance santé",155686,"Inventory Control, Logistics, Lean Management, Quality Control, Supply Chain Management"
PR Officer,,Risk Management,Senior,"Oct 15, 2024",19/12/2024,2024-12-19,Santé,Alger,10-16 ans,None,0,Temps plein,5,"Profil recherché (EN):
Responsabilités: Logistics, Technical Writing, CAD, Organization, Graphic Design
Profil: SEO; Machine Learning; Negotiation
Compétences: Research; Budgeting; Technical Writing
Avantages: Graphic Design; SQL; CAD
",Participation bénéfices,933395,"Time Management, Communication, Critical Thinking, Teamwork, Problem Solving, Adaptability"
Business Analyst,,Health & Safety,Mid,"Jan 09, 2025",02 February 2025,2025-02-02,Logistique,Annaba,3-11 ans,Doctorat,20,Freelance,2,"Contrat: Freelance. Localisation: Annaba. Département: IT. As Mid Business Analyst, you'll design strategic projects. Expérience requise: 3-11 ans. Éducation: Doctorat, 20 ans.","Participation bénéfices, Prime performance",643911,"Forecasting, Excel, Risk Management, Investment Strategies"
Data Scientist,,IT Support,Lead,2025-02-15,05/05/2025,2025-05-05,Admin,Blida,5-15 ans,Licence,16,Stage,2,"En tant que Lead Data Scientist, vous serez amené à développer l’équipe. Contrat: Stage. Localisation: Blida. Département: Engineering. As Lead Data Scientist, you'll perform innovative projects.","Horaires flexibles, Télétravail partiel",451956,"Kubernetes, Network Security, Cloud Computing, Python, Docker, C++"
Civil Engineer,,Technical Support,Chief,15 July 2024,06/10/2024,2024-10-06,Informatique,Hybride,9-16 ans,None,0,CDI,2,"Profil recherché (EN):
Responsabilités:
- UX/UI
- Strategic Planning
Profil:
- Logistics
- Negotiation
- Communication
- Machine Learning
Compétences:
- CAD
- Communication
Avantages: Coordination, Digital Marketing, Teamwork, Research
",,956346,"Docker, SQL, Kubernetes, DevOps, C++, Python"
Fashion Designer,,Quality Assurance,Mid,2024-05-13,2024-07-10,2024-07-10,Finance,Oran,7-12 ans,Licence,16,CDD,3,"En tant que Mid Fashion Designer, vous serez amené à coordonner les processus. Contrat: CDD. Localisation: Oran. Département: Marketing. Expérience requise: 7-12 ans. Éducation: Licence, 16 ans.",,685864,"Adobe Photoshop, Illustrator, Typography, Sketch, UX Research"
Fashion Designer,,Product,Mid,2024-12-06,03 January 2025,2025-01-03,Ingénierie,Béjaïa,6-9 ans,Doctorat,20,Temps plein,10,"En tant que Mid Fashion Designer, vous serez amené à coordonner les processus. As Mid Fashion Designer, you'll design strategic projects. Expérience requise: 6-9 ans. Éducation: Doctorat, 20 ans.","Participation bénéfices, Assurance santé",214652,"Adobe Photoshop, Figma, Typography, Color Theory, Prototyping"
HR Coordinator,,Quality Assurance,Lead,02/12/2024,11 December 2024,2024-12-11,Informatique,Hybride,10-13 ans,Master,18,Temps partiel,1,"Profil recherché (FR):
Responsabilités:
- SEO
- Machine Learning
Profil:
- Java
- Compliance
- Cloud
- Organization
Compétences: Machine Learning; Research; Teamwork; Maintenance
Avantages:
- Research
- Graphic Design
- Negotiation
",Prime performance,328108,"Employee Relations, Performance Management, Training & Development, HRIS, Payroll"
Marketing Manager,,Product,Mid,"Nov 07, 2024",31/01/2025,2025-01-31,Informatique,Sétif,4-6 ans,Bac,12,CDD,5,"As Mid Marketing Manager, you'll perform innovative projects. Expérience requise: 4-6 ans. Éducation: Bac, 12 ans. Contrat: CDD. Localisation: Sétif. Département: Finance.","Télétravail partiel, Voiture de fonction",446120,"Google Analytics, Email Marketing, SEO, Social Media"
Event Planner,,Technical Support,Junior,"Aug 21, 2024",2024-08-28,2024-08-28,Marketing,Télétravail,8-13 ans,Master,18,Stage,3,"Expérience requise: 8-13 ans. Éducation: Master, 18 ans. Contrat: Stage. Localisation: Télétravail. Département: Legal. As Junior Event Planner, you'll perform key projects.",Formation continue,282944,"Time Management, Communication, Critical Thinking, Adaptability, Teamwork, Problem Solving"
Operations Manager,,Health & Safety,Junior,"Jan 31, 2025",2025-03-20,2025-03-20,Admin,Saïda,0-10 ans,Doctorat,20,Alternance,5,"Profil recherché (FR):
Responsabilités:
- Project Mgmt
- Negotiation
- Coordination
- Technical Writing
- Organization
Profil: Project Mgmt, Java, SQL
Compétences: Graphic Design, Compliance, Leadership, Customer Service, Communication
Avantages: Excel; Communication; Technical Writing
",,279581,"Inventory Control, Lean Management, Logistics, Process Optimization, Supply Chain Management, Quality Control"
Social Media Mgr,,Health & Safety,Chief,09 July 2024,03 October 2024,2024-10-03,Juridique,Annaba,2-4 ans,Licence,16,Temps plein,3,"En tant que Chief Social Media Mgr, vous serez amené à coordonner les processus. Expérience requise: 2-4 ans. Éducation: Licence, 16 ans. Contrat: Temps plein. Localisation: Annaba. Département: Finance.",,393343,"Email Marketing, Google Analytics, Social Media, SEO"
Chem. Engineer,,Research & Development,Chief,03/05/2024,08/06/2024,2024-06-08,Ventes,Oran,7-17 ans,None,0,Temps plein,3,"Profil recherché (MIX):
Responsabilités:
- Organization
- SEO
- UX/UI
Profil:
- Negotiation
- SQL
Compétences:
- Project Mgmt
- Graphic Design
Avantages: Java; Python
",,322116,"Docker, Network Security, Machine Learning, Cloud Computing, Kubernetes, Python"
Translator,,Technical Support,Mid,18 June 2024,2024-08-11,2024-08-11,Logistique,Tizi Ouzou,4-13 ans,None,0,Volontariat,3,"As Mid Translator, you'll lead key projects. En tant que Mid Translator, vous serez amené à gérer l’équipe. Contrat: Volontariat. Localisation: Tizi Ouzou. Département: Marketing.","Participation bénéfices, Voiture de fonction",303191,"Problem Solving, Adaptability, Critical Thinking, Time Management, Teamwork"
Financial Analyst,,Logistics,Chief,"Jun 18, 2024",2024-07-01,2024-07-01,Marketing,Tizi Ouzou,5-7 ans,Bac,12,Temporaire,3,"Profil recherché (MIX):
Responsabilités:
- Digital Marketing
- Technical Writing
Profil: Leadership, Excel, Teamwork, Digital Marketing, Data Analysis
Compétences: Teamwork, Blockchain, Logistics
Avantages: Machine Learning; Negotiation; Teamwork
",,600309,"Risk Management, Accounting, Excel, Forecasting, Audit, Financial Analysis"
Translator,,Compliance,Junior,2024-08-10,24 October 2024,2024-10-24,Informatique,Tizi Ouzou,6-14 ans,Master,18,CDI,3,"Profil recherché (FR):
Responsabilités: SQL, Project Mgmt
Profil: SQL, SEO, Network Security, Technical Writing, Graphic Design
Compétences: Compliance, Customer Service, Java, Teamwork, Maintenance
Avantages:
- CAD
- Data Analysis
- Graphic Design
- SQL
- Machine Learning
","Participation bénéfices, Formation continue",415248,"Teamwork, Communication, Adaptability, Problem Solving, Time Management"
Operations Manager,,Product,Junior,2024-09-30,20/11/2024,2024-11-20,Ventes,Ghardaïa,5-14 ans,Doctorat,20,Alternance,1,"Profil recherché (FR):
Responsabilités: Logistics; Teamwork; Excel; Communication
Profil: Machine Learning; Negotiation
Compétences:
- Customer Service
- Excel
- Digital Marketing
- Organization
- Java
Avantages:
- Machine Learning
- Communication
- Digital Marketing
","Assurance santé, Télétravail partiel, Ticket Restaurant",464250,"Lean Management, Inventory Control, Logistics, Process Optimization, Quality Control, Supply Chain Management"
Accountant,,Administration,Chief,11/11/2024,16 January 2025,2025-01-16,Admin,Constantine,10-14 ans,Doctorat,20,CDD,10,"Profil recherché (MIX):
Responsabilités:
- Project Mgmt
- Budgeting
Profil:
- Compliance
- Graphic Design
Compétences: Python, Data Analysis, Digital Marketing, Communication, CAD
Avantages: Digital Marketing; Machine Learning; Communication
","Horaires flexibles, Télétravail partiel",600738,"Audit, Financial Analysis, Forecasting, Accounting, Excel"
Digital Marketer,,Compliance,Mid,2024-07-14,25/09/2024,2024-09-25,Finance,Hybride,7-8 ans,Bac,12,Freelance,1,"Contrat: Freelance. Localisation: Hybride. Département: Sales. As Mid Digital Marketer, you'll manage innovative projects. En tant que Mid Digital Marketer, vous serez amené à coordonner les systèmes.",,728744,"Machine Learning, DevOps, Cloud Computing, Java, Kubernetes"
CMO,,Administration,Mid,"Oct 17, 2024",2025-01-01,2025-01-01,Juridique,Oran,7-7 ans,None,0,Temps partiel,2,"En tant que Mid CMO, vous serez amené à superviser les relations clients. As Mid CMO, you'll manage key projects. Expérience requise: 7-7 ans. Éducation: None, 0 ans.",Horaires flexibles,151404,"Adaptability, Problem Solving, Critical Thinking, Teamwork"
Blockchain Dev,,Data Science,Junior,"Dec 26, 2024",31/01/2025,2025-01-31,Ventes,Sétif,6-7 ans,Licence,16,Stage,2,"Profil recherché (EN):
Responsabilités: Project Mgmt, SEO, Data Analysis, Blockchain, Communication
Profil: Negotiation; Data Analysis
Compétences: Teamwork; Graphic Design; SQL; Compliance; Leadership
Avantages: Leadership, CAD, Project Mgmt, Graphic Design
",,233616,"Adaptability, Teamwork, Critical Thinking, Communication, Problem Solving, Time Management"
Exec. Assistant,,Product,Senior,05 May 2024,25 May 2024,2024-05-25,Santé,Blida,3-5 ans,Doctorat,20,Freelance,3,"Expérience requise: 3-5 ans. Éducation: Doctorat, 20 ans. As Senior Exec. Assistant, you'll lead key projects. En tant que Senior Exec. Assistant, vous serez amené à gérer les processus.","Prime performance, Voiture de fonction",211889,"Scheduling, Document Control, Customer Service, Office Management, Data Entry"
Network Admin,,Customer Success,Chief,12/01/2025,14 March 2025,2025-03-14,Informatique,Ghardaïa,5-6 ans,Master,18,Temps partiel,3,"En tant que Chief Network Admin, vous serez amené à coordonner les processus. As Chief Network Admin, you'll design innovative projects. Contrat: Temps partiel. Localisation: Ghardaïa. Département: Marketing.","Prime performance, Horaires flexibles, Assurance santé",767603,"Python, Java, C++, Cloud Computing, DevOps, Kubernetes"
Blockchain Dev,,Product,Senior,2024-06-26,2024-09-06,2024-09-06,Finance,Sétif,7-11 ans,Licence,16,Temporaire,3,"Profil recherché (MIX):
Responsabilités: Budgeting; SQL; Network Security
Profil: SEO, Communication, Excel
Compétences:
- Technical Writing
- Coordination
- Blockchain
- Machine Learning
Avantages:
- CAD
- Leadership
- Project Mgmt
",Horaires flexibles,353710,"Communication, Adaptability, Problem Solving, Time Management, Critical Thinking"
AI Ethics Consultant,,Technical Support,Mid,11/05/2024,01/07/2024,2024-07-01,Santé,Annaba,2-8 ans,Master,18,Temps partiel,10,"Profil recherché (EN):
Responsabilités: Negotiation, Data Analysis, Communication, Excel, Organization
Profil: Project Mgmt, SQL
Compétences:
- Budgeting
- Strategic Planning
- Research
Avantages:
- Coordination
- Organization
- Java
","Voiture de fonction, Formation continue, Assurance santé",407512,"Adaptability, Critical Thinking, Communication, Teamwork, Problem Solving, Time Management"
SEO Specialist,,Technical Support,Junior,22 December 2024,2025-01-31,2025-01-31,Ingénierie,Hybride,8-12 ans,Bac,12,Temps plein,5,"Profil recherché (FR):
Responsabilités: Budgeting, Project Mgmt, Technical Writing, Compliance
Profil: SEO, Digital Marketing
Compétences: SQL, Python, Strategic Planning, Organization
Avantages: UX/UI, Communication
",Ticket Restaurant,430743,"Email Marketing, Google Analytics, Public Relations, Social Media, Brand Management, Content Strategy, Campaign Planning"
Legal Advisor,,IT Support,Junior,28/05/2024,27/06/2024,2024-06-27,Juridique,Tlemcen,3-3 ans,Licence,16,CDD,10,"En tant que Junior Legal Advisor, vous serez amené à gérer les systèmes. As Junior Legal Advisor, you'll perform critical projects. Expérience requise: 3-3 ans. Éducation: Licence, 16 ans.",,847591,"Contract Drafting, Regulatory Affairs, Compliance, Litigation Support, Legal Research, Negotiation"
DB Admin,,Business Development,Mid,"May 25, 2024",04 June 2024,2024-06-04,Ingénierie,Alger,10-13 ans,None,0,CDI,2,"Profil recherché (FR):
Responsabilités: Data Analysis, Leadership
Profil: Leadership; Maintenance; Compliance; Cloud
Compétences: Research, Java
Avantages:
- UX/UI
- SEO
- Cloud
- Blockchain
- Strategic Planning
",Participation bénéfices,670609,"Scheduling, Customer Service, Office Management, Data Entry, Document Control"
Exec. Assistant,,Procurement,Senior,18 February 2025,17 April 2025,2025-04-17,Ingénierie,Constantine,0-3 ans,None,0,CDD,5,"Profil recherché (MIX):
Responsabilités:
- Network Security
- Logistics
- Communication
- Digital Marketing
- SQL
Profil:
- UX/UI
- Research
- Organization
- Compliance
Compétences: Compliance, Coordination, Research, UX/UI
Avantages: Logistics, Project Mgmt, Data Analysis, Blockchain
",,365510,"Data Entry, Scheduling, Customer Service, Document Control, Office Management"
UX Designer,,Public Relations,Chief,02/02/2025,20/04/2025,2025-04-20,Ingénierie,El Oued,5-11 ans,Licence,16,Volontariat,10,"Expérience requise: 5-11 ans. Éducation: Licence, 16 ans. As Chief UX Designer, you'll manage innovative projects. Contrat: Volontariat. Localisation: El Oued. Département: Finance.",Voiture de fonction,497922,"Illustrator, UX Research, Prototyping, Typography, Adobe Photoshop, Color Theory, Sketch"
Security Officer,,Training,Chief,02 August 2024,24/09/2024,2024-09-24,Santé,Tlemcen,2-11 ans,Bac,12,Temporaire,2,"Profil recherché (MIX):
Responsabilités: Negotiation; SQL; Cloud
Profil:
- Data Analysis
- Communication
- UX/UI
Compétences:
- Graphic Design
- Blockchain
- Project Mgmt
Avantages: Cloud; Organization
",Voiture de fonction,575277,"Cloud Computing, Network Security, SQL, C++, Docker"
Business Analyst,,Public Relations,Junior,"Apr 30, 2024",05/07/2024,2024-07-05,Admin,Oran,4-10 ans,None,0,Temps partiel,2,"Profil recherché (FR):
Responsabilités:
- Strategic Planning
- Compliance
- Budgeting
- Technical Writing
- Machine Learning
Profil: Leadership; Compliance; SQL; Python
Compétences: Cloud, Leadership
Avantages: Strategic Planning; UX/UI
","Voiture de fonction, Participation bénéfices",529513,"SAP, Financial Analysis, Investment Strategies, Risk Management, Forecasting, Accounting"
CTO,,Corporate Affairs,Lead,04/11/2024,2025-01-11,2025-01-11,Ingénierie,Tizi Ouzou,0-3 ans,Master,18,Stage,3,"Profil recherché (FR):
Responsabilités:
- Coordination
- Customer Service
- Java
Profil: Excel; Graphic Design; SQL; Network Security; Maintenance
Compétences:
- Graphic Design
- Leadership
Avantages: Python, UX/UI, Digital Marketing, SEO, Network Security
",Télétravail partiel,296842,"Communication, Adaptability, Problem Solving, Time Management, Teamwork, Critical Thinking"
QA Engineer,,Procurement,Junior,07/05/2024,22/05/2024,2024-05-22,Informatique,Saïda,6-16 ans,None,0,Stage,5,"Contrat: Stage. Localisation: Saïda. Département: Engineering. As Junior QA Engineer, you'll perform critical projects. En tant que Junior QA Engineer, vous serez amené à gérer l’équipe.","Voiture de fonction, Ticket Restaurant, Assurance santé",549611,"SQL, Kubernetes, Python, Docker, Network Security, DevOps"
Marketing Manager,,Data Science,Mid,05 September 2024,17 November 2024,2024-11-17,Ingénierie,Blida,3-6 ans,None,0,Temps partiel,1,"Profil recherché (FR):
Responsabilités: Research; Compliance; SEO; Network Security; Organization
Profil: Compliance, Customer Service
Compétences:
- Cloud
- Blockchain
- Communication
- Coordination
Avantages: Blockchain, Python, Budgeting, Logistics, SQL
",,411042,"Campaign Planning, Google Analytics, Content Strategy, Public Relations, Brand Management, Email Marketing"
Operations Manager,,Research & Development,Senior,29/09/2024,18/12/2024,2024-12-18,Santé,Béjaïa,5-7 ans,Doctorat,20,Temporaire,1,"Profil recherché (FR):
Responsabilités: SQL; Negotiation
Profil: Negotiation, Excel
Compétences:
- Python
- Strategic Planning
Avantages: Teamwork; Python; UX/UI; Digital Marketing; SEO
","Voiture de fonction, Formation continue, Assurance santé",393730,"Supply Chain Management, Logistics, Quality Control, Lean Management"
Project Manager,,Quality Assurance,Lead,2024-08-24,2024-10-06,2024-10-06,RH,Télétravail,8-9 ans,Bac,12,CDD,2,"Profil recherché (FR):
Responsabilités: Excel; Coordination; Java; Machine Learning; Compliance
Profil: Compliance; Machine Learning
Compétences: UX/UI; Java
Avantages:
- Strategic Planning
- Technical Writing
",Télétravail partiel,549194,"Inventory Control, Supply Chain Management, Lean Management, Logistics, Quality Control"
CTO,,Administration,Senior,04 January 2025,20 January 2025,2025-01-20,Ventes,Ghardaïa,1-9 ans,Bac,12,CDI,1,"Profil recherché (EN):
Responsabilités: Research; Teamwork
Profil: Machine Learning; Network Security; Graphic Design
Compétences: Logistics; SEO
Avantages: Network Security; Teamwork; Excel; Machine Learning
","Participation bénéfices, Voiture de fonction, Horaires flexibles",609571,"Teamwork, Adaptability, Communication, Problem Solving, Critical Thinking, Time Management"
Researcher,,IT Support,Lead,04 March 2025,29/03/2025,2025-03-29,Juridique,Sétif,6-6 ans,Master,18,Temps plein,5,"Expérience requise: 6-6 ans. Éducation: Master, 18 ans. Contrat: Temps plein. Localisation: Sétif. Département: HR. En tant que Lead Researcher, vous serez amené à développer les systèmes.","Voiture de fonction, Ticket Restaurant",197502,"Medical Terminology, Patient Care, Pharmacovigilance, HIPAA Compliance, Clinical Trials"
Data Engineer,,Research & Development,Junior,2024-07-19,28/07/2024,2024-07-28,Informatique,El Oued,1-3 ans,Master,18,Temporaire,1,"En tant que Junior Data Engineer, vous serez amené à gérer les processus. As Junior Data Engineer, you'll lead critical projects. Expérience requise: 1-3 ans. Éducation: Master, 18 ans.","Formation continue, Participation bénéfices, Télétravail partiel",770808,"Kubernetes, Docker, C++, Network Security, SQL, DevOps"
Financial Analyst,,Administration,Junior,11/09/2024,22/11/2024,2024-11-22,Admin,El Oued,8-14 ans,None,0,Stage,5,"Expérience requise: 8-14 ans. Éducation: None, 0 ans. En tant que Junior Financial Analyst, vous serez amené à gérer les relations clients. Contrat: Stage. Localisation: El Oued. Département: Legal.","Participation bénéfices, Prime performance, Horaires flexibles",368721,"Investment Strategies, Accounting, Audit, SAP, Forecasting, Risk Management"
QA Engineer,,Training,Chief,06 August 2024,28/08/2024,2024-08-28,RH,Saïda,9-13 ans,None,0,Alternance,10,"En tant que Chief QA Engineer, vous serez amené à gérer les relations clients. Expérience requise: 9-13 ans. Éducation: None, 0 ans. Contrat: Alternance. Localisation: Saïda. Département: Legal.","Voiture de fonction, Participation bénéfices",811357,"SQL, Kubernetes, Java, Cloud Computing"
Project Manager,,Logistics,Chief,2024-06-19,2024-07-12,2024-07-12,Ingénierie,Saïda,5-14 ans,Master,18,Temps plein,5,"Profil recherché (MIX):
Responsabilités:
- Excel
- Project Mgmt
- Blockchain
Profil: CAD; Strategic Planning; Python; Customer Service; SEO
Compétences: Compliance; Graphic Design; CAD; Teamwork
Avantages: Negotiation, Budgeting
","Formation continue, Horaires flexibles, Télétravail partiel",871953,"Logistics, Inventory Control, Quality Control, Lean Management, Process Optimization, Supply Chain Management"
Legal Advisor,,Strategy,Mid,19 June 2024,21/07/2024,2024-07-21,RH,Hybride,3-8 ans,None,0,CDI,2,"Expérience requise: 3-8 ans. Éducation: None, 0 ans. Contrat: CDI. Localisation: Hybride. Département: Legal. En tant que Mid Legal Advisor, vous serez amené à superviser les systèmes.",,582996,"Negotiation, Regulatory Affairs, Compliance, Litigation Support, Contract Drafting, Legal Research"
Tech Writer,,Logistics,Mid,21/07/2024,10 October 2024,2024-10-10,Finance,Télétravail,3-9 ans,Bac,12,CDI,10,"As Mid Tech Writer, you'll design innovative projects. Expérience requise: 3-9 ans. Éducation: Bac, 12 ans. En tant que Mid Tech Writer, vous serez amené à développer les systèmes.","Formation continue, Participation bénéfices",686855,"Kubernetes, Java, C++, Python, SQL, Network Security"
Security Officer,,Logistics,Chief,29 November 2024,2025-02-17,2025-02-17,Logistique,Annaba,10-20 ans,Bac,12,CDI,3,"Profil recherché (FR):
Responsabilités: Organization; Research; Customer Service
Profil:
- Python
- Logistics
- Project Mgmt
Compétences: SQL; Customer Service; Technical Writing; Strategic Planning; SEO
Avantages: SEO; Cloud
",,812357,"Java, DevOps, Network Security, SQL, Kubernetes, Cloud Computing, C++"
PR Officer,,Compliance,Senior,2025-02-15,26 March 2025,2025-03-26,Finance,Constantine,0-3 ans,None,0,Stage,3,"Expérience requise: 0-3 ans. Éducation: None, 0 ans. As Senior PR Officer, you'll design key projects. En tant que Senior PR Officer, vous serez amené à coordonner les processus.",Prime performance,240341,"Adaptability, Time Management, Problem Solving, Communication, Critical Thinking, Teamwork"
Financial Analyst,,Design,Senior,29/10/2024,15 November 2024,2024-11-15,Santé,Oran,10-19 ans,Doctorat,20,CDI,5,"Profil recherché (FR):
Responsabilités:
- Budgeting
- Digital Marketing
- Leadership
Profil:
- Customer Service
- Network Security
- Machine Learning
Compétences:
- Technical Writing
- Excel
Avantages:
- Customer Service
- Cloud
- Logistics
- Python
- Java
","Formation continue, Participation bénéfices",461110,"Excel, Budgeting, Financial Analysis, Forecasting, Investment Strategies, Audit, Accounting"
Volunteer Coord.,,Research & Development,Junior,2024-08-21,12 November 2024,2024-11-12,Ventes,Oran,10-17 ans,None,0,Temps plein,10,"Profil recherché (MIX):
Responsabilités: Maintenance; Machine Learning; Technical Writing
Profil: Python, SEO, Compliance, Strategic Planning
Compétences:
- Network Security
- Digital Marketing
- Python
Avantages:
- Research
- Cloud
- Strategic Planning
",Prime performance,517774,"Problem Solving, Time Management, Communication, Critical Thinking, Teamwork, Adaptability"
Data Scientist,,Administration,Senior,07 November 2024,2025-01-05,2025-01-05,Logistique,Télétravail,0-2 ans,Master,18,Volontariat,5,"Contrat: Volontariat. Localisation: Télétravail. Département: Operations. As Senior Data Scientist, you'll design key projects. Expérience requise: 0-2 ans. Éducation: Master, 18 ans.",Horaires flexibles,186490,"C++, Cloud Computing, Kubernetes, Docker, DevOps, Python"
Customer Service Agent,,Investor Relations,Chief,12/03/2025,07/06/2025,2025-06-07,Ingénierie,Hybride,0-5 ans,Licence,16,CDI,10,"Profil recherché (EN):
Responsabilités: Machine Learning, Digital Marketing, Data Analysis
Profil: CAD, Teamwork
Compétences: SEO; UX/UI; Customer Service; CAD
Avantages:
- Customer Service
- Data Analysis
- Teamwork
- Cloud
- Machine Learning
","Formation continue, Prime performance, Horaires flexibles",348800,"Customer Service, Document Control, Office Management, Scheduling, Data Entry"
Content Writer,,Product,Chief,31/10/2024,2024-11-27,2024-11-27,Ingénierie,El Oued,0-10 ans,Master,18,Temporaire,1,"As Chief Content Writer, you'll lead critical projects. Contrat: Temporaire. Localisation: El Oued. Département: Marketing. En tant que Chief Content Writer, vous serez amené à gérer les relations clients.","Télétravail partiel, Formation continue",435285,"Cloud Computing, Network Security, Java, Python, C++, Machine Learning, DevOps"
QA Engineer,,Procurement,Junior,"Jun 06, 2024",29 August 2024,2024-08-29,Ventes,Hybride,6-7 ans,Bac,12,Temps plein,10,"As Junior QA Engineer, you'll manage critical projects. Contrat: Temps plein. Localisation: Hybride. Département: Legal. En tant que Junior QA Engineer, vous serez amené à superviser l’équipe.","Prime performance, Télétravail partiel",362030,"C++, Kubernetes, DevOps, Java, Cloud Computing, Network Security"
SEO Specialist,,Health & Safety,Junior,27 August 2024,11/09/2024,2024-09-11,Ingénierie,Oran,6-8 ans,Master,18,Temps partiel,5,"Profil recherché (FR):
Responsabilités:
- Strategic Planning
- SQL
- Maintenance
Profil: Blockchain, SEO, Machine Learning
Compétences:
- Logistics
- Digital Marketing
- UX/UI
- Compliance
- Data Analysis
Avantages: Leadership; Technical Writing; Strategic Planning; Compliance; Java
","Assurance santé, Horaires flexibles",308528,"Email Marketing, Brand Management, SEO, Campaign Planning"
IT Intern,,Corporate Affairs,Lead,11/07/2024,03 August 2024,2024-08-03,Admin,Constantine,5-10 ans,None,0,Stage,2,"Profil recherché (EN):
Responsabilités: Communication; Compliance
Profil: Communication, Graphic Design, Technical Writing, UX/UI, Project Mgmt
Compétences: Coordination; Communication; Compliance; Negotiation; Budgeting
Avantages: Negotiation; Python; Maintenance; Research; Excel
",Prime performance,607990,"Python, Machine Learning, C++, Java"
Training Specialist,,Health & Safety,Senior,18 March 2025,10 April 2025,2025-04-10,Ingénierie,Béjaïa,5-12 ans,Licence,16,CDI,2,"Expérience requise: 5-12 ans. Éducation: Licence, 16 ans. En tant que Senior Training Specialist, vous serez amené à superviser les processus. Contrat: CDI. Localisation: Béjaïa. Département: Operations.","Prime performance, Voiture de fonction",456533,"Adaptability, Problem Solving, Teamwork, Communication, Time Management"
Operations Manager,,Strategy,Mid,"May 04, 2024",29 June 2024,2024-06-29,Admin,Ghardaïa,8-14 ans,Licence,16,Temps partiel,1,"En tant que Mid Operations Manager, vous serez amené à coordonner les relations clients. Contrat: Temps partiel. Localisation: Ghardaïa. Département: Operations. Expérience requise: 8-14 ans. Éducation: Licence, 16 ans.","Voiture de fonction, Ticket Restaurant",384980,"Logistics, Inventory Control, Supply Chain Management, Quality Control, Lean Management, Process Optimization"
PR Officer,,Corporate Affairs,Chief,"Dec 27, 2024",09/03/2025,2025-03-09,Ingénierie,Ghardaïa,0-0 ans,Licence,16,Stage,3,"As Chief PR Officer, you'll perform critical projects. En tant que Chief PR Officer, vous serez amené à gérer les processus. Contrat: Stage. Localisation: Ghardaïa. Département: Legal.",,400420,"Time Management, Critical Thinking, Teamwork, Adaptability"
SEO Specialist,,Design,Lead,28/02/2025,29 March 2025,2025-03-29,Juridique,Oran,6-8 ans,Licence,16,Temps plein,2,"Profil recherché (EN):
Responsabilités:
- Blockchain
- Strategic Planning
- Data Analysis
Profil: SQL; UX/UI
Compétences: Coordination; SEO
Avantages: CAD; Logistics; Strategic Planning; Communication; Python
","Participation bénéfices, Horaires flexibles, Ticket Restaurant",411997,"SEO, Public Relations, Google Analytics, Brand Management, Campaign Planning, Content Strategy"
Network Admin,,Quality Assurance,Lead,02 December 2024,2025-01-14,2025-01-14,Logistique,Constantine,4-5 ans,Bac,12,Freelance,10,"Contrat: Freelance. Localisation: Constantine. Département: Marketing. En tant que Lead Network Admin, vous serez amené à gérer l’équipe. As Lead Network Admin, you'll lead innovative projects.",Prime performance,587360,"Docker, Java, Network Security, DevOps, Cloud Computing"
App Developer,,Procurement,Lead,21 May 2024,28/05/2024,2024-05-28,Santé,El Oued,3-9 ans,Licence,16,Temps partiel,2,"Profil recherché (MIX):
Responsabilités: Digital Marketing; Logistics; SQL
Profil: Organization; Strategic Planning
Compétences: Project Mgmt; Maintenance
Avantages:
- Cloud
- Blockchain
- Coordination
- Research
","Formation continue, Assurance santé, Télétravail partiel",677911,"DevOps, Docker, Kubernetes, Python, Network Security, SQL"
PR Officer,,Compliance,Senior,27/10/2024,27/12/2024,2024-12-27,Santé,Télétravail,9-11 ans,Bac,12,Temporaire,1,"Expérience requise: 9-11 ans. Éducation: Bac, 12 ans. As Senior PR Officer, you'll lead strategic projects. En tant que Senior PR Officer, vous serez amené à gérer les relations clients.",Télétravail partiel,710720,"Critical Thinking, Adaptability, Time Management, Teamwork, Problem Solving, Communication"
Business Analyst,,Customer Success,Lead,2024-07-31,2024-09-08,2024-09-08,Marketing,Tlemcen,2-9 ans,Bac,12,Stage,5,"As Lead Business Analyst, you'll design key projects. Expérience requise: 2-9 ans. Éducation: Bac, 12 ans. En tant que Lead Business Analyst, vous serez amené à superviser les relations clients.",Voiture de fonction,409616,"Budgeting, Risk Management, Accounting, Excel, Financial Analysis, SAP, Forecasting"
UX Designer,,Compliance,Mid,13/04/2025,05 May 2025,2025-05-05,Juridique,Ghardaïa,9-19 ans,Doctorat,20,Stage,3,"Profil recherché (EN):
Responsabilités: Logistics, Blockchain, Machine Learning, Data Analysis, SQL
Profil: Project Mgmt, Data Analysis
Compétences: Organization; CAD; SEO; Compliance
Avantages:
- Technical Writing
- Cloud
- Maintenance
- Coordination
- Logistics
","Voiture de fonction, Télétravail partiel, Ticket Restaurant",301123,"Figma, Illustrator, Typography, Sketch, Prototyping, Adobe Photoshop"
Legal Advisor,,Procurement,Mid,15/02/2025,2025-02-24,2025-02-24,Santé,Ghardaïa,2-9 ans,Doctorat,20,Alternance,1,"As Mid Legal Advisor, you'll lead strategic projects. Expérience requise: 2-9 ans. Éducation: Doctorat, 20 ans. Contrat: Alternance. Localisation: Ghardaïa. Département: HR.","Participation bénéfices, Ticket Restaurant",282931,"Legal Research, Litigation Support, Contract Drafting, Regulatory Affairs"
Bioengineer,,Business Development,Chief,2024-10-13,23 November 2024,2024-11-23,Ventes,Télétravail,4-5 ans,Licence,16,Freelance,5,"As Chief Bioengineer, you'll lead key projects. En tant que Chief Bioengineer, vous serez amené à développer l’équipe. Contrat: Freelance. Localisation: Télétravail. Département: Engineering.","Participation bénéfices, Prime performance",426626,"Kubernetes, DevOps, Java, Network Security, Machine Learning, SQL"
Product Manager,,Risk Management,Chief,"Dec 19, 2024",2025-02-03,2025-02-03,Santé,Hybride,6-15 ans,Master,18,Alternance,10,"En tant que Chief Product Manager, vous serez amené à superviser l’équipe. Contrat: Alternance. Localisation: Hybride. Département: HR. As Chief Product Manager, you'll manage strategic projects.","Horaires flexibles, Assurance santé",304404,"Logistics, Process Optimization, Supply Chain Management, Inventory Control"
QA Engineer,,Risk Management,Junior,2024-05-23,20/08/2024,2024-08-20,Marketing,El Oued,9-18 ans,Bac,12,Alternance,3,"En tant que Junior QA Engineer, vous serez amené à gérer les relations clients. Contrat: Alternance. Localisation: El Oued. Département: Operations. Expérience requise: 9-18 ans. Éducation: Bac, 12 ans.",Ticket Restaurant,640796,"Network Security, Python, Docker, Kubernetes, DevOps, Cloud Computing, Machine Learning"
Chem. Engineer,,Training,Lead,29/07/2024,2024-09-26,2024-09-26,Finance,Tlemcen,9-12 ans,Bac,12,CDI,1,"Profil recherché (EN):
Responsabilités: Blockchain; Teamwork; Project Mgmt; Negotiation; Python
Profil: Coordination; Network Security; Graphic Design; Organization; CAD
Compétences:
- Negotiation
- Strategic Planning
Avantages: Excel; UX/UI; Data Analysis
",Formation continue,946589,"Kubernetes, C++, Java, SQL, Network Security"
App Developer,,Design,Lead,07 May 2024,2024-05-26,2024-05-26,Ingénierie,Tizi Ouzou,8-10 ans,Bac,12,Freelance,10,"Contrat: Freelance. Localisation: Tizi Ouzou. Département: Marketing. En tant que Lead App Developer, vous serez amené à gérer les relations clients. Expérience requise: 8-10 ans. Éducation: Bac, 12 ans.",,914918,"Java, SQL, DevOps, C++"
HR Coordinator,,Procurement,Senior,"Apr 06, 2025",2025-04-16,2025-04-16,Finance,Sétif,3-3 ans,Bac,12,Freelance,2,"Profil recherché (FR):
Responsabilités: Research; Organization; UX/UI; CAD
Profil: Organization, Communication, Python, CAD, Excel
Compétences: Graphic Design; SQL; Customer Service; Blockchain
Avantages: Excel; CAD; Strategic Planning; Negotiation
","Voiture de fonction, Participation bénéfices",159763,"Recruitment, Employee Relations, Payroll, Onboarding, HRIS, Performance Management"
Risk Manager,,Business Development,Senior,02/03/2025,03/04/2025,2025-04-03,Admin,El Oued,7-14 ans,Doctorat,20,Temps plein,5,"En tant que Senior Risk Manager, vous serez amené à développer l’équipe. Expérience requise: 7-14 ans. Éducation: Doctorat, 20 ans. Contrat: Temps plein. Localisation: El Oued. Département: HR.","Assurance santé, Ticket Restaurant",263384,"Logistics, Lean Management, Supply Chain Management, Quality Control, Inventory Control"
CMO,,Training,Mid,30 April 2024,2024-07-15,2024-07-15,Finance,Saïda,7-8 ans,Master,18,Volontariat,3,"As Mid CMO, you'll lead innovative projects. Contrat: Volontariat. Localisation: Saïda. Département: Engineering. Expérience requise: 7-8 ans. Éducation: Master, 18 ans.",,269573,"Teamwork, Time Management, Communication, Problem Solving, Critical Thinking, Adaptability"
Volunteer Coord.,,Research & Development,Mid,29 May 2024,20/08/2024,2024-08-20,Ventes,Sétif,8-9 ans,Bac,12,Temps partiel,10,"As Mid Volunteer Coord., you'll manage critical projects. En tant que Mid Volunteer Coord., vous serez amené à coordonner les processus. Contrat: Temps partiel. Localisation: Sétif. Département: Finance.",Participation bénéfices,204614,"Adaptability, Critical Thinking, Problem Solving, Time Management, Teamwork, Communication"
UX Designer,,Technical Support,Mid,30/09/2024,25 October 2024,2024-10-25,Santé,Ghardaïa,4-11 ans,Bac,12,Temps plein,5,"Profil recherché (FR):
Responsabilités: Project Mgmt, Network Security, Compliance, Strategic Planning
Profil: Budgeting; Maintenance; Machine Learning
Compétences: SQL; Digital Marketing; SEO; Python; Organization
Avantages:
- Blockchain
- Project Mgmt
","Horaires flexibles, Voiture de fonction, Télétravail partiel",335148,"Sketch, Illustrator, Prototyping, UX Research, Adobe Photoshop, Typography, Color Theory"
AI Ethics Consultant,,Public Relations,Senior,"Dec 14, 2024",25/01/2025,2025-01-25,Ingénierie,Saïda,0-0 ans,None,0,CDD,5,"Contrat: CDD. Localisation: Saïda. Département: Finance. En tant que Senior AI Ethics Consultant, vous serez amené à développer les processus. Expérience requise: 0-0 ans. Éducation: None, 0 ans.",,930892,"Time Management, Communication, Teamwork, Problem Solving, Adaptability, Critical Thinking"
Marketing Manager,,Design,Chief,"Nov 15, 2024",08 February 2025,2025-02-08,Admin,Télétravail,1-7 ans,Doctorat,20,Freelance,10,"Expérience requise: 1-7 ans. Éducation: Doctorat, 20 ans. Contrat: Freelance. Localisation: Télétravail. Département: Finance. As Chief Marketing Manager, you'll manage key projects.","Prime performance, Assurance santé, Participation bénéfices",385291,"SEO, Content Strategy, Email Marketing, Campaign Planning, Public Relations"
Business Analyst,,Compliance,Chief,"Jul 01, 2024",27 September 2024,2024-09-27,Juridique,Béjaïa,7-9 ans,None,0,CDD,10,"Contrat: CDD. Localisation: Béjaïa. Département: IT. En tant que Chief Business Analyst, vous serez amené à coordonner les systèmes. As Chief Business Analyst, you'll lead key projects.",Formation continue,890933,"Excel, Financial Analysis, Budgeting, Forecasting, Audit, Accounting"
App Developer,,Research & Development,Chief,03/09/2024,2024-10-21,2024-10-21,Logistique,Sétif,9-14 ans,Bac,12,Freelance,5,"Profil recherché (FR):
Responsabilités: Blockchain, Teamwork, Budgeting, SEO
Profil: Graphic Design, Java, Strategic Planning
Compétences: SQL, Strategic Planning, Java, Customer Service, Graphic Design
Avantages: Coordination, Machine Learning, Technical Writing
",Télétravail partiel,986470,"Kubernetes, Python, Java, DevOps, Docker, Cloud Computing"
PR Officer,,Corporate Affairs,Junior,04/06/2024,20/08/2024,2024-08-20,Ingénierie,Oran,6-16 ans,Bac,12,Stage,3,"Profil recherché (EN):
Responsabilités:
- Machine Learning
- Cloud
Profil: Budgeting, Data Analysis, Leadership, Java
Compétences: Customer Service; Excel; Logistics
Avantages:
- Project Mgmt
- Maintenance
- Teamwork
- SEO
- Java
","Formation continue, Télétravail partiel",231643,"Critical Thinking, Adaptability, Communication, Teamwork, Time Management, Problem Solving"
Volunteer Coord.,,IT Support,Chief,24/07/2024,19 August 2024,2024-08-19,RH,Alger,8-14 ans,Doctorat,20,Temps plein,2,"Contrat: Temps plein. Localisation: Alger. Département: IT. En tant que Chief Volunteer Coord., vous serez amené à développer les processus. As Chief Volunteer Coord., you'll lead strategic projects.","Horaires flexibles, Prime performance",227239,"Problem Solving, Communication, Teamwork, Time Management, Adaptability"
Data Scientist,,Risk Management,Junior,"Jan 12, 2025",2025-02-08,2025-02-08,Ventes,Oran,9-11 ans,Bac,12,Temporaire,5,"Profil recherché (FR):
Responsabilités:
- Technical Writing
- Graphic Design
Profil: Teamwork; Customer Service
Compétences:
- Negotiation
- Maintenance
- Java
- Strategic Planning
- SEO
Avantages:
- Logistics
- Research
- Coordination
- Negotiation
","Prime performance, Formation continue, Voiture de fonction",691680,"C++, Machine Learning, Kubernetes, SQL, Network Security, Docker, Cloud Computing"
Data Engineer,,Public Relations,Chief,2024-09-27,2024-10-16,2024-10-16,Admin,Sétif,3-12 ans,None,0,Freelance,5,"En tant que Chief Data Engineer, vous serez amené à gérer les processus. Expérience requise: 3-12 ans. Éducation: None, 0 ans. Contrat: Freelance. Localisation: Sétif. Département: Marketing.",Télétravail partiel,186641,"Cloud Computing, Docker, Python, Kubernetes, Java"
Social Media Mgr,,Data Science,Chief,29/05/2024,2024-08-22,2024-08-22,RH,Blida,2-9 ans,None,0,Volontariat,5,"Profil recherché (FR):
Responsabilités:
- Coordination
- Machine Learning
- SQL
- Network Security
- CAD
Profil: Organization, Cloud
Compétences: Machine Learning, Technical Writing, SQL, Blockchain, Maintenance
Avantages:
- Teamwork
- SEO
- SQL
",,428784,"Brand Management, Email Marketing, Content Strategy, Campaign Planning, SEO, Google Analytics"
PR Officer,,Design,Junior,"Feb 03, 2025",2025-04-17,2025-04-17,Ingénierie,Oran,6-10 ans,Master,18,Volontariat,3,"Contrat: Volontariat. Localisation: Oran. Département: Operations. Expérience requise: 6-10 ans. Éducation: Master, 18 ans. En tant que Junior PR Officer, vous serez amené à gérer les relations clients.","Voiture de fonction, Participation bénéfices, Formation continue",218450,"Critical Thinking, Adaptability, Teamwork, Time Management, Problem Solving, Communication"
Legal Advisor,,Quality Assurance,Mid,"Nov 18, 2024",10/01/2025,2025-01-10,Finance,Oran,6-12 ans,Master,18,Alternance,2,"Profil recherché (FR):
Responsabilités: Research; Strategic Planning
Profil:
- Network Security
- Budgeting
- Teamwork
Compétences:
- Organization
- Budgeting
Avantages: Logistics, Digital Marketing, Maintenance
",Assurance santé,483734,"Compliance, Regulatory Affairs, Litigation Support, Negotiation, Legal Research, Contract Drafting"
Cloud Architect,,Product,Junior,10/02/2025,09 May 2025,2025-05-09,Santé,Constantine,5-9 ans,None,0,Temps plein,5,"Profil recherché (MIX):
Responsabilités: UX/UI; Communication; Java; Excel
Profil: Communication, Technical Writing, Coordination
Compétences: Blockchain; Customer Service; Leadership; CAD
Avantages:
- Organization
- Technical Writing
- Negotiation
- Project Mgmt
- Digital Marketing
","Ticket Restaurant, Prime performance, Horaires flexibles",416541,"Docker, Network Security, SQL, Java, Kubernetes"
CTO,,Research & Development,Mid,"Sep 26, 2024",27/10/2024,2024-10-27,Logistique,Télétravail,3-7 ans,Bac,12,Stage,5,"Profil recherché (FR):
Responsabilités: Research, Compliance
Profil: Excel; UX/UI; Negotiation
Compétences: Cloud, Logistics, Digital Marketing, UX/UI, Machine Learning
Avantages: Cloud; Network Security; Organization; Strategic Planning; Machine Learning
",,218393,"Time Management, Adaptability, Problem Solving, Communication, Teamwork, Critical Thinking"
Cloud Architect,,Risk Management,Junior,24 March 2025,27 April 2025,2025-04-27,Ingénierie,Béjaïa,2-8 ans,Licence,16,Alternance,2,"En tant que Junior Cloud Architect, vous serez amené à superviser les systèmes. Contrat: Alternance. Localisation: Béjaïa. Département: Sales. Expérience requise: 2-8 ans. Éducation: Licence, 16 ans.",Horaires flexibles,647903,"Java, SQL, C++, Docker, Python, Machine Learning"
SEO Specialist,,Logistics,Junior,2024-09-15,2024-12-08,2024-12-08,Informatique,El Oued,1-3 ans,Doctorat,20,Freelance,1,"Profil recherché (EN):
Responsabilités: Teamwork, SEO, Compliance, UX/UI, Cloud
Profil: CAD, UX/UI, Communication, SQL, Technical Writing
Compétences:
- SEO
- Blockchain
- Python
Avantages: Python; Budgeting; Excel; UX/UI; Compliance
",Formation continue,266790,"Campaign Planning, Brand Management, Content Strategy, Email Marketing"
DB Admin,,Quality Assurance,Lead,"Jun 04, 2024",16 July 2024,2024-07-16,Ingénierie,Annaba,4-5 ans,Licence,16,CDI,1,"Profil recherché (MIX):
Responsabilités: Logistics, Teamwork, Excel, Machine Learning
Profil: Machine Learning, Logistics
Compétences:
- Graphic Design
- Machine Learning
- Customer Service
Avantages: Python; Organization; CAD; Technical Writing
","Télétravail partiel, Formation continue",598066,"Office Management, Document Control, Data Entry, Customer Service, Scheduling"
Content Writer,,Logistics,Chief,13/09/2024,23/11/2024,2024-11-23,Informatique,El Oued,5-8 ans,Licence,16,Volontariat,10,"Profil recherché (MIX):
Responsabilités:
- SQL
- Teamwork
- Maintenance
- Blockchain
Profil: Network Security, Graphic Design
Compétences: Maintenance; Technical Writing; Cloud
Avantages:
- UX/UI
- Machine Learning
- Negotiation
","Formation continue, Voiture de fonction",617793,"DevOps, Python, Kubernetes, SQL, C++, Cloud Computing"
Marketing Manager,,Data Science,Mid,"May 19, 2024",19 July 2024,2024-07-19,Finance,Alger,6-14 ans,Bac,12,Temporaire,1,"Profil recherché (EN):
Responsabilités: SEO, Machine Learning, Digital Marketing, Project Mgmt
Profil: Logistics; Machine Learning; Java; SQL
Compétences: Python, Machine Learning, SEO, Data Analysis, Coordination
Avantages:
- CAD
- Project Mgmt
- Coordination
- Compliance
- Cloud
","Ticket Restaurant, Voiture de fonction, Assurance santé",203881,"Google Analytics, Social Media, Content Strategy, Brand Management, SEO, Campaign Planning"
Software Engineer,,Customer Success,Junior,07 March 2025,18 May 2025,2025-05-18,Ingénierie,El Oued,4-13 ans,Doctorat,20,Temps plein,1,"Profil recherché (FR):
Responsabilités: Organization; Maintenance
Profil: Customer Service; Excel; Coordination; Leadership
Compétences: CAD; Communication; Java; Maintenance; Leadership
Avantages: Compliance, UX/UI, Logistics, Cloud
",,524755,"Kubernetes, DevOps, Cloud Computing, Docker"
Exec. Assistant,,IT Support,Junior,"Jan 03, 2025",02 April 2025,2025-04-02,Logistique,Ghardaïa,5-11 ans,Doctorat,20,Freelance,5,"Expérience requise: 5-11 ans. Éducation: Doctorat, 20 ans. Contrat: Freelance. Localisation: Ghardaïa. Département: HR. As Junior Exec. Assistant, you'll design critical projects.","Participation bénéfices, Formation continue",579823,"Office Management, Customer Service, Scheduling, Document Control, Data Entry"
CMO,,Technical Support,Junior,2024-05-02,01/07/2024,2024-07-01,Finance,Télétravail,5-7 ans,Bac,12,Volontariat,1,"Profil recherché (EN):
Responsabilités: Python; Customer Service; Maintenance
Profil: Research; Blockchain
Compétences: SQL, Negotiation
Avantages:
- SEO
- Customer Service
- Graphic Design
","Voiture de fonction, Formation continue",289298,"Communication, Critical Thinking, Time Management, Teamwork, Adaptability, Problem Solving"
DB Admin,,Product,Chief,2025-01-19,2025-01-30,2025-01-30,Ventes,Oran,5-6 ans,Licence,16,Volontariat,1,"Contrat: Volontariat. Localisation: Oran. Département: Engineering. Expérience requise: 5-6 ans. Éducation: Licence, 16 ans. As Chief DB Admin, you'll design critical projects.",,279636,"Customer Service, Document Control, Scheduling, Data Entry"
Product Manager,,Business Development,Chief,11/07/2024,18 August 2024,2024-08-18,Finance,Tlemcen,1-8 ans,Bac,12,Temps plein,1,"As Chief Product Manager, you'll design innovative projects. Expérience requise: 1-8 ans. Éducation: Bac, 12 ans. Contrat: Temps plein. Localisation: Tlemcen. Département: HR.",,911972,"Logistics, Lean Management, Supply Chain Management, Inventory Control"
Risk Manager,,Public Relations,Senior,16 May 2024,2024-05-26,2024-05-26,Admin,Tizi Ouzou,2-8 ans,None,0,Stage,1,"Expérience requise: 2-8 ans. Éducation: None, 0 ans. Contrat: Stage. Localisation: Tizi Ouzou. Département: Finance. En tant que Senior Risk Manager, vous serez amené à développer les processus.",Formation continue,712093,"Lean Management, Quality Control, Logistics, Supply Chain Management, Process Optimization"
Med. Rep,,Business Development,Chief,"Feb 07, 2025",2025-03-06,2025-03-06,Finance,Saïda,0-7 ans,Licence,16,CDD,3,"En tant que Chief Med. Rep, vous serez amené à développer les processus. Contrat: CDD. Localisation: Saïda. Département: Operations. As Chief Med. Rep, you'll design innovative projects.",,878705,"Communication, Teamwork, Adaptability, Problem Solving"
Investment Banker,,Risk Management,Junior,2024-11-21,04 February 2025,2025-02-04,Finance,Hybride,8-14 ans,Bac,12,Stage,1,"Expérience requise: 8-14 ans. Éducation: Bac, 12 ans. As Junior Investment Banker, you'll perform innovative projects. En tant que Junior Investment Banker, vous serez amené à développer les systèmes.",Formation continue,863935,"SAP, Forecasting, Risk Management, Investment Strategies, Accounting, Excel"
Pharmacist,,Procurement,Lead,25 December 2024,2025-02-15,2025-02-15,Admin,Télétravail,6-16 ans,Licence,16,CDD,3,"Profil recherché (FR):
Responsabilités: Technical Writing, Communication, Digital Marketing
Profil: Leadership; Cloud
Compétences: Logistics; Maintenance; Technical Writing; Excel
Avantages: Organization, Network Security, Communication, Negotiation
",Voiture de fonction,548463,"Pharmacovigilance, Patient Care, HIPAA Compliance, Medical Terminology, Clinical Trials"
PR Officer,,Corporate Affairs,Senior,29/03/2025,23/05/2025,2025-05-23,Informatique,Béjaïa,4-11 ans,Master,18,Temps plein,5,"Profil recherché (MIX):
Responsabilités: Research; Strategic Planning; Java; Logistics; Customer Service
Profil: Coordination; Data Analysis; Python; Budgeting
Compétences: UX/UI; Cloud; Research
Avantages: Research, Customer Service
","Voiture de fonction, Participation bénéfices",211615,"Communication, Adaptability, Problem Solving, Time Management"
Financial Analyst,,Quality Assurance,Junior,2024-12-30,2025-03-21,2025-03-21,Ventes,Hybride,5-6 ans,Licence,16,Volontariat,10,"Expérience requise: 5-6 ans. Éducation: Licence, 16 ans. As Junior Financial Analyst, you'll manage strategic projects. En tant que Junior Financial Analyst, vous serez amené à gérer l’équipe.","Participation bénéfices, Prime performance",680636,"Budgeting, SAP, Risk Management, Accounting, Forecasting, Audit"
Logistics Coord.,,Strategy,Senior,"Nov 11, 2024",19 December 2024,2024-12-19,Marketing,Constantine,5-14 ans,Licence,16,Temps partiel,10,"Profil recherché (MIX):
Responsabilités:
- Research
- CAD
- Negotiation
Profil:
- SEO
- Java
Compétences:
- SEO
- Leadership
- UX/UI
Avantages: Data Analysis; Python; SEO; Leadership; Network Security
",,977381,"Inventory Control, Process Optimization, Lean Management, Logistics"
Logistics Coord.,,Public Relations,Chief,"Jul 15, 2024",2024-08-27,2024-08-27,Informatique,Saïda,2-5 ans,Bac,12,Temps partiel,10,"Expérience requise: 2-5 ans. Éducation: Bac, 12 ans. Contrat: Temps partiel. Localisation: Saïda. Département: Legal. En tant que Chief Logistics Coord., vous serez amené à développer les relations clients.",Voiture de fonction,306110,"Lean Management, Process Optimization, Inventory Control, Quality Control, Supply Chain Management, Logistics"
App Developer,,Risk Management,Chief,"Aug 30, 2024",13/09/2024,2024-09-13,Ingénierie,Saïda,3-4 ans,Doctorat,20,Temps plein,10,"Profil recherché (EN):
Responsabilités:
- Budgeting
- Blockchain
- Coordination
- Communication
- SEO
Profil: CAD, Budgeting
Compétences: Python, Digital Marketing
Avantages: Machine Learning; Digital Marketing; Network Security; Research; Teamwork
",Télétravail partiel,447173,"Kubernetes, C++, DevOps, Cloud Computing, Machine Learning, SQL, Network Security"
Business Analyst,,Health & Safety,Lead,23/01/2025,2025-04-02,2025-04-02,Ingénierie,Alger,1-6 ans,None,0,CDI,10,"En tant que Lead Business Analyst, vous serez amené à superviser les relations clients. Expérience requise: 1-6 ans. Éducation: None, 0 ans. As Lead Business Analyst, you'll manage innovative projects.",,490201,"Budgeting, Forecasting, Financial Analysis, Accounting, SAP, Audit"
Content Writer,,Data Science,Chief,19 January 2025,27 March 2025,2025-03-27,Informatique,Ghardaïa,9-9 ans,Doctorat,20,Freelance,1,"Profil recherché (MIX):
Responsabilités: Strategic Planning, Communication
Profil: Maintenance, Excel
Compétences: Compliance; Digital Marketing; Graphic Design
Avantages:
- Data Analysis
- SQL
- Leadership
- Maintenance
- Negotiation
","Assurance santé, Prime performance, Horaires flexibles",835102,"Python, Network Security, C++, Cloud Computing, DevOps, Machine Learning"
Tech Writer,,Logistics,Senior,25 November 2024,07/01/2025,2025-01-07,Santé,Ghardaïa,5-7 ans,None,0,Temps partiel,5,"Contrat: Temps partiel. Localisation: Ghardaïa. Département: Sales. As Senior Tech Writer, you'll lead strategic projects. En tant que Senior Tech Writer, vous serez amené à coordonner les relations clients.","Horaires flexibles, Télétravail partiel, Prime performance",618913,"SQL, Python, DevOps, Network Security, Java, C++, Cloud Computing"
UX Designer,,Training,Junior,2024-05-18,12/06/2024,2024-06-12,Santé,Annaba,2-4 ans,Doctorat,20,Freelance,1,"Expérience requise: 2-4 ans. Éducation: Doctorat, 20 ans. As Junior UX Designer, you'll design key projects. En tant que Junior UX Designer, vous serez amené à coordonner les relations clients.",Prime performance,399732,"Prototyping, Figma, Illustrator, Color Theory, UX Research, Typography, Adobe Photoshop"
Security Officer,,Design,Mid,14 June 2024,17/08/2024,2024-08-17,Ventes,Télétravail,8-15 ans,Doctorat,20,Temporaire,10,"Profil recherché (EN):
Responsabilités: Network Security; Logistics
Profil:
- SQL
- Leadership
Compétences: Coordination; Technical Writing; Compliance; Negotiation; Excel
Avantages: CAD, Research, SQL, Digital Marketing
",Télétravail partiel,617415,"Cloud Computing, SQL, DevOps, Network Security, Docker, Machine Learning"
Financial Analyst,,Logistics,Junior,11 June 2024,24 August 2024,2024-08-24,Santé,Tlemcen,0-7 ans,None,0,Stage,5,"Profil recherché (MIX):
Responsabilités: Machine Learning; Communication; SQL; Technical Writing; SEO
Profil:
- Coordination
- Budgeting
- Digital Marketing
- SEO
Compétences: Digital Marketing, Java, Strategic Planning
Avantages: UX/UI; Leadership; SEO; Teamwork; Logistics
","Participation bénéfices, Ticket Restaurant, Assurance santé",306881,"Audit, Budgeting, Investment Strategies, Forecasting, Financial Analysis, Accounting, Risk Management"
Exec. Assistant,,Health & Safety,Chief,2025-01-05,2025-03-22,2025-03-22,Logistique,Annaba,10-19 ans,Doctorat,20,Temps partiel,2,"Profil recherché (MIX):
Responsabilités: SEO, Negotiation
Profil: Project Mgmt, Teamwork, Compliance
Compétences:
- Network Security
- Research
- Data Analysis
- Excel
- Customer Service
Avantages: Java; Network Security; Technical Writing; Excel; Data Analysis
",,155437,"Office Management, Customer Service, Document Control, Scheduling, Data Entry"
Accountant,,Data Science,Chief,2025-01-27,11/02/2025,2025-02-11,Ventes,Oran,4-11 ans,Master,18,Alternance,2,"As Chief Accountant, you'll design strategic projects. Expérience requise: 4-11 ans. Éducation: Master, 18 ans. En tant que Chief Accountant, vous serez amené à superviser les systèmes.","Télétravail partiel, Voiture de fonction",525569,"Risk Management, Financial Analysis, Excel, SAP, Audit, Forecasting"
Tech Writer,,Training,Chief,27 December 2024,09 February 2025,2025-02-09,Juridique,Tlemcen,10-10 ans,Bac,12,CDD,5,"Expérience requise: 10-10 ans. Éducation: Bac, 12 ans. Contrat: CDD. Localisation: Tlemcen. Département: Sales. En tant que Chief Tech Writer, vous serez amené à coordonner les processus.","Participation bénéfices, Voiture de fonction, Assurance santé",464048,"Java, C++, SQL, Docker, Machine Learning, Cloud Computing"
Financial Analyst,,Procurement,Mid,2025-03-31,31 May 2025,2025-05-31,Ventes,Tlemcen,3-7 ans,None,0,Freelance,5,"Profil recherché (MIX):
Responsabilités: Research, Network Security, Customer Service
Profil:
- UX/UI
- Teamwork
Compétences:
- SEO
- Excel
- Customer Service
Avantages: Data Analysis; Strategic Planning; Blockchain; Java; Excel
",Prime performance,488932,"Forecasting, Excel, Budgeting, Accounting"
Event Planner,,Technical Support,Chief,11 July 2024,2024-08-21,2024-08-21,Admin,El Oued,5-5 ans,Licence,16,Volontariat,3,"Profil recherché (EN):
Responsabilités: Leadership; Negotiation; UX/UI
Profil: Excel, Project Mgmt
Compétences:
- Blockchain
- Logistics
- Graphic Design
- Research
- Cloud
Avantages: Technical Writing; Maintenance; Excel; Network Security
",,301059,"Communication, Critical Thinking, Adaptability, Teamwork, Problem Solving"
DB Admin,,Procurement,Senior,2024-05-04,13/07/2024,2024-07-13,Ingénierie,Sétif,4-7 ans,Master,18,CDD,2,"Contrat: CDD. Localisation: Sétif. Département: Operations. As Senior DB Admin, you'll lead strategic projects. En tant que Senior DB Admin, vous serez amené à gérer les relations clients.","Télétravail partiel, Participation bénéfices",169538,"Document Control, Office Management, Data Entry, Customer Service"
Legal Advisor,,Health & Safety,Lead,29/11/2024,18/01/2025,2025-01-18,Ingénierie,Télétravail,9-15 ans,Bac,12,Alternance,1,"Profil recherché (EN):
Responsabilités: Communication; Negotiation; Research; Excel; Logistics
Profil: Project Mgmt, Coordination, Python, Maintenance
Compétences:
- Customer Service
- Blockchain
- Network Security
Avantages:
- SQL
- Coordination
",,570321,"Regulatory Affairs, Compliance, Litigation Support, Contract Drafting, Negotiation, Legal Research"
Financial Analyst,,Public Relations,Junior,18/02/2025,26 April 2025,2025-04-26,Admin,Saïda,2-9 ans,None,0,Stage,3,"Expérience requise: 2-9 ans. Éducation: None, 0 ans. En tant que Junior Financial Analyst, vous serez amené à gérer l’équipe. Contrat: Stage. Localisation: Saïda. Département: Finance.",Ticket Restaurant,317539,"Excel, Accounting, Risk Management, Financial Analysis, Investment Strategies, Budgeting, Forecasting"
DB Admin,,Product,Lead,20 December 2024,15/01/2025,2025-01-15,Logistique,Tlemcen,2-3 ans,None,0,Freelance,5,"Profil recherché (FR):
Responsabilités: CAD; Customer Service
Profil: UX/UI, Maintenance, Logistics, Coordination
Compétences:
- Cloud
- Research
- SQL
- Digital Marketing
Avantages: SEO; Data Analysis; Leadership; Teamwork
","Télétravail partiel, Ticket Restaurant",726902,"Customer Service, Scheduling, Document Control, Data Entry, Office Management"
Bioengineer,,Risk Management,Junior,"Sep 29, 2024",17 November 2024,2024-11-17,Informatique,Annaba,9-18 ans,Licence,16,Temps partiel,3,"Profil recherché (MIX):
Responsabilités:
- Customer Service
- Budgeting
- Negotiation
Profil:
- Leadership
- UX/UI
- Graphic Design
- SQL
Compétences:
- Strategic Planning
- Machine Learning
- Graphic Design
Avantages: Data Analysis, Network Security, Cloud, Machine Learning, Technical Writing
","Horaires flexibles, Assurance santé",715870,"Kubernetes, Docker, Machine Learning, DevOps, Python"
AI Ethics Consultant,,Quality Assurance,Lead,18/01/2025,20/03/2025,2025-03-20,Admin,Alger,6-13 ans,None,0,CDD,3,"Profil recherché (MIX):
Responsabilités: Digital Marketing, Teamwork
Profil: Strategic Planning, Digital Marketing, Logistics, Python
Compétences:
- CAD
- Compliance
Avantages: Compliance, Leadership, Data Analysis, Organization, Digital Marketing
","Voiture de fonction, Horaires flexibles, Participation bénéfices",447177,"Communication, Problem Solving, Adaptability, Critical Thinking"
Training Specialist,,Research & Development,Chief,25 March 2025,01/06/2025,2025-06-01,Ventes,Ghardaïa,9-12 ans,Doctorat,20,Volontariat,2,"Profil recherché (EN):
Responsabilités:
- Communication
- Logistics
Profil: Cloud, Communication
Compétences: Organization, Technical Writing
Avantages:
- Machine Learning
- Research
- Data Analysis
- Maintenance
","Participation bénéfices, Horaires flexibles, Voiture de fonction",175093,"Communication, Adaptability, Problem Solving, Time Management, Critical Thinking, Teamwork"
Maintenance Tech,,Quality Assurance,Junior,"Jun 14, 2024",2024-07-24,2024-07-24,Finance,Oran,10-18 ans,None,0,CDD,5,"Profil recherché (EN):
Responsabilités:
- Organization
- Budgeting
Profil: Negotiation; Excel
Compétences: Organization; Excel; Python
Avantages:
- Machine Learning
- CAD
- Project Mgmt
",Ticket Restaurant,394892,"Teamwork, Critical Thinking, Problem Solving, Time Management, Communication, Adaptability"
Customer Service Agent,,Strategy,Senior,2024-11-26,2024-12-03,2024-12-03,RH,Oran,6-8 ans,Master,18,Temps partiel,3,"Profil recherché (MIX):
Responsabilités: Customer Service, CAD, Java, Organization
Profil:
- Digital Marketing
- Project Mgmt
Compétences:
- Budgeting
- Data Analysis
- Leadership
- Cloud
- Python
Avantages:
- UX/UI
- Project Mgmt
- Blockchain
- Machine Learning
",Ticket Restaurant,379298,"Scheduling, Office Management, Data Entry, Document Control"
Project Manager,,Strategy,Chief,04 July 2024,2024-09-02,2024-09-02,Santé,El Oued,5-10 ans,Licence,16,CDD,3,"Contrat: CDD. Localisation: El Oued. Département: Marketing. En tant que Chief Project Manager, vous serez amené à développer les relations clients. As Chief Project Manager, you'll perform strategic projects.","Voiture de fonction, Ticket Restaurant",344709,"Quality Control, Logistics, Inventory Control, Lean Management, Process Optimization"
Project Manager,,Technical Support,Lead,2024-11-28,28 January 2025,2025-01-28,Marketing,Béjaïa,4-7 ans,None,0,Stage,3,"Profil recherché (FR):
Responsabilités: Organization, UX/UI, Java
Profil: Maintenance, Compliance
Compétences: Customer Service; Digital Marketing
Avantages: Logistics, Graphic Design, Compliance
","Assurance santé, Horaires flexibles, Formation continue",729458,"Process Optimization, Lean Management, Logistics, Inventory Control, Quality Control, Supply Chain Management"
PR Officer,,Logistics,Lead,17 May 2024,2024-06-16,2024-06-16,Ingénierie,Télétravail,2-3 ans,Doctorat,20,Temporaire,2,"En tant que Lead PR Officer, vous serez amené à gérer les relations clients. As Lead PR Officer, you'll perform critical projects. Contrat: Temporaire. Localisation: Télétravail. Département: Finance.","Prime performance, Voiture de fonction",377439,"Critical Thinking, Communication, Problem Solving, Teamwork, Adaptability"
App Developer,,Product,Lead,2024-10-07,2024-12-15,2024-12-15,Juridique,Blida,6-10 ans,Licence,16,CDI,5,"Profil recherché (FR):
Responsabilités: Logistics, Organization, Negotiation
Profil: Machine Learning; Teamwork; Blockchain
Compétences: Network Security, SEO, Leadership, Negotiation, Graphic Design
Avantages: Data Analysis; Project Mgmt; Strategic Planning
",,582499,"C++, Kubernetes, Docker, Java, DevOps, Cloud Computing, Machine Learning"
Restaurant Manager,,Administration,Lead,2024-12-26,22 March 2025,2025-03-22,Marketing,Constantine,0-2 ans,Licence,16,Stage,5,"En tant que Lead Restaurant Manager, vous serez amené à gérer les relations clients. Contrat: Stage. Localisation: Constantine. Département: Sales. Expérience requise: 0-2 ans. Éducation: Licence, 16 ans.",,515332,"Supply Chain Management, Inventory Control, Logistics, Process Optimization, Quality Control, Lean Management"
QA Engineer,,Research & Development,Junior,"Apr 18, 2025",2025-05-23,2025-05-23,Admin,Alger,6-14 ans,None,0,Temps plein,1,"Profil recherché (EN):
Responsabilités: Python; CAD
Profil: CAD; Compliance; SEO
Compétences:
- Project Mgmt
- Data Analysis
Avantages: Graphic Design; Cloud; Strategic Planning
",Formation continue,555307,"Python, Kubernetes, Java, C++"
Data Scientist,,Logistics,Lead,"Dec 14, 2024",2025-01-29,2025-01-29,Admin,Blida,2-2 ans,None,0,CDD,1,"Profil recherché (MIX):
Responsabilités: Teamwork, Cloud, Customer Service, Coordination, Java
Profil: Leadership; Customer Service
Compétences:
- Maintenance
- Teamwork
- Python
Avantages:
- Blockchain
- SQL
- Maintenance
- Compliance
- Python
","Horaires flexibles, Prime performance, Formation continue",638583,"Python, Docker, DevOps, Machine Learning"
SEO Specialist,,Administration,Senior,26 September 2024,2024-12-05,2024-12-05,Marketing,Constantine,0-2 ans,Doctorat,20,CDI,5,"En tant que Senior SEO Specialist, vous serez amené à développer les systèmes. Contrat: CDI. Localisation: Constantine. Département: Marketing. Expérience requise: 0-2 ans. Éducation: Doctorat, 20 ans.",Participation bénéfices,460171,"Campaign Planning, Brand Management, SEO, Email Marketing, Public Relations"
Translator,,Strategy,Chief,01/04/2025,12/04/2025,2025-04-12,Ingénierie,Oran,10-19 ans,Bac,12,CDI,10,"Expérience requise: 10-19 ans. Éducation: Bac, 12 ans. As Chief Translator, you'll manage key projects. En tant que Chief Translator, vous serez amené à superviser les relations clients.","Participation bénéfices, Assurance santé, Formation continue",291330,"Teamwork, Adaptability, Communication, Time Management, Critical Thinking"
Event Planner,,Public Relations,Junior,24/03/2025,2025-05-23,2025-05-23,Ventes,Béjaïa,9-18 ans,Master,18,Alternance,2,"Profil recherché (FR):
Responsabilités:
- Python
- Excel
- UX/UI
- Logistics
Profil: Python; SEO; Blockchain
Compétences: Negotiation; Maintenance; SEO; Excel
Avantages: Logistics; Communication; Cloud
","Participation bénéfices, Télétravail partiel",239860,"Communication, Critical Thinking, Adaptability, Problem Solving, Time Management, Teamwork"
Recruiter,,Training,Lead,"May 04, 2024",2024-05-30,2024-05-30,Ventes,Annaba,6-8 ans,Bac,12,Temps plein,2,"Profil recherché (EN):
Responsabilités:
- Maintenance
- UX/UI
- Compliance
- Logistics
Profil: CAD; SQL; Negotiation; Leadership; Digital Marketing
Compétences:
- Compliance
- Project Mgmt
- Maintenance
- Technical Writing
Avantages: SQL, Strategic Planning
",Assurance santé,778311,"SQL, Python, DevOps, Network Security"
Accountant,,Strategy,Senior,"Aug 26, 2024",26/09/2024,2024-09-26,Juridique,Constantine,8-13 ans,None,0,CDI,1,"Profil recherché (EN):
Responsabilités: Graphic Design, Technical Writing, Digital Marketing
Profil: Java; Technical Writing; Data Analysis
Compétences: Cloud, Graphic Design, Compliance
Avantages: Network Security, Project Mgmt, Logistics
","Participation bénéfices, Horaires flexibles, Formation continue",647365,"Excel, Investment Strategies, Forecasting, SAP, Budgeting, Accounting, Audit"
Project Manager,,Technical Support,Junior,"Nov 13, 2024",2024-12-07,2024-12-07,Ventes,Constantine,2-10 ans,Master,18,Alternance,10,"Profil recherché (MIX):
Responsabilités:
- UX/UI
- Blockchain
- Strategic Planning
- SQL
Profil: Teamwork, Data Analysis, Research, Maintenance
Compétences: SEO; Communication; SQL; Machine Learning; Logistics
Avantages:
- Coordination
- Compliance
",Assurance santé,524447,"Logistics, Supply Chain Management, Process Optimization, Lean Management, Inventory Control"
Data Engineer,,Public Relations,Junior,29/01/2025,24 February 2025,2025-02-24,Santé,Tlemcen,3-12 ans,Licence,16,Volontariat,1,"As Junior Data Engineer, you'll manage strategic projects. Contrat: Volontariat. Localisation: Tlemcen. Département: IT. En tant que Junior Data Engineer, vous serez amené à développer les systèmes.","Voiture de fonction, Assurance santé, Participation bénéfices",895858,"Cloud Computing, SQL, C++, Docker, Java, Network Security, Machine Learning"
QA Engineer,,Strategy,Lead,06/04/2025,18 June 2025,2025-06-18,Finance,Sétif,6-8 ans,Bac,12,Temporaire,10,"En tant que Lead QA Engineer, vous serez amené à superviser l’équipe. As Lead QA Engineer, you'll perform critical projects. Expérience requise: 6-8 ans. Éducation: Bac, 12 ans.",Ticket Restaurant,587694,"Python, C++, Cloud Computing, DevOps, Docker, SQL"
Video Editor,,IT Support,Lead,21 November 2024,08 January 2025,2025-01-08,Logistique,Béjaïa,1-10 ans,Bac,12,Freelance,2,"Profil recherché (FR):
Responsabilités: Java, SEO, Maintenance, SQL
Profil: Java, Coordination, Digital Marketing
Compétences: Network Security, Excel, Maintenance, Organization, Strategic Planning
Avantages: Maintenance; Graphic Design; Coordination; Cloud; Python
",,416521,"Kubernetes, Java, Docker, SQL, DevOps"
Financial Analyst,,Risk Management,Senior,2024-11-19,28 November 2024,2024-11-28,Finance,Annaba,9-16 ans,Doctorat,20,Freelance,3,"Profil recherché (EN):
Responsabilités: Organization, Teamwork, Project Mgmt
Profil: Teamwork; Excel
Compétences:
- Maintenance
- Research
- Logistics
- Data Analysis
Avantages: SQL; Coordination; Graphic Design; CAD
",,899166,"Budgeting, SAP, Financial Analysis, Audit"
Graphic Designer,,Risk Management,Senior,27 July 2024,28 September 2024,2024-09-28,RH,Tizi Ouzou,9-17 ans,None,0,Freelance,2,"En tant que Senior Graphic Designer, vous serez amené à superviser les processus. Expérience requise: 9-17 ans. Éducation: None, 0 ans. Contrat: Freelance. Localisation: Tizi Ouzou. Département: HR.","Télétravail partiel, Prime performance",422668,"Adobe Photoshop, Sketch, Prototyping, Typography"
Project Manager,,Quality Assurance,Mid,2024-08-19,06 September 2024,2024-09-06,Santé,Alger,7-17 ans,Doctorat,20,CDD,2,"Profil recherché (FR):
Responsabilités: Python, SEO, Compliance, Teamwork, Leadership
Profil: Network Security; Negotiation; Research; Blockchain; Graphic Design
Compétences: Leadership, Cloud, Logistics, SEO
Avantages: Technical Writing; Python
",Participation bénéfices,567188,"Inventory Control, Process Optimization, Lean Management, Logistics, Supply Chain Management, Quality Control"
Investment Banker,,Administration,Lead,09 April 2025,2025-04-25,2025-04-25,Marketing,Tizi Ouzou,5-11 ans,Bac,12,Alternance,10,"Contrat: Alternance. Localisation: Tizi Ouzou. Département: HR. As Lead Investment Banker, you'll perform strategic projects. Expérience requise: 5-11 ans. Éducation: Bac, 12 ans.",,537775,"Accounting, Investment Strategies, Budgeting, Audit, SAP"
IT Intern,,Data Science,Senior,27 November 2024,16 January 2025,2025-01-16,RH,Béjaïa,7-12 ans,None,0,Temps partiel,1,"Profil recherché (EN):
Responsabilités: Excel, UX/UI
Profil:
- Machine Learning
- Cloud
- Logistics
- Teamwork
- Graphic Design
Compétences: Communication; Machine Learning; Logistics; Graphic Design; Customer Service
Avantages: Budgeting, Teamwork, Blockchain
","Assurance santé, Participation bénéfices, Horaires flexibles",776894,"Machine Learning, Cloud Computing, DevOps, Docker"
Supply Chain Analyst,,Health & Safety,Chief,"May 03, 2024",15/06/2024,2024-06-15,Logistique,Oran,4-11 ans,Bac,12,Temporaire,10,"En tant que Chief Supply Chain Analyst, vous serez amené à gérer les relations clients. As Chief Supply Chain Analyst, you'll lead critical projects. Contrat: Temporaire. Localisation: Oran. Département: HR.",Prime performance,705807,"Audit, Financial Analysis, Investment Strategies, Forecasting, Accounting, Budgeting"
Security Officer,,Administration,Lead,"Aug 18, 2024",01/10/2024,2024-10-01,Logistique,Ghardaïa,4-4 ans,Master,18,Temps plein,3,"Profil recherché (FR):
Responsabilités: Cloud, Compliance, Communication, Research
Profil: SEO, Graphic Design, Maintenance
Compétences: Teamwork, Technical Writing
Avantages:
- Digital Marketing
- Communication
","Assurance santé, Prime performance",986378,"C++, DevOps, Network Security, Java, Python, Cloud Computing"
Sales Rep,,Logistics,Lead,18/11/2024,2025-01-16,2025-01-16,Finance,Ghardaïa,1-4 ans,Licence,16,CDD,5,"Profil recherché (FR):
Responsabilités: Logistics; SQL
Profil:
- Cloud
- Graphic Design
- SEO
- Project Mgmt
Compétences:
- Customer Service
- Data Analysis
- Coordination
Avantages: Organization; Machine Learning; Digital Marketing; Logistics; Negotiation
","Prime performance, Ticket Restaurant, Télétravail partiel",695386,"Communication, Time Management, Critical Thinking, Problem Solving, Adaptability, Teamwork"
Content Writer,,Technical Support,Junior,19/03/2025,15 June 2025,2025-06-15,Santé,Blida,10-14 ans,None,0,CDD,5,"Profil recherché (MIX):
Responsabilités: Budgeting; Technical Writing; Project Mgmt; Digital Marketing; Java
Profil: Excel, UX/UI, Blockchain
Compétences: Coordination, Blockchain, Negotiation, UX/UI
Avantages: Leadership; Cloud
",Participation bénéfices,757719,"SQL, DevOps, Cloud Computing, Python, C++, Docker"
Video Editor,,IT Support,Senior,"Apr 02, 2025",29/05/2025,2025-05-29,Juridique,Béjaïa,0-9 ans,Master,18,Temps plein,3,"Profil recherché (EN):
Responsabilités: Java, Excel, Machine Learning
Profil: Logistics, Budgeting, Organization, Strategic Planning, Communication
Compétences:
- Teamwork
- Technical Writing
Avantages: Budgeting, UX/UI, Excel, Digital Marketing, SQL
","Voiture de fonction, Horaires flexibles",801274,"Machine Learning, DevOps, SQL, Cloud Computing, Kubernetes, Java, Python"
Investment Banker,,Compliance,Lead,10/03/2025,31 May 2025,2025-05-31,Juridique,Annaba,5-12 ans,Licence,16,Volontariat,2,"Profil recherché (EN):
Responsabilités: Cloud; UX/UI; Blockchain
Profil: Compliance, Organization, Communication, Python, Budgeting
Compétences: Coordination, Strategic Planning, Customer Service, Communication
Avantages:
- Blockchain
- Excel
- SQL
- Research
",,594168,"Accounting, Excel, Risk Management, Financial Analysis, Audit"
Sales Rep,,Quality Assurance,Mid,18/06/2024,2024-08-05,2024-08-05,Ventes,Télétravail,3-5 ans,Bac,12,Temps partiel,2,"Profil recherché (MIX):
Responsabilités:
- Graphic Design
- Java
- Blockchain
- Maintenance
- Budgeting
Profil: Project Mgmt, Machine Learning, CAD, UX/UI
Compétences: Logistics; Maintenance; Communication; Technical Writing; Coordination
Avantages:
- Compliance
- CAD
","Horaires flexibles, Télétravail partiel",251052,"Adaptability, Communication, Time Management, Critical Thinking, Teamwork, Problem Solving"
Blockchain Dev,,Public Relations,Chief,01 February 2025,2025-03-31,2025-03-31,Finance,Saïda,0-2 ans,Doctorat,20,Volontariat,1,"Contrat: Volontariat. Localisation: Saïda. Département: HR. As Chief Blockchain Dev, you'll lead critical projects. Expérience requise: 0-2 ans. Éducation: Doctorat, 20 ans.",Horaires flexibles,391116,"Critical Thinking, Teamwork, Adaptability, Communication"
Data Engineer,,Administration,Chief,26/10/2024,13/11/2024,2024-11-13,Santé,El Oued,5-15 ans,Master,18,Temps partiel,2,"Profil recherché (EN):
Responsabilités:
- Graphic Design
- Negotiation
Profil:
- Research
- Organization
Compétences: Customer Service; Network Security; Project Mgmt; Logistics; Compliance
Avantages:
- Budgeting
- Strategic Planning
- Machine Learning
- SEO
- Excel
",Voiture de fonction,755020,"Java, DevOps, Docker, Kubernetes"
Translator,,Research & Development,Chief,2024-07-21,12/10/2024,2024-10-12,RH,Béjaïa,3-11 ans,Bac,12,Stage,3,"Profil recherché (FR):
Responsabilités:
- Coordination
- Communication
- Python
- Graphic Design
Profil: Technical Writing, Network Security, Python
Compétences: Coordination; Logistics
Avantages:
- Graphic Design
- Excel
- Network Security
- Data Analysis
- CAD
",Horaires flexibles,257817,"Teamwork, Critical Thinking, Time Management, Problem Solving, Communication"
Med. Rep,,Risk Management,Chief,08/02/2025,20/02/2025,2025-02-20,Finance,Sétif,5-10 ans,Licence,16,Temps partiel,5,"As Chief Med. Rep, you'll design strategic projects. Expérience requise: 5-10 ans. Éducation: Licence, 16 ans. En tant que Chief Med. Rep, vous serez amené à gérer les relations clients.","Prime performance, Ticket Restaurant",418756,"Problem Solving, Critical Thinking, Communication, Time Management, Adaptability"
IT Intern,,Administration,Senior,2024-05-20,17 July 2024,2024-07-17,Logistique,Télétravail,3-13 ans,Licence,16,Temps partiel,3,"As Senior IT Intern, you'll design critical projects. En tant que Senior IT Intern, vous serez amené à coordonner l’équipe. Expérience requise: 3-13 ans. Éducation: Licence, 16 ans.",,672741,"Docker, Network Security, SQL, DevOps, Cloud Computing"
Project Manager,,Administration,Lead,21/11/2024,14 December 2024,2024-12-14,Finance,El Oued,7-7 ans,None,0,Volontariat,3,"Contrat: Volontariat. Localisation: El Oued. Département: IT. Expérience requise: 7-7 ans. Éducation: None, 0 ans. As Lead Project Manager, you'll design strategic projects.",Ticket Restaurant,222958,"Inventory Control, Supply Chain Management, Logistics, Quality Control, Process Optimization, Lean Management"
Translator,,Health & Safety,Mid,23 September 2024,02 November 2024,2024-11-02,Santé,Alger,2-7 ans,Licence,16,Freelance,3,"Profil recherché (MIX):
Responsabilités: Technical Writing; Machine Learning; Budgeting; Communication; Compliance
Profil: Coordination, Digital Marketing
Compétences: Negotiation, Customer Service, Communication, SEO, Teamwork
Avantages:
- Negotiation
- Java
- Machine Learning
- SQL
- Project Mgmt
",,153203,"Adaptability, Time Management, Communication, Teamwork, Critical Thinking, Problem Solving"
Supply Chain Analyst,,Health & Safety,Mid,21/10/2024,01/11/2024,2024-11-01,Marketing,Constantine,6-6 ans,Doctorat,20,Volontariat,1,"Profil recherché (FR):
Responsabilités: Graphic Design; Logistics; Project Mgmt; Strategic Planning
Profil:
- Maintenance
- Negotiation
- Network Security
Compétences: Research, Customer Service
Avantages: Research; Project Mgmt; Communication
","Horaires flexibles, Formation continue",382588,"Accounting, Financial Analysis, Audit, SAP"
Project Manager,,Quality Assurance,Chief,2025-01-27,05/02/2025,2025-02-05,Logistique,Tlemcen,4-7 ans,Doctorat,20,Alternance,3,"Expérience requise: 4-7 ans. Éducation: Doctorat, 20 ans. En tant que Chief Project Manager, vous serez amené à superviser les relations clients. As Chief Project Manager, you'll perform key projects.",Formation continue,693639,"Inventory Control, Lean Management, Supply Chain Management, Quality Control, Logistics, Process Optimization"
SEO Specialist,,Procurement,Senior,08/03/2025,16/03/2025,2025-03-16,Ventes,Saïda,0-3 ans,Master,18,Alternance,2,"Expérience requise: 0-3 ans. Éducation: Master, 18 ans. As Senior SEO Specialist, you'll perform innovative projects. Contrat: Alternance. Localisation: Saïda. Département: IT.",Voiture de fonction,151198,"Content Strategy, Email Marketing, SEO, Social Media, Public Relations, Google Analytics"
Pharmacist,,Compliance,Lead,2025-03-19,2025-03-26,2025-03-26,Marketing,Béjaïa,7-17 ans,None,0,Temporaire,10,"Profil recherché (FR):
Responsabilités: UX/UI, Organization
Profil: Python, Technical Writing
Compétences:
- Data Analysis
- Negotiation
- SEO
Avantages:
- Machine Learning
- SQL
- Cloud
- Teamwork
","Ticket Restaurant, Assurance santé, Télétravail partiel",479771,"HIPAA Compliance, Patient Care, Clinical Trials, Medical Terminology, Pharmacovigilance"
Risk Manager,,Product,Chief,"Mar 24, 2025",09 May 2025,2025-05-09,Ventes,Ghardaïa,4-5 ans,Licence,16,Freelance,10,"Profil recherché (FR):
Responsabilités: Project Mgmt; SEO; Network Security; Coordination
Profil: Java, Coordination, Customer Service, Negotiation
Compétences: Negotiation; Teamwork; Leadership
Avantages: Maintenance, Coordination
","Voiture de fonction, Ticket Restaurant, Formation continue",570885,"Quality Control, Supply Chain Management, Inventory Control, Process Optimization"
Digital Marketer,,Strategy,Mid,"Feb 23, 2025",2025-03-22,2025-03-22,Marketing,Constantine,1-7 ans,Licence,16,Freelance,3,"Contrat: Freelance. Localisation: Constantine. Département: Engineering. En tant que Mid Digital Marketer, vous serez amené à coordonner l’équipe. Expérience requise: 1-7 ans. Éducation: Licence, 16 ans.","Télétravail partiel, Formation continue",750057,"Docker, Python, Kubernetes, Java, SQL, Network Security"
Security Officer,,IT Support,Chief,16 June 2024,2024-07-28,2024-07-28,Santé,Tizi Ouzou,2-4 ans,Licence,16,Temps plein,1,"Profil recherché (EN):
Responsabilités: Coordination, Teamwork, Network Security
Profil: Organization, Research, Strategic Planning
Compétences: Network Security; Maintenance; Graphic Design; Strategic Planning
Avantages: Digital Marketing, Research, Organization, UX/UI
",,779189,"Network Security, DevOps, Kubernetes, Python"
Recruiter,,Product,Junior,2024-12-01,01 February 2025,2025-02-01,Logistique,Sétif,4-4 ans,Master,18,Temps plein,2,"As Junior Recruiter, you'll design key projects. Contrat: Temps plein. Localisation: Sétif. Département: HR. En tant que Junior Recruiter, vous serez amené à coordonner les systèmes.","Ticket Restaurant, Participation bénéfices",326087,"Machine Learning, DevOps, Network Security, Python, C++, Docker"
Financial Analyst,,Procurement,Junior,"Aug 03, 2024",25/08/2024,2024-08-25,Informatique,El Oued,3-6 ans,None,0,Stage,5,"En tant que Junior Financial Analyst, vous serez amené à superviser l’équipe. Expérience requise: 3-6 ans. Éducation: None, 0 ans. As Junior Financial Analyst, you'll manage strategic projects.","Ticket Restaurant, Formation continue, Assurance santé",753569,"Forecasting, Investment Strategies, Budgeting, Audit, Excel, SAP"
AI Ethics Consultant,,Risk Management,Lead,14/03/2025,05/06/2025,2025-06-05,RH,Oran,5-10 ans,Doctorat,20,CDI,3,"Contrat: CDI. Localisation: Oran. Département: HR. En tant que Lead AI Ethics Consultant, vous serez amené à coordonner les systèmes. As Lead AI Ethics Consultant, you'll perform critical projects.","Ticket Restaurant, Télétravail partiel",212973,"Teamwork, Adaptability, Critical Thinking, Time Management, Communication, Problem Solving"
PR Officer,,Product,Lead,16 January 2025,16 April 2025,2025-04-16,Admin,Hybride,4-5 ans,None,0,Alternance,2,"As Lead PR Officer, you'll perform innovative projects. En tant que Lead PR Officer, vous serez amené à superviser l’équipe. Contrat: Alternance. Localisation: Hybride. Département: IT.","Ticket Restaurant, Formation continue, Assurance santé",510831,"Critical Thinking, Time Management, Communication, Teamwork, Adaptability, Problem Solving"
Social Media Mgr,,Quality Assurance,Junior,27 December 2024,27/03/2025,2025-03-27,Finance,Béjaïa,9-13 ans,None,0,Temporaire,2,"As Junior Social Media Mgr, you'll perform strategic projects. Expérience requise: 9-13 ans. Éducation: None, 0 ans. Contrat: Temporaire. Localisation: Béjaïa. Département: Finance.","Horaires flexibles, Assurance santé",350517,"Campaign Planning, Google Analytics, Content Strategy, Social Media"
HR Coordinator,,Business Development,Lead,14/07/2024,2024-09-02,2024-09-02,Juridique,Télétravail,6-9 ans,Licence,16,Volontariat,10,"En tant que Lead HR Coordinator, vous serez amené à coordonner les processus. Expérience requise: 6-9 ans. Éducation: Licence, 16 ans. As Lead HR Coordinator, you'll manage critical projects.",,155876,"Training & Development, Onboarding, HRIS, Employee Relations, Performance Management, Payroll, Recruitment"
Blockchain Dev,,Quality Assurance,Lead,"Jun 23, 2024",03 August 2024,2024-08-03,Informatique,Ghardaïa,6-14 ans,Doctorat,20,CDD,5,"Contrat: CDD. Localisation: Ghardaïa. Département: IT. Expérience requise: 6-14 ans. Éducation: Doctorat, 20 ans. As Lead Blockchain Dev, you'll manage innovative projects.",Horaires flexibles,248275,"Critical Thinking, Adaptability, Communication, Time Management, Problem Solving, Teamwork"
Cloud Architect,,Administration,Mid,11/01/2025,22 March 2025,2025-03-22,Ingénierie,Tizi Ouzou,5-5 ans,Licence,16,Temps partiel,2,"Profil recherché (MIX):
Responsabilités:
- Logistics
- Data Analysis
- Negotiation
- Graphic Design
- Leadership
Profil: Excel; Data Analysis; Machine Learning; Python; Digital Marketing
Compétences: Java; Maintenance; Organization; Customer Service
Avantages: Research, Budgeting
",Ticket Restaurant,873019,"Machine Learning, Docker, Network Security, C++, Cloud Computing, Kubernetes"
Software Engineer,,Quality Assurance,Mid,"Oct 30, 2024",20/01/2025,2025-01-20,Ventes,Hybride,4-7 ans,Doctorat,20,Freelance,5,"Profil recherché (FR):
Responsabilités:
- SQL
- Leadership
Profil: Compliance; Graphic Design; Strategic Planning; UX/UI; Java
Compétences: Excel; Strategic Planning; Coordination
Avantages:
- Network Security
- Graphic Design
- Blockchain
- Negotiation
",Assurance santé,969889,"Java, Docker, SQL, Cloud Computing, Machine Learning, Kubernetes, DevOps"
Tech Writer,,Data Science,Junior,25/11/2024,2025-02-11,2025-02-11,Juridique,Ghardaïa,4-13 ans,Licence,16,Alternance,2,"Profil recherché (EN):
Responsabilités:
- Organization
- Negotiation
- Excel
- Compliance
- Digital Marketing
Profil:
- Budgeting
- Coordination
- SQL
- Data Analysis
Compétences: CAD; Cloud
Avantages:
- UX/UI
- Organization
- Negotiation
- Strategic Planning
","Assurance santé, Voiture de fonction, Formation continue",499641,"DevOps, Cloud Computing, Java, SQL, Docker, Machine Learning, Python"
Social Media Mgr,,Logistics,Lead,05 June 2024,2024-07-20,2024-07-20,RH,Constantine,3-9 ans,Licence,16,Freelance,3,"Profil recherché (EN):
Responsabilités: CAD, Negotiation, SQL, Machine Learning, Logistics
Profil: Maintenance; Negotiation; Network Security; UX/UI; Machine Learning
Compétences: Maintenance; UX/UI; Python; Organization; Customer Service
Avantages: Logistics, Organization, Excel, Technical Writing, Communication
",,337551,"Campaign Planning, SEO, Public Relations, Brand Management, Social Media, Email Marketing, Google Analytics"
Fashion Designer,,Design,Lead,26/10/2024,2025-01-04,2025-01-04,Ventes,Sétif,6-16 ans,Master,18,Alternance,3,"Expérience requise: 6-16 ans. Éducation: Master, 18 ans. Contrat: Alternance. Localisation: Sétif. Département: Finance. En tant que Lead Fashion Designer, vous serez amené à gérer les relations clients.","Assurance santé, Télétravail partiel",287621,"Illustrator, Prototyping, Figma, Typography, Sketch"
Tech Writer,,Quality Assurance,Senior,2024-08-15,28 October 2024,2024-10-28,Ventes,El Oued,3-10 ans,Doctorat,20,Stage,10,"Profil recherché (FR):
Responsabilités: Negotiation; Digital Marketing
Profil:
- Network Security
- Coordination
- Blockchain
Compétences: Machine Learning; Maintenance; Organization; Communication; Excel
Avantages: Machine Learning, Python, CAD, Negotiation
",Ticket Restaurant,860791,"Docker, DevOps, Cloud Computing, Machine Learning, Python, SQL"
Social Media Mgr,,IT Support,Senior,2025-01-05,17/03/2025,2025-03-17,Santé,Alger,1-2 ans,None,0,Temps plein,1,"Profil recherché (MIX):
Responsabilités: CAD; Data Analysis; Communication; Machine Learning
Profil: Logistics, Compliance, Cloud
Compétences: Digital Marketing; SEO
Avantages: Project Mgmt, Strategic Planning, CAD
","Formation continue, Horaires flexibles",399672,"Content Strategy, Social Media, SEO, Email Marketing"
Exec. Assistant,,Design,Mid,2024-11-28,2024-12-29,2024-12-29,Ingénierie,Oran,9-17 ans,Bac,12,CDD,5,"Profil recherché (EN):
Responsabilités: Network Security; Strategic Planning
Profil: SEO; Cloud; Research
Compétences: Python, Java, Maintenance
Avantages: Organization, SQL, Compliance
","Prime performance, Télétravail partiel, Horaires flexibles",161208,"Customer Service, Office Management, Document Control, Data Entry, Scheduling"
Blockchain Dev,,Quality Assurance,Senior,29/11/2024,08 December 2024,2024-12-08,Logistique,Sétif,8-16 ans,Bac,12,Temps partiel,2,"Profil recherché (FR):
Responsabilités:
- Coordination
- Logistics
- Organization
Profil:
- Leadership
- Logistics
- Maintenance
- Coordination
Compétences: SQL, Coordination, Organization, Blockchain
Avantages:
- Communication
- Organization
","Ticket Restaurant, Assurance santé",345646,"Adaptability, Communication, Problem Solving, Time Management, Teamwork, Critical Thinking"
PR Officer,,Administration,Junior,18 October 2024,05 December 2024,2024-12-05,Santé,El Oued,6-13 ans,Licence,16,Freelance,5,"En tant que Junior PR Officer, vous serez amené à gérer les systèmes. Expérience requise: 6-13 ans. Éducation: Licence, 16 ans. As Junior PR Officer, you'll manage strategic projects.",,276528,"Critical Thinking, Teamwork, Problem Solving, Time Management, Adaptability, Communication"
Supply Chain Analyst,,Corporate Affairs,Chief,04 March 2025,13 April 2025,2025-04-13,Logistique,Tlemcen,0-7 ans,Master,18,Freelance,5,"En tant que Chief Supply Chain Analyst, vous serez amené à gérer les processus. Contrat: Freelance. Localisation: Tlemcen. Département: Sales. As Chief Supply Chain Analyst, you'll lead key projects.","Assurance santé, Voiture de fonction",582642,"Financial Analysis, Forecasting, SAP, Risk Management, Accounting"
QA Engineer,,Administration,Chief,2024-05-05,2024-06-18,2024-06-18,Ventes,Télétravail,2-9 ans,None,0,Temporaire,3,"As Chief QA Engineer, you'll manage strategic projects. En tant que Chief QA Engineer, vous serez amené à gérer l’équipe. Contrat: Temporaire. Localisation: Télétravail. Département: Engineering.","Voiture de fonction, Prime performance, Formation continue",393629,"C++, Kubernetes, Cloud Computing, Java"
Social Media Mgr,,Business Development,Mid,08 June 2024,2024-06-17,2024-06-17,RH,Tizi Ouzou,8-9 ans,Bac,12,Freelance,2,"Profil recherché (EN):
Responsabilités: Leadership, Strategic Planning, SEO, Negotiation
Profil:
- Communication
- Java
Compétences: SQL; Digital Marketing; Technical Writing; Compliance
Avantages:
- Network Security
- Compliance
","Voiture de fonction, Ticket Restaurant, Horaires flexibles",379560,"Social Media, Email Marketing, Content Strategy, SEO, Brand Management, Campaign Planning, Public Relations"
Financial Analyst,,Training,Chief,24/01/2025,16/04/2025,2025-04-16,Marketing,Alger,5-8 ans,Doctorat,20,CDD,2,"Contrat: CDD. Localisation: Alger. Département: Sales. As Chief Financial Analyst, you'll manage innovative projects. En tant que Chief Financial Analyst, vous serez amené à superviser les systèmes.",Participation bénéfices,550366,"SAP, Accounting, Forecasting, Audit, Budgeting"
Chem. Engineer,,Compliance,Junior,26/03/2025,21/05/2025,2025-05-21,Ingénierie,Annaba,8-13 ans,Bac,12,Freelance,5,"Profil recherché (EN):
Responsabilités:
- Compliance
- Network Security
Profil: Cloud; Blockchain; Technical Writing
Compétences: Research, UX/UI, Network Security
Avantages:
- Strategic Planning
- Technical Writing
","Horaires flexibles, Formation continue",490176,"Kubernetes, Docker, Python, Cloud Computing, Network Security, Java, Machine Learning"
Researcher,,Public Relations,Senior,"Feb 09, 2025",12 April 2025,2025-04-12,Admin,Constantine,10-19 ans,None,0,Volontariat,10,"En tant que Senior Researcher, vous serez amené à gérer l’équipe. As Senior Researcher, you'll manage innovative projects. Contrat: Volontariat. Localisation: Constantine. Département: IT.",Participation bénéfices,396826,"Pharmacovigilance, Patient Care, Medical Terminology, Clinical Trials"
Business Analyst,,Compliance,Lead,"Feb 13, 2025",2025-03-20,2025-03-20,Ingénierie,Ghardaïa,3-11 ans,Master,18,CDD,3,"Profil recherché (FR):
Responsabilités:
- Network Security
- Organization
- Customer Service
- SEO
Profil: Organization; CAD
Compétences:
- Coordination
- Compliance
- Digital Marketing
- SQL
Avantages:
- Digital Marketing
- Excel
","Participation bénéfices, Télétravail partiel, Ticket Restaurant",456901,"Budgeting, SAP, Investment Strategies, Audit, Accounting, Financial Analysis, Excel"
Restaurant Manager,,Corporate Affairs,Lead,2024-10-10,24 October 2024,2024-10-24,Informatique,Saïda,5-5 ans,Bac,12,Freelance,3,"En tant que Lead Restaurant Manager, vous serez amené à développer l’équipe. Expérience requise: 5-5 ans. Éducation: Bac, 12 ans. Contrat: Freelance. Localisation: Saïda. Département: HR.",Télétravail partiel,224234,"Logistics, Quality Control, Process Optimization, Lean Management, Inventory Control"
Supply Chain Analyst,,Compliance,Senior,"Apr 15, 2025",2025-05-08,2025-05-08,Admin,Tlemcen,9-19 ans,Bac,12,Temps partiel,10,"Profil recherché (MIX):
Responsabilités:
- Machine Learning
- Blockchain
- UX/UI
- Research
Profil: SEO; Java; Negotiation; Project Mgmt; Network Security
Compétences:
- Python
- Negotiation
Avantages: Coordination; Research; Teamwork; CAD; Python
",,289943,"Risk Management, Accounting, SAP, Audit"
Data Engineer,,Data Science,Senior,05/10/2024,15/11/2024,2024-11-15,Santé,Oran,5-9 ans,Doctorat,20,CDD,3,"Profil recherché (EN):
Responsabilités: Strategic Planning, Network Security
Profil:
- Strategic Planning
- Excel
Compétences:
- SQL
- Budgeting
- Excel
- Technical Writing
Avantages: Graphic Design, Digital Marketing, Excel
","Horaires flexibles, Voiture de fonction",521053,"C++, Network Security, Docker, Cloud Computing, Java, Python, DevOps"
Sales Rep,,Technical Support,Mid,"May 09, 2024",2024-08-05,2024-08-05,Informatique,Alger,0-3 ans,Licence,16,Freelance,3,"Expérience requise: 0-3 ans. Éducation: Licence, 16 ans. En tant que Mid Sales Rep, vous serez amené à développer les systèmes. As Mid Sales Rep, you'll manage critical projects.",Assurance santé,615137,"Problem Solving, Critical Thinking, Communication, Adaptability"
Cloud Architect,,Technical Support,Chief,16/03/2025,02/06/2025,2025-06-02,Marketing,El Oued,8-11 ans,Bac,12,Stage,1,"Expérience requise: 8-11 ans. Éducation: Bac, 12 ans. As Chief Cloud Architect, you'll design innovative projects. En tant que Chief Cloud Architect, vous serez amené à gérer les relations clients.",,658158,"Python, SQL, Cloud Computing, Java"
Civil Engineer,,IT Support,Mid,2024-04-29,2024-05-26,2024-05-26,Juridique,Sétif,10-18 ans,Doctorat,20,Stage,3,"Profil recherché (FR):
Responsabilités: Excel; SQL; Negotiation; Python
Profil:
- Data Analysis
- Communication
- Cloud
- Organization
Compétences: UX/UI; SQL; Data Analysis; Graphic Design
Avantages: SQL, Java, Budgeting
",,446050,"C++, Docker, Java, Cloud Computing, Kubernetes"
Network Admin,,Customer Success,Junior,11 April 2025,2025-05-08,2025-05-08,Admin,Blida,5-13 ans,None,0,Temporaire,2,"Profil recherché (EN):
Responsabilités: Communication, CAD, Negotiation, Budgeting, Maintenance
Profil: Communication, CAD
Compétences:
- Digital Marketing
- Negotiation
- Cloud
Avantages:
- Data Analysis
- Java
","Voiture de fonction, Télétravail partiel, Assurance santé",461966,"DevOps, Docker, Kubernetes, Cloud Computing, Network Security, SQL"
Security Officer,,Investor Relations,Junior,02/03/2025,12 April 2025,2025-04-12,Finance,El Oued,5-7 ans,Licence,16,Volontariat,2,"Profil recherché (FR):
Responsabilités: Project Mgmt, Budgeting
Profil: CAD, Communication, Maintenance, Project Mgmt, Technical Writing
Compétences: Digital Marketing, CAD, Leadership, Blockchain
Avantages: Excel; Graphic Design; Communication; Python; Research
",,487960,"Kubernetes, Java, Python, Cloud Computing, Machine Learning, Docker"
Project Manager,,Business Development,Junior,29/12/2024,31 January 2025,2025-01-31,Admin,El Oued,4-9 ans,Master,18,CDI,1,"Contrat: CDI. Localisation: El Oued. Département: Engineering. En tant que Junior Project Manager, vous serez amené à superviser les relations clients. Expérience requise: 4-9 ans. Éducation: Master, 18 ans.",Ticket Restaurant,457949,"Quality Control, Inventory Control, Logistics, Process Optimization, Supply Chain Management, Lean Management"
Network Admin,,Quality Assurance,Senior,16/11/2024,01/12/2024,2024-12-01,Juridique,Saïda,1-11 ans,Master,18,Alternance,5,"As Senior Network Admin, you'll design strategic projects. En tant que Senior Network Admin, vous serez amené à coordonner les relations clients. Contrat: Alternance. Localisation: Saïda. Département: Operations.",,542391,"DevOps, Machine Learning, Java, SQL, Cloud Computing, Python, C++"
Event Planner,,Data Science,Lead,2024-07-31,2024-10-06,2024-10-06,Admin,Blida,1-11 ans,Bac,12,Temps plein,1,"Profil recherché (MIX):
Responsabilités: Network Security; Excel
Profil: Network Security, Customer Service, SEO
Compétences: SEO; Strategic Planning; SQL; Graphic Design
Avantages: Java, Digital Marketing, Maintenance
",,889768,"Problem Solving, Critical Thinking, Time Management, Teamwork, Communication, Adaptability"
Video Editor,,Corporate Affairs,Junior,10 November 2024,2025-01-25,2025-01-25,Finance,Tlemcen,9-12 ans,Master,18,CDD,3,"Profil recherché (EN):
Responsabilités:
- Teamwork
- SQL
- Graphic Design
- Negotiation
Profil: Strategic Planning, Research, Coordination
Compétences: Excel, Customer Service
Avantages: Strategic Planning; Negotiation; Leadership; Budgeting; Digital Marketing
",,453121,"SQL, Network Security, Java, Python, DevOps, Docker, C++"
Logistics Coord.,,Data Science,Mid,2025-03-21,2025-04-26,2025-04-26,RH,Alger,3-8 ans,Master,18,Temporaire,2,"Profil recherché (EN):
Responsabilités:
- Technical Writing
- Logistics
- Coordination
- Communication
- Leadership
Profil: Graphic Design; Strategic Planning; Machine Learning; Java
Compétences: Customer Service; CAD
Avantages: Budgeting, Python
","Formation continue, Horaires flexibles, Assurance santé",829633,"Inventory Control, Logistics, Quality Control, Lean Management, Process Optimization, Supply Chain Management"
AI Ethics Consultant,,Logistics,Chief,17/09/2024,15/11/2024,2024-11-15,Marketing,Oran,1-1 ans,Licence,16,CDD,2,"As Chief AI Ethics Consultant, you'll design strategic projects. Expérience requise: 1-1 ans. Éducation: Licence, 16 ans. Contrat: CDD. Localisation: Oran. Département: Legal.",,279516,"Adaptability, Critical Thinking, Teamwork, Time Management, Problem Solving, Communication"
Social Media Mgr,,Procurement,Chief,"Oct 11, 2024",15/11/2024,2024-11-15,Juridique,Sétif,0-9 ans,Doctorat,20,Alternance,1,"Profil recherché (FR):
Responsabilités:
- Communication
- Maintenance
- Cloud
Profil: Organization; Teamwork; Technical Writing; Data Analysis
Compétences: Leadership; Teamwork
Avantages: Communication; Machine Learning; Data Analysis; Technical Writing; Blockchain
","Horaires flexibles, Participation bénéfices, Assurance santé",295066,"Social Media, Google Analytics, Content Strategy, Public Relations"
Restaurant Manager,,Product,Chief,"Aug 08, 2024",20 August 2024,2024-08-20,Logistique,Tlemcen,10-12 ans,Licence,16,CDI,5,"Expérience requise: 10-12 ans. Éducation: Licence, 16 ans. En tant que Chief Restaurant Manager, vous serez amené à gérer les relations clients. As Chief Restaurant Manager, you'll manage strategic projects.",Télétravail partiel,355645,"Inventory Control, Supply Chain Management, Logistics, Process Optimization"
Software Engineer,,Compliance,Chief,17 June 2024,29 July 2024,2024-07-29,Santé,Télétravail,8-10 ans,Master,18,Temps plein,3,"Expérience requise: 8-10 ans. Éducation: Master, 18 ans. En tant que Chief Software Engineer, vous serez amené à gérer les systèmes. Contrat: Temps plein. Localisation: Télétravail. Département: Sales.","Prime performance, Voiture de fonction",676949,"Network Security, Java, Python, Cloud Computing, C++"
PR Officer,,Risk Management,Chief,24/05/2024,22 June 2024,2024-06-22,Logistique,Hybride,8-16 ans,Licence,16,Freelance,3,"Contrat: Freelance. Localisation: Hybride. Département: Legal. En tant que Chief PR Officer, vous serez amené à coordonner les relations clients. As Chief PR Officer, you'll manage critical projects.",Participation bénéfices,851849,"Adaptability, Time Management, Problem Solving, Teamwork, Communication, Critical Thinking"
UX Designer,,Product,Junior,25/10/2024,10 January 2025,2025-01-10,Santé,El Oued,6-9 ans,Master,18,Stage,2,"En tant que Junior UX Designer, vous serez amené à gérer les processus. As Junior UX Designer, you'll design critical projects. Contrat: Stage. Localisation: El Oued. Département: Finance.","Voiture de fonction, Ticket Restaurant, Prime performance",312134,"Typography, Figma, Illustrator, Prototyping"
CMO,,Strategy,Junior,08/07/2024,25/09/2024,2024-09-25,Santé,Constantine,10-13 ans,Bac,12,Temporaire,10,"Contrat: Temporaire. Localisation: Constantine. Département: Finance. Expérience requise: 10-13 ans. Éducation: Bac, 12 ans. As Junior CMO, you'll perform key projects.",,880996,"Teamwork, Problem Solving, Adaptability, Time Management, Communication, Critical Thinking"
Software Engineer,,Public Relations,Junior,"Feb 01, 2025",16 March 2025,2025-03-16,Ingénierie,Béjaïa,7-7 ans,Doctorat,20,Freelance,5,"Profil recherché (FR):
Responsabilités: Compliance; Java; Network Security; Cloud; Teamwork
Profil: Coordination, SEO
Compétences: Teamwork, SEO, Python, Budgeting
Avantages: Network Security; Graphic Design; Negotiation
","Formation continue, Prime performance, Télétravail partiel",347742,"Machine Learning, Python, C++, Network Security, Cloud Computing"
AI Ethics Consultant,,Compliance,Mid,2025-01-06,06/04/2025,2025-04-06,Ventes,Oran,9-11 ans,Master,18,CDI,10,"Profil recherché (EN):
Responsabilités: Coordination, Compliance, Research
Profil: Communication, Data Analysis
Compétences:
- Cloud
- Customer Service
- Technical Writing
- UX/UI
Avantages: Cloud; Excel; Research; Compliance
",Formation continue,626116,"Teamwork, Communication, Critical Thinking, Adaptability, Time Management, Problem Solving"
App Developer,,Public Relations,Mid,2025-02-14,2025-03-07,2025-03-07,Santé,Ghardaïa,2-8 ans,Master,18,Volontariat,10,"Profil recherché (EN):
Responsabilités: Cloud; Blockchain; Excel
Profil:
- Network Security
- Communication
Compétences: Customer Service; Technical Writing; Excel; CAD; Data Analysis
Avantages: Organization; Python; Excel; Graphic Design; CAD
","Participation bénéfices, Horaires flexibles",368831,"SQL, Cloud Computing, Machine Learning, DevOps, Java"
Operations Manager,,Technical Support,Chief,"Jun 14, 2024",27/07/2024,2024-07-27,RH,Télétravail,9-14 ans,Licence,16,CDD,3,"Profil recherché (EN):
Responsabilités: Communication; Cloud; Compliance
Profil:
- Maintenance
- Digital Marketing
- Graphic Design
- Blockchain
- Cloud
Compétences: Machine Learning, SEO, Digital Marketing, Maintenance, Organization
Avantages: Customer Service; Maintenance; Budgeting; Strategic Planning
","Voiture de fonction, Télétravail partiel, Ticket Restaurant",436507,"Logistics, Quality Control, Supply Chain Management, Process Optimization, Lean Management, Inventory Control"
Exec. Assistant,,Research & Development,Mid,19 July 2024,22 August 2024,2024-08-22,Ventes,Alger,4-4 ans,Master,18,Freelance,1,"Contrat: Freelance. Localisation: Alger. Département: Legal. Expérience requise: 4-4 ans. Éducation: Master, 18 ans. As Mid Exec. Assistant, you'll manage key projects.",Horaires flexibles,274648,"Data Entry, Customer Service, Document Control, Office Management, Scheduling"
Logistics Coord.,,Compliance,Junior,25/08/2024,2024-09-08,2024-09-08,Ingénierie,Télétravail,8-11 ans,Bac,12,CDI,3,"Profil recherché (EN):
Responsabilités:
- Project Mgmt
- SEO
- Python
- Logistics
- UX/UI
Profil:
- Blockchain
- CAD
- Excel
- SEO
- Digital Marketing
Compétences:
- Compliance
- Teamwork
- Budgeting
- CAD
Avantages:
- Customer Service
- Blockchain
","Horaires flexibles, Formation continue",602574,"Supply Chain Management, Logistics, Inventory Control, Lean Management, Process Optimization, Quality Control"
Social Media Mgr,,Risk Management,Lead,07 August 2024,14/08/2024,2024-08-14,Ingénierie,Sétif,6-14 ans,Licence,16,Freelance,2,"Profil recherché (EN):
Responsabilités: SQL, Leadership
Profil:
- Negotiation
- CAD
Compétences:
- Machine Learning
- Data Analysis
- CAD
- Negotiation
- Python
Avantages:
- Customer Service
- CAD
- Logistics
- Research
- Communication
",Prime performance,498660,"Content Strategy, Google Analytics, Public Relations, Email Marketing, SEO, Brand Management"
PR Officer,,Administration,Chief,"Nov 28, 2024",21/01/2025,2025-01-21,Santé,El Oued,7-13 ans,Bac,12,Temps partiel,5,"Profil recherché (MIX):
Responsabilités: SEO, Research, Excel, Project Mgmt
Profil: Maintenance; SQL
Compétences: Cloud, Customer Service, Coordination
Avantages: Excel; CAD; SQL; UX/UI
",Participation bénéfices,154642,"Adaptability, Problem Solving, Time Management, Teamwork, Communication"
Civil Engineer,,Strategy,Senior,2025-01-20,08/03/2025,2025-03-08,Juridique,Béjaïa,8-11 ans,Bac,12,Freelance,5,"En tant que Senior Civil Engineer, vous serez amené à superviser les processus. Contrat: Freelance. Localisation: Béjaïa. Département: Sales. As Senior Civil Engineer, you'll lead critical projects.",Horaires flexibles,490072,"Kubernetes, Python, C++, Docker, DevOps, Java"
Graphic Designer,,Compliance,Junior,2024-10-02,2024-11-26,2024-11-26,Finance,El Oued,0-5 ans,Doctorat,20,Freelance,10,"Expérience requise: 0-5 ans. Éducation: Doctorat, 20 ans. En tant que Junior Graphic Designer, vous serez amené à gérer les relations clients. Contrat: Freelance. Localisation: El Oued. Département: IT.","Prime performance, Voiture de fonction",257078,"UX Research, Sketch, Adobe Photoshop, Figma"
Video Editor,,Business Development,Lead,18 March 2025,21/05/2025,2025-05-21,Admin,Hybride,6-10 ans,Bac,12,Temps plein,3,"En tant que Lead Video Editor, vous serez amené à développer les systèmes. As Lead Video Editor, you'll manage innovative projects. Contrat: Temps plein. Localisation: Hybride. Département: HR.",,560370,"SQL, Network Security, Java, Python, DevOps, Docker"
Restaurant Manager,,Strategy,Mid,"Sep 24, 2024",2024-10-01,2024-10-01,Ventes,Béjaïa,1-6 ans,Master,18,Freelance,5,"Contrat: Freelance. Localisation: Béjaïa. Département: Legal. As Mid Restaurant Manager, you'll design critical projects. En tant que Mid Restaurant Manager, vous serez amené à superviser l’équipe.",,504255,"Supply Chain Management, Process Optimization, Quality Control, Logistics, Lean Management"
Network Admin,,Procurement,Junior,2024-08-21,2024-09-26,2024-09-26,RH,Blida,6-10 ans,Doctorat,20,Stage,1,"Expérience requise: 6-10 ans. Éducation: Doctorat, 20 ans. Contrat: Stage. Localisation: Blida. Département: Finance. En tant que Junior Network Admin, vous serez amené à gérer les processus.",Télétravail partiel,603040,"Cloud Computing, SQL, DevOps, Docker, Machine Learning"
AI Ethics Consultant,,IT Support,Lead,"Dec 08, 2024",18/02/2025,2025-02-18,Ventes,Sétif,8-9 ans,Licence,16,Temporaire,3,"Profil recherché (FR):
Responsabilités: SEO, CAD, Technical Writing, Compliance, Data Analysis
Profil:
- Network Security
- Cloud
- Negotiation
- Compliance
- Graphic Design
Compétences: Research, CAD
Avantages: SQL; SEO; Cloud
",,219433,"Adaptability, Teamwork, Problem Solving, Time Management"
Digital Marketer,,Design,Chief,2024-11-05,2024-12-26,2024-12-26,Marketing,Alger,4-13 ans,Doctorat,20,Temps partiel,10,"As Chief Digital Marketer, you'll lead strategic projects. Expérience requise: 4-13 ans. Éducation: Doctorat, 20 ans. Contrat: Temps partiel. Localisation: Alger. Département: Marketing.",,370680,"Machine Learning, DevOps, Cloud Computing, Java, Python, Docker, Network Security"
Data Scientist,,Customer Success,Chief,20/05/2024,2024-08-07,2024-08-07,RH,Blida,9-12 ans,Doctorat,20,Volontariat,2,"Profil recherché (EN):
Responsabilités:
- Budgeting
- Blockchain
- Coordination
- Graphic Design
- Data Analysis
Profil: Java; Machine Learning; Blockchain
Compétences: Research; Network Security; SQL; Blockchain
Avantages:
- Blockchain
- Communication
- Strategic Planning
",,892631,"Kubernetes, Java, Machine Learning, Network Security, DevOps, Docker, Cloud Computing"
Data Engineer,,Compliance,Senior,02 May 2024,26 July 2024,2024-07-26,Admin,Annaba,5-10 ans,None,0,Freelance,2,"Contrat: Freelance. Localisation: Annaba. Département: Engineering. As Senior Data Engineer, you'll manage key projects. Expérience requise: 5-10 ans. Éducation: None, 0 ans.","Formation continue, Horaires flexibles, Ticket Restaurant",850073,"DevOps, Python, Network Security, Kubernetes, C++, Docker, Java"
Data Scientist,,Logistics,Senior,"Jun 18, 2024",2024-07-24,2024-07-24,Logistique,Ghardaïa,2-4 ans,Doctorat,20,CDI,1,"Contrat: CDI. Localisation: Ghardaïa. Département: Finance. En tant que Senior Data Scientist, vous serez amené à coordonner les processus. Expérience requise: 2-4 ans. Éducation: Doctorat, 20 ans.",,707683,"SQL, Docker, Python, Cloud Computing, C++"
Bioengineer,,Customer Success,Junior,20/09/2024,22/11/2024,2024-11-22,Finance,Tizi Ouzou,6-11 ans,Doctorat,20,Stage,3,"Profil recherché (MIX):
Responsabilités:
- Blockchain
- Maintenance
- SEO
- Technical Writing
- Teamwork
Profil: Logistics, Maintenance, Excel, CAD
Compétences: Project Mgmt, Excel, Coordination
Avantages:
- Teamwork
- Machine Learning
",,680220,"Machine Learning, DevOps, Python, Java, Kubernetes"
Content Writer,,Health & Safety,Senior,2025-01-11,31/03/2025,2025-03-31,Santé,Sétif,8-14 ans,None,0,Freelance,3,"Contrat: Freelance. Localisation: Sétif. Département: Finance. As Senior Content Writer, you'll perform critical projects. Expérience requise: 8-14 ans. Éducation: None, 0 ans.","Participation bénéfices, Voiture de fonction, Ticket Restaurant",601497,"Machine Learning, Cloud Computing, C++, Kubernetes, SQL, Network Security, Docker"
HR Coordinator,,Logistics,Chief,22 October 2024,03 December 2024,2024-12-03,Ventes,Oran,9-18 ans,Doctorat,20,Volontariat,10,"Profil recherché (MIX):
Responsabilités: UX/UI, Research
Profil:
- Teamwork
- Project Mgmt
- Organization
- Strategic Planning
Compétences:
- Python
- Digital Marketing
- Machine Learning
- Project Mgmt
- Organization
Avantages:
- Graphic Design
- Project Mgmt
- Teamwork
- Python
- Negotiation
","Télétravail partiel, Formation continue",416219,"Recruitment, Payroll, HRIS, Performance Management"
Logistics Coord.,,Risk Management,Senior,19/09/2024,2024-09-30,2024-09-30,Juridique,Alger,5-8 ans,Doctorat,20,Temps partiel,10,"As Senior Logistics Coord., you'll design innovative projects. Contrat: Temps partiel. Localisation: Alger. Département: Marketing. En tant que Senior Logistics Coord., vous serez amené à superviser l’équipe.","Participation bénéfices, Assurance santé, Formation continue",255439,"Quality Control, Lean Management, Logistics, Supply Chain Management"
Bioengineer,,Health & Safety,Junior,09 January 2025,23 February 2025,2025-02-23,Santé,Hybride,0-3 ans,Bac,12,CDI,2,"As Junior Bioengineer, you'll lead strategic projects. En tant que Junior Bioengineer, vous serez amené à superviser les systèmes. Expérience requise: 0-3 ans. Éducation: Bac, 12 ans.",Horaires flexibles,486865,"Kubernetes, Machine Learning, Cloud Computing, SQL"
Operations Manager,,Training,Lead,08/01/2025,26/01/2025,2025-01-26,Ingénierie,Télétravail,2-8 ans,Doctorat,20,Alternance,10,"Profil recherché (EN):
Responsabilités: Technical Writing; Graphic Design; SEO; Blockchain
Profil: Teamwork, Organization, Digital Marketing
Compétences:
- Research
- Graphic Design
Avantages: Project Mgmt, Maintenance, Negotiation
",Ticket Restaurant,565615,"Inventory Control, Quality Control, Supply Chain Management, Lean Management, Process Optimization, Logistics"
QA Engineer,,Administration,Mid,13 April 2025,26 June 2025,2025-06-26,Ventes,Saïda,10-10 ans,None,0,Temps plein,10,"En tant que Mid QA Engineer, vous serez amené à coordonner les processus. As Mid QA Engineer, you'll manage strategic projects. Expérience requise: 10-10 ans. Éducation: None, 0 ans.",Participation bénéfices,701307,"Python, Machine Learning, C++, SQL"
Researcher,,Administration,Mid,"May 27, 2024",13/08/2024,2024-08-13,Finance,Sétif,4-12 ans,Licence,16,Temps plein,5,"Contrat: Temps plein. Localisation: Sétif. Département: HR. En tant que Mid Researcher, vous serez amené à développer l’équipe. Expérience requise: 4-12 ans. Éducation: Licence, 16 ans.","Participation bénéfices, Prime performance, Assurance santé",436731,"Patient Care, HIPAA Compliance, Medical Terminology, Clinical Trials"
Network Admin,,Logistics,Senior,14/09/2024,25 November 2024,2024-11-25,Informatique,Tizi Ouzou,5-15 ans,Doctorat,20,Temporaire,3,"As Senior Network Admin, you'll design key projects. En tant que Senior Network Admin, vous serez amené à coordonner les systèmes. Expérience requise: 5-15 ans. Éducation: Doctorat, 20 ans.",,428872,"Cloud Computing, Python, SQL, Machine Learning"
Env. Consultant,,Compliance,Junior,12 September 2024,07 October 2024,2024-10-07,Finance,Oran,4-11 ans,Master,18,Stage,5,"Profil recherché (MIX):
Responsabilités: UX/UI, Excel, CAD
Profil:
- Blockchain
- Organization
- Maintenance
- Network Security
- Data Analysis
Compétences: Leadership, Excel, Digital Marketing
Avantages: Java; Project Mgmt; Negotiation; Cloud; SQL
",,370001,"Teamwork, Problem Solving, Communication, Time Management, Adaptability"
Bioengineer,,Health & Safety,Mid,17 August 2024,19 October 2024,2024-10-19,Logistique,Annaba,10-20 ans,Licence,16,CDD,1,"Contrat: CDD. Localisation: Annaba. Département: Marketing. Expérience requise: 10-20 ans. Éducation: Licence, 16 ans. As Mid Bioengineer, you'll manage key projects.",,767626,"Java, C++, SQL, Network Security, Cloud Computing, DevOps"
Med. Rep,,Administration,Junior,08 June 2024,12 August 2024,2024-08-12,Juridique,Constantine,3-3 ans,Licence,16,Temporaire,5,"Expérience requise: 3-3 ans. Éducation: Licence, 16 ans. En tant que Junior Med. Rep, vous serez amené à coordonner les processus. As Junior Med. Rep, you'll lead strategic projects.",Voiture de fonction,387081,"Problem Solving, Time Management, Adaptability, Teamwork, Critical Thinking, Communication"
Pharmacist,,Public Relations,Chief,"Jun 12, 2024",15 July 2024,2024-07-15,Admin,Béjaïa,9-19 ans,Licence,16,CDD,1,"Profil recherché (MIX):
Responsabilités: Teamwork; Coordination; Budgeting; Organization
Profil: Blockchain, Maintenance, UX/UI
Compétences:
- Data Analysis
- Digital Marketing
Avantages:
- Maintenance
- Python
- Technical Writing
- Compliance
- Customer Service
",,367753,"Patient Care, Medical Terminology, Pharmacovigilance, HIPAA Compliance, Clinical Trials"
Software Engineer,,Administration,Chief,"Dec 19, 2024",2025-03-16,2025-03-16,Informatique,Tlemcen,5-9 ans,Bac,12,Stage,10,"Profil recherché (MIX):
Responsabilités: Maintenance; Cloud; Teamwork; Research; Compliance
Profil: CAD, Strategic Planning, Negotiation, Logistics, UX/UI
Compétences: Strategic Planning, Data Analysis, Logistics, CAD, Budgeting
Avantages:
- Excel
- Blockchain
","Ticket Restaurant, Prime performance",479653,"Cloud Computing, C++, DevOps, Docker"
Data Engineer,,Product,Junior,"Dec 19, 2024",2025-02-10,2025-02-10,Santé,Constantine,3-5 ans,Bac,12,Stage,2,"Profil recherché (MIX):
Responsabilités: Logistics, Coordination
Profil:
- SEO
- Network Security
- Communication
- SQL
Compétences:
- Digital Marketing
- Organization
- Data Analysis
Avantages:
- Java
- Digital Marketing
- Compliance
- Logistics
- SEO
",Ticket Restaurant,429627,"Cloud Computing, Docker, Machine Learning, Java, Python, C++"
Volunteer Coord.,,Corporate Affairs,Junior,"Nov 05, 2024",27 November 2024,2024-11-27,Juridique,El Oued,10-20 ans,Doctorat,20,Temps plein,10,"Profil recherché (MIX):
Responsabilités: Strategic Planning, Machine Learning, Customer Service, Coordination
Profil: Maintenance, Communication, Project Mgmt
Compétences: Teamwork; SQL
Avantages: Maintenance; Network Security; Budgeting
",,359973,"Communication, Problem Solving, Adaptability, Critical Thinking, Time Management"
Med. Rep,,Customer Success,Mid,"May 26, 2024",2024-08-13,2024-08-13,RH,Constantine,10-10 ans,None,0,CDD,2,"Profil recherché (EN):
Responsabilités: Research, Strategic Planning, Negotiation, Machine Learning
Profil: Coordination, SQL, Blockchain, Maintenance, Technical Writing
Compétences:
- Data Analysis
- Customer Service
- Research
Avantages: Python, Blockchain
","Prime performance, Formation continue, Participation bénéfices",235156,"Problem Solving, Time Management, Communication, Adaptability"
Security Officer,,Training,Lead,2024-12-13,31/01/2025,2025-01-31,Logistique,Hybride,7-8 ans,None,0,Alternance,1,"Profil recherché (MIX):
Responsabilités:
- Machine Learning
- Java
- UX/UI
- SQL
- Maintenance
Profil:
- Leadership
- Excel
Compétences: Project Mgmt, Excel, Research, Maintenance
Avantages: Machine Learning, UX/UI, Graphic Design
",Ticket Restaurant,497672,"Python, C++, Cloud Computing, Kubernetes, SQL"
Social Media Mgr,,Quality Assurance,Mid,"Aug 02, 2024",17 September 2024,2024-09-17,Logistique,Télétravail,1-9 ans,Master,18,CDI,2,"Profil recherché (MIX):
Responsabilités:
- Research
- Machine Learning
- Network Security
Profil: Project Mgmt, SEO, Java, Excel, Research
Compétences:
- CAD
- Organization
- Leadership
- Research
Avantages: SQL, Cloud, Compliance
",,484104,"Public Relations, Content Strategy, SEO, Campaign Planning, Email Marketing, Social Media, Google Analytics"
Video Editor,,Administration,Chief,08/09/2024,02 November 2024,2024-11-02,Admin,Saïda,5-13 ans,Master,18,Alternance,1,"En tant que Chief Video Editor, vous serez amené à gérer les systèmes. As Chief Video Editor, you'll lead strategic projects. Contrat: Alternance. Localisation: Saïda. Département: Sales.","Horaires flexibles, Voiture de fonction",331775,"SQL, Machine Learning, Kubernetes, Java, Cloud Computing, DevOps"
SEO Specialist,,Corporate Affairs,Lead,"Apr 20, 2025",09 May 2025,2025-05-09,Marketing,Béjaïa,5-15 ans,Master,18,CDD,3,"As Lead SEO Specialist, you'll design innovative projects. Contrat: CDD. Localisation: Béjaïa. Département: Finance. En tant que Lead SEO Specialist, vous serez amené à développer les processus.",Télétravail partiel,334933,"Email Marketing, Google Analytics, Brand Management, Public Relations, Content Strategy, SEO"
Digital Marketer,,Logistics,Lead,18 October 2024,01 December 2024,2024-12-01,Marketing,Constantine,4-5 ans,None,0,Temps plein,10,"As Lead Digital Marketer, you'll perform strategic projects. Contrat: Temps plein. Localisation: Constantine. Département: Operations. En tant que Lead Digital Marketer, vous serez amené à superviser les systèmes.","Ticket Restaurant, Participation bénéfices",705872,"Docker, DevOps, SQL, Java, C++, Cloud Computing"
Pharmacist,,Risk Management,Senior,26/12/2024,09/01/2025,2025-01-09,Finance,Télétravail,3-8 ans,Licence,16,CDD,5,"En tant que Senior Pharmacist, vous serez amené à coordonner les systèmes. Contrat: CDD. Localisation: Télétravail. Département: IT. Expérience requise: 3-8 ans. Éducation: Licence, 16 ans.",,158436,"Pharmacovigilance, Patient Care, Clinical Trials, Medical Terminology, HIPAA Compliance"
Maintenance Tech,,IT Support,Chief,"Jan 25, 2025",21 April 2025,2025-04-21,Informatique,El Oued,3-13 ans,Bac,12,Temps plein,5,"Contrat: Temps plein. Localisation: El Oued. Département: Sales. As Chief Maintenance Tech, you'll perform innovative projects. Expérience requise: 3-13 ans. Éducation: Bac, 12 ans.","Horaires flexibles, Formation continue, Assurance santé",352690,"Time Management, Teamwork, Critical Thinking, Communication, Problem Solving, Adaptability"
HR Coordinator,,Logistics,Senior,"Sep 13, 2024",18 November 2024,2024-11-18,Ventes,Sétif,3-11 ans,Licence,16,Temps partiel,10,"Profil recherché (FR):
Responsabilités: Communication, Project Mgmt, Network Security
Profil: Technical Writing; Python; Blockchain; Maintenance; Budgeting
Compétences:
- Maintenance
- Logistics
- Java
- Network Security
Avantages:
- Network Security
- Customer Service
- Graphic Design
",,260594,"Performance Management, Onboarding, Payroll, Recruitment"
Risk Manager,,IT Support,Senior,02/06/2024,16 July 2024,2024-07-16,Admin,El Oued,4-4 ans,Doctorat,20,Alternance,3,"Contrat: Alternance. Localisation: El Oued. Département: Legal. As Senior Risk Manager, you'll perform key projects. En tant que Senior Risk Manager, vous serez amené à superviser les systèmes.","Voiture de fonction, Ticket Restaurant",591053,"Inventory Control, Logistics, Supply Chain Management, Lean Management, Process Optimization, Quality Control"
Cloud Architect,,Product,Lead,"Nov 04, 2024",2024-12-07,2024-12-07,Santé,Béjaïa,5-15 ans,Doctorat,20,Alternance,3,"Profil recherché (EN):
Responsabilités: Python; Budgeting; Communication; Research
Profil: Excel, Java
Compétences:
- Teamwork
- Strategic Planning
Avantages: Customer Service; Research; SEO
",Horaires flexibles,333349,"Network Security, C++, Cloud Computing, Kubernetes, Docker, SQL, Machine Learning"
Content Writer,,Customer Success,Junior,26 May 2024,07/08/2024,2024-08-07,Ingénierie,Béjaïa,5-13 ans,Licence,16,Alternance,2,"Expérience requise: 5-13 ans. Éducation: Licence, 16 ans. As Junior Content Writer, you'll manage strategic projects. En tant que Junior Content Writer, vous serez amené à coordonner les processus.",Voiture de fonction,840669,"Docker, Python, Cloud Computing, Kubernetes, Network Security, C++"
Volunteer Coord.,,Data Science,Lead,15/08/2024,05 September 2024,2024-09-05,Ventes,Oran,1-9 ans,Doctorat,20,Stage,3,"Profil recherché (FR):
Responsabilités: Maintenance, CAD, Budgeting
Profil:
- Digital Marketing
- Research
- Java
- Cloud
Compétences: Strategic Planning; Excel; Cloud
Avantages: Network Security; CAD; Graphic Design; Excel
","Prime performance, Assurance santé, Participation bénéfices",329623,"Problem Solving, Communication, Teamwork, Critical Thinking, Adaptability, Time Management"
Blockchain Dev,,IT Support,Mid,"Feb 06, 2025",05 March 2025,2025-03-05,Logistique,Tizi Ouzou,10-12 ans,Bac,12,Temporaire,2,"As Mid Blockchain Dev, you'll lead strategic projects. En tant que Mid Blockchain Dev, vous serez amené à développer les processus. Contrat: Temporaire. Localisation: Tizi Ouzou. Département: Engineering.",Participation bénéfices,480066,"Problem Solving, Communication, Teamwork, Critical Thinking"
Exec. Assistant,,IT Support,Chief,28/12/2024,22 February 2025,2025-02-22,Ingénierie,Oran,4-7 ans,Licence,16,Temps partiel,1,"As Chief Exec. Assistant, you'll lead critical projects. Expérience requise: 4-7 ans. Éducation: Licence, 16 ans. Contrat: Temps partiel. Localisation: Oran. Département: Sales.",Télétravail partiel,193912,"Office Management, Document Control, Data Entry, Customer Service, Scheduling"
Translator,,Health & Safety,Junior,13/03/2025,2025-05-21,2025-05-21,Juridique,Tizi Ouzou,1-11 ans,Licence,16,Freelance,3,"Profil recherché (MIX):
Responsabilités: Negotiation; Network Security; Java; Maintenance; Logistics
Profil: Strategic Planning; Project Mgmt
Compétences:
- Digital Marketing
- Organization
- Project Mgmt
Avantages:
- CAD
- Machine Learning
- Logistics
- Maintenance
",,360129,"Time Management, Critical Thinking, Problem Solving, Adaptability, Communication, Teamwork"
Graphic Designer,,Research & Development,Lead,13 May 2024,2024-06-21,2024-06-21,Admin,Saïda,5-14 ans,Licence,16,Temporaire,2,"En tant que Lead Graphic Designer, vous serez amené à superviser les systèmes. As Lead Graphic Designer, you'll perform critical projects. Expérience requise: 5-14 ans. Éducation: Licence, 16 ans.","Formation continue, Voiture de fonction, Ticket Restaurant",212343,"Typography, Illustrator, Prototyping, UX Research, Adobe Photoshop, Sketch"
AI Ethics Consultant,,Training,Junior,30/09/2024,2024-11-29,2024-11-29,Juridique,Blida,2-4 ans,Licence,16,Temporaire,3,"Expérience requise: 2-4 ans. Éducation: Licence, 16 ans. As Junior AI Ethics Consultant, you'll lead innovative projects. En tant que Junior AI Ethics Consultant, vous serez amené à gérer les relations clients.",Prime performance,203258,"Teamwork, Problem Solving, Adaptability, Communication, Critical Thinking, Time Management"
Med. Rep,,Training,Chief,28/04/2024,2024-07-13,2024-07-13,Marketing,Constantine,2-11 ans,Bac,12,Alternance,3,"Profil recherché (EN):
Responsabilités: Customer Service, Project Mgmt, Machine Learning, Strategic Planning, SQL
Profil: Organization; Customer Service
Compétences: Organization, Java, Blockchain, Communication
Avantages:
- Leadership
- Strategic Planning
- Network Security
- Communication
- Coordination
","Participation bénéfices, Formation continue, Horaires flexibles",277306,"Communication, Time Management, Critical Thinking, Teamwork, Adaptability, Problem Solving"
Recruiter,,Data Science,Junior,07 October 2024,2024-11-27,2024-11-27,Finance,Télétravail,0-9 ans,Master,18,Volontariat,3,"Contrat: Volontariat. Localisation: Télétravail. Département: Sales. Expérience requise: 0-9 ans. Éducation: Master, 18 ans. En tant que Junior Recruiter, vous serez amené à gérer les systèmes.",,832999,"Java, C++, SQL, DevOps, Docker, Cloud Computing, Machine Learning"
Data Engineer,,Data Science,Senior,06 December 2024,2025-01-19,2025-01-19,Finance,Ghardaïa,10-15 ans,None,0,Temps plein,2,"En tant que Senior Data Engineer, vous serez amené à coordonner les processus. As Senior Data Engineer, you'll design critical projects. Contrat: Temps plein. Localisation: Ghardaïa. Département: Operations.",,306960,"Cloud Computing, Java, C++, Docker, Python, DevOps"
Customer Service Agent,,Data Science,Senior,24 June 2024,2024-08-28,2024-08-28,Ventes,Béjaïa,1-4 ans,None,0,Temps plein,1,"Profil recherché (FR):
Responsabilités:
- Coordination
- Machine Learning
- Graphic Design
- Teamwork
- Communication
Profil: Blockchain; CAD; Customer Service; Cloud
Compétences: CAD; Coordination
Avantages: Python; Blockchain
","Voiture de fonction, Assurance santé",876608,"Scheduling, Document Control, Office Management, Customer Service, Data Entry"
IT Intern,,Product,Lead,2024-05-16,26 May 2024,2024-05-26,Logistique,Sétif,7-17 ans,Doctorat,20,Stage,5,"Contrat: Stage. Localisation: Sétif. Département: Marketing. En tant que Lead IT Intern, vous serez amené à superviser l’équipe. Expérience requise: 7-17 ans. Éducation: Doctorat, 20 ans.","Ticket Restaurant, Assurance santé",693377,"SQL, Network Security, Python, Java"
Marketing Manager,,Customer Success,Chief,16/10/2024,28 November 2024,2024-11-28,Marketing,Alger,10-19 ans,Licence,16,Alternance,1,"As Chief Marketing Manager, you'll design innovative projects. En tant que Chief Marketing Manager, vous serez amené à coordonner l’équipe. Contrat: Alternance. Localisation: Alger. Département: Sales.","Participation bénéfices, Horaires flexibles",289726,"Public Relations, Google Analytics, SEO, Brand Management, Social Media, Campaign Planning, Email Marketing"
Project Manager,,Technical Support,Junior,14/02/2025,20/04/2025,2025-04-20,Finance,Béjaïa,8-13 ans,Doctorat,20,Freelance,1,"Profil recherché (MIX):
Responsabilités: Java; Leadership
Profil: Java, Budgeting, Network Security
Compétences: Java, Coordination, Excel, Teamwork, Cloud
Avantages: UX/UI, CAD, Data Analysis
","Participation bénéfices, Ticket Restaurant",304937,"Quality Control, Lean Management, Logistics, Process Optimization, Inventory Control, Supply Chain Management"
Legal Advisor,,Administration,Junior,17 February 2025,26 February 2025,2025-02-26,RH,Ghardaïa,4-4 ans,Doctorat,20,Temps plein,10,"Profil recherché (EN):
Responsabilités: CAD, Logistics, Cloud, Organization, Java
Profil:
- Java
- Teamwork
Compétences: Compliance, CAD, Communication, Negotiation
Avantages:
- Graphic Design
- Java
- Customer Service
","Prime performance, Voiture de fonction",463666,"Contract Drafting, Compliance, Litigation Support, Negotiation, Legal Research, Regulatory Affairs"
Sales Rep,,Product,Lead,06 March 2025,03/05/2025,2025-05-03,Santé,Alger,0-5 ans,Doctorat,20,Alternance,5,"Expérience requise: 0-5 ans. Éducation: Doctorat, 20 ans. As Lead Sales Rep, you'll manage innovative projects. En tant que Lead Sales Rep, vous serez amené à superviser les processus.",Prime performance,367573,"Problem Solving, Adaptability, Communication, Critical Thinking, Time Management, Teamwork"
CMO,,Design,Mid,31 August 2024,23/10/2024,2024-10-23,Juridique,Tizi Ouzou,5-14 ans,Licence,16,Temporaire,5,"Profil recherché (EN):
Responsabilités: Python, SEO, Communication, Java, Customer Service
Profil: Python, Network Security, SQL
Compétences:
- Budgeting
- Excel
Avantages: Cloud, Project Mgmt, Logistics, Organization
",,189736,"Communication, Time Management, Teamwork, Adaptability"
Graphic Designer,,Business Development,Senior,"Mar 17, 2025",01/04/2025,2025-04-01,Admin,Annaba,6-15 ans,Licence,16,Temps plein,5,"Profil recherché (MIX):
Responsabilités: Coordination; Excel; Compliance
Profil: Network Security; Java; Technical Writing; Project Mgmt; Compliance
Compétences:
- Strategic Planning
- CAD
- Technical Writing
- Organization
Avantages: SEO; Machine Learning; Digital Marketing; Cloud; Negotiation
",Assurance santé,446696,"Prototyping, Sketch, Typography, Figma"
UX Designer,,Business Development,Senior,18/03/2025,2025-03-30,2025-03-30,Ventes,Blida,0-6 ans,None,0,Volontariat,3,"En tant que Senior UX Designer, vous serez amené à gérer les systèmes. Expérience requise: 0-6 ans. Éducation: None, 0 ans. As Senior UX Designer, you'll design innovative projects.","Participation bénéfices, Voiture de fonction",366144,"Illustrator, Figma, Typography, Prototyping, Color Theory, UX Research, Sketch"
Civil Engineer,,Quality Assurance,Lead,2024-09-04,24/11/2024,2024-11-24,Ingénierie,Saïda,3-5 ans,Master,18,Temporaire,5,"Profil recherché (MIX):
Responsabilités:
- Blockchain
- Coordination
Profil: Data Analysis; Blockchain; Budgeting; Strategic Planning
Compétences: Customer Service; Python; Negotiation; Digital Marketing
Avantages: Maintenance; Technical Writing; Teamwork; Java; Network Security
",,564675,"DevOps, Docker, Python, Cloud Computing, Network Security, Kubernetes"
Volunteer Coord.,,Data Science,Lead,2025-01-03,10 March 2025,2025-03-10,Ventes,Hybride,6-12 ans,Doctorat,20,Temps plein,5,"Profil recherché (EN):
Responsabilités: Negotiation; Strategic Planning; Data Analysis; Logistics; Technical Writing
Profil:
- Excel
- Data Analysis
Compétences: Cloud; Maintenance
Avantages: Organization; Machine Learning; Project Mgmt; CAD; Negotiation
",Prime performance,259920,"Time Management, Adaptability, Critical Thinking, Teamwork, Problem Solving"
Software Engineer,,Research & Development,Chief,13/05/2024,30/07/2024,2024-07-30,Marketing,Ghardaïa,0-10 ans,Licence,16,Temps plein,10,"Profil recherché (EN):
Responsabilités: Python; Logistics; Maintenance
Profil: Data Analysis, SEO, Organization, Python, SQL
Compétences: Teamwork, Logistics, Digital Marketing
Avantages: Data Analysis; Project Mgmt
",,969428,"Cloud Computing, DevOps, Python, Docker, Java"
IT Intern,,Logistics,Lead,25 September 2024,2024-11-20,2024-11-20,Admin,Tizi Ouzou,1-11 ans,Doctorat,20,Freelance,2,"Profil recherché (EN):
Responsabilités:
- Budgeting
- Network Security
- Teamwork
- Project Mgmt
- Maintenance
Profil:
- Coordination
- SQL
- Python
- Budgeting
Compétences: Research, Project Mgmt, Compliance
Avantages: Java, Technical Writing
",Formation continue,793882,"Java, C++, Network Security, Machine Learning"
Digital Marketer,,IT Support,Chief,"Aug 18, 2024",27/10/2024,2024-10-27,Ingénierie,Alger,1-4 ans,None,0,CDI,2,"Profil recherché (FR):
Responsabilités: Compliance; Graphic Design
Profil: Customer Service, Cloud
Compétences:
- Logistics
- Teamwork
- Java
- CAD
- Python
Avantages: Leadership; Teamwork; Customer Service; Digital Marketing; Research
","Télétravail partiel, Ticket Restaurant",369972,"SQL, Network Security, Python, Docker, Cloud Computing, Machine Learning, Kubernetes"
SEO Specialist,,Risk Management,Chief,"Feb 16, 2025",30 April 2025,2025-04-30,Finance,Constantine,1-1 ans,Bac,12,CDI,1,"Contrat: CDI. Localisation: Constantine. Département: Legal. Expérience requise: 1-1 ans. Éducation: Bac, 12 ans. As Chief SEO Specialist, you'll lead critical projects.","Voiture de fonction, Prime performance, Participation bénéfices",270204,"Social Media, Brand Management, Google Analytics, SEO, Campaign Planning, Public Relations"
Software Engineer,,Risk Management,Chief,25/09/2024,2024-11-02,2024-11-02,Ingénierie,Annaba,3-9 ans,Doctorat,20,Volontariat,3,"Profil recherché (FR):
Responsabilités: Teamwork, Cloud, Technical Writing, Graphic Design, Organization
Profil: SEO, Excel, Teamwork
Compétences: Organization; Customer Service; Python
Avantages: Cloud, Communication
","Horaires flexibles, Prime performance, Assurance santé",505568,"SQL, Machine Learning, C++, Java, Docker, Network Security"
Restaurant Manager,,Data Science,Mid,04/01/2025,2025-01-14,2025-01-14,Marketing,Constantine,7-16 ans,Doctorat,20,Alternance,5,"Profil recherché (MIX):
Responsabilités:
- Technical Writing
- Blockchain
- Excel
- Python
Profil:
- Project Mgmt
- Excel
Compétences: Logistics, Teamwork, Negotiation, Java, Project Mgmt
Avantages:
- Research
- Teamwork
",Télétravail partiel,245571,"Process Optimization, Quality Control, Supply Chain Management, Logistics, Inventory Control, Lean Management"
Logistics Coord.,,Customer Success,Chief,2025-04-25,2025-06-02,2025-06-02,Admin,Blida,10-14 ans,Master,18,Freelance,3,"Profil recherché (FR):
Responsabilités: Technical Writing; UX/UI
Profil: Python; Coordination; Network Security
Compétences: Teamwork; Customer Service; Maintenance
Avantages:
- Java
- Strategic Planning
- Organization
- Budgeting
","Ticket Restaurant, Formation continue",435802,"Process Optimization, Supply Chain Management, Logistics, Inventory Control, Quality Control"
AI Ethics Consultant,,Procurement,Mid,2025-03-06,2025-05-28,2025-05-28,Ventes,Saïda,6-16 ans,Licence,16,Temps partiel,1,"Profil recherché (MIX):
Responsabilités: Python, Technical Writing, Negotiation, Blockchain
Profil: Communication, UX/UI, Network Security, Machine Learning, Data Analysis
Compétences: Negotiation; Strategic Planning
Avantages: SEO, Organization
","Voiture de fonction, Formation continue, Ticket Restaurant",437603,"Problem Solving, Adaptability, Teamwork, Critical Thinking"
AI Ethics Consultant,,Business Development,Senior,"Mar 11, 2025",18 May 2025,2025-05-18,Ingénierie,Saïda,5-8 ans,Master,18,Freelance,2,"Contrat: Freelance. Localisation: Saïda. Département: Finance. Expérience requise: 5-8 ans. Éducation: Master, 18 ans. En tant que Senior AI Ethics Consultant, vous serez amené à coordonner les relations clients.",,544942,"Problem Solving, Critical Thinking, Communication, Teamwork, Adaptability, Time Management"
Sales Rep,,Investor Relations,Junior,"Aug 17, 2024",08/10/2024,2024-10-08,Informatique,Sétif,6-13 ans,Licence,16,Temporaire,5,"Profil recherché (EN):
Responsabilités: Cloud, Teamwork, Coordination, Graphic Design
Profil: Blockchain; Leadership; Technical Writing
Compétences: Java, Leadership, UX/UI
Avantages: Graphic Design, Data Analysis, Teamwork, Digital Marketing, CAD
",Prime performance,293654,"Problem Solving, Critical Thinking, Communication, Time Management, Teamwork"
DB Admin,,Training,Junior,"Jan 24, 2025",04/04/2025,2025-04-04,Santé,Hybride,4-8 ans,Doctorat,20,CDD,5,"Profil recherché (MIX):
Responsabilités: Machine Learning, SQL, Coordination
Profil: Customer Service; Strategic Planning
Compétences:
- Research
- Graphic Design
- Digital Marketing
- Machine Learning
Avantages:
- Graphic Design
- Compliance
- Coordination
- Technical Writing
",Horaires flexibles,234538,"Office Management, Customer Service, Scheduling, Data Entry, Document Control"
Risk Manager,,Public Relations,Chief,2024-07-26,2024-08-05,2024-08-05,Logistique,Saïda,2-5 ans,Doctorat,20,CDD,3,"En tant que Chief Risk Manager, vous serez amené à coordonner les processus. Expérience requise: 2-5 ans. Éducation: Doctorat, 20 ans. Contrat: CDD. Localisation: Saïda. Département: Marketing.","Formation continue, Ticket Restaurant",481225,"Process Optimization, Quality Control, Lean Management, Supply Chain Management, Inventory Control, Logistics"
AI Ethics Consultant,,Product,Senior,14/03/2025,07 May 2025,2025-05-07,Ventes,Saïda,0-4 ans,None,0,Alternance,10,"Profil recherché (MIX):
Responsabilités: Maintenance; Leadership; SEO; Graphic Design
Profil: Python; Teamwork
Compétences: Project Mgmt; Research; Customer Service; Budgeting
Avantages: Customer Service; Excel; Research; Organization
","Participation bénéfices, Assurance santé",654178,"Critical Thinking, Teamwork, Problem Solving, Adaptability, Communication, Time Management"
Event Planner,,Product,Senior,"Sep 09, 2024",15 October 2024,2024-10-15,Admin,Alger,1-8 ans,Master,18,Temps plein,2,"As Senior Event Planner, you'll design key projects. Contrat: Temps plein. Localisation: Alger. Département: Engineering. En tant que Senior Event Planner, vous serez amené à développer l’équipe.",,210952,"Critical Thinking, Teamwork, Adaptability, Communication, Time Management"
Customer Service Agent,,Corporate Affairs,Chief,22/12/2024,2025-01-12,2025-01-12,Ventes,Blida,4-8 ans,None,0,Stage,10,"Profil recherché (MIX):
Responsabilités:
- Blockchain
- Organization
- Strategic Planning
- Negotiation
Profil: Project Mgmt, Python
Compétences: Project Mgmt; UX/UI; Technical Writing; Blockchain
Avantages: Excel, Digital Marketing
",,258298,"Scheduling, Office Management, Customer Service, Document Control, Data Entry"
Blockchain Dev,,Research & Development,Senior,"May 21, 2024",2024-06-18,2024-06-18,Informatique,Tizi Ouzou,3-4 ans,Licence,16,Temps plein,3,"Profil recherché (EN):
Responsabilités:
- Graphic Design
- SEO
- Customer Service
- Communication
Profil:
- Organization
- Logistics
- CAD
Compétences: Maintenance, UX/UI
Avantages: Cloud, Organization, Technical Writing
","Ticket Restaurant, Horaires flexibles",541747,"Time Management, Communication, Teamwork, Critical Thinking, Adaptability"
Training Specialist,,Compliance,Lead,"Sep 19, 2024",23 November 2024,2024-11-23,Informatique,Sétif,3-7 ans,Master,18,CDI,2,"Contrat: CDI. Localisation: Sétif. Département: Marketing. As Lead Training Specialist, you'll perform key projects. En tant que Lead Training Specialist, vous serez amené à coordonner l’équipe.",,469830,"Adaptability, Teamwork, Problem Solving, Communication, Time Management, Critical Thinking"
CTO,,Corporate Affairs,Lead,25/05/2024,02/07/2024,2024-07-02,Ingénierie,Hybride,6-9 ans,None,0,CDI,2,"Expérience requise: 6-9 ans. Éducation: None, 0 ans. As Lead CTO, you'll manage strategic projects. Contrat: CDI. Localisation: Hybride. Département: Operations.",,274819,"Adaptability, Time Management, Communication, Teamwork, Critical Thinking"
Restaurant Manager,,Investor Relations,Lead,21 December 2024,13/01/2025,2025-01-13,Marketing,Béjaïa,6-10 ans,Bac,12,Temps partiel,1,"As Lead Restaurant Manager, you'll perform key projects. Expérience requise: 6-10 ans. Éducation: Bac, 12 ans. En tant que Lead Restaurant Manager, vous serez amené à superviser les processus.",Assurance santé,695336,"Supply Chain Management, Inventory Control, Process Optimization, Logistics, Quality Control, Lean Management"
CMO,,Procurement,Junior,12 July 2024,05/09/2024,2024-09-05,Finance,Tizi Ouzou,10-20 ans,None,0,Volontariat,5,"Contrat: Volontariat. Localisation: Tizi Ouzou. Département: HR. As Junior CMO, you'll perform innovative projects. En tant que Junior CMO, vous serez amené à superviser les relations clients.",Horaires flexibles,199444,"Adaptability, Teamwork, Communication, Time Management, Problem Solving, Critical Thinking"
Logistics Coord.,,Strategy,Mid,23 December 2024,15 March 2025,2025-03-15,Informatique,El Oued,5-7 ans,Licence,16,Temporaire,3,"As Mid Logistics Coord., you'll perform key projects. En tant que Mid Logistics Coord., vous serez amené à développer les systèmes. Contrat: Temporaire. Localisation: El Oued. Département: IT.",Participation bénéfices,368439,"Inventory Control, Lean Management, Logistics, Supply Chain Management, Quality Control"
Marketing Manager,,Design,Lead,2025-02-10,2025-03-09,2025-03-09,Ingénierie,Constantine,10-15 ans,None,0,Volontariat,3,"Contrat: Volontariat. Localisation: Constantine. Département: Engineering. En tant que Lead Marketing Manager, vous serez amené à développer les processus. As Lead Marketing Manager, you'll design key projects.","Formation continue, Ticket Restaurant, Voiture de fonction",156001,"Content Strategy, Email Marketing, Public Relations, Campaign Planning"
Chem. Engineer,,Quality Assurance,Lead,13 May 2024,14 July 2024,2024-07-14,Finance,Oran,5-13 ans,None,0,Temporaire,5,"Profil recherché (MIX):
Responsabilités: Excel, UX/UI
Profil: Organization, Technical Writing, Java, Strategic Planning, Digital Marketing
Compétences: Excel, CAD, Java, Research
Avantages:
- Teamwork
- Data Analysis
",,565391,"DevOps, Python, Network Security, C++, SQL"
DB Admin,,Administration,Senior,06/05/2024,2024-05-20,2024-05-20,Ingénierie,Blida,7-14 ans,None,0,Stage,5,"Profil recherché (EN):
Responsabilités: Technical Writing; Negotiation
Profil: Blockchain, Compliance, Network Security
Compétences:
- Maintenance
- Excel
- Machine Learning
- Strategic Planning
Avantages: CAD, Data Analysis
","Horaires flexibles, Formation continue, Voiture de fonction",783385,"Data Entry, Document Control, Customer Service, Scheduling"
Video Editor,,Investor Relations,Mid,2024-09-01,30/11/2024,2024-11-30,Marketing,Alger,10-12 ans,Bac,12,Stage,3,"Profil recherché (MIX):
Responsabilités: Teamwork; Maintenance; Java; Organization
Profil: Leadership; CAD
Compétences:
- Maintenance
- Research
- Cloud
Avantages:
- Coordination
- Machine Learning
",,532683,"Docker, Kubernetes, SQL, C++, Network Security, Python"
PR Officer,,Investor Relations,Senior,22 November 2024,2025-02-13,2025-02-13,Santé,Tlemcen,0-4 ans,Master,18,Freelance,10,"As Senior PR Officer, you'll lead key projects. En tant que Senior PR Officer, vous serez amené à gérer les systèmes. Expérience requise: 0-4 ans. Éducation: Master, 18 ans.","Télétravail partiel, Participation bénéfices, Assurance santé",399277,"Teamwork, Problem Solving, Adaptability, Communication, Time Management, Critical Thinking"
Translator,,Administration,Lead,27/07/2024,2024-08-30,2024-08-30,RH,Tlemcen,9-14 ans,None,0,CDI,10,"Contrat: CDI. Localisation: Tlemcen. Département: Operations. En tant que Lead Translator, vous serez amené à superviser les relations clients. Expérience requise: 9-14 ans. Éducation: None, 0 ans.","Participation bénéfices, Ticket Restaurant, Horaires flexibles",246118,"Adaptability, Time Management, Teamwork, Critical Thinking, Problem Solving, Communication"
Chem. Engineer,,Public Relations,Mid,2024-08-09,18 September 2024,2024-09-18,Ventes,Alger,9-11 ans,Bac,12,CDI,1,"As Mid Chem. Engineer, you'll design innovative projects. Contrat: CDI. Localisation: Alger. Département: Legal. Expérience requise: 9-11 ans. Éducation: Bac, 12 ans.","Participation bénéfices, Formation continue",244870,"Cloud Computing, Java, C++, Machine Learning, DevOps, SQL"
Env. Consultant,,Risk Management,Junior,"Jul 09, 2024",2024-09-15,2024-09-15,Admin,Béjaïa,4-4 ans,Master,18,CDI,3,"As Junior Env. Consultant, you'll perform strategic projects. Expérience requise: 4-4 ans. Éducation: Master, 18 ans. En tant que Junior Env. Consultant, vous serez amené à développer l’équipe.",,425989,"Critical Thinking, Adaptability, Teamwork, Time Management, Problem Solving"
Fashion Designer,,Training,Junior,18 September 2024,2024-10-05,2024-10-05,Admin,Télétravail,7-10 ans,Bac,12,Temps partiel,5,"Profil recherché (EN):
Responsabilités:
- Graphic Design
- Teamwork
- Data Analysis
- SQL
Profil:
- Budgeting
- UX/UI
- Logistics
- Machine Learning
Compétences: Technical Writing, Leadership, Digital Marketing
Avantages: Graphic Design; Cloud; SEO; Coordination
","Horaires flexibles, Ticket Restaurant",408640,"Adobe Photoshop, Sketch, Figma, Prototyping, UX Research, Typography"
Blockchain Dev,,Administration,Chief,11/12/2024,26/12/2024,2024-12-26,Marketing,Tlemcen,5-15 ans,Master,18,CDI,2,"As Chief Blockchain Dev, you'll design strategic projects. Expérience requise: 5-15 ans. Éducation: Master, 18 ans. En tant que Chief Blockchain Dev, vous serez amené à développer les processus.","Horaires flexibles, Voiture de fonction",187967,"Adaptability, Teamwork, Communication, Problem Solving, Time Management"
Financial Analyst,,Technical Support,Junior,09 December 2024,11 February 2025,2025-02-11,Juridique,Tlemcen,8-13 ans,None,0,Volontariat,10,"Expérience requise: 8-13 ans. Éducation: None, 0 ans. As Junior Financial Analyst, you'll lead critical projects. En tant que Junior Financial Analyst, vous serez amené à superviser l’équipe.","Participation bénéfices, Voiture de fonction",395638,"Excel, SAP, Risk Management, Budgeting, Forecasting"
Tech Writer,,Administration,Mid,"Apr 21, 2025",2025-04-28,2025-04-28,Admin,Télétravail,4-8 ans,Master,18,CDD,3,"Expérience requise: 4-8 ans. Éducation: Master, 18 ans. As Mid Tech Writer, you'll manage critical projects. Contrat: CDD. Localisation: Télétravail. Département: Marketing.",,579424,"Network Security, DevOps, Kubernetes, C++, Cloud Computing"
Investment Banker,,IT Support,Chief,2024-07-19,2024-08-04,2024-08-04,Ventes,Télétravail,5-5 ans,None,0,Temps plein,5,"As Chief Investment Banker, you'll perform strategic projects. Expérience requise: 5-5 ans. Éducation: None, 0 ans. Contrat: Temps plein. Localisation: Télétravail. Département: Finance.","Formation continue, Voiture de fonction",621850,"Budgeting, Forecasting, Excel, Investment Strategies"
Video Editor,,Procurement,Mid,30/04/2024,2024-05-26,2024-05-26,Finance,Sétif,6-14 ans,Doctorat,20,CDI,5,"Expérience requise: 6-14 ans. Éducation: Doctorat, 20 ans. Contrat: CDI. Localisation: Sétif. Département: Sales. As Mid Video Editor, you'll perform critical projects.",Télétravail partiel,432690,"Machine Learning, DevOps, SQL, Python, Java, Network Security"
Video Editor,,Quality Assurance,Mid,2025-04-10,20/04/2025,2025-04-20,Ventes,Alger,5-10 ans,Bac,12,Temps plein,5,"Expérience requise: 5-10 ans. Éducation: Bac, 12 ans. En tant que Mid Video Editor, vous serez amené à développer les processus. As Mid Video Editor, you'll manage critical projects.","Voiture de fonction, Horaires flexibles, Ticket Restaurant",893069,"SQL, DevOps, Cloud Computing, C++"
Chem. Engineer,,Quality Assurance,Mid,01/09/2024,2024-11-24,2024-11-24,Admin,Blida,2-4 ans,Licence,16,Temporaire,3,"Expérience requise: 2-4 ans. Éducation: Licence, 16 ans. En tant que Mid Chem. Engineer, vous serez amené à développer les processus. As Mid Chem. Engineer, you'll lead key projects.",,508111,"Java, Docker, Cloud Computing, Python, Kubernetes, C++, Machine Learning"
Marketing Manager,,Strategy,Chief,11 June 2024,24 June 2024,2024-06-24,Santé,El Oued,10-13 ans,None,0,Temps plein,2,"As Chief Marketing Manager, you'll perform strategic projects. Expérience requise: 10-13 ans. Éducation: None, 0 ans. En tant que Chief Marketing Manager, vous serez amené à gérer l’équipe.",,422642,"Campaign Planning, Content Strategy, Social Media, Email Marketing"
Volunteer Coord.,,Quality Assurance,Senior,10/04/2025,2025-06-21,2025-06-21,RH,Alger,1-10 ans,Doctorat,20,Volontariat,3,"Contrat: Volontariat. Localisation: Alger. Département: Operations. Expérience requise: 1-10 ans. Éducation: Doctorat, 20 ans. As Senior Volunteer Coord., you'll lead critical projects.",,274421,"Problem Solving, Adaptability, Teamwork, Communication, Critical Thinking, Time Management"
Graphic Designer,,Customer Success,Lead,12/12/2024,31/12/2024,2024-12-31,RH,Télétravail,3-11 ans,Bac,12,CDI,10,"Profil recherché (MIX):
Responsabilités: Technical Writing; Organization; UX/UI; Negotiation; Cloud
Profil: Logistics; Blockchain; Strategic Planning; Technical Writing; Leadership
Compétences:
- Network Security
- SQL
- Customer Service
- CAD
- Graphic Design
Avantages:
- Compliance
- Organization
","Voiture de fonction, Télétravail partiel, Participation bénéfices",860481,"Prototyping, UX Research, Adobe Photoshop, Sketch, Figma"
Financial Analyst,,Risk Management,Lead,"Jul 16, 2024",2024-10-14,2024-10-14,Ventes,Oran,3-4 ans,None,0,CDI,3,"Profil recherché (MIX):
Responsabilités: Graphic Design; Customer Service; SQL; Compliance
Profil: Compliance; Research; UX/UI
Compétences: UX/UI; Maintenance; Leadership; Coordination; Compliance
Avantages: Graphic Design; Customer Service; Research; Teamwork
",,465123,"SAP, Excel, Forecasting, Risk Management, Financial Analysis"
Software Engineer,,Research & Development,Chief,2025-03-24,2025-05-23,2025-05-23,Santé,Tlemcen,9-10 ans,None,0,Volontariat,3,"Expérience requise: 9-10 ans. Éducation: None, 0 ans. Contrat: Volontariat. Localisation: Tlemcen. Département: IT. En tant que Chief Software Engineer, vous serez amené à superviser les systèmes.","Télétravail partiel, Prime performance, Formation continue",819994,"Kubernetes, Python, C++, Network Security, Cloud Computing"
Maintenance Tech,,Quality Assurance,Senior,2024-10-05,02 November 2024,2024-11-02,Logistique,Alger,6-10 ans,Bac,12,Volontariat,10,"En tant que Senior Maintenance Tech, vous serez amené à coordonner l’équipe. Contrat: Volontariat. Localisation: Alger. Département: Engineering. Expérience requise: 6-10 ans. Éducation: Bac, 12 ans.","Ticket Restaurant, Formation continue, Télétravail partiel",936396,"Time Management, Adaptability, Communication, Teamwork, Problem Solving, Critical Thinking"
Volunteer Coord.,,Strategy,Senior,"Dec 16, 2024",2025-02-03,2025-02-03,Juridique,Hybride,3-6 ans,Doctorat,20,Volontariat,10,"Profil recherché (EN):
Responsabilités: Java; Logistics
Profil: Leadership; Graphic Design; SQL
Compétences:
- Coordination
- Graphic Design
- Leadership
- Customer Service
- Data Analysis
Avantages: Project Mgmt; Customer Service; Data Analysis
",,173159,"Problem Solving, Communication, Adaptability, Critical Thinking"
Fashion Designer,,Risk Management,Senior,2024-07-04,2024-08-05,2024-08-05,Admin,Blida,7-16 ans,Licence,16,Temps plein,1,"Contrat: Temps plein. Localisation: Blida. Département: HR. Expérience requise: 7-16 ans. Éducation: Licence, 16 ans. As Senior Fashion Designer, you'll lead critical projects.",,224674,"UX Research, Color Theory, Sketch, Illustrator, Adobe Photoshop"
Content Writer,,Business Development,Lead,2025-02-17,21/04/2025,2025-04-21,Finance,Télétravail,6-13 ans,Bac,12,Temporaire,2,"Profil recherché (EN):
Responsabilités: Network Security, Customer Service, Cloud
Profil: Java; Teamwork; Logistics; Coordination; Communication
Compétences: Blockchain, Network Security, Research
Avantages: Graphic Design; Excel; Network Security; Cloud
",,264380,"C++, SQL, DevOps, Cloud Computing"
Maintenance Tech,,Training,Chief,2024-09-23,2024-11-26,2024-11-26,Admin,Annaba,4-13 ans,Master,18,Stage,3,"Expérience requise: 4-13 ans. Éducation: Master, 18 ans. En tant que Chief Maintenance Tech, vous serez amené à coordonner l’équipe. Contrat: Stage. Localisation: Annaba. Département: Marketing.","Formation continue, Participation bénéfices, Télétravail partiel",285292,"Adaptability, Problem Solving, Communication, Teamwork, Time Management"
Project Manager,,Training,Chief,17 November 2024,06 December 2024,2024-12-06,Marketing,Télétravail,1-8 ans,Doctorat,20,Volontariat,3,"As Chief Project Manager, you'll manage key projects. Expérience requise: 1-8 ans. Éducation: Doctorat, 20 ans. Contrat: Volontariat. Localisation: Télétravail. Département: HR.","Participation bénéfices, Horaires flexibles",370935,"Supply Chain Management, Inventory Control, Process Optimization, Logistics, Quality Control"
AI Ethics Consultant,,Product,Senior,27 November 2024,24 February 2025,2025-02-24,Logistique,Sétif,1-7 ans,None,0,Alternance,1,"Profil recherché (MIX):
Responsabilités: Python, Technical Writing, Excel, Logistics, Blockchain
Profil: Compliance, Blockchain, Communication, SEO
Compétences:
- Research
- Java
- Cloud
- Compliance
Avantages: UX/UI; Organization; SQL
","Voiture de fonction, Télétravail partiel, Ticket Restaurant",744401,"Adaptability, Communication, Time Management, Critical Thinking"
Security Officer,,IT Support,Chief,"Jan 15, 2025",26/01/2025,2025-01-26,Logistique,Hybride,10-10 ans,Master,18,Alternance,10,"Profil recherché (MIX):
Responsabilités: Technical Writing; SEO; Teamwork; Logistics
Profil:
- Blockchain
- Cloud
- SEO
Compétences:
- Strategic Planning
- Blockchain
- SEO
- Teamwork
Avantages: Data Analysis; Teamwork; Java; Blockchain; SQL
",Ticket Restaurant,335332,"DevOps, Java, Docker, SQL, Network Security"
Logistics Coord.,,Compliance,Senior,15 July 2024,05/08/2024,2024-08-05,Logistique,El Oued,7-7 ans,Bac,12,Temps plein,5,"Contrat: Temps plein. Localisation: El Oued. Département: Marketing. En tant que Senior Logistics Coord., vous serez amené à coordonner les processus. Expérience requise: 7-7 ans. Éducation: Bac, 12 ans.",,168088,"Lean Management, Logistics, Quality Control, Supply Chain Management"
Product Manager,,Business Development,Chief,"Oct 03, 2024",15/10/2024,2024-10-15,Admin,Béjaïa,1-9 ans,Licence,16,Freelance,1,"Expérience requise: 1-9 ans. Éducation: Licence, 16 ans. Contrat: Freelance. Localisation: Béjaïa. Département: Marketing. As Chief Product Manager, you'll manage innovative projects.",Voiture de fonction,452980,"Quality Control, Lean Management, Inventory Control, Process Optimization, Logistics, Supply Chain Management"
Customer Service Agent,,Business Development,Chief,21/05/2024,06 July 2024,2024-07-06,Informatique,Télétravail,9-17 ans,Licence,16,Temps partiel,10,"As Chief Customer Service Agent, you'll design critical projects. En tant que Chief Customer Service Agent, vous serez amené à superviser les relations clients. Expérience requise: 9-17 ans. Éducation: Licence, 16 ans.",,296196,"Scheduling, Customer Service, Data Entry, Office Management, Document Control"
Chem. Engineer,,Training,Chief,2025-03-21,07/05/2025,2025-05-07,Ingénierie,Constantine,6-15 ans,Licence,16,Temporaire,3,"Profil recherché (MIX):
Responsabilités: Logistics; Organization; Maintenance; Compliance; Leadership
Profil:
- Excel
- Digital Marketing
- Project Mgmt
Compétences: SQL, Budgeting, Machine Learning, Leadership, Graphic Design
Avantages: Coordination, Research, Negotiation, Teamwork, UX/UI
",Participation bénéfices,449605,"Docker, Network Security, Kubernetes, SQL, Cloud Computing"
PR Officer,,Technical Support,Lead,"Nov 07, 2024",14/01/2025,2025-01-14,Ventes,Télétravail,10-17 ans,Doctorat,20,Temps plein,3,"Profil recherché (MIX):
Responsabilités: Communication, Research, Machine Learning
Profil:
- Network Security
- Machine Learning
- Java
Compétences: Cloud; Excel; Teamwork; Graphic Design; Maintenance
Avantages: Network Security, Negotiation, Python
",,206134,"Communication, Problem Solving, Critical Thinking, Teamwork, Time Management, Adaptability"
Fashion Designer,,Compliance,Mid,"Apr 26, 2024",22 June 2024,2024-06-22,Admin,Constantine,4-4 ans,Licence,16,Temps partiel,3,"Profil recherché (EN):
Responsabilités: Maintenance; Research
Profil: UX/UI, Organization, Negotiation, Coordination
Compétences:
- Technical Writing
- Maintenance
- Java
Avantages:
- Research
- Technical Writing
",Voiture de fonction,291708,"Typography, Illustrator, Color Theory, UX Research"
Legal Advisor,,Business Development,Mid,16 October 2024,2024-11-29,2024-11-29,Admin,Constantine,2-8 ans,Bac,12,Alternance,2,"Expérience requise: 2-8 ans. Éducation: Bac, 12 ans. As Mid Legal Advisor, you'll manage innovative projects. Contrat: Alternance. Localisation: Constantine. Département: IT.",Formation continue,311282,"Regulatory Affairs, Compliance, Legal Research, Litigation Support, Negotiation, Contract Drafting"
Investment Banker,,Business Development,Chief,"Jan 13, 2025",24/02/2025,2025-02-24,RH,Tizi Ouzou,10-15 ans,None,0,Stage,10,"As Chief Investment Banker, you'll perform key projects. Expérience requise: 10-15 ans. Éducation: None, 0 ans. En tant que Chief Investment Banker, vous serez amené à coordonner les processus.","Prime performance, Assurance santé",640106,"Forecasting, Budgeting, SAP, Audit, Investment Strategies, Risk Management, Excel"
PR Officer,,Administration,Senior,04/09/2024,2024-09-21,2024-09-21,Ventes,Tlemcen,10-17 ans,Master,18,CDD,5,"Contrat: CDD. Localisation: Tlemcen. Département: Sales. Expérience requise: 10-17 ans. Éducation: Master, 18 ans. As Senior PR Officer, you'll perform strategic projects.","Ticket Restaurant, Horaires flexibles",394661,"Teamwork, Problem Solving, Communication, Time Management, Adaptability, Critical Thinking"
QA Engineer,,Research & Development,Chief,18/12/2024,18/02/2025,2025-02-18,Finance,Béjaïa,5-11 ans,Bac,12,Temporaire,1,"Contrat: Temporaire. Localisation: Béjaïa. Département: Operations. En tant que Chief QA Engineer, vous serez amené à coordonner les processus. As Chief QA Engineer, you'll lead strategic projects.","Formation continue, Voiture de fonction, Télétravail partiel",869744,"SQL, Docker, Cloud Computing, Machine Learning, Kubernetes, Network Security, C++"
Supply Chain Analyst,,Technical Support,Mid,17/08/2024,31/10/2024,2024-10-31,RH,Oran,8-10 ans,Licence,16,Alternance,2,"Profil recherché (MIX):
Responsabilités: UX/UI; Graphic Design
Profil: Technical Writing; Project Mgmt; Research; Customer Service; CAD
Compétences: SQL, Communication
Avantages: Project Mgmt, Teamwork, Blockchain, Research, Technical Writing
",Voiture de fonction,456529,"Budgeting, SAP, Accounting, Investment Strategies, Financial Analysis, Excel, Forecasting"
Pharmacist,,Customer Success,Lead,09 January 2025,2025-03-10,2025-03-10,Juridique,Blida,2-9 ans,Doctorat,20,Volontariat,1,"Contrat: Volontariat. Localisation: Blida. Département: Sales. As Lead Pharmacist, you'll design innovative projects. Expérience requise: 2-9 ans. Éducation: Doctorat, 20 ans.",,414903,"Pharmacovigilance, Patient Care, HIPAA Compliance, Medical Terminology"
Cloud Architect,,Strategy,Senior,28 October 2024,19/12/2024,2024-12-19,Marketing,El Oued,6-9 ans,Licence,16,Temps plein,1,"Profil recherché (FR):
Responsabilités: Project Mgmt, Python
Profil: Cloud, UX/UI, CAD, Maintenance, Teamwork
Compétences:
- Logistics
- Strategic Planning
- Blockchain
Avantages: Java; Organization; SQL
",,421095,"Java, Cloud Computing, DevOps, Kubernetes, Docker"
SEO Specialist,,Training,Junior,10 May 2024,23 June 2024,2024-06-23,Marketing,Béjaïa,3-7 ans,Bac,12,Temporaire,1,"En tant que Junior SEO Specialist, vous serez amené à développer les relations clients. Contrat: Temporaire. Localisation: Béjaïa. Département: Engineering. As Junior SEO Specialist, you'll manage innovative projects.","Prime performance, Formation continue, Ticket Restaurant",694551,"SEO, Content Strategy, Campaign Planning, Google Analytics, Social Media, Email Marketing"
Accountant,,Risk Management,Chief,2024-06-02,2024-06-25,2024-06-25,Marketing,Béjaïa,9-13 ans,Bac,12,CDD,1,"Profil recherché (FR):
Responsabilités: Project Mgmt; UX/UI; Logistics; Coordination
Profil:
- Budgeting
- CAD
- Coordination
- Java
Compétences:
- Negotiation
- Leadership
- Organization
- Strategic Planning
- CAD
Avantages: Cloud, Technical Writing
",Télétravail partiel,850584,"SAP, Audit, Excel, Forecasting, Accounting, Investment Strategies, Risk Management"
Project Manager,,Administration,Chief,22 July 2024,2024-08-15,2024-08-15,Ventes,El Oued,9-19 ans,None,0,Freelance,5,"Contrat: Freelance. Localisation: El Oued. Département: HR. As Chief Project Manager, you'll lead innovative projects. En tant que Chief Project Manager, vous serez amené à coordonner les systèmes.",,232621,"Quality Control, Process Optimization, Supply Chain Management, Lean Management"
Product Manager,,Training,Junior,01 December 2024,26 December 2024,2024-12-26,Ventes,Sétif,9-11 ans,Master,18,Temps partiel,3,"Profil recherché (FR):
Responsabilités:
- Network Security
- Digital Marketing
- Budgeting
- Graphic Design
Profil:
- Teamwork
- Maintenance
- Communication
- Python
Compétences:
- Python
- Data Analysis
- Logistics
Avantages:
- Technical Writing
- Excel
- SEO
- Leadership
","Prime performance, Télétravail partiel, Voiture de fonction",217500,"Quality Control, Logistics, Process Optimization, Supply Chain Management"
Fashion Designer,,Technical Support,Junior,15/08/2024,19 September 2024,2024-09-19,Juridique,Blida,2-9 ans,Master,18,CDI,1,"Profil recherché (MIX):
Responsabilités:
- Digital Marketing
- Network Security
- Cloud
Profil: Blockchain, Research, Machine Learning
Compétences:
- Coordination
- Cloud
- Java
- Leadership
Avantages: Project Mgmt; Teamwork; Leadership
","Formation continue, Télétravail partiel",453626,"Color Theory, Figma, Adobe Photoshop, Illustrator, UX Research"
Financial Analyst,,Quality Assurance,Mid,2024-04-30,2024-06-08,2024-06-08,Juridique,Blida,5-5 ans,Licence,16,Temporaire,10,"Expérience requise: 5-5 ans. Éducation: Licence, 16 ans. Contrat: Temporaire. Localisation: Blida. Département: IT. En tant que Mid Financial Analyst, vous serez amené à superviser les systèmes.","Ticket Restaurant, Télétravail partiel",394090,"SAP, Forecasting, Risk Management, Audit, Budgeting"
App Developer,,Procurement,Lead,19 February 2025,2025-05-04,2025-05-04,Ingénierie,El Oued,4-8 ans,Doctorat,20,Temps plein,5,"As Lead App Developer, you'll manage strategic projects. Expérience requise: 4-8 ans. Éducation: Doctorat, 20 ans. En tant que Lead App Developer, vous serez amené à développer les processus.","Horaires flexibles, Voiture de fonction, Participation bénéfices",685744,"DevOps, Kubernetes, SQL, Machine Learning, Java, Python"
Civil Engineer,,IT Support,Junior,14 February 2025,14/05/2025,2025-05-14,Ventes,Hybride,10-17 ans,Doctorat,20,CDD,5,"Profil recherché (FR):
Responsabilités:
- Blockchain
- Maintenance
- Digital Marketing
Profil: Communication, Strategic Planning, Network Security
Compétences: Technical Writing, CAD, Data Analysis, Digital Marketing
Avantages: Excel; Leadership; Compliance; Teamwork
","Horaires flexibles, Ticket Restaurant",169217,"Cloud Computing, Network Security, SQL, Kubernetes, C++, Python"
Event Planner,,Quality Assurance,Chief,"Sep 16, 2024",2024-11-01,2024-11-01,Logistique,Saïda,7-16 ans,Doctorat,20,Volontariat,1,"Profil recherché (FR):
Responsabilités:
- Java
- Logistics
- Network Security
- SQL
- Data Analysis
Profil: Project Mgmt, Research, Teamwork, Network Security, CAD
Compétences: Digital Marketing; Logistics; CAD; Maintenance
Avantages: Negotiation; Research; Maintenance; Digital Marketing
",,437078,"Adaptability, Time Management, Problem Solving, Critical Thinking, Communication"
AI Ethics Consultant,,Quality Assurance,Junior,28 May 2024,04 June 2024,2024-06-04,Ventes,Tizi Ouzou,0-1 ans,None,0,CDD,5,"Expérience requise: 0-1 ans. Éducation: None, 0 ans. En tant que Junior AI Ethics Consultant, vous serez amené à développer l’équipe. Contrat: CDD. Localisation: Tizi Ouzou. Département: Marketing.","Assurance santé, Participation bénéfices",555686,"Teamwork, Communication, Critical Thinking, Problem Solving, Time Management"
Sales Rep,,Customer Success,Junior,"Dec 13, 2024",24 February 2025,2025-02-24,Logistique,Hybride,0-3 ans,Licence,16,Alternance,1,"As Junior Sales Rep, you'll manage innovative projects. En tant que Junior Sales Rep, vous serez amené à superviser les systèmes. Contrat: Alternance. Localisation: Hybride. Département: Finance.","Ticket Restaurant, Assurance santé, Prime performance",305985,"Teamwork, Time Management, Critical Thinking, Adaptability, Communication, Problem Solving"
HR Coordinator,,Quality Assurance,Senior,23/12/2024,2025-01-01,2025-01-01,RH,Tlemcen,4-13 ans,Master,18,Freelance,10,"Contrat: Freelance. Localisation: Tlemcen. Département: IT. En tant que Senior HR Coordinator, vous serez amené à coordonner les processus. As Senior HR Coordinator, you'll design key projects.","Horaires flexibles, Assurance santé, Télétravail partiel",699054,"Performance Management, Recruitment, HRIS, Training & Development, Onboarding"
Volunteer Coord.,,Health & Safety,Senior,"Nov 25, 2024",15/12/2024,2024-12-15,Logistique,Ghardaïa,9-16 ans,Bac,12,Temporaire,1,"Expérience requise: 9-16 ans. Éducation: Bac, 12 ans. En tant que Senior Volunteer Coord., vous serez amené à superviser les relations clients. As Senior Volunteer Coord., you'll design strategic projects.",,346772,"Critical Thinking, Time Management, Problem Solving, Adaptability, Teamwork"
Env. Consultant,,Design,Junior,"Feb 23, 2025",2025-04-12,2025-04-12,Admin,Blida,10-19 ans,None,0,CDI,3,"Profil recherché (FR):
Responsabilités: Maintenance, Strategic Planning, Blockchain, Network Security
Profil: Digital Marketing; Project Mgmt; Negotiation; Strategic Planning
Compétences: Customer Service, Research, Java, SEO
Avantages: Budgeting; Coordination; Negotiation; Compliance
",Télétravail partiel,914464,"Critical Thinking, Time Management, Communication, Problem Solving, Teamwork, Adaptability"
Cloud Architect,,Design,Chief,"Oct 13, 2024",2024-12-13,2024-12-13,Ingénierie,Tizi Ouzou,8-16 ans,Licence,16,Freelance,1,"En tant que Chief Cloud Architect, vous serez amené à coordonner l’équipe. Expérience requise: 8-16 ans. Éducation: Licence, 16 ans. As Chief Cloud Architect, you'll design critical projects.",Prime performance,467087,"Java, SQL, C++, Cloud Computing, Network Security"
Video Editor,,Research & Development,Lead,08/09/2024,26 September 2024,2024-09-26,Ingénierie,Hybride,8-15 ans,None,0,Stage,1,"Contrat: Stage. Localisation: Hybride. Département: Legal. Expérience requise: 8-15 ans. Éducation: None, 0 ans. As Lead Video Editor, you'll design critical projects.",Télétravail partiel,839411,"SQL, Java, Python, C++, Kubernetes, DevOps"
Researcher,,Product,Mid,04/03/2025,2025-03-29,2025-03-29,Admin,Blida,8-10 ans,Licence,16,Temps plein,1,"As Mid Researcher, you'll manage key projects. Expérience requise: 8-10 ans. Éducation: Licence, 16 ans. En tant que Mid Researcher, vous serez amené à superviser les relations clients.","Prime performance, Participation bénéfices",654263,"HIPAA Compliance, Pharmacovigilance, Patient Care, Medical Terminology, Clinical Trials"
Blockchain Dev,,Public Relations,Senior,"Feb 05, 2025",04/05/2025,2025-05-04,Juridique,Saïda,4-8 ans,Doctorat,20,Volontariat,1,"Profil recherché (MIX):
Responsabilités: SEO; Machine Learning; Digital Marketing
Profil:
- Customer Service
- Blockchain
Compétences: Project Mgmt, Blockchain, Organization
Avantages: Budgeting; Maintenance; SQL; Customer Service
",Ticket Restaurant,653559,"Time Management, Adaptability, Communication, Teamwork, Problem Solving, Critical Thinking"
AI Ethics Consultant,,Compliance,Lead,2025-02-13,12/05/2025,2025-05-12,Logistique,Constantine,5-8 ans,Licence,16,Temporaire,3,"As Lead AI Ethics Consultant, you'll perform strategic projects. En tant que Lead AI Ethics Consultant, vous serez amené à gérer les processus. Expérience requise: 5-8 ans. Éducation: Licence, 16 ans.","Horaires flexibles, Ticket Restaurant, Participation bénéfices",648695,"Adaptability, Communication, Teamwork, Problem Solving, Critical Thinking"
AI Ethics Consultant,,Corporate Affairs,Chief,"Aug 16, 2024",12 November 2024,2024-11-12,Logistique,Ghardaïa,9-18 ans,Master,18,Stage,2,"As Chief AI Ethics Consultant, you'll lead innovative projects. Contrat: Stage. Localisation: Ghardaïa. Département: Sales. Expérience requise: 9-18 ans. Éducation: Master, 18 ans.","Télétravail partiel, Horaires flexibles",298763,"Teamwork, Critical Thinking, Time Management, Adaptability, Problem Solving, Communication"
Data Scientist,,Technical Support,Senior,09/04/2025,14 May 2025,2025-05-14,Ingénierie,Alger,3-11 ans,Licence,16,CDD,2,"En tant que Senior Data Scientist, vous serez amené à superviser les systèmes. Expérience requise: 3-11 ans. Éducation: Licence, 16 ans. As Senior Data Scientist, you'll lead key projects.",Prime performance,540268,"Docker, C++, DevOps, Machine Learning, Kubernetes, SQL"
Supply Chain Analyst,,Research & Development,Mid,23/08/2024,01/11/2024,2024-11-01,Ingénierie,Hybride,0-7 ans,Licence,16,Temporaire,1,"Expérience requise: 0-7 ans. Éducation: Licence, 16 ans. As Mid Supply Chain Analyst, you'll design innovative projects. En tant que Mid Supply Chain Analyst, vous serez amené à coordonner les systèmes.","Horaires flexibles, Formation continue, Télétravail partiel",583401,"Financial Analysis, Risk Management, Audit, Accounting"
Project Manager,,Procurement,Chief,13/06/2024,2024-06-30,2024-06-30,Logistique,Tlemcen,8-15 ans,Doctorat,20,Volontariat,10,"Profil recherché (MIX):
Responsabilités: Cloud; Negotiation
Profil: UX/UI, Project Mgmt
Compétences: Logistics; Cloud; Digital Marketing; Communication
Avantages: Python, Cloud, Research, Data Analysis, UX/UI
",Ticket Restaurant,307566,"Supply Chain Management, Logistics, Lean Management, Quality Control, Inventory Control, Process Optimization"
Data Engineer,,Product,Mid,16 February 2025,06 May 2025,2025-05-06,Ventes,Saïda,6-13 ans,Licence,16,Temps plein,2,"Profil recherché (FR):
Responsabilités:
- Organization
- Blockchain
- Strategic Planning
- Project Mgmt
- Budgeting
Profil: Compliance, SEO
Compétences:
- Java
- Maintenance
Avantages:
- CAD
- Strategic Planning
","Télétravail partiel, Ticket Restaurant",391770,"Cloud Computing, C++, Python, SQL, Java, Machine Learning, Docker"
Restaurant Manager,,Procurement,Mid,15/07/2024,2024-08-02,2024-08-02,Logistique,Constantine,3-7 ans,Licence,16,Stage,1,"As Mid Restaurant Manager, you'll manage innovative projects. Contrat: Stage. Localisation: Constantine. Département: Engineering. En tant que Mid Restaurant Manager, vous serez amené à gérer les relations clients.",Ticket Restaurant,450336,"Inventory Control, Supply Chain Management, Logistics, Quality Control"
Business Analyst,,Corporate Affairs,Mid,31 August 2024,2024-11-20,2024-11-20,Admin,Annaba,4-14 ans,Master,18,Temps plein,1,"Profil recherché (MIX):
Responsabilités: Project Mgmt, Graphic Design
Profil:
- Excel
- Strategic Planning
- Research
Compétences:
- Compliance
- Machine Learning
- UX/UI
- Digital Marketing
Avantages:
- Leadership
- Java
- Organization
",,432516,"Audit, Investment Strategies, Risk Management, Financial Analysis, Forecasting, Budgeting"
Content Writer,,Technical Support,Mid,2025-04-24,2025-07-15,2025-07-15,RH,Télétravail,6-8 ans,Doctorat,20,Alternance,2,"As Mid Content Writer, you'll perform strategic projects. En tant que Mid Content Writer, vous serez amené à coordonner les systèmes. Contrat: Alternance. Localisation: Télétravail. Département: Operations.",,647474,"Java, Docker, DevOps, Network Security, C++, Cloud Computing, Python"
Pharmacist,,Health & Safety,Mid,10 July 2024,2024-09-08,2024-09-08,RH,Tlemcen,2-9 ans,Master,18,Temps partiel,3,"As Mid Pharmacist, you'll design key projects. Contrat: Temps partiel. Localisation: Tlemcen. Département: Sales. Expérience requise: 2-9 ans. Éducation: Master, 18 ans.","Voiture de fonction, Télétravail partiel",341137,"Patient Care, Medical Terminology, Clinical Trials, Pharmacovigilance, HIPAA Compliance"
Cloud Architect,,Procurement,Mid,22 April 2025,2025-06-29,2025-06-29,Ventes,Annaba,9-15 ans,Licence,16,CDD,5,"Expérience requise: 9-15 ans. Éducation: Licence, 16 ans. Contrat: CDD. Localisation: Annaba. Département: Operations. En tant que Mid Cloud Architect, vous serez amené à coordonner les processus.","Voiture de fonction, Télétravail partiel, Horaires flexibles",669422,"Machine Learning, Python, DevOps, SQL, Cloud Computing"
Project Manager,,Quality Assurance,Lead,05/06/2024,09/07/2024,2024-07-09,Ingénierie,Ghardaïa,10-12 ans,Licence,16,Freelance,1,"Profil recherché (MIX):
Responsabilités:
- UX/UI
- CAD
- Java
Profil: Customer Service; Leadership; Compliance
Compétences:
- Budgeting
- Data Analysis
- Strategic Planning
- Machine Learning
Avantages: Teamwork; Data Analysis; Maintenance; Negotiation
","Formation continue, Voiture de fonction, Horaires flexibles",211746,"Lean Management, Inventory Control, Supply Chain Management, Quality Control, Logistics"
Volunteer Coord.,,Data Science,Chief,02/04/2025,29 June 2025,2025-06-29,Juridique,Saïda,4-5 ans,Master,18,Freelance,1,"As Chief Volunteer Coord., you'll lead strategic projects. Expérience requise: 4-5 ans. Éducation: Master, 18 ans. En tant que Chief Volunteer Coord., vous serez amené à superviser les relations clients.",Prime performance,284408,"Time Management, Teamwork, Problem Solving, Communication, Critical Thinking"
Translator,,Administration,Mid,18 June 2024,2024-06-26,2024-06-26,Marketing,El Oued,8-17 ans,Licence,16,CDI,10,"Contrat: CDI. Localisation: El Oued. Département: Operations. As Mid Translator, you'll design key projects. En tant que Mid Translator, vous serez amené à gérer l’équipe.","Participation bénéfices, Assurance santé",192905,"Adaptability, Communication, Time Management, Teamwork, Problem Solving, Critical Thinking"
Blockchain Dev,,Corporate Affairs,Lead,"Mar 16, 2025",08 May 2025,2025-05-08,Juridique,Alger,0-8 ans,None,0,Stage,5,"Expérience requise: 0-8 ans. Éducation: None, 0 ans. As Lead Blockchain Dev, you'll design key projects. Contrat: Stage. Localisation: Alger. Département: Marketing.","Ticket Restaurant, Participation bénéfices",394740,"Adaptability, Problem Solving, Teamwork, Communication, Critical Thinking, Time Management"
Logistics Coord.,,Procurement,Lead,15 March 2025,2025-04-25,2025-04-25,Informatique,Constantine,1-7 ans,Master,18,CDI,10,"Profil recherché (MIX):
Responsabilités: SQL; Negotiation; Compliance; Graphic Design; Digital Marketing
Profil:
- Network Security
- Research
- Customer Service
Compétences: Excel, Java, Leadership, Budgeting, Compliance
Avantages:
- Communication
- Customer Service
- Technical Writing
- Data Analysis
","Ticket Restaurant, Formation continue",501383,"Process Optimization, Supply Chain Management, Inventory Control, Quality Control"
AI Ethics Consultant,,IT Support,Senior,"Aug 05, 2024",07/09/2024,2024-09-07,Finance,Sétif,2-6 ans,Bac,12,Volontariat,5,"Contrat: Volontariat. Localisation: Sétif. Département: Operations. En tant que Senior AI Ethics Consultant, vous serez amené à superviser les processus. As Senior AI Ethics Consultant, you'll design critical projects.",Voiture de fonction,379286,"Communication, Problem Solving, Adaptability, Teamwork, Critical Thinking"
Maintenance Tech,,Public Relations,Senior,"Apr 23, 2025",09/07/2025,2025-07-09,Marketing,Ghardaïa,0-4 ans,Bac,12,Temps plein,1,"Profil recherché (FR):
Responsabilités:
- Blockchain
- Maintenance
- CAD
- Strategic Planning
Profil: Teamwork, Coordination, Communication, Research, Blockchain
Compétences:
- Teamwork
- Strategic Planning
Avantages: CAD, Blockchain, Cloud, Digital Marketing
","Ticket Restaurant, Participation bénéfices",286492,"Problem Solving, Teamwork, Critical Thinking, Communication"
Event Planner,,Public Relations,Mid,2024-08-04,15/09/2024,2024-09-15,RH,Constantine,10-16 ans,Bac,12,Freelance,5,"Expérience requise: 10-16 ans. Éducation: Bac, 12 ans. Contrat: Freelance. Localisation: Constantine. Département: Legal. En tant que Mid Event Planner, vous serez amené à coordonner les systèmes.","Prime performance, Horaires flexibles, Ticket Restaurant",341185,"Problem Solving, Adaptability, Teamwork, Communication"
App Developer,,Design,Lead,"Nov 30, 2024",23 December 2024,2024-12-23,Ingénierie,El Oued,2-10 ans,Master,18,Alternance,2,"En tant que Lead App Developer, vous serez amené à gérer les relations clients. Expérience requise: 2-10 ans. Éducation: Master, 18 ans. Contrat: Alternance. Localisation: El Oued. Département: Sales.",,556968,"Machine Learning, Java, C++, Network Security, Kubernetes, Cloud Computing"
Graphic Designer,,Research & Development,Junior,04/11/2024,01/02/2025,2025-02-01,Logistique,Constantine,1-6 ans,Licence,16,CDI,2,"As Junior Graphic Designer, you'll perform critical projects. En tant que Junior Graphic Designer, vous serez amené à superviser l’équipe. Contrat: CDI. Localisation: Constantine. Département: Operations.",Participation bénéfices,514582,"Illustrator, Color Theory, Typography, Sketch, Figma, Prototyping, UX Research"
Social Media Mgr,,Customer Success,Mid,2024-10-07,2025-01-05,2025-01-05,Informatique,Béjaïa,6-12 ans,Master,18,Temporaire,1,"Expérience requise: 6-12 ans. Éducation: Master, 18 ans. En tant que Mid Social Media Mgr, vous serez amené à gérer les systèmes. Contrat: Temporaire. Localisation: Béjaïa. Département: Operations.","Voiture de fonction, Prime performance",678709,"Email Marketing, Content Strategy, Google Analytics, Brand Management"
Risk Manager,,IT Support,Senior,17 September 2024,2024-11-09,2024-11-09,Juridique,Ghardaïa,3-6 ans,Doctorat,20,Stage,3,"Expérience requise: 3-6 ans. Éducation: Doctorat, 20 ans. En tant que Senior Risk Manager, vous serez amené à superviser les relations clients. As Senior Risk Manager, you'll lead key projects.",Ticket Restaurant,278996,"Inventory Control, Lean Management, Logistics, Supply Chain Management"
Volunteer Coord.,,Logistics,Lead,23 August 2024,14/10/2024,2024-10-14,Juridique,Saïda,1-7 ans,None,0,Temporaire,1,"Contrat: Temporaire. Localisation: Saïda. Département: Finance. En tant que Lead Volunteer Coord., vous serez amené à coordonner les systèmes. As Lead Volunteer Coord., you'll manage critical projects.","Assurance santé, Prime performance, Participation bénéfices",334486,"Time Management, Critical Thinking, Problem Solving, Adaptability, Communication, Teamwork"
HR Coordinator,,Business Development,Junior,29/12/2024,2025-01-20,2025-01-20,Juridique,Blida,0-3 ans,Doctorat,20,CDI,3,"Expérience requise: 0-3 ans. Éducation: Doctorat, 20 ans. En tant que Junior HR Coordinator, vous serez amené à développer les systèmes. Contrat: CDI. Localisation: Blida. Département: Operations.",,253475,"HRIS, Performance Management, Onboarding, Recruitment"
Marketing Manager,,Research & Development,Junior,"Dec 25, 2024",2025-02-25,2025-02-25,Ingénierie,Blida,0-5 ans,Master,18,Stage,5,"Expérience requise: 0-5 ans. Éducation: Master, 18 ans. En tant que Junior Marketing Manager, vous serez amené à superviser l’équipe. Contrat: Stage. Localisation: Blida. Département: Marketing.","Horaires flexibles, Voiture de fonction, Télétravail partiel",440738,"Brand Management, Content Strategy, Campaign Planning, SEO"
Data Scientist,,Training,Senior,"Jun 29, 2024",10 July 2024,2024-07-10,Informatique,Tlemcen,2-7 ans,None,0,Temporaire,1,"Profil recherché (EN):
Responsabilités: Coordination, Organization, Data Analysis, Machine Learning
Profil:
- SQL
- Negotiation
- Excel
Compétences: Strategic Planning, Logistics
Avantages: Organization; Communication; Digital Marketing
",Voiture de fonction,518743,"Cloud Computing, Java, Python, Kubernetes"
Risk Manager,,Technical Support,Senior,12/10/2024,2024-11-16,2024-11-16,Informatique,Tlemcen,5-15 ans,None,0,CDD,3,"As Senior Risk Manager, you'll lead strategic projects. Contrat: CDD. Localisation: Tlemcen. Département: Engineering. Expérience requise: 5-15 ans. Éducation: None, 0 ans.",,654256,"Logistics, Lean Management, Quality Control, Inventory Control, Supply Chain Management"
Project Manager,,Research & Development,Junior,"Nov 23, 2024",31 December 2024,2024-12-31,Finance,Alger,9-16 ans,Doctorat,20,Stage,2,"Profil recherché (MIX):
Responsabilités: Digital Marketing; Negotiation; SQL
Profil:
- Maintenance
- Data Analysis
- Digital Marketing
- Compliance
- Organization
Compétences:
- CAD
- Compliance
- Maintenance
- Teamwork
Avantages: Research; Organization
","Télétravail partiel, Participation bénéfices, Assurance santé",437053,"Supply Chain Management, Logistics, Quality Control, Process Optimization, Inventory Control"
Supply Chain Analyst,,Customer Success,Junior,2024-12-28,24/02/2025,2025-02-24,Logistique,Blida,3-10 ans,Licence,16,Temporaire,10,"Profil recherché (FR):
Responsabilités: SEO; Graphic Design; Compliance
Profil: Coordination, Teamwork, Research
Compétences: Python, Teamwork, Network Security, Java
Avantages: Research; Data Analysis; CAD; Budgeting
",Participation bénéfices,214185,"Forecasting, Excel, Risk Management, Financial Analysis"
Graphic Designer,,Business Development,Senior,2025-01-17,31 January 2025,2025-01-31,Ingénierie,Hybride,0-3 ans,Bac,12,CDD,3,"En tant que Senior Graphic Designer, vous serez amené à développer les systèmes. Expérience requise: 0-3 ans. Éducation: Bac, 12 ans. As Senior Graphic Designer, you'll design key projects.","Participation bénéfices, Ticket Restaurant",161374,"Color Theory, UX Research, Typography, Sketch, Adobe Photoshop"
Data Engineer,,Logistics,Lead,"Jul 13, 2024",04/08/2024,2024-08-04,Admin,Alger,0-7 ans,Doctorat,20,Temps partiel,1,"Profil recherché (MIX):
Responsabilités: Coordination; SEO
Profil: Machine Learning; Logistics; Network Security; CAD
Compétences: SQL; CAD; UX/UI
Avantages: Maintenance, Research, Budgeting
","Prime performance, Horaires flexibles",334660,"Kubernetes, C++, DevOps, Java, Python, Cloud Computing, Docker"
Fashion Designer,,IT Support,Senior,2024-11-16,07 December 2024,2024-12-07,Ventes,Tlemcen,9-15 ans,Licence,16,CDD,2,"Profil recherché (MIX):
Responsabilités: Strategic Planning, Cloud, Java
Profil:
- Research
- Customer Service
- Communication
- Negotiation
- Machine Learning
Compétences:
- Communication
- Python
Avantages:
- Project Mgmt
- Research
- Maintenance
- Teamwork
- Strategic Planning
",Voiture de fonction,362929,"Adobe Photoshop, Sketch, Illustrator, UX Research"
Data Scientist,,Logistics,Senior,11 August 2024,01/10/2024,2024-10-01,Marketing,El Oued,2-4 ans,None,0,Temps partiel,5,"Profil recherché (MIX):
Responsabilités: Compliance, Digital Marketing
Profil: Negotiation, Graphic Design, SEO
Compétences: Leadership, Machine Learning, CAD, SEO
Avantages: Compliance; Communication; Data Analysis; Logistics
",Formation continue,727581,"Docker, Cloud Computing, DevOps, Machine Learning"
Pharmacist,,IT Support,Chief,14 April 2025,2025-06-02,2025-06-02,Informatique,Tizi Ouzou,6-12 ans,Doctorat,20,Volontariat,3,"En tant que Chief Pharmacist, vous serez amené à développer les processus. Expérience requise: 6-12 ans. Éducation: Doctorat, 20 ans. Contrat: Volontariat. Localisation: Tizi Ouzou. Département: Marketing.",Télétravail partiel,840119,"Clinical Trials, Pharmacovigilance, HIPAA Compliance, Medical Terminology, Patient Care"
Data Scientist,,Technical Support,Chief,13/02/2025,14 May 2025,2025-05-14,Logistique,El Oued,8-17 ans,None,0,Temps plein,1,"Profil recherché (FR):
Responsabilités: UX/UI; Negotiation; CAD
Profil:
- SEO
- Communication
- Organization
Compétences: SEO; Network Security; CAD; Organization; Blockchain
Avantages: Data Analysis, Teamwork, Python, Research, Negotiation
","Formation continue, Prime performance, Ticket Restaurant",397850,"Python, Kubernetes, DevOps, SQL, Java"
HR Coordinator,,Corporate Affairs,Senior,17 November 2024,16/01/2025,2025-01-16,Santé,Blida,0-4 ans,None,0,Temps plein,2,"Contrat: Temps plein. Localisation: Blida. Département: Legal. En tant que Senior HR Coordinator, vous serez amené à superviser les systèmes. Expérience requise: 0-4 ans. Éducation: None, 0 ans.","Participation bénéfices, Télétravail partiel, Ticket Restaurant",347939,"Employee Relations, Recruitment, Payroll, Training & Development, Performance Management, Onboarding, HRIS"
Restaurant Manager,,Customer Success,Junior,24/04/2025,18 June 2025,2025-06-18,Finance,Constantine,5-12 ans,Licence,16,Freelance,5,"Profil recherché (FR):
Responsabilités: Negotiation, UX/UI
Profil:
- Communication
- Leadership
- Data Analysis
- Customer Service
Compétences: CAD; Project Mgmt; Organization; Budgeting; Leadership
Avantages: Graphic Design; Budgeting; SEO
",,309601,"Quality Control, Logistics, Process Optimization, Lean Management"
Civil Engineer,,Compliance,Junior,"Jan 29, 2025",2025-04-24,2025-04-24,Santé,Constantine,3-11 ans,Licence,16,Alternance,10,"As Junior Civil Engineer, you'll manage critical projects. Contrat: Alternance. Localisation: Constantine. Département: Marketing. Expérience requise: 3-11 ans. Éducation: Licence, 16 ans.","Prime performance, Voiture de fonction",962324,"Kubernetes, C++, Python, Java, DevOps"
Content Writer,,Public Relations,Senior,"Feb 28, 2025",09 May 2025,2025-05-09,Finance,Constantine,6-9 ans,Bac,12,Temps plein,2,"Profil recherché (MIX):
Responsabilités: Project Mgmt, UX/UI, Negotiation, Data Analysis, Technical Writing
Profil: Blockchain, Technical Writing
Compétences: Graphic Design, SEO, Excel, Network Security, CAD
Avantages: Graphic Design, Coordination, Organization, SQL
","Formation continue, Participation bénéfices, Ticket Restaurant",429679,"Java, Machine Learning, Network Security, Python, C++, Docker, DevOps"
Fashion Designer,,Design,Mid,25 April 2024,24/06/2024,2024-06-24,Finance,Alger,8-17 ans,Doctorat,20,Temporaire,10,"As Mid Fashion Designer, you'll perform innovative projects. Expérience requise: 8-17 ans. Éducation: Doctorat, 20 ans. Contrat: Temporaire. Localisation: Alger. Département: Operations.",Horaires flexibles,572322,"UX Research, Adobe Photoshop, Color Theory, Figma, Prototyping, Typography, Illustrator"
Software Engineer,,Data Science,Junior,24/11/2024,01 January 2025,2025-01-01,Admin,Annaba,3-6 ans,None,0,Temporaire,2,"Profil recherché (EN):
Responsabilités: Organization, Blockchain, SQL, Cloud, Technical Writing
Profil: CAD; Excel; Compliance
Compétences: Excel; Technical Writing; Budgeting
Avantages: Blockchain; Machine Learning
",Formation continue,756489,"Kubernetes, C++, Machine Learning, Cloud Computing, DevOps, Python, Java"
Fashion Designer,,Research & Development,Senior,2024-09-18,2024-10-21,2024-10-21,Informatique,Tlemcen,3-3 ans,None,0,Volontariat,2,"Profil recherché (EN):
Responsabilités:
- Blockchain
- Customer Service
- Network Security
- Leadership
- Java
Profil:
- Logistics
- Communication
- Project Mgmt
- Technical Writing
- Network Security
Compétences: Machine Learning; Blockchain
Avantages: Blockchain; Customer Service; CAD; Java
","Participation bénéfices, Formation continue, Voiture de fonction",514349,"Illustrator, Figma, Sketch, Color Theory, Typography, Adobe Photoshop"
Logistics Coord.,,Business Development,Chief,"May 14, 2024",2024-07-26,2024-07-26,RH,Béjaïa,1-5 ans,Doctorat,20,Stage,5,"As Chief Logistics Coord., you'll manage key projects. Expérience requise: 1-5 ans. Éducation: Doctorat, 20 ans. En tant que Chief Logistics Coord., vous serez amené à superviser l’équipe.",,221213,"Lean Management, Process Optimization, Inventory Control, Supply Chain Management, Quality Control"
Chem. Engineer,,Business Development,Lead,05 December 2024,2024-12-24,2024-12-24,RH,Tizi Ouzou,3-9 ans,Master,18,Temps partiel,5,"Profil recherché (EN):
Responsabilités: Machine Learning; Leadership; Organization; Technical Writing
Profil: Research, UX/UI
Compétences: Java; Machine Learning; Teamwork
Avantages:
- Teamwork
- Research
- Budgeting
- Graphic Design
- Technical Writing
","Voiture de fonction, Participation bénéfices",345899,"DevOps, Docker, Java, Cloud Computing, SQL, C++"
Network Admin,,Procurement,Senior,2024-06-14,09 July 2024,2024-07-09,Ingénierie,Blida,0-1 ans,Licence,16,Alternance,2,"Profil recherché (FR):
Responsabilités: Strategic Planning, Excel, Organization, UX/UI
Profil: Excel; CAD; Java; SQL
Compétences:
- Strategic Planning
- SEO
- Communication
Avantages: Data Analysis, SQL, Organization, Research
","Ticket Restaurant, Télétravail partiel, Participation bénéfices",836018,"Python, Docker, SQL, Java, Machine Learning, Cloud Computing"
Investment Banker,,Health & Safety,Chief,16 July 2024,24 July 2024,2024-07-24,Informatique,Télétravail,4-4 ans,Licence,16,Temporaire,3,"Contrat: Temporaire. Localisation: Télétravail. Département: Engineering. En tant que Chief Investment Banker, vous serez amené à coordonner l’équipe. Expérience requise: 4-4 ans. Éducation: Licence, 16 ans.",Assurance santé,462833,"Audit, Risk Management, Financial Analysis, Investment Strategies, Budgeting, Excel, SAP"
Network Admin,,IT Support,Lead,2025-04-14,2025-04-21,2025-04-21,Informatique,Tlemcen,10-14 ans,Bac,12,Volontariat,2,"Expérience requise: 10-14 ans. Éducation: Bac, 12 ans. Contrat: Volontariat. Localisation: Tlemcen. Département: IT. As Lead Network Admin, you'll perform innovative projects.","Horaires flexibles, Voiture de fonction",784479,"Java, Network Security, C++, Kubernetes"
Med. Rep,,Training,Mid,"May 07, 2024",29 May 2024,2024-05-29,Santé,Hybride,1-1 ans,Licence,16,CDD,3,"Profil recherché (MIX):
Responsabilités: Leadership, Graphic Design
Profil: Negotiation; Machine Learning; Organization
Compétences: UX/UI; Strategic Planning; Graphic Design
Avantages:
- Digital Marketing
- Project Mgmt
- UX/UI
- Logistics
",Ticket Restaurant,528479,"Critical Thinking, Adaptability, Problem Solving, Time Management, Teamwork, Communication"
Accountant,,Design,Lead,17/01/2025,2025-02-28,2025-02-28,Admin,Télétravail,8-17 ans,None,0,Temps partiel,2,"Expérience requise: 8-17 ans. Éducation: None, 0 ans. En tant que Lead Accountant, vous serez amené à superviser les processus. As Lead Accountant, you'll design key projects.",,549467,"Excel, Investment Strategies, SAP, Risk Management, Financial Analysis"
Env. Consultant,,Risk Management,Senior,11/01/2025,06/04/2025,2025-04-06,Ingénierie,Sétif,5-15 ans,Licence,16,CDD,1,"Expérience requise: 5-15 ans. Éducation: Licence, 16 ans. En tant que Senior Env. Consultant, vous serez amené à développer les relations clients. As Senior Env. Consultant, you'll lead key projects.","Ticket Restaurant, Horaires flexibles, Participation bénéfices",209029,"Adaptability, Communication, Teamwork, Problem Solving, Time Management, Critical Thinking"
Volunteer Coord.,,Logistics,Mid,14/05/2024,2024-07-21,2024-07-21,Ventes,Tizi Ouzou,3-7 ans,Master,18,Stage,10,"Profil recherché (EN):
Responsabilités: Machine Learning; Coordination; Excel; Communication; CAD
Profil: Graphic Design; SEO; Organization; Customer Service; CAD
Compétences: Research, Python, Digital Marketing, CAD
Avantages:
- Logistics
- Organization
- Technical Writing
","Voiture de fonction, Formation continue, Assurance santé",334413,"Critical Thinking, Adaptability, Communication, Teamwork, Time Management"
Social Media Mgr,,Research & Development,Mid,2024-05-21,31/05/2024,2024-05-31,RH,Sétif,2-10 ans,Licence,16,CDI,1,"Profil recherché (MIX):
Responsabilités: Cloud; Network Security; Compliance
Profil:
- Research
- Budgeting
- Maintenance
Compétences: Java; Customer Service; Compliance
Avantages:
- Leadership
- SQL
- Teamwork
",,418820,"Email Marketing, SEO, Public Relations, Campaign Planning"
SEO Specialist,,Investor Relations,Mid,2024-05-24,2024-06-07,2024-06-07,Ventes,Saïda,4-6 ans,Bac,12,CDI,2,"Profil recherché (EN):
Responsabilités: Budgeting, Python
Profil: Machine Learning, Negotiation, Excel
Compétences:
- Compliance
- Python
Avantages: UX/UI; Budgeting; SQL; Network Security; Research
","Participation bénéfices, Prime performance, Télétravail partiel",353176,"Public Relations, SEO, Content Strategy, Campaign Planning"
Project Manager,,Compliance,Junior,"Jun 19, 2024",02/09/2024,2024-09-02,Logistique,Sétif,0-10 ans,None,0,CDD,5,"Profil recherché (FR):
Responsabilités: Customer Service; Cloud; SEO
Profil: SQL, Cloud, Data Analysis, Graphic Design, Negotiation
Compétences:
- Technical Writing
- Customer Service
- Machine Learning
Avantages: Logistics, Customer Service, Technical Writing
",,592539,"Logistics, Process Optimization, Inventory Control, Supply Chain Management, Quality Control"
Customer Service Agent,,Corporate Affairs,Junior,"Apr 23, 2025",2025-06-18,2025-06-18,Logistique,Saïda,1-5 ans,Bac,12,Freelance,3,"Contrat: Freelance. Localisation: Saïda. Département: Engineering. As Junior Customer Service Agent, you'll design strategic projects. Expérience requise: 1-5 ans. Éducation: Bac, 12 ans.","Télétravail partiel, Ticket Restaurant, Formation continue",538169,"Data Entry, Customer Service, Office Management, Scheduling, Document Control"
Logistics Coord.,,Data Science,Chief,"Apr 02, 2025",2025-06-16,2025-06-16,Admin,Hybride,2-6 ans,Master,18,Alternance,1,"As Chief Logistics Coord., you'll perform critical projects. Expérience requise: 2-6 ans. Éducation: Master, 18 ans. En tant que Chief Logistics Coord., vous serez amené à superviser l’équipe.",,236480,"Quality Control, Lean Management, Logistics, Inventory Control, Supply Chain Management, Process Optimization"
Bioengineer,,Customer Success,Mid,"Jun 08, 2024",01/07/2024,2024-07-01,Marketing,Télétravail,1-5 ans,Licence,16,Freelance,10,"As Mid Bioengineer, you'll manage critical projects. Contrat: Freelance. Localisation: Télétravail. Département: Sales. Expérience requise: 1-5 ans. Éducation: Licence, 16 ans.","Horaires flexibles, Formation continue",272549,"Network Security, SQL, DevOps, Kubernetes, Cloud Computing, Machine Learning"
Civil Engineer,,Risk Management,Lead,"Mar 13, 2025",21/04/2025,2025-04-21,RH,Oran,9-13 ans,Master,18,Freelance,10,"As Lead Civil Engineer, you'll design innovative projects. Expérience requise: 9-13 ans. Éducation: Master, 18 ans. Contrat: Freelance. Localisation: Oran. Département: Sales.","Horaires flexibles, Prime performance",595566,"Cloud Computing, SQL, Docker, DevOps, Machine Learning, Network Security, Java"
Digital Marketer,,Procurement,Mid,29/09/2024,19/10/2024,2024-10-19,Admin,Béjaïa,0-0 ans,Bac,12,Freelance,10,"Profil recherché (EN):
Responsabilités: Project Mgmt, Negotiation, Maintenance, Communication
Profil:
- UX/UI
- CAD
- Data Analysis
- Graphic Design
Compétences:
- Network Security
- Data Analysis
- Maintenance
- Blockchain
- Leadership
Avantages: Compliance; Technical Writing; Blockchain; Java
",Formation continue,394291,"DevOps, Java, Cloud Computing, SQL, C++"
Sales Rep,,Design,Mid,2024-11-20,18 December 2024,2024-12-18,Santé,Tizi Ouzou,7-12 ans,Doctorat,20,Temps partiel,10,"Profil recherché (EN):
Responsabilités:
- Research
- Java
- Digital Marketing
- Logistics
- Machine Learning
Profil: Cloud, SQL, Graphic Design, Digital Marketing
Compétences: SQL; Python
Avantages:
- Python
- Excel
- Network Security
",Formation continue,160860,"Problem Solving, Teamwork, Adaptability, Time Management, Communication, Critical Thinking"
Researcher,,Administration,Junior,"Oct 14, 2024",2024-11-24,2024-11-24,Admin,Constantine,9-15 ans,Master,18,Alternance,1,"Contrat: Alternance. Localisation: Constantine. Département: Sales. En tant que Junior Researcher, vous serez amené à coordonner l’équipe. Expérience requise: 9-15 ans. Éducation: Master, 18 ans.",,797444,"Medical Terminology, HIPAA Compliance, Clinical Trials, Patient Care, Pharmacovigilance"
Operations Manager,,Strategy,Chief,2024-12-03,09 February 2025,2025-02-09,RH,Oran,8-14 ans,Bac,12,Freelance,1,"En tant que Chief Operations Manager, vous serez amené à superviser les systèmes. Contrat: Freelance. Localisation: Oran. Département: Sales. As Chief Operations Manager, you'll design critical projects.",,440171,"Quality Control, Logistics, Lean Management, Inventory Control, Supply Chain Management, Process Optimization"
Supply Chain Analyst,,Investor Relations,Chief,"Aug 18, 2024",30 September 2024,2024-09-30,Marketing,Saïda,2-3 ans,Bac,12,Freelance,5,"Profil recherché (FR):
Responsabilités: CAD, Strategic Planning, Negotiation, Teamwork
Profil: Cloud, Research, Logistics, Machine Learning
Compétences: Python; CAD
Avantages: UX/UI, Teamwork
","Horaires flexibles, Ticket Restaurant, Voiture de fonction",451035,"Financial Analysis, Audit, Risk Management, Excel, Budgeting, Accounting"
Recruiter,,Business Development,Lead,2024-12-29,2025-03-04,2025-03-04,Marketing,Constantine,8-16 ans,Master,18,Temps plein,3,"Profil recherché (FR):
Responsabilités:
- SEO
- Leadership
- Graphic Design
- Budgeting
- Communication
Profil: Network Security; SEO
Compétences: Leadership, Research, Strategic Planning, Communication, Java
Avantages: Blockchain, Project Mgmt, Research, Leadership, Coordination
",Formation continue,913788,"Kubernetes, Java, SQL, Machine Learning, Docker, Network Security"
Logistics Coord.,,Quality Assurance,Lead,25/03/2025,20/04/2025,2025-04-20,Finance,Télétravail,4-14 ans,Doctorat,20,CDI,2,"As Lead Logistics Coord., you'll perform innovative projects. Expérience requise: 4-14 ans. Éducation: Doctorat, 20 ans. En tant que Lead Logistics Coord., vous serez amené à superviser les processus.",Prime performance,417175,"Logistics, Supply Chain Management, Lean Management, Process Optimization, Quality Control, Inventory Control"
Graphic Designer,,Administration,Lead,2024-07-13,20/08/2024,2024-08-20,Santé,Annaba,6-14 ans,Doctorat,20,CDD,2,"As Lead Graphic Designer, you'll design innovative projects. Contrat: CDD. Localisation: Annaba. Département: Marketing. En tant que Lead Graphic Designer, vous serez amené à coordonner les processus.","Prime performance, Formation continue",324044,"UX Research, Adobe Photoshop, Sketch, Typography"
Env. Consultant,,Training,Junior,"Sep 19, 2024",27 November 2024,2024-11-27,Ventes,Tlemcen,8-12 ans,Master,18,Temps partiel,5,"As Junior Env. Consultant, you'll perform strategic projects. En tant que Junior Env. Consultant, vous serez amené à coordonner les processus. Expérience requise: 8-12 ans. Éducation: Master, 18 ans.","Voiture de fonction, Horaires flexibles",325847,"Problem Solving, Adaptability, Time Management, Teamwork"
Translator,,Compliance,Senior,11 February 2025,04 April 2025,2025-04-04,Santé,Hybride,10-10 ans,Master,18,Stage,5,"Profil recherché (EN):
Responsabilités: CAD; Teamwork; Compliance; Research; Negotiation
Profil: Project Mgmt; Compliance; Python; Technical Writing
Compétences:
- Blockchain
- Data Analysis
- Logistics
Avantages: Coordination; Graphic Design; CAD
","Horaires flexibles, Formation continue",506071,"Communication, Adaptability, Time Management, Problem Solving, Critical Thinking"
PR Officer,,Procurement,Senior,02 November 2024,31 December 2024,2024-12-31,Juridique,Annaba,7-7 ans,None,0,Volontariat,2,"Profil recherché (FR):
Responsabilités: Network Security; Budgeting; Excel; Customer Service; Leadership
Profil:
- Coordination
- Customer Service
- Machine Learning
- Network Security
Compétences: Communication; Technical Writing
Avantages: Negotiation; Blockchain; Technical Writing; SEO
","Ticket Restaurant, Télétravail partiel, Voiture de fonction",424214,"Communication, Time Management, Critical Thinking, Teamwork, Problem Solving"
Product Manager,,Training,Chief,2025-01-04,14 January 2025,2025-01-14,Marketing,Béjaïa,2-5 ans,None,0,Freelance,2,"As Chief Product Manager, you'll design innovative projects. Contrat: Freelance. Localisation: Béjaïa. Département: Operations. En tant que Chief Product Manager, vous serez amené à superviser les relations clients.","Télétravail partiel, Horaires flexibles, Prime performance",267744,"Logistics, Process Optimization, Quality Control, Supply Chain Management, Inventory Control, Lean Management"
Med. Rep,,Corporate Affairs,Senior,2024-08-08,2024-09-28,2024-09-28,Logistique,Tizi Ouzou,4-4 ans,Bac,12,Temps plein,3,"Profil recherché (MIX):
Responsabilités: Network Security; Java; Coordination; Blockchain; Budgeting
Profil: Cloud, Logistics, CAD
Compétences:
- UX/UI
- Project Mgmt
- SQL
- Blockchain
- Excel
Avantages: Project Mgmt; CAD; SQL
","Télétravail partiel, Assurance santé",567012,"Critical Thinking, Teamwork, Communication, Adaptability"
Accountant,,Health & Safety,Lead,2024-11-17,2024-12-31,2024-12-31,Logistique,Saïda,9-10 ans,Master,18,Alternance,2,"Profil recherché (MIX):
Responsabilités: Network Security, Organization, Budgeting, Coordination, Maintenance
Profil: Teamwork, SQL, Network Security, Excel
Compétences: Logistics, Strategic Planning, Organization, Blockchain, CAD
Avantages:
- Project Mgmt
- SQL
",Participation bénéfices,383843,"Financial Analysis, SAP, Budgeting, Risk Management, Audit, Investment Strategies"
UX Designer,,Customer Success,Chief,20/05/2024,2024-07-08,2024-07-08,Santé,Oran,5-13 ans,None,0,CDD,5,"Profil recherché (FR):
Responsabilités: Network Security, Digital Marketing, SEO, Communication, Python
Profil: Teamwork; SQL; SEO; Network Security
Compétences: Teamwork; CAD
Avantages: Python; Technical Writing
","Voiture de fonction, Horaires flexibles, Télétravail partiel",292433,"UX Research, Adobe Photoshop, Sketch, Illustrator, Typography, Color Theory"
Training Specialist,,Health & Safety,Chief,2024-10-23,2024-12-22,2024-12-22,Admin,Oran,1-3 ans,Doctorat,20,Stage,3,"Profil recherché (FR):
Responsabilités:
- UX/UI
- Digital Marketing
- Logistics
Profil: Compliance; Project Mgmt; Strategic Planning; Cloud
Compétences: Graphic Design; Technical Writing
Avantages: Python, Cloud, Technical Writing
",Télétravail partiel,519088,"Critical Thinking, Problem Solving, Communication, Teamwork, Time Management"
Fashion Designer,,Logistics,Junior,13 August 2024,26/09/2024,2024-09-26,Juridique,Hybride,5-9 ans,Master,18,Alternance,1,"Profil recherché (FR):
Responsabilités: UX/UI, Maintenance
Profil: Teamwork, Negotiation, Coordination, Leadership
Compétences:
- Maintenance
- Research
- Project Mgmt
- Organization
- Negotiation
Avantages: CAD; Maintenance; Leadership
","Télétravail partiel, Ticket Restaurant, Assurance santé",279104,"Sketch, Typography, Prototyping, Adobe Photoshop"
Social Media Mgr,,Administration,Lead,10/07/2024,13/09/2024,2024-09-13,Ingénierie,Blida,9-13 ans,Master,18,Temps partiel,1,"Profil recherché (EN):
Responsabilités: Budgeting, Machine Learning, CAD, UX/UI
Profil:
- Coordination
- Python
Compétences: UX/UI, Blockchain
Avantages: Maintenance; Leadership; CAD; Organization; Compliance
",Prime performance,454619,"Google Analytics, Social Media, Campaign Planning, Content Strategy, Public Relations, Brand Management, Email Marketing"
HR Coordinator,,Research & Development,Senior,2024-05-18,2024-07-12,2024-07-12,Marketing,Tlemcen,4-11 ans,Licence,16,Stage,5,"As Senior HR Coordinator, you'll design strategic projects. En tant que Senior HR Coordinator, vous serez amené à superviser les processus. Contrat: Stage. Localisation: Tlemcen. Département: Finance.","Ticket Restaurant, Formation continue",431568,"Onboarding, HRIS, Performance Management, Employee Relations, Training & Development, Recruitment, Payroll"
Recruiter,,Logistics,Junior,2025-03-23,2025-04-25,2025-04-25,RH,Constantine,1-9 ans,Master,18,Freelance,3,"Expérience requise: 1-9 ans. Éducation: Master, 18 ans. As Junior Recruiter, you'll perform strategic projects. En tant que Junior Recruiter, vous serez amené à superviser l’équipe.",,366146,"Machine Learning, Java, Kubernetes, Python, SQL, Cloud Computing, C++"
App Developer,,Procurement,Chief,"Dec 06, 2024",2025-02-23,2025-02-23,Marketing,Oran,9-12 ans,Bac,12,Stage,1,"As Chief App Developer, you'll design innovative projects. Expérience requise: 9-12 ans. Éducation: Bac, 12 ans. En tant que Chief App Developer, vous serez amené à superviser les processus.","Formation continue, Voiture de fonction",858689,"Java, SQL, Docker, Machine Learning, Network Security, DevOps"
Fashion Designer,,Design,Mid,2024-06-02,19/07/2024,2024-07-19,Juridique,Annaba,5-11 ans,Doctorat,20,Volontariat,5,"Expérience requise: 5-11 ans. Éducation: Doctorat, 20 ans. Contrat: Volontariat. Localisation: Annaba. Département: Operations. As Mid Fashion Designer, you'll design strategic projects.",,687199,"Sketch, Typography, UX Research, Illustrator"
DB Admin,,Corporate Affairs,Mid,10 September 2024,2024-11-16,2024-11-16,Informatique,Oran,10-10 ans,Bac,12,Temps plein,2,"Profil recherché (FR):
Responsabilités: Network Security; Leadership; Data Analysis; Python; Coordination
Profil: SQL, Customer Service, Budgeting
Compétences: Organization; Leadership; Budgeting; Graphic Design
Avantages:
- Leadership
- Technical Writing
- Customer Service
- Research
","Voiture de fonction, Assurance santé",177473,"Scheduling, Office Management, Customer Service, Document Control, Data Entry"
Security Officer,,Customer Success,Mid,21 September 2024,08 October 2024,2024-10-08,Ventes,Tlemcen,3-8 ans,Bac,12,Freelance,3,"As Mid Security Officer, you'll perform key projects. Contrat: Freelance. Localisation: Tlemcen. Département: HR. Expérience requise: 3-8 ans. Éducation: Bac, 12 ans.","Ticket Restaurant, Télétravail partiel, Horaires flexibles",197710,"Docker, Kubernetes, Machine Learning, Network Security"
QA Engineer,,Training,Mid,05 August 2024,2024-09-17,2024-09-17,Ingénierie,El Oued,8-8 ans,Licence,16,Temps plein,10,"Expérience requise: 8-8 ans. Éducation: Licence, 16 ans. As Mid QA Engineer, you'll manage strategic projects. En tant que Mid QA Engineer, vous serez amené à superviser les systèmes.","Assurance santé, Horaires flexibles, Formation continue",632901,"Cloud Computing, Kubernetes, DevOps, Machine Learning, Python, C++"
Recruiter,,Corporate Affairs,Mid,19 February 2025,2025-03-21,2025-03-21,RH,Alger,7-8 ans,Licence,16,Temps plein,5,"As Mid Recruiter, you'll design critical projects. En tant que Mid Recruiter, vous serez amené à gérer l’équipe. Contrat: Temps plein. Localisation: Alger. Département: HR.",,876406,"SQL, Kubernetes, Machine Learning, Cloud Computing"
Blockchain Dev,,Training,Mid,2024-05-28,2024-08-05,2024-08-05,Informatique,Ghardaïa,6-11 ans,None,0,Temps partiel,1,"Profil recherché (EN):
Responsabilités: SQL; SEO
Profil:
- UX/UI
- CAD
- Strategic Planning
- Project Mgmt
- Network Security
Compétences:
- Budgeting
- Teamwork
- Customer Service
- Coordination
- Communication
Avantages: Strategic Planning, CAD, Customer Service
","Télétravail partiel, Horaires flexibles, Ticket Restaurant",391808,"Critical Thinking, Communication, Teamwork, Problem Solving, Adaptability"
Researcher,,Logistics,Junior,2024-10-14,11 January 2025,2025-01-11,Ventes,Alger,10-12 ans,Licence,16,Alternance,2,"Profil recherché (FR):
Responsabilités: CAD; Excel
Profil: Logistics; Technical Writing
Compétences: Blockchain; Python; Research; Leadership; UX/UI
Avantages:
- UX/UI
- Blockchain
- Data Analysis
- Organization
",,525781,"HIPAA Compliance, Medical Terminology, Clinical Trials, Patient Care, Pharmacovigilance"
UX Designer,,IT Support,Junior,12 May 2024,30/06/2024,2024-06-30,Ventes,Annaba,9-15 ans,Licence,16,Temps plein,1,"Profil recherché (FR):
Responsabilités:
- Communication
- Logistics
- SEO
- Python
- Customer Service
Profil: Maintenance; Communication
Compétences: Technical Writing; CAD; Machine Learning; Organization; Coordination
Avantages: Technical Writing; Organization; Excel; Java; Compliance
","Télétravail partiel, Assurance santé",476919,"Color Theory, Figma, Sketch, Prototyping, Adobe Photoshop, UX Research, Typography"
Volunteer Coord.,,Administration,Mid,20 September 2024,2024-11-07,2024-11-07,Logistique,Constantine,6-7 ans,Master,18,Temporaire,1,"Contrat: Temporaire. Localisation: Constantine. Département: IT. Expérience requise: 6-7 ans. Éducation: Master, 18 ans. As Mid Volunteer Coord., you'll design strategic projects.",,355182,"Problem Solving, Adaptability, Time Management, Critical Thinking, Teamwork, Communication"
Operations Manager,,Strategy,Junior,07/02/2025,02/03/2025,2025-03-02,Finance,Hybride,0-3 ans,Doctorat,20,Freelance,5,"Expérience requise: 0-3 ans. Éducation: Doctorat, 20 ans. Contrat: Freelance. Localisation: Hybride. Département: Engineering. En tant que Junior Operations Manager, vous serez amené à développer les processus.",Prime performance,952928,"Inventory Control, Supply Chain Management, Lean Management, Quality Control, Process Optimization, Logistics"
HR Coordinator,,Compliance,Junior,09 August 2024,14 September 2024,2024-09-14,Informatique,Télétravail,8-12 ans,Master,18,Volontariat,10,"Profil recherché (MIX):
Responsabilités: Customer Service; Network Security
Profil: CAD, Logistics, Negotiation
Compétences: Blockchain, Network Security
Avantages:
- Python
- Strategic Planning
- Cloud
","Voiture de fonction, Participation bénéfices",266278,"Recruitment, Performance Management, Payroll, HRIS, Training & Development"
Volunteer Coord.,,Procurement,Lead,2024-09-28,2024-10-08,2024-10-08,Juridique,Tizi Ouzou,0-10 ans,Bac,12,Stage,3,"Profil recherché (EN):
Responsabilités: Machine Learning, Communication
Profil:
- UX/UI
- Python
- Project Mgmt
- SEO
Compétences: Budgeting; SEO
Avantages: Graphic Design, Python, Maintenance, Logistics
","Ticket Restaurant, Télétravail partiel, Participation bénéfices",331222,"Adaptability, Problem Solving, Critical Thinking, Time Management, Teamwork, Communication"
Data Engineer,,Design,Chief,11 August 2024,2024-09-12,2024-09-12,Admin,Annaba,10-17 ans,Bac,12,Freelance,1,"Profil recherché (FR):
Responsabilités:
- Organization
- Digital Marketing
Profil: UX/UI, SQL
Compétences: Project Mgmt; Maintenance
Avantages:
- Blockchain
- Budgeting
",,312561,"Docker, DevOps, C++, Kubernetes"
IT Intern,,Corporate Affairs,Chief,2025-03-05,2025-04-15,2025-04-15,Ingénierie,Béjaïa,2-3 ans,Master,18,Alternance,3,"En tant que Chief IT Intern, vous serez amené à gérer les relations clients. Contrat: Alternance. Localisation: Béjaïa. Département: Sales. As Chief IT Intern, you'll perform strategic projects.",Horaires flexibles,376494,"Docker, Java, Cloud Computing, DevOps, C++, Network Security, Machine Learning"
UX Designer,,Quality Assurance,Mid,18 March 2025,23/05/2025,2025-05-23,Marketing,Constantine,8-18 ans,Licence,16,Freelance,3,"As Mid UX Designer, you'll design innovative projects. En tant que Mid UX Designer, vous serez amené à coordonner les systèmes. Expérience requise: 8-18 ans. Éducation: Licence, 16 ans.",,210593,"Adobe Photoshop, UX Research, Figma, Color Theory, Typography"
Software Engineer,,Public Relations,Chief,"Jun 15, 2024",28 August 2024,2024-08-28,RH,Béjaïa,0-9 ans,Master,18,Alternance,5,"Profil recherché (MIX):
Responsabilités:
- Coordination
- Blockchain
- Communication
Profil:
- Logistics
- Customer Service
- Coordination
Compétences:
- Budgeting
- SEO
Avantages: Coordination, CAD, Research, Leadership, SQL
","Assurance santé, Horaires flexibles, Prime performance",406258,"Network Security, Docker, Python, Kubernetes, C++"
Risk Manager,,Product,Senior,2024-08-27,14 November 2024,2024-11-14,Informatique,Télétravail,1-8 ans,Doctorat,20,CDD,5,"Profil recherché (EN):
Responsabilités:
- Coordination
- Leadership
Profil: Teamwork, Java, Excel, Budgeting, Compliance
Compétences: CAD; Logistics; Strategic Planning; Blockchain; Java
Avantages: Coordination; UX/UI
",Participation bénéfices,483295,"Quality Control, Process Optimization, Logistics, Inventory Control, Lean Management, Supply Chain Management"
Tech Writer,,Quality Assurance,Junior,"Mar 30, 2025",2025-05-23,2025-05-23,Santé,Tlemcen,7-17 ans,Licence,16,Volontariat,10,"As Junior Tech Writer, you'll manage key projects. En tant que Junior Tech Writer, vous serez amené à superviser les processus. Contrat: Volontariat. Localisation: Tlemcen. Département: Marketing.",,224771,"Docker, C++, Kubernetes, Python, Cloud Computing, Java, DevOps"
Marketing Manager,,Design,Mid,02/05/2024,2024-06-21,2024-06-21,Ingénierie,Télétravail,6-6 ans,Master,18,CDI,3,"En tant que Mid Marketing Manager, vous serez amené à développer l’équipe. Contrat: CDI. Localisation: Télétravail. Département: Sales. Expérience requise: 6-6 ans. Éducation: Master, 18 ans.",Participation bénéfices,452769,"Social Media, Content Strategy, Public Relations, Google Analytics"
Software Engineer,,Health & Safety,Chief,26/02/2025,16 March 2025,2025-03-16,Admin,Tizi Ouzou,8-10 ans,Master,18,CDD,10,"As Chief Software Engineer, you'll manage strategic projects. Contrat: CDD. Localisation: Tizi Ouzou. Département: Marketing. En tant que Chief Software Engineer, vous serez amené à développer les relations clients.","Ticket Restaurant, Formation continue",500801,"Kubernetes, Machine Learning, DevOps, Docker, C++"
Social Media Mgr,,Public Relations,Senior,"Apr 30, 2024",2024-07-20,2024-07-20,Marketing,Tlemcen,2-2 ans,Master,18,Stage,1,"En tant que Senior Social Media Mgr, vous serez amené à gérer les systèmes. Contrat: Stage. Localisation: Tlemcen. Département: Engineering. As Senior Social Media Mgr, you'll lead critical projects.","Assurance santé, Télétravail partiel, Formation continue",579007,"Google Analytics, SEO, Brand Management, Content Strategy, Public Relations"
Data Scientist,,Business Development,Chief,13/07/2024,09 August 2024,2024-08-09,Ingénierie,Tlemcen,9-12 ans,None,0,Volontariat,10,"As Chief Data Scientist, you'll lead innovative projects. En tant que Chief Data Scientist, vous serez amené à superviser les processus. Contrat: Volontariat. Localisation: Tlemcen. Département: Finance.",,620823,"Java, C++, Machine Learning, Docker"
Digital Marketer,,Customer Success,Chief,02 April 2025,21 May 2025,2025-05-21,Admin,Béjaïa,3-12 ans,Licence,16,Temps plein,2,"Profil recherché (FR):
Responsabilités: Technical Writing; SQL; Blockchain; Strategic Planning; Leadership
Profil: Budgeting, Project Mgmt, Teamwork, Logistics, Research
Compétences: Python, Communication, Java
Avantages: Leadership; Cloud
","Voiture de fonction, Télétravail partiel, Ticket Restaurant",308738,"Network Security, C++, Python, SQL, Java, Docker"
Recruiter,,Procurement,Senior,2024-06-30,15/08/2024,2024-08-15,Ventes,Ghardaïa,2-9 ans,Licence,16,Temporaire,3,"Contrat: Temporaire. Localisation: Ghardaïa. Département: Legal. As Senior Recruiter, you'll lead key projects. Expérience requise: 2-9 ans. Éducation: Licence, 16 ans.",,587110,"Network Security, Kubernetes, Cloud Computing, DevOps, SQL, C++, Docker"
CMO,,Health & Safety,Junior,"Sep 27, 2024",06 November 2024,2024-11-06,Juridique,Constantine,9-17 ans,Doctorat,20,Volontariat,3,"Profil recherché (EN):
Responsabilités: Budgeting; SQL; Communication; Coordination
Profil: CAD; Data Analysis; Blockchain
Compétences:
- Python
- Negotiation
- Network Security
- Strategic Planning
Avantages: Technical Writing; Compliance; Java
","Ticket Restaurant, Prime performance, Télétravail partiel",352963,"Critical Thinking, Adaptability, Communication, Teamwork"
Video Editor,,Data Science,Lead,09/01/2025,2025-03-27,2025-03-27,Marketing,Blida,8-11 ans,Master,18,Alternance,10,"Profil recherché (MIX):
Responsabilités:
- UX/UI
- Organization
- Logistics
- Blockchain
- Technical Writing
Profil: Graphic Design; Technical Writing; Java; Communication
Compétences:
- UX/UI
- Research
Avantages:
- Technical Writing
- Compliance
- Data Analysis
",Prime performance,560622,"Docker, Java, Network Security, DevOps, Python"
Env. Consultant,,Administration,Junior,27/02/2025,15/04/2025,2025-04-15,Juridique,Télétravail,2-11 ans,Doctorat,20,Stage,1,"En tant que Junior Env. Consultant, vous serez amené à développer l’équipe. As Junior Env. Consultant, you'll manage innovative projects. Expérience requise: 2-11 ans. Éducation: Doctorat, 20 ans.",,280709,"Problem Solving, Teamwork, Time Management, Adaptability, Communication, Critical Thinking"
SEO Specialist,,IT Support,Senior,29 November 2024,25/01/2025,2025-01-25,Juridique,Blida,4-6 ans,Doctorat,20,CDI,10,"Contrat: CDI. Localisation: Blida. Département: Marketing. En tant que Senior SEO Specialist, vous serez amené à coordonner les processus. As Senior SEO Specialist, you'll manage critical projects.","Participation bénéfices, Formation continue",598662,"Google Analytics, Brand Management, Public Relations, Content Strategy, Email Marketing, Campaign Planning, SEO"
QA Engineer,,Product,Mid,07 May 2024,2024-05-28,2024-05-28,RH,Hybride,3-10 ans,Bac,12,CDI,10,"En tant que Mid QA Engineer, vous serez amené à superviser les processus. Expérience requise: 3-10 ans. Éducation: Bac, 12 ans. As Mid QA Engineer, you'll perform strategic projects.",Prime performance,326730,"C++, Kubernetes, Python, Cloud Computing, Docker, Java"
Researcher,,Procurement,Lead,2025-02-23,22/05/2025,2025-05-22,Santé,Sétif,6-12 ans,Bac,12,Volontariat,2,"Profil recherché (MIX):
Responsabilités: Network Security; Technical Writing; SEO; SQL
Profil: Maintenance; Graphic Design
Compétences: Machine Learning; SEO; UX/UI; Budgeting; Digital Marketing
Avantages: Digital Marketing; Python
","Participation bénéfices, Prime performance",490678,"HIPAA Compliance, Clinical Trials, Patient Care, Medical Terminology, Pharmacovigilance"
Accountant,,Business Development,Senior,27/10/2024,2025-01-08,2025-01-08,Marketing,Ghardaïa,1-11 ans,None,0,Stage,10,"As Senior Accountant, you'll manage innovative projects. Contrat: Stage. Localisation: Ghardaïa. Département: IT. Expérience requise: 1-11 ans. Éducation: None, 0 ans.","Voiture de fonction, Assurance santé",339647,"Excel, Audit, Forecasting, Financial Analysis, Accounting, Risk Management, Budgeting"
Investment Banker,,Health & Safety,Chief,27 September 2024,28 November 2024,2024-11-28,Marketing,Oran,7-10 ans,Master,18,Temps plein,3,"En tant que Chief Investment Banker, vous serez amené à développer les systèmes. Contrat: Temps plein. Localisation: Oran. Département: HR. Expérience requise: 7-10 ans. Éducation: Master, 18 ans.",,384113,"Risk Management, Forecasting, Accounting, Excel, Financial Analysis, Investment Strategies"
Restaurant Manager,,Corporate Affairs,Mid,"Jan 17, 2025",28 March 2025,2025-03-28,Finance,El Oued,3-13 ans,None,0,Freelance,2,"Profil recherché (MIX):
Responsabilités:
- Coordination
- CAD
Profil:
- Technical Writing
- Research
- Maintenance
- Blockchain
Compétences: Strategic Planning, Communication, Teamwork
Avantages: Negotiation, Blockchain, Digital Marketing
",Voiture de fonction,528204,"Logistics, Inventory Control, Lean Management, Quality Control, Supply Chain Management, Process Optimization"
Maintenance Tech,,Compliance,Lead,"Dec 31, 2024",2025-01-14,2025-01-14,Admin,Béjaïa,0-3 ans,Licence,16,Freelance,5,"As Lead Maintenance Tech, you'll lead key projects. Expérience requise: 0-3 ans. Éducation: Licence, 16 ans. En tant que Lead Maintenance Tech, vous serez amené à développer les relations clients.",Participation bénéfices,508940,"Critical Thinking, Communication, Adaptability, Teamwork"
SEO Specialist,,Investor Relations,Senior,2024-12-30,12 February 2025,2025-02-12,Admin,Hybride,7-9 ans,Master,18,CDD,1,"As Senior SEO Specialist, you'll manage innovative projects. En tant que Senior SEO Specialist, vous serez amené à coordonner les relations clients. Expérience requise: 7-9 ans. Éducation: Master, 18 ans.","Ticket Restaurant, Télétravail partiel, Participation bénéfices",764704,"SEO, Social Media, Email Marketing, Brand Management"
Civil Engineer,,Investor Relations,Lead,21 October 2024,29/11/2024,2024-11-29,Santé,Oran,5-12 ans,None,0,CDD,10,"Expérience requise: 5-12 ans. Éducation: None, 0 ans. Contrat: CDD. Localisation: Oran. Département: Engineering. En tant que Lead Civil Engineer, vous serez amené à coordonner l’équipe.","Télétravail partiel, Formation continue, Horaires flexibles",491796,"Docker, Java, Python, C++, Machine Learning"
Exec. Assistant,,Compliance,Senior,"Dec 13, 2024",16/01/2025,2025-01-16,Finance,Tizi Ouzou,2-5 ans,Doctorat,20,Temporaire,5,"As Senior Exec. Assistant, you'll manage key projects. En tant que Senior Exec. Assistant, vous serez amené à gérer l’équipe. Contrat: Temporaire. Localisation: Tizi Ouzou. Département: Finance.",,328743,"Data Entry, Document Control, Customer Service, Office Management"
Researcher,,Training,Senior,19 January 2025,2025-04-08,2025-04-08,Finance,Hybride,1-2 ans,Master,18,Temps plein,10,"Profil recherché (MIX):
Responsabilités: Negotiation; Excel; Java
Profil: Compliance; Strategic Planning; CAD; Leadership; Excel
Compétences: Graphic Design, Customer Service
Avantages: Communication, Research, CAD
","Voiture de fonction, Télétravail partiel",227158,"Medical Terminology, HIPAA Compliance, Pharmacovigilance, Patient Care, Clinical Trials"
Sales Rep,,Public Relations,Junior,20 May 2024,2024-08-14,2024-08-14,Logistique,Télétravail,1-5 ans,Licence,16,Stage,5,"Profil recherché (EN):
Responsabilités: Teamwork, SEO, Negotiation
Profil: SEO, Organization, Leadership
Compétences: Coordination, Maintenance, Research, SQL, SEO
Avantages: Java, Python, Machine Learning, Data Analysis, Maintenance
",Prime performance,201888,"Communication, Problem Solving, Teamwork, Critical Thinking"
Recruiter,,Research & Development,Lead,26 June 2024,06 August 2024,2024-08-06,Ventes,Constantine,4-6 ans,Doctorat,20,Stage,3,"En tant que Lead Recruiter, vous serez amené à superviser les systèmes. Contrat: Stage. Localisation: Constantine. Département: Finance. Expérience requise: 4-6 ans. Éducation: Doctorat, 20 ans.","Horaires flexibles, Formation continue",570905,"Java, C++, Python, Machine Learning, Docker"
Translator,,Product,Chief,14/02/2025,2025-03-25,2025-03-25,Finance,Saïda,0-0 ans,Licence,16,Stage,3,"Profil recherché (EN):
Responsabilités:
- Python
- Customer Service
- Project Mgmt
- Cloud
Profil:
- Organization
- Network Security
- Project Mgmt
- Graphic Design
Compétences:
- Negotiation
- Budgeting
- UX/UI
- Machine Learning
Avantages:
- Compliance
- Machine Learning
",,374736,"Adaptability, Critical Thinking, Teamwork, Problem Solving, Communication, Time Management"
Network Admin,,Product,Senior,"Feb 24, 2025",27 March 2025,2025-03-27,Informatique,Hybride,1-2 ans,Master,18,CDI,1,"As Senior Network Admin, you'll design key projects. Expérience requise: 1-2 ans. Éducation: Master, 18 ans. Contrat: CDI. Localisation: Hybride. Département: Operations.","Assurance santé, Formation continue",764054,"Network Security, Kubernetes, Cloud Computing, DevOps, C++, Machine Learning"
Supply Chain Analyst,,Investor Relations,Mid,"May 20, 2024",2024-07-07,2024-07-07,Logistique,Télétravail,1-11 ans,None,0,CDD,2,"Profil recherché (FR):
Responsabilités: Digital Marketing; Graphic Design; Customer Service
Profil: Compliance, Data Analysis, Budgeting, Strategic Planning
Compétences:
- Compliance
- Machine Learning
Avantages: Python, Cloud, Organization, Negotiation, Blockchain
",,873509,"SAP, Financial Analysis, Investment Strategies, Forecasting, Audit, Budgeting, Excel"
Graphic Designer,,Training,Junior,"Jan 02, 2025",27 January 2025,2025-01-27,Admin,Tizi Ouzou,3-4 ans,Master,18,Temporaire,10,"Profil recherché (FR):
Responsabilités: Customer Service; Budgeting; Strategic Planning; Maintenance
Profil: Strategic Planning; Python
Compétences:
- Research
- Leadership
- Organization
Avantages: Maintenance; Organization
","Ticket Restaurant, Prime performance",223757,"Illustrator, Typography, Figma, Color Theory"
Volunteer Coord.,,IT Support,Lead,"Oct 27, 2024",22/01/2025,2025-01-22,Informatique,Hybride,4-6 ans,Bac,12,Alternance,3,"Expérience requise: 4-6 ans. Éducation: Bac, 12 ans. Contrat: Alternance. Localisation: Hybride. Département: Operations. En tant que Lead Volunteer Coord., vous serez amené à gérer les relations clients.",Formation continue,370165,"Adaptability, Critical Thinking, Time Management, Communication, Problem Solving"
HR Coordinator,,Data Science,Lead,21 February 2025,2025-05-10,2025-05-10,Ingénierie,Sétif,4-12 ans,Bac,12,CDI,5,"Profil recherché (EN):
Responsabilités: Coordination, Machine Learning
Profil: Digital Marketing, Research, Machine Learning, Maintenance, Logistics
Compétences: Organization, Communication, Strategic Planning
Avantages: Technical Writing, Budgeting, SQL, Java
","Télétravail partiel, Voiture de fonction",572888,"Recruitment, Training & Development, Performance Management, HRIS, Employee Relations, Payroll"
Legal Advisor,,Training,Mid,09 July 2024,2024-07-30,2024-07-30,Ventes,Saïda,0-1 ans,Master,18,Stage,3,"Contrat: Stage. Localisation: Saïda. Département: IT. En tant que Mid Legal Advisor, vous serez amené à superviser les processus. Expérience requise: 0-1 ans. Éducation: Master, 18 ans.","Voiture de fonction, Assurance santé, Télétravail partiel",190993,"Compliance, Contract Drafting, Regulatory Affairs, Litigation Support"
Recruiter,,Administration,Lead,"Feb 18, 2025",03/05/2025,2025-05-03,Marketing,Oran,5-7 ans,Doctorat,20,CDI,10,"Profil recherché (FR):
Responsabilités: Strategic Planning; Java; SQL; Compliance
Profil: Java; Negotiation; Digital Marketing; Strategic Planning; Maintenance
Compétences: Excel, Logistics
Avantages: Strategic Planning, Python, Technical Writing
",Voiture de fonction,741423,"Kubernetes, Docker, Cloud Computing, C++, SQL"
Network Admin,,Design,Lead,2024-06-24,05 July 2024,2024-07-05,Logistique,Oran,2-8 ans,Doctorat,20,CDD,10,"Profil recherché (FR):
Responsabilités: Logistics, Excel, Strategic Planning
Profil: Technical Writing; CAD; Organization; UX/UI
Compétences: Blockchain, Logistics
Avantages:
- Project Mgmt
- Strategic Planning
- Teamwork
- Compliance
",,284749,"Docker, Cloud Computing, C++, Kubernetes, SQL, Python"
Social Media Mgr,,Design,Mid,"Apr 26, 2024",2024-07-25,2024-07-25,Ingénierie,Ghardaïa,2-10 ans,Bac,12,Alternance,10,"Profil recherché (FR):
Responsabilités:
- SEO
- Data Analysis
Profil: Maintenance, SEO
Compétences: Network Security, Python, Project Mgmt, Customer Service, SQL
Avantages: Teamwork; Blockchain; Cloud
","Voiture de fonction, Formation continue, Participation bénéfices",329091,"Social Media, Google Analytics, Campaign Planning, Brand Management, Content Strategy, SEO"
IT Intern,,Technical Support,Lead,05/04/2025,22 June 2025,2025-06-22,RH,Télétravail,7-9 ans,None,0,Temps plein,1,"As Lead IT Intern, you'll lead strategic projects. En tant que Lead IT Intern, vous serez amené à gérer les processus. Expérience requise: 7-9 ans. Éducation: None, 0 ans.","Ticket Restaurant, Télétravail partiel, Horaires flexibles",432650,"C++, Docker, DevOps, Python"
Logistics Coord.,,Strategy,Chief,05/09/2024,28 November 2024,2024-11-28,RH,Annaba,5-11 ans,Licence,16,Stage,10,"Profil recherché (MIX):
Responsabilités: Leadership; Strategic Planning; Blockchain
Profil:
- Technical Writing
- Network Security
- Coordination
- Data Analysis
- Customer Service
Compétences: Java, Research, Blockchain, Communication
Avantages: Compliance, Cloud, Maintenance, Graphic Design
","Assurance santé, Formation continue, Télétravail partiel",858021,"Supply Chain Management, Inventory Control, Process Optimization, Logistics, Quality Control, Lean Management"
Customer Service Agent,,Logistics,Chief,25 July 2024,19 September 2024,2024-09-19,Finance,Alger,5-10 ans,None,0,Stage,2,"Profil recherché (MIX):
Responsabilités: Graphic Design; Network Security; Python
Profil:
- Graphic Design
- Leadership
- Project Mgmt
- Technical Writing
Compétences: Communication, Network Security, Data Analysis, Cloud, Excel
Avantages: SEO, Cloud, CAD
","Participation bénéfices, Prime performance",198454,"Customer Service, Data Entry, Office Management, Scheduling"
Graphic Designer,,Data Science,Chief,04/10/2024,08 December 2024,2024-12-08,Santé,Saïda,0-8 ans,Master,18,Volontariat,3,"As Chief Graphic Designer, you'll perform innovative projects. En tant que Chief Graphic Designer, vous serez amené à gérer l’équipe. Expérience requise: 0-8 ans. Éducation: Master, 18 ans.","Participation bénéfices, Télétravail partiel, Horaires flexibles",327674,"Illustrator, Figma, Sketch, Adobe Photoshop, Prototyping"
CTO,,Public Relations,Senior,2024-08-11,30 August 2024,2024-08-30,Informatique,Sétif,9-10 ans,Bac,12,Temps plein,10,"Expérience requise: 9-10 ans. Éducation: Bac, 12 ans. Contrat: Temps plein. Localisation: Sétif. Département: Legal. En tant que Senior CTO, vous serez amené à développer l’équipe.","Horaires flexibles, Formation continue, Assurance santé",290712,"Problem Solving, Teamwork, Adaptability, Time Management, Communication"
Financial Analyst,,Corporate Affairs,Senior,2024-08-28,17/10/2024,2024-10-17,Santé,Tlemcen,0-8 ans,Master,18,Freelance,5,"Contrat: Freelance. Localisation: Tlemcen. Département: Operations. En tant que Senior Financial Analyst, vous serez amené à superviser les relations clients. Expérience requise: 0-8 ans. Éducation: Master, 18 ans.","Formation continue, Assurance santé",540432,"SAP, Audit, Forecasting, Risk Management, Excel"
Med. Rep,,Research & Development,Lead,09/03/2025,2025-06-07,2025-06-07,Juridique,Sétif,2-7 ans,None,0,Stage,1,"Profil recherché (MIX):
Responsabilités: Python, Customer Service
Profil:
- Graphic Design
- Technical Writing
Compétences:
- Teamwork
- UX/UI
- Customer Service
- SQL
- Strategic Planning
Avantages: Python; SQL; Research
","Horaires flexibles, Voiture de fonction",419900,"Time Management, Critical Thinking, Problem Solving, Teamwork"
Exec. Assistant,,Risk Management,Chief,23 September 2024,2024-10-13,2024-10-13,Logistique,Saïda,0-1 ans,Licence,16,Alternance,3,"Expérience requise: 0-1 ans. Éducation: Licence, 16 ans. Contrat: Alternance. Localisation: Saïda. Département: Legal. En tant que Chief Exec. Assistant, vous serez amené à gérer les processus.","Formation continue, Assurance santé",641669,"Data Entry, Customer Service, Document Control, Office Management, Scheduling"
Chem. Engineer,,Public Relations,Senior,"Jun 17, 2024",2024-08-01,2024-08-01,Informatique,Oran,9-11 ans,Doctorat,20,Temps partiel,10,"As Senior Chem. Engineer, you'll lead innovative projects. En tant que Senior Chem. Engineer, vous serez amené à gérer les systèmes. Contrat: Temps partiel. Localisation: Oran. Département: Engineering.","Voiture de fonction, Horaires flexibles",654382,"Network Security, Java, Docker, Cloud Computing, Kubernetes, SQL, Machine Learning"
Restaurant Manager,,IT Support,Mid,"Nov 11, 2024",25 January 2025,2025-01-25,Santé,Béjaïa,3-8 ans,Bac,12,Freelance,10,"As Mid Restaurant Manager, you'll perform innovative projects. Expérience requise: 3-8 ans. Éducation: Bac, 12 ans. Contrat: Freelance. Localisation: Béjaïa. Département: Operations.","Participation bénéfices, Télétravail partiel, Ticket Restaurant",559426,"Lean Management, Supply Chain Management, Logistics, Quality Control"
Researcher,,Procurement,Junior,2025-01-27,02 March 2025,2025-03-02,Ingénierie,Tizi Ouzou,0-9 ans,Master,18,Temporaire,5,"Profil recherché (MIX):
Responsabilités: Excel, UX/UI
Profil:
- Research
- Communication
- Digital Marketing
- Strategic Planning
Compétences: SQL, Budgeting, Machine Learning, Excel, Maintenance
Avantages: Java, Strategic Planning, Technical Writing, Python
",,368822,"Clinical Trials, Patient Care, Pharmacovigilance, HIPAA Compliance"
Content Writer,,Research & Development,Lead,11 July 2024,2024-09-25,2024-09-25,Finance,Béjaïa,8-15 ans,Doctorat,20,Alternance,3,"Profil recherché (FR):
Responsabilités: Communication; Teamwork
Profil:
- Customer Service
- Negotiation
- Project Mgmt
- Leadership
- Java
Compétences: Network Security, SEO
Avantages:
- Project Mgmt
- Excel
- Communication
","Horaires flexibles, Télétravail partiel",507566,"Network Security, Docker, Kubernetes, Cloud Computing, DevOps, Python"
Security Officer,,Logistics,Mid,10 August 2024,31 August 2024,2024-08-31,Juridique,Constantine,8-12 ans,None,0,Temps plein,2,"Profil recherché (FR):
Responsabilités:
- Teamwork
- Customer Service
- UX/UI
Profil: Blockchain, Research, Graphic Design, Cloud
Compétences: Teamwork, Coordination, Customer Service, Leadership
Avantages: Research; CAD; Technical Writing
","Télétravail partiel, Ticket Restaurant, Assurance santé",865718,"C++, Network Security, Kubernetes, Docker"
Pharmacist,,Customer Success,Junior,08 August 2024,04/09/2024,2024-09-04,Finance,Sétif,8-10 ans,Bac,12,CDI,3,"Profil recherché (EN):
Responsabilités: Project Mgmt; Customer Service; Cloud; Budgeting; SQL
Profil:
- Machine Learning
- Coordination
- Teamwork
- Cloud
Compétences: Digital Marketing, Strategic Planning, Excel
Avantages: Project Mgmt, Budgeting
",Assurance santé,414007,"Medical Terminology, Clinical Trials, Pharmacovigilance, HIPAA Compliance"
Researcher,,Design,Mid,2025-04-10,25 June 2025,2025-06-25,Finance,El Oued,2-8 ans,Doctorat,20,Freelance,1,"Profil recherché (MIX):
Responsabilités: Technical Writing; Cloud; Digital Marketing
Profil: Blockchain, Leadership, SEO, Communication, Teamwork
Compétences:
- Logistics
- Customer Service
- Java
- Leadership
- Data Analysis
Avantages: Customer Service, Data Analysis
","Horaires flexibles, Ticket Restaurant, Participation bénéfices",886104,"HIPAA Compliance, Patient Care, Pharmacovigilance, Clinical Trials, Medical Terminology"
Marketing Manager,,Training,Mid,2024-05-02,30/06/2024,2024-06-30,Informatique,Blida,8-11 ans,None,0,CDD,1,"Profil recherché (EN):
Responsabilités:
- Research
- SEO
- Excel
- Compliance
Profil: SQL, Blockchain
Compétences:
- Blockchain
- Network Security
Avantages: Negotiation, Blockchain, UX/UI
",,585510,"SEO, Social Media, Public Relations, Brand Management, Email Marketing, Content Strategy, Campaign Planning"
App Developer,,Data Science,Mid,27/10/2024,24 November 2024,2024-11-24,Juridique,El Oued,2-11 ans,Master,18,Temps plein,5,"Profil recherché (EN):
Responsabilités: UX/UI; Leadership; Compliance; Research; Python
Profil: Strategic Planning, Graphic Design, Python, SEO
Compétences: Machine Learning, Network Security, Data Analysis, Strategic Planning
Avantages:
- Logistics
- Maintenance
- Coordination
- Negotiation
- Network Security
","Assurance santé, Participation bénéfices, Horaires flexibles",656469,"SQL, Machine Learning, Docker, Network Security, C++"
CTO,,Compliance,Senior,18 February 2025,2025-03-03,2025-03-03,Logistique,Saïda,2-4 ans,None,0,Freelance,3,"En tant que Senior CTO, vous serez amené à gérer l’équipe. Contrat: Freelance. Localisation: Saïda. Département: Sales. As Senior CTO, you'll perform critical projects.","Horaires flexibles, Participation bénéfices, Ticket Restaurant",344914,"Adaptability, Critical Thinking, Teamwork, Communication, Time Management, Problem Solving"
AI Ethics Consultant,,IT Support,Senior,"Oct 26, 2024",21 December 2024,2024-12-21,Marketing,Béjaïa,0-10 ans,None,0,Volontariat,10,"Profil recherché (FR):
Responsabilités:
- Teamwork
- Coordination
Profil: Maintenance, Customer Service, Communication, SEO, Blockchain
Compétences: Maintenance, Blockchain, Coordination, SQL, Teamwork
Avantages:
- Compliance
- Maintenance
- Digital Marketing
","Horaires flexibles, Assurance santé, Télétravail partiel",340394,"Communication, Teamwork, Adaptability, Problem Solving"
Data Scientist,,Technical Support,Mid,2025-01-21,01 April 2025,2025-04-01,Marketing,Ghardaïa,9-17 ans,Master,18,Alternance,5,"Expérience requise: 9-17 ans. Éducation: Master, 18 ans. As Mid Data Scientist, you'll manage key projects. En tant que Mid Data Scientist, vous serez amené à développer les systèmes.","Horaires flexibles, Participation bénéfices",789356,"Kubernetes, Cloud Computing, Machine Learning, Network Security"
Video Editor,,Design,Junior,14/11/2024,26 November 2024,2024-11-26,RH,Sétif,0-4 ans,Doctorat,20,CDD,1,"As Junior Video Editor, you'll perform strategic projects. Expérience requise: 0-4 ans. Éducation: Doctorat, 20 ans. En tant que Junior Video Editor, vous serez amené à gérer les relations clients.",Ticket Restaurant,718622,"Network Security, Machine Learning, Cloud Computing, C++, Java"
Translator,,Logistics,Junior,13 October 2024,23 November 2024,2024-11-23,Admin,Tizi Ouzou,9-17 ans,Master,18,Temps plein,2,"As Junior Translator, you'll lead strategic projects. En tant que Junior Translator, vous serez amené à développer les systèmes. Expérience requise: 9-17 ans. Éducation: Master, 18 ans.",,305747,"Problem Solving, Teamwork, Time Management, Adaptability, Critical Thinking, Communication"
Customer Service Agent,,Product,Junior,2025-03-11,2025-04-09,2025-04-09,Santé,Tlemcen,0-10 ans,Licence,16,Temporaire,3,"En tant que Junior Customer Service Agent, vous serez amené à coordonner les relations clients. Expérience requise: 0-10 ans. Éducation: Licence, 16 ans. Contrat: Temporaire. Localisation: Tlemcen. Département: Operations.",,247141,"Customer Service, Document Control, Office Management, Data Entry, Scheduling"
Maintenance Tech,,Administration,Senior,"Mar 19, 2025",17 May 2025,2025-05-17,Finance,Constantine,4-9 ans,None,0,CDI,2,"Profil recherché (FR):
Responsabilités: Leadership; Graphic Design; Compliance; Organization; Strategic Planning
Profil: SQL; SEO
Compétences: Communication; Negotiation
Avantages:
- Blockchain
- Communication
- Organization
","Ticket Restaurant, Assurance santé",671514,"Critical Thinking, Teamwork, Communication, Time Management, Adaptability"
IT Intern,,Quality Assurance,Senior,2024-05-14,2024-06-25,2024-06-25,Finance,Sétif,10-17 ans,Bac,12,Temps plein,1,"Profil recherché (EN):
Responsabilités: Communication; Java
Profil:
- SEO
- Coordination
- Communication
- Digital Marketing
- Research
Compétences: Blockchain, Cloud, Customer Service, Strategic Planning, Leadership
Avantages: SQL, Network Security, Java
","Horaires flexibles, Télétravail partiel, Assurance santé",338566,"DevOps, Docker, Machine Learning, Cloud Computing"
Tech Writer,,Health & Safety,Senior,"Sep 05, 2024",14 October 2024,2024-10-14,Finance,Constantine,9-9 ans,Bac,12,Alternance,2,"Profil recherché (MIX):
Responsabilités: Teamwork, Technical Writing, Project Mgmt
Profil: Technical Writing; SQL; Communication; Customer Service; Research
Compétences:
- Python
- Logistics
- Organization
- Coordination
Avantages: Graphic Design; Data Analysis; Project Mgmt; Excel
","Voiture de fonction, Horaires flexibles",738287,"Cloud Computing, C++, Network Security, DevOps, Machine Learning, Python"
Financial Analyst,,Research & Development,Lead,06/09/2024,2024-11-04,2024-11-04,Ventes,Blida,7-9 ans,Master,18,Temps plein,10,"As Lead Financial Analyst, you'll perform critical projects. Contrat: Temps plein. Localisation: Blida. Département: HR. Expérience requise: 7-9 ans. Éducation: Master, 18 ans.","Ticket Restaurant, Formation continue, Prime performance",260446,"Risk Management, Accounting, Budgeting, Audit, Financial Analysis, Investment Strategies"
Graphic Designer,,Business Development,Senior,03/03/2025,2025-03-14,2025-03-14,Logistique,Sétif,0-10 ans,Doctorat,20,Volontariat,2,"Profil recherché (EN):
Responsabilités: Negotiation; Teamwork
Profil:
- Strategic Planning
- Excel
- Organization
- Digital Marketing
- Graphic Design
Compétences: Excel; Digital Marketing; Communication; Network Security
Avantages: Excel, SQL
","Ticket Restaurant, Voiture de fonction, Participation bénéfices",620006,"UX Research, Adobe Photoshop, Illustrator, Sketch, Prototyping, Typography, Figma"
Fashion Designer,,Compliance,Mid,24 August 2024,24 October 2024,2024-10-24,Informatique,Constantine,0-10 ans,None,0,CDI,3,"Profil recherché (FR):
Responsabilités: Leadership, Network Security, Graphic Design, Data Analysis, Machine Learning
Profil: Coordination, UX/UI, Strategic Planning, Machine Learning
Compétences:
- Graphic Design
- Java
- SQL
Avantages:
- Python
- Coordination
","Voiture de fonction, Participation bénéfices, Horaires flexibles",527233,"Color Theory, Prototyping, Sketch, UX Research, Adobe Photoshop, Figma"
Logistics Coord.,,Quality Assurance,Junior,19/06/2024,2024-07-21,2024-07-21,Ingénierie,Tlemcen,9-17 ans,None,0,Temporaire,3,"Expérience requise: 9-17 ans. Éducation: None, 0 ans. Contrat: Temporaire. Localisation: Tlemcen. Département: IT. As Junior Logistics Coord., you'll perform key projects.",Prime performance,350030,"Logistics, Process Optimization, Lean Management, Inventory Control, Supply Chain Management, Quality Control"
Legal Advisor,,Design,Senior,20 January 2025,17 March 2025,2025-03-17,Santé,Tlemcen,10-19 ans,Master,18,Temporaire,10,"Expérience requise: 10-19 ans. Éducation: Master, 18 ans. En tant que Senior Legal Advisor, vous serez amené à coordonner les processus. As Senior Legal Advisor, you'll perform critical projects.",,327376,"Contract Drafting, Negotiation, Litigation Support, Compliance, Legal Research, Regulatory Affairs"
QA Engineer,,Procurement,Mid,2024-08-31,22 October 2024,2024-10-22,Informatique,Ghardaïa,6-13 ans,Master,18,Stage,5,"En tant que Mid QA Engineer, vous serez amené à coordonner les processus. As Mid QA Engineer, you'll perform strategic projects. Contrat: Stage. Localisation: Ghardaïa. Département: Engineering.","Télétravail partiel, Ticket Restaurant, Voiture de fonction",393350,"Cloud Computing, DevOps, Docker, Java, Machine Learning, Network Security, Python"
Financial Analyst,,IT Support,Senior,06 June 2024,30/06/2024,2024-06-30,Admin,Alger,7-14 ans,Bac,12,Temps partiel,5,"En tant que Senior Financial Analyst, vous serez amené à développer l’équipe. Expérience requise: 7-14 ans. Éducation: Bac, 12 ans. As Senior Financial Analyst, you'll manage strategic projects.",Participation bénéfices,574185,"Audit, Excel, Budgeting, Forecasting"
Logistics Coord.,,Corporate Affairs,Senior,18 June 2024,08 September 2024,2024-09-08,RH,Hybride,6-16 ans,Doctorat,20,Temps plein,1,"Profil recherché (FR):
Responsabilités: Logistics, Teamwork
Profil: Java; Graphic Design; Network Security; Python; Technical Writing
Compétences: Logistics, Cloud, Machine Learning, UX/UI
Avantages: Leadership, SEO, Data Analysis, Java
",,322546,"Lean Management, Process Optimization, Quality Control, Supply Chain Management, Logistics, Inventory Control"
Data Scientist,,Quality Assurance,Senior,31 May 2024,2024-08-06,2024-08-06,Finance,Ghardaïa,10-19 ans,Master,18,Freelance,2,"Profil recherché (MIX):
Responsabilités:
- Customer Service
- SQL
- UX/UI
Profil: Compliance, Organization, Technical Writing, Digital Marketing
Compétences: Network Security, Cloud, Organization
Avantages: Java; Network Security; Machine Learning
","Prime performance, Télétravail partiel",333240,"DevOps, Java, Machine Learning, Python, Cloud Computing, C++, Kubernetes"
Blockchain Dev,,Public Relations,Chief,2024-09-01,17 October 2024,2024-10-17,Marketing,Constantine,8-9 ans,Licence,16,Stage,1,"Profil recherché (EN):
Responsabilités:
- Excel
- Project Mgmt
Profil:
- Leadership
- Teamwork
Compétences: Organization; Budgeting; Coordination; Research; Leadership
Avantages:
- Customer Service
- SQL
- Excel
",,203650,"Teamwork, Communication, Adaptability, Problem Solving"
Chem. Engineer,,IT Support,Chief,"Nov 07, 2024",26/12/2024,2024-12-26,Finance,Hybride,9-18 ans,None,0,CDD,2,"Profil recherché (EN):
Responsabilités: Digital Marketing; Customer Service; Python
Profil: Coordination; Organization; Network Security
Compétences:
- Coordination
- Customer Service
Avantages: Coordination; SQL; Machine Learning
","Voiture de fonction, Formation continue",719246,"Network Security, Cloud Computing, Python, Kubernetes"
Chem. Engineer,,Investor Relations,Junior,"Nov 04, 2024",17 November 2024,2024-11-17,Admin,Béjaïa,5-15 ans,Doctorat,20,Volontariat,1,"Expérience requise: 5-15 ans. Éducation: Doctorat, 20 ans. En tant que Junior Chem. Engineer, vous serez amené à gérer les systèmes. Contrat: Volontariat. Localisation: Béjaïa. Département: Operations.","Voiture de fonction, Télétravail partiel",778206,"DevOps, Java, Network Security, Python, Docker"
Volunteer Coord.,,Procurement,Lead,04 April 2025,2025-04-16,2025-04-16,Juridique,Alger,6-14 ans,None,0,Freelance,1,"Profil recherché (FR):
Responsabilités: Communication, UX/UI, Leadership, Python
Profil: Leadership, UX/UI, Data Analysis, Java, Graphic Design
Compétences:
- Compliance
- Python
- Leadership
- Negotiation
Avantages: SQL, Maintenance, Blockchain, Logistics
",Télétravail partiel,353097,"Communication, Critical Thinking, Problem Solving, Adaptability, Time Management, Teamwork"
Event Planner,,Risk Management,Senior,"Oct 04, 2024",08/11/2024,2024-11-08,Santé,Blida,0-3 ans,None,0,CDD,5,"Profil recherché (FR):
Responsabilités: Machine Learning, SQL
Profil: Project Mgmt, Cloud, Negotiation
Compétences: Java, Excel, SEO, Logistics, Maintenance
Avantages: Customer Service, Excel
","Assurance santé, Télétravail partiel",304242,"Adaptability, Critical Thinking, Communication, Problem Solving"
Risk Manager,,Administration,Lead,06/07/2024,2024-08-31,2024-08-31,Finance,Constantine,4-7 ans,Bac,12,Temps plein,5,"En tant que Lead Risk Manager, vous serez amené à coordonner les processus. Expérience requise: 4-7 ans. Éducation: Bac, 12 ans. Contrat: Temps plein. Localisation: Constantine. Département: Marketing.","Ticket Restaurant, Télétravail partiel",344750,"Supply Chain Management, Logistics, Process Optimization, Lean Management, Inventory Control, Quality Control"
PR Officer,,Public Relations,Chief,04/12/2024,29/12/2024,2024-12-29,Admin,Ghardaïa,10-11 ans,Master,18,Temporaire,2,"Profil recherché (MIX):
Responsabilités:
- Customer Service
- Strategic Planning
- SEO
- Coordination
- Graphic Design
Profil:
- Strategic Planning
- Graphic Design
- Negotiation
- UX/UI
- Teamwork
Compétences: Cloud, Strategic Planning, Negotiation, Teamwork, Machine Learning
Avantages: Organization, Data Analysis, SEO
",Ticket Restaurant,160458,"Problem Solving, Time Management, Adaptability, Critical Thinking, Communication"
Bioengineer,,Risk Management,Lead,24/07/2024,20/10/2024,2024-10-20,Santé,Béjaïa,10-20 ans,Master,18,Temporaire,3,"As Lead Bioengineer, you'll manage key projects. En tant que Lead Bioengineer, vous serez amené à gérer l’équipe. Expérience requise: 10-20 ans. Éducation: Master, 18 ans.","Ticket Restaurant, Participation bénéfices, Télétravail partiel",392561,"DevOps, Network Security, Docker, Java"
QA Engineer,,Logistics,Senior,2025-04-07,2025-06-05,2025-06-05,Informatique,Sétif,2-11 ans,Master,18,Volontariat,5,"As Senior QA Engineer, you'll manage innovative projects. Expérience requise: 2-11 ans. Éducation: Master, 18 ans. En tant que Senior QA Engineer, vous serez amené à superviser les systèmes.",,656683,"SQL, Cloud Computing, C++, Network Security, Docker, Java, DevOps"
Civil Engineer,,Business Development,Chief,2024-11-25,08/02/2025,2025-02-08,Admin,Constantine,1-11 ans,None,0,Freelance,10,"Contrat: Freelance. Localisation: Constantine. Département: Engineering. Expérience requise: 1-11 ans. Éducation: None, 0 ans. As Chief Civil Engineer, you'll lead key projects.","Télétravail partiel, Voiture de fonction",324240,"DevOps, Python, Docker, Machine Learning, C++, Cloud Computing, Java"
Cloud Architect,,Data Science,Lead,03/03/2025,24/05/2025,2025-05-24,Informatique,El Oued,4-8 ans,Bac,12,CDD,1,"Profil recherché (EN):
Responsabilités: Project Mgmt; Excel; Machine Learning; Java; Teamwork
Profil:
- Negotiation
- Network Security
- Teamwork
Compétences: SQL; Organization; Technical Writing; Graphic Design; Communication
Avantages: Budgeting; Logistics; Negotiation
","Télétravail partiel, Assurance santé, Prime performance",301835,"C++, Docker, Java, Python, Cloud Computing, Kubernetes"
HR Coordinator,,Customer Success,Mid,2025-04-17,30/04/2025,2025-04-30,Marketing,Télétravail,7-10 ans,Licence,16,Temps partiel,5,"En tant que Mid HR Coordinator, vous serez amené à coordonner les processus. Expérience requise: 7-10 ans. Éducation: Licence, 16 ans. Contrat: Temps partiel. Localisation: Télétravail. Département: Marketing.","Formation continue, Assurance santé",164959,"Payroll, HRIS, Recruitment, Training & Development, Performance Management, Onboarding"
Operations Manager,,Public Relations,Chief,2025-03-18,04 June 2025,2025-06-04,Marketing,Blida,5-11 ans,Doctorat,20,CDI,1,"En tant que Chief Operations Manager, vous serez amené à coordonner les processus. Expérience requise: 5-11 ans. Éducation: Doctorat, 20 ans. Contrat: CDI. Localisation: Blida. Département: Operations.",Horaires flexibles,957295,"Process Optimization, Lean Management, Logistics, Supply Chain Management, Inventory Control"
Network Admin,,Corporate Affairs,Senior,21/10/2024,01 January 2025,2025-01-01,Informatique,Sétif,1-3 ans,None,0,Temporaire,10,"En tant que Senior Network Admin, vous serez amené à coordonner les systèmes. As Senior Network Admin, you'll lead strategic projects. Expérience requise: 1-3 ans. Éducation: None, 0 ans.",Formation continue,663117,"Python, SQL, Machine Learning, Kubernetes"
DB Admin,,Compliance,Mid,03 December 2024,21 December 2024,2024-12-21,Ingénierie,Hybride,10-18 ans,Licence,16,CDI,10,"Profil recherché (MIX):
Responsabilités:
- UX/UI
- Java
- Maintenance
Profil:
- Negotiation
- Python
Compétences: Leadership, SEO, Customer Service
Avantages: Maintenance, Leadership, Communication, Excel
",Télétravail partiel,254030,"Document Control, Customer Service, Data Entry, Office Management, Scheduling"
Translator,,Risk Management,Senior,07/01/2025,2025-02-19,2025-02-19,Finance,Tizi Ouzou,7-11 ans,Bac,12,CDD,3,"Contrat: CDD. Localisation: Tizi Ouzou. Département: IT. As Senior Translator, you'll manage critical projects. En tant que Senior Translator, vous serez amené à superviser les systèmes.","Prime performance, Horaires flexibles",151235,"Time Management, Critical Thinking, Communication, Adaptability"
UX Designer,,Customer Success,Mid,2024-05-04,25/05/2024,2024-05-25,Juridique,Télétravail,4-11 ans,None,0,Temps partiel,2,"Contrat: Temps partiel. Localisation: Télétravail. Département: Engineering. En tant que Mid UX Designer, vous serez amené à superviser les relations clients. As Mid UX Designer, you'll perform key projects.",,330155,"Sketch, Color Theory, Illustrator, Adobe Photoshop, UX Research"
Blockchain Dev,,Procurement,Mid,04/08/2024,2024-10-08,2024-10-08,RH,Blida,2-7 ans,Doctorat,20,CDD,3,"As Mid Blockchain Dev, you'll perform strategic projects. Expérience requise: 2-7 ans. Éducation: Doctorat, 20 ans. En tant que Mid Blockchain Dev, vous serez amené à développer les relations clients.","Ticket Restaurant, Assurance santé",712851,"Time Management, Adaptability, Problem Solving, Communication, Teamwork, Critical Thinking"
Sales Rep,,Risk Management,Mid,2024-12-16,2025-01-23,2025-01-23,Ventes,Constantine,10-15 ans,Doctorat,20,Temporaire,10,"As Mid Sales Rep, you'll manage critical projects. En tant que Mid Sales Rep, vous serez amené à développer les relations clients. Expérience requise: 10-15 ans. Éducation: Doctorat, 20 ans.","Voiture de fonction, Prime performance",257993,"Problem Solving, Communication, Critical Thinking, Teamwork, Adaptability, Time Management"
PR Officer,,Research & Development,Mid,18/03/2025,16/04/2025,2025-04-16,Santé,Oran,6-6 ans,Master,18,CDD,10,"Expérience requise: 6-6 ans. Éducation: Master, 18 ans. As Mid PR Officer, you'll manage innovative projects. Contrat: CDD. Localisation: Oran. Département: IT.","Ticket Restaurant, Assurance santé, Voiture de fonction",582003,"Time Management, Adaptability, Communication, Critical Thinking"
Security Officer,,Logistics,Lead,"Jul 07, 2024",28/08/2024,2024-08-28,Ingénierie,Ghardaïa,2-3 ans,Bac,12,Alternance,3,"Profil recherché (EN):
Responsabilités: CAD; Blockchain; Budgeting; Technical Writing
Profil:
- Java
- Strategic Planning
- Technical Writing
- SQL
Compétences:
- Network Security
- Strategic Planning
- Coordination
Avantages: SEO, Compliance, Logistics
",Horaires flexibles,431184,"Cloud Computing, DevOps, Docker, C++, Java"
Sales Rep,,Research & Development,Chief,2025-02-18,03/05/2025,2025-05-03,Logistique,Hybride,10-15 ans,Master,18,Alternance,10,"Profil recherché (MIX):
Responsabilités: Maintenance, Graphic Design, Research, Budgeting, Negotiation
Profil: Research, Customer Service
Compétences: Digital Marketing; SQL; Leadership
Avantages:
- SQL
- Strategic Planning
- Teamwork
- Communication
",,568290,"Teamwork, Communication, Time Management, Critical Thinking, Problem Solving, Adaptability"
Network Admin,,Compliance,Mid,"Jun 11, 2024",23/07/2024,2024-07-23,Logistique,Constantine,3-7 ans,Master,18,Temps partiel,10,"Contrat: Temps partiel. Localisation: Constantine. Département: Marketing. Expérience requise: 3-7 ans. Éducation: Master, 18 ans. En tant que Mid Network Admin, vous serez amené à superviser l’équipe.","Voiture de fonction, Ticket Restaurant, Télétravail partiel",859593,"DevOps, Java, SQL, Cloud Computing, Docker, Machine Learning"
Security Officer,,Product,Junior,21/02/2025,12/03/2025,2025-03-12,Santé,Oran,3-6 ans,Bac,12,Volontariat,3,"Profil recherché (FR):
Responsabilités: Teamwork, Customer Service, SQL
Profil: Java; Technical Writing; CAD
Compétences: Compliance; Technical Writing
Avantages: Graphic Design, CAD, Python, Coordination
","Voiture de fonction, Participation bénéfices",488747,"Machine Learning, Docker, Java, Python, Network Security, Kubernetes, Cloud Computing"
Marketing Manager,,IT Support,Senior,07 April 2025,29/06/2025,2025-06-29,Santé,Alger,2-12 ans,None,0,Temps plein,3,"Profil recherché (MIX):
Responsabilités: Research, UX/UI, Compliance
Profil:
- Excel
- Digital Marketing
- Negotiation
- CAD
- Blockchain
Compétences: Strategic Planning; Java; SEO; Budgeting
Avantages: Communication; Negotiation
","Horaires flexibles, Ticket Restaurant",433260,"Public Relations, Social Media, Content Strategy, Campaign Planning"
Legal Advisor,,Public Relations,Senior,06 June 2024,29 June 2024,2024-06-29,Finance,Alger,2-8 ans,Doctorat,20,Alternance,5,"Expérience requise: 2-8 ans. Éducation: Doctorat, 20 ans. Contrat: Alternance. Localisation: Alger. Département: Finance. As Senior Legal Advisor, you'll manage innovative projects.",Participation bénéfices,550815,"Litigation Support, Regulatory Affairs, Legal Research, Negotiation, Contract Drafting, Compliance"
Event Planner,,IT Support,Senior,"Apr 21, 2025",17/07/2025,2025-07-17,Informatique,Tizi Ouzou,1-10 ans,Licence,16,CDD,3,"Contrat: CDD. Localisation: Tizi Ouzou. Département: Finance. En tant que Senior Event Planner, vous serez amené à coordonner les systèmes. As Senior Event Planner, you'll lead innovative projects.","Formation continue, Télétravail partiel",294382,"Adaptability, Problem Solving, Critical Thinking, Communication, Teamwork"
Blockchain Dev,,Administration,Chief,2024-05-25,2024-07-14,2024-07-14,Ventes,Oran,1-9 ans,Master,18,Temps plein,5,"Profil recherché (EN):
Responsabilités:
- Python
- UX/UI
- Organization
- Customer Service
Profil: SEO; Network Security; Machine Learning
Compétences:
- SEO
- Machine Learning
- Maintenance
Avantages: Budgeting; UX/UI; Logistics; Organization
",Participation bénéfices,233425,"Time Management, Adaptability, Communication, Problem Solving, Teamwork, Critical Thinking"
Recruiter,,Strategy,Mid,18/10/2024,25/12/2024,2024-12-25,Marketing,Oran,5-7 ans,None,0,Volontariat,1,"En tant que Mid Recruiter, vous serez amené à superviser les systèmes. As Mid Recruiter, you'll manage innovative projects. Expérience requise: 5-7 ans. Éducation: None, 0 ans.",Ticket Restaurant,504629,"C++, Docker, Cloud Computing, Machine Learning"
CTO,,Design,Lead,"Jan 07, 2025",02 March 2025,2025-03-02,Logistique,Télétravail,1-6 ans,Master,18,Temporaire,10,"Profil recherché (EN):
Responsabilités: Leadership, Logistics, Compliance
Profil: Digital Marketing, Leadership, Python
Compétences:
- Graphic Design
- UX/UI
- Blockchain
- Strategic Planning
- Teamwork
Avantages: Java, Organization, Blockchain, Data Analysis, SEO
","Horaires flexibles, Participation bénéfices",468074,"Time Management, Adaptability, Communication, Problem Solving, Critical Thinking"
Project Manager,,Risk Management,Chief,14/08/2024,2024-11-07,2024-11-07,Finance,Télétravail,4-10 ans,None,0,Temps partiel,2,"Profil recherché (FR):
Responsabilités: Organization; Blockchain; Strategic Planning
Profil: Java, Compliance
Compétences: Maintenance; Research; CAD
Avantages:
- Cloud
- Python
",,488525,"Lean Management, Inventory Control, Supply Chain Management, Quality Control, Process Optimization, Logistics"
Recruiter,,Public Relations,Mid,2025-01-09,2025-02-06,2025-02-06,Informatique,Oran,7-16 ans,None,0,Freelance,1,"Profil recherché (MIX):
Responsabilités: Graphic Design; Maintenance; UX/UI
Profil: SEO, SQL, Leadership, Negotiation
Compétences: Customer Service; UX/UI; Communication
Avantages: Network Security, CAD
","Participation bénéfices, Voiture de fonction",355044,"Java, Network Security, Python, Kubernetes"
HR Coordinator,,Administration,Junior,10 November 2024,11 January 2025,2025-01-11,Admin,Tlemcen,4-13 ans,Doctorat,20,Alternance,5,"As Junior HR Coordinator, you'll design key projects. Expérience requise: 4-13 ans. Éducation: Doctorat, 20 ans. Contrat: Alternance. Localisation: Tlemcen. Département: Marketing.","Ticket Restaurant, Télétravail partiel, Voiture de fonction",160430,"Payroll, Performance Management, HRIS, Employee Relations, Onboarding, Recruitment"
Data Scientist,,Logistics,Chief,"Aug 23, 2024",17/11/2024,2024-11-17,Admin,Tizi Ouzou,4-5 ans,Doctorat,20,Alternance,1,"Profil recherché (EN):
Responsabilités: Logistics; Leadership; Research
Profil: Machine Learning; Excel
Compétences: Blockchain; Graphic Design; SQL; Python; Compliance
Avantages:
- Digital Marketing
- Teamwork
- Strategic Planning
",,450168,"Cloud Computing, Kubernetes, Machine Learning, Network Security, Python, Java"
Content Writer,,Quality Assurance,Lead,22 August 2024,01 October 2024,2024-10-01,Ventes,El Oued,1-6 ans,Doctorat,20,Freelance,2,"As Lead Content Writer, you'll manage critical projects. En tant que Lead Content Writer, vous serez amené à gérer les processus. Contrat: Freelance. Localisation: El Oued. Département: Legal.",Prime performance,493591,"Java, SQL, Python, Cloud Computing"
Translator,,Investor Relations,Chief,22 November 2024,31 December 2024,2024-12-31,Ingénierie,Oran,6-6 ans,Licence,16,CDD,10,"Profil recherché (FR):
Responsabilités: Graphic Design, Blockchain, Network Security, Budgeting, Maintenance
Profil:
- Excel
- Leadership
Compétences: Blockchain; Logistics; Digital Marketing
Avantages:
- Network Security
- Machine Learning
",,308862,"Time Management, Teamwork, Critical Thinking, Adaptability, Communication"
PR Officer,,Data Science,Lead,17 April 2025,03 July 2025,2025-07-03,Admin,El Oued,7-7 ans,Licence,16,Temps partiel,1,"Expérience requise: 7-7 ans. Éducation: Licence, 16 ans. Contrat: Temps partiel. Localisation: El Oued. Département: HR. En tant que Lead PR Officer, vous serez amené à coordonner les systèmes.",,194515,"Teamwork, Problem Solving, Time Management, Critical Thinking, Communication, Adaptability"
Blockchain Dev,,Technical Support,Junior,2024-05-24,02/08/2024,2024-08-02,Logistique,Sétif,2-10 ans,Bac,12,Volontariat,5,"En tant que Junior Blockchain Dev, vous serez amené à développer les processus. Expérience requise: 2-10 ans. Éducation: Bac, 12 ans. Contrat: Volontariat. Localisation: Sétif. Département: Marketing.",Assurance santé,294793,"Adaptability, Time Management, Problem Solving, Teamwork, Critical Thinking"
Training Specialist,,Strategy,Lead,17/11/2024,06 January 2025,2025-01-06,Santé,Saïda,5-7 ans,Bac,12,Alternance,10,"As Lead Training Specialist, you'll lead strategic projects. Contrat: Alternance. Localisation: Saïda. Département: HR. En tant que Lead Training Specialist, vous serez amené à coordonner les processus.",,302160,"Communication, Critical Thinking, Time Management, Adaptability, Problem Solving, Teamwork"
IT Intern,,Investor Relations,Senior,21 March 2025,17 May 2025,2025-05-17,Logistique,Béjaïa,0-3 ans,None,0,Volontariat,1,"Profil recherché (MIX):
Responsabilités: CAD; Compliance; Teamwork; Graphic Design
Profil: Organization, Java
Compétences:
- Customer Service
- Negotiation
- Data Analysis
- Digital Marketing
- SEO
Avantages: Logistics, Cloud, Python
","Voiture de fonction, Horaires flexibles, Formation continue",332450,"Kubernetes, Python, Docker, Java"
Software Engineer,,Design,Lead,07 June 2024,28/08/2024,2024-08-28,Ingénierie,El Oued,2-9 ans,Licence,16,Temps plein,1,"As Lead Software Engineer, you'll lead key projects. Contrat: Temps plein. Localisation: El Oued. Département: Operations. Expérience requise: 2-9 ans. Éducation: Licence, 16 ans.","Ticket Restaurant, Prime performance",737777,"Network Security, C++, Machine Learning, Kubernetes, DevOps, Cloud Computing, SQL"
Financial Analyst,,Strategy,Senior,01 February 2025,25 February 2025,2025-02-25,Santé,Ghardaïa,8-11 ans,Master,18,Stage,2,"En tant que Senior Financial Analyst, vous serez amené à développer les processus. As Senior Financial Analyst, you'll manage innovative projects. Contrat: Stage. Localisation: Ghardaïa. Département: Legal.","Voiture de fonction, Horaires flexibles",392616,"Investment Strategies, Risk Management, Accounting, SAP, Budgeting"
App Developer,,Design,Mid,"Nov 09, 2024",2024-11-29,2024-11-29,Logistique,Ghardaïa,4-6 ans,Doctorat,20,Temps plein,10,"Contrat: Temps plein. Localisation: Ghardaïa. Département: Engineering. Expérience requise: 4-6 ans. Éducation: Doctorat, 20 ans. As Mid App Developer, you'll lead innovative projects.","Participation bénéfices, Formation continue",204299,"Cloud Computing, Docker, Machine Learning, Java"
Researcher,,Public Relations,Junior,27 September 2024,08/11/2024,2024-11-08,Informatique,Oran,6-16 ans,None,0,Temps plein,1,"Profil recherché (FR):
Responsabilités: Data Analysis; SEO; Compliance; Blockchain; Project Mgmt
Profil: Research; Maintenance
Compétences:
- Coordination
- Network Security
- Compliance
Avantages:
- Excel
- Strategic Planning
",Formation continue,766045,"Medical Terminology, Pharmacovigilance, HIPAA Compliance, Clinical Trials, Patient Care"
IT Intern,,Compliance,Mid,"Oct 23, 2024",03/01/2025,2025-01-03,Ventes,Sétif,4-14 ans,Bac,12,Alternance,10,"Expérience requise: 4-14 ans. Éducation: Bac, 12 ans. As Mid IT Intern, you'll design innovative projects. En tant que Mid IT Intern, vous serez amené à développer les processus.",Horaires flexibles,878476,"Cloud Computing, Network Security, Machine Learning, Java, SQL"
Customer Service Agent,,Product,Senior,2024-05-17,21 June 2024,2024-06-21,Finance,Sétif,3-9 ans,Licence,16,CDD,2,"En tant que Senior Customer Service Agent, vous serez amené à gérer l’équipe. Contrat: CDD. Localisation: Sétif. Département: Engineering. As Senior Customer Service Agent, you'll design critical projects.",Participation bénéfices,167435,"Scheduling, Document Control, Customer Service, Data Entry"
Investment Banker,,Research & Development,Mid,20 June 2024,30 July 2024,2024-07-30,Admin,Télétravail,3-10 ans,Doctorat,20,Stage,2,"As Mid Investment Banker, you'll perform critical projects. Expérience requise: 3-10 ans. Éducation: Doctorat, 20 ans. Contrat: Stage. Localisation: Télétravail. Département: Legal.",,466833,"Financial Analysis, Audit, Accounting, Risk Management"
Legal Advisor,,Business Development,Lead,16 July 2024,15/08/2024,2024-08-15,Logistique,Tlemcen,2-7 ans,Master,18,Temporaire,10,"Profil recherché (FR):
Responsabilités:
- UX/UI
- Python
- Digital Marketing
- Logistics
Profil: Graphic Design, SEO, Organization, Research
Compétences: UX/UI; Teamwork; Compliance
Avantages: UX/UI; Cloud
","Voiture de fonction, Assurance santé",483772,"Compliance, Regulatory Affairs, Negotiation, Legal Research, Contract Drafting"
Investment Banker,,Procurement,Chief,"Aug 05, 2024",17 September 2024,2024-09-17,RH,Constantine,5-9 ans,Doctorat,20,CDD,5,"Profil recherché (FR):
Responsabilités: Teamwork, Logistics, Graphic Design
Profil: Network Security, CAD, Project Mgmt, Strategic Planning
Compétences: Cloud, Java
Avantages: Digital Marketing, Java, Leadership, Project Mgmt
",Prime performance,691016,"Risk Management, Investment Strategies, Accounting, Forecasting, Budgeting, SAP, Audit"
Supply Chain Analyst,,Training,Senior,22/04/2025,22 May 2025,2025-05-22,Logistique,El Oued,5-6 ans,Doctorat,20,Temps plein,2,"Profil recherché (MIX):
Responsabilités: Customer Service, Maintenance
Profil: Java; Communication; Coordination; Maintenance; Digital Marketing
Compétences: Maintenance; Java; Coordination; SEO; Organization
Avantages:
- Coordination
- Budgeting
- Strategic Planning
- Graphic Design
- SQL
",,394572,"Excel, Risk Management, Audit, Forecasting"
Event Planner,,Business Development,Mid,23/05/2024,13 July 2024,2024-07-13,RH,Hybride,3-12 ans,Master,18,Freelance,10,"Expérience requise: 3-12 ans. Éducation: Master, 18 ans. En tant que Mid Event Planner, vous serez amené à gérer l’équipe. Contrat: Freelance. Localisation: Hybride. Département: Engineering.","Prime performance, Voiture de fonction, Assurance santé",324700,"Communication, Problem Solving, Time Management, Adaptability"
Bioengineer,,Logistics,Junior,"Aug 07, 2024",2024-10-22,2024-10-22,Informatique,Béjaïa,3-7 ans,Bac,12,Temps partiel,3,"Profil recherché (MIX):
Responsabilités: Organization; Communication; Cloud
Profil: Organization; Java; Maintenance
Compétences: Technical Writing, Network Security, Communication, Negotiation
Avantages: Strategic Planning; Graphic Design; Compliance
","Prime performance, Horaires flexibles, Assurance santé",483699,"Cloud Computing, C++, Kubernetes, Java"
UX Designer,,Strategy,Mid,2024-05-20,2024-08-07,2024-08-07,Informatique,Saïda,1-9 ans,Master,18,Temps partiel,3,"As Mid UX Designer, you'll perform strategic projects. En tant que Mid UX Designer, vous serez amené à développer l’équipe. Contrat: Temps partiel. Localisation: Saïda. Département: Finance.",,503964,"Prototyping, Sketch, UX Research, Illustrator, Adobe Photoshop, Typography, Color Theory"
Financial Analyst,,Administration,Chief,02 April 2025,04/06/2025,2025-06-04,Admin,Tizi Ouzou,4-5 ans,Bac,12,Alternance,10,"Profil recherché (MIX):
Responsabilités: Organization; Communication; Negotiation
Profil: Network Security, Budgeting, Blockchain
Compétences:
- Machine Learning
- Technical Writing
- Digital Marketing
- Negotiation
Avantages:
- Logistics
- Customer Service
- Organization
- Digital Marketing
","Participation bénéfices, Assurance santé, Horaires flexibles",304732,"Accounting, Risk Management, Excel, Financial Analysis, Budgeting, Forecasting, Investment Strategies"
Accountant,,Training,Chief,"Jul 17, 2024",01/09/2024,2024-09-01,Santé,Oran,7-8 ans,Doctorat,20,Temporaire,5,"Profil recherché (EN):
Responsabilités:
- SQL
- Research
Profil: Excel; Negotiation; Teamwork; Project Mgmt
Compétences: Excel; Customer Service
Avantages:
- Project Mgmt
- Customer Service
- Digital Marketing
- Graphic Design
",,554519,"Audit, Investment Strategies, Financial Analysis, Risk Management, SAP, Forecasting, Excel"
Security Officer,,Compliance,Chief,27/07/2024,2024-10-05,2024-10-05,Ingénierie,Constantine,4-6 ans,None,0,Volontariat,1,"Expérience requise: 4-6 ans. Éducation: None, 0 ans. En tant que Chief Security Officer, vous serez amené à gérer les processus. Contrat: Volontariat. Localisation: Constantine. Département: IT.",Assurance santé,807535,"SQL, C++, Kubernetes, Python, Network Security, Java, Machine Learning"
Legal Advisor,,Quality Assurance,Lead,2024-06-24,04 September 2024,2024-09-04,Informatique,Saïda,4-10 ans,Bac,12,Temps partiel,5,"Expérience requise: 4-10 ans. Éducation: Bac, 12 ans. As Lead Legal Advisor, you'll manage innovative projects. En tant que Lead Legal Advisor, vous serez amené à développer l’équipe.",Télétravail partiel,566314,"Negotiation, Compliance, Litigation Support, Contract Drafting, Legal Research, Regulatory Affairs"
Legal Advisor,,Business Development,Mid,07/01/2025,09/02/2025,2025-02-09,Admin,Constantine,10-12 ans,Licence,16,Freelance,5,"Profil recherché (EN):
Responsabilités: Project Mgmt, Technical Writing, Excel, Data Analysis, Communication
Profil: Organization, Customer Service, Graphic Design, Teamwork, CAD
Compétences: Blockchain, SEO
Avantages: Graphic Design, SQL
",Assurance santé,339659,"Compliance, Contract Drafting, Litigation Support, Legal Research, Regulatory Affairs, Negotiation"
Restaurant Manager,,Investor Relations,Lead,"Nov 08, 2024",18 November 2024,2024-11-18,Marketing,Oran,3-9 ans,Master,18,Stage,3,"Profil recherché (EN):
Responsabilités: CAD; UX/UI; Customer Service
Profil:
- Budgeting
- Coordination
Compétences:
- Compliance
- CAD
- Excel
- Project Mgmt
- Research
Avantages:
- Project Mgmt
- Organization
- Leadership
",Voiture de fonction,516697,"Supply Chain Management, Process Optimization, Lean Management, Inventory Control, Logistics, Quality Control"
PR Officer,,Research & Development,Junior,"Feb 07, 2025",2025-04-01,2025-04-01,Informatique,Hybride,1-1 ans,Doctorat,20,CDI,3,"As Junior PR Officer, you'll manage key projects. En tant que Junior PR Officer, vous serez amené à coordonner l’équipe. Expérience requise: 1-1 ans. Éducation: Doctorat, 20 ans.","Horaires flexibles, Formation continue, Télétravail partiel",688497,"Teamwork, Problem Solving, Time Management, Communication, Adaptability, Critical Thinking"
Chem. Engineer,,Quality Assurance,Junior,"May 17, 2024",2024-05-25,2024-05-25,Juridique,Blida,10-13 ans,None,0,Volontariat,10,"Contrat: Volontariat. Localisation: Blida. Département: Engineering. As Junior Chem. Engineer, you'll perform innovative projects. Expérience requise: 10-13 ans. Éducation: None, 0 ans.","Voiture de fonction, Ticket Restaurant, Prime performance",374189,"Machine Learning, C++, DevOps, Kubernetes, Docker, Network Security"
UX Designer,,Health & Safety,Senior,2025-04-17,04 July 2025,2025-07-04,Logistique,Ghardaïa,8-18 ans,None,0,Freelance,3,"As Senior UX Designer, you'll lead strategic projects. Expérience requise: 8-18 ans. Éducation: None, 0 ans. En tant que Senior UX Designer, vous serez amené à superviser l’équipe.",,667207,"Figma, Illustrator, Sketch, Color Theory, UX Research, Adobe Photoshop, Prototyping"
Network Admin,,Logistics,Junior,"Jun 12, 2024",2024-07-16,2024-07-16,Ventes,Alger,4-11 ans,Bac,12,CDI,2,"Contrat: CDI. Localisation: Alger. Département: Legal. As Junior Network Admin, you'll design innovative projects. Expérience requise: 4-11 ans. Éducation: Bac, 12 ans.",Prime performance,445716,"Kubernetes, SQL, C++, Cloud Computing"
Maintenance Tech,,Data Science,Senior,27 March 2025,12/04/2025,2025-04-12,Ventes,El Oued,0-0 ans,Doctorat,20,Freelance,10,"Expérience requise: 0-0 ans. Éducation: Doctorat, 20 ans. En tant que Senior Maintenance Tech, vous serez amené à développer l’équipe. As Senior Maintenance Tech, you'll lead key projects.","Participation bénéfices, Voiture de fonction, Prime performance",224959,"Communication, Problem Solving, Critical Thinking, Time Management"
Bioengineer,,Strategy,Junior,07 March 2025,01/04/2025,2025-04-01,Ventes,Constantine,6-11 ans,None,0,CDD,1,"Contrat: CDD. Localisation: Constantine. Département: Sales. En tant que Junior Bioengineer, vous serez amené à coordonner l’équipe. Expérience requise: 6-11 ans. Éducation: None, 0 ans.",,670769,"Machine Learning, Network Security, DevOps, C++, Kubernetes, Docker"
Graphic Designer,,Product,Chief,22 March 2025,2025-06-12,2025-06-12,Admin,Oran,1-9 ans,Doctorat,20,Temporaire,2,"As Chief Graphic Designer, you'll manage critical projects. Contrat: Temporaire. Localisation: Oran. Département: Engineering. Expérience requise: 1-9 ans. Éducation: Doctorat, 20 ans.",,375689,"Adobe Photoshop, Typography, Sketch, Prototyping, Figma, Color Theory, Illustrator"
Volunteer Coord.,,Logistics,Mid,12 April 2025,2025-06-12,2025-06-12,Ingénierie,Hybride,0-1 ans,Master,18,CDI,3,"En tant que Mid Volunteer Coord., vous serez amené à développer les systèmes. As Mid Volunteer Coord., you'll manage critical projects. Contrat: CDI. Localisation: Hybride. Département: Marketing.",,375081,"Problem Solving, Critical Thinking, Teamwork, Communication"
Recruiter,,Risk Management,Junior,"Jul 08, 2024",12 August 2024,2024-08-12,Admin,Tlemcen,9-12 ans,Bac,12,Temporaire,2,"Profil recherché (EN):
Responsabilités: Digital Marketing; Cloud
Profil: Maintenance, Communication, SEO, Data Analysis, Strategic Planning
Compétences:
- Negotiation
- Blockchain
- Customer Service
- UX/UI
- Organization
Avantages: Strategic Planning; Research
","Assurance santé, Participation bénéfices",283091,"Python, SQL, Kubernetes, C++, DevOps, Docker"
Supply Chain Analyst,,Public Relations,Chief,05/11/2024,2024-12-29,2024-12-29,Ventes,Saïda,5-9 ans,Master,18,CDI,5,"En tant que Chief Supply Chain Analyst, vous serez amené à gérer les processus. Expérience requise: 5-9 ans. Éducation: Master, 18 ans. As Chief Supply Chain Analyst, you'll perform key projects.","Ticket Restaurant, Télétravail partiel",604132,"Forecasting, Excel, Accounting, Budgeting, Financial Analysis, Audit, Risk Management"
Civil Engineer,,Logistics,Lead,"Dec 13, 2024",24 January 2025,2025-01-24,Marketing,Oran,0-0 ans,Bac,12,Freelance,10,"Contrat: Freelance. Localisation: Oran. Département: IT. Expérience requise: 0-0 ans. Éducation: Bac, 12 ans. En tant que Lead Civil Engineer, vous serez amené à coordonner l’équipe.","Participation bénéfices, Voiture de fonction",527948,"Docker, Cloud Computing, DevOps, C++, Python, Machine Learning"
SEO Specialist,,Technical Support,Senior,08 May 2024,16 May 2024,2024-05-16,Admin,Tizi Ouzou,6-13 ans,None,0,Volontariat,1,"Profil recherché (EN):
Responsabilités: Coordination, Budgeting, Compliance, Python
Profil:
- Machine Learning
- Excel
Compétences: SQL; Network Security
Avantages: Logistics, Communication, Data Analysis, Network Security
",Prime performance,528190,"Brand Management, SEO, Public Relations, Social Media, Campaign Planning"
Pharmacist,,Investor Relations,Chief,2024-10-30,11/12/2024,2024-12-11,Santé,Ghardaïa,9-16 ans,Master,18,CDD,1,"Contrat: CDD. Localisation: Ghardaïa. Département: Finance. En tant que Chief Pharmacist, vous serez amené à superviser les relations clients. Expérience requise: 9-16 ans. Éducation: Master, 18 ans.","Prime performance, Participation bénéfices, Télétravail partiel",649786,"Medical Terminology, Clinical Trials, HIPAA Compliance, Patient Care, Pharmacovigilance"
Content Writer,,Corporate Affairs,Mid,03/11/2024,01 February 2025,2025-02-01,Marketing,Tizi Ouzou,9-13 ans,Bac,12,Temporaire,10,"Contrat: Temporaire. Localisation: Tizi Ouzou. Département: HR. As Mid Content Writer, you'll lead strategic projects. En tant que Mid Content Writer, vous serez amené à superviser les relations clients.",Prime performance,367856,"Java, Machine Learning, Python, Docker, Kubernetes, C++, SQL"
Social Media Mgr,,Health & Safety,Senior,2024-08-12,02 October 2024,2024-10-02,Finance,Tizi Ouzou,3-12 ans,None,0,Volontariat,1,"Profil recherché (MIX):
Responsabilités:
- Excel
- Customer Service
Profil:
- Python
- Network Security
Compétences: Strategic Planning; Leadership; Blockchain; Machine Learning
Avantages:
- Teamwork
- UX/UI
- Blockchain
- Network Security
- Compliance
","Télétravail partiel, Assurance santé",459109,"Email Marketing, Content Strategy, Brand Management, Social Media"
Graphic Designer,,Product,Junior,2025-04-15,2025-04-30,2025-04-30,Santé,Constantine,9-9 ans,Master,18,CDI,10,"Expérience requise: 9-9 ans. Éducation: Master, 18 ans. Contrat: CDI. Localisation: Constantine. Département: Legal. En tant que Junior Graphic Designer, vous serez amené à développer l’équipe.","Ticket Restaurant, Assurance santé, Participation bénéfices",293203,"Illustrator, Color Theory, Figma, Adobe Photoshop, Sketch, Prototyping, UX Research"
CTO,,Risk Management,Senior,2025-01-04,15/01/2025,2025-01-15,Logistique,Béjaïa,4-4 ans,Doctorat,20,CDD,3,"Profil recherché (FR):
Responsabilités: Network Security, Blockchain, Technical Writing
Profil: Project Mgmt, Java, Communication, Logistics
Compétences: Java, Coordination, Maintenance, Compliance
Avantages:
- Network Security
- Organization
- Machine Learning
- Data Analysis
- Leadership
","Ticket Restaurant, Assurance santé",285860,"Time Management, Problem Solving, Teamwork, Adaptability"
Product Manager,,Strategy,Mid,"Feb 13, 2025",08 April 2025,2025-04-08,Ventes,Béjaïa,9-18 ans,Doctorat,20,Stage,10,"As Mid Product Manager, you'll perform key projects. En tant que Mid Product Manager, vous serez amené à développer les processus. Contrat: Stage. Localisation: Béjaïa. Département: Finance.","Télétravail partiel, Voiture de fonction",556171,"Process Optimization, Inventory Control, Quality Control, Lean Management, Supply Chain Management, Logistics"
Chem. Engineer,,Design,Lead,23/01/2025,22 April 2025,2025-04-22,Santé,Saïda,10-15 ans,Master,18,Freelance,10,"En tant que Lead Chem. Engineer, vous serez amené à gérer les processus. Expérience requise: 10-15 ans. Éducation: Master, 18 ans. Contrat: Freelance. Localisation: Saïda. Département: IT.",,608950,"Java, Network Security, Python, Cloud Computing"
Business Analyst,,Customer Success,Mid,"Aug 18, 2024",2024-11-16,2024-11-16,Admin,Hybride,5-7 ans,Bac,12,CDD,10,"Contrat: CDD. Localisation: Hybride. Département: IT. Expérience requise: 5-7 ans. Éducation: Bac, 12 ans. En tant que Mid Business Analyst, vous serez amené à coordonner l’équipe.","Télétravail partiel, Horaires flexibles",521799,"SAP, Investment Strategies, Financial Analysis, Excel, Accounting, Budgeting, Audit"
Exec. Assistant,,Training,Senior,20/09/2024,30 October 2024,2024-10-30,Juridique,Béjaïa,3-7 ans,Bac,12,Freelance,10,"Profil recherché (MIX):
Responsabilités:
- Cloud
- SEO
- Machine Learning
- Graphic Design
- Digital Marketing
Profil: Technical Writing; Excel
Compétences: Coordination, Excel
Avantages: CAD, SEO, Negotiation, Maintenance
","Participation bénéfices, Prime performance, Ticket Restaurant",211342,"Data Entry, Customer Service, Scheduling, Office Management, Document Control"
Researcher,,Design,Chief,"Feb 01, 2025",01/04/2025,2025-04-01,Admin,Blida,10-17 ans,Doctorat,20,Temps partiel,3,"Profil recherché (EN):
Responsabilités:
- Graphic Design
- Network Security
- Strategic Planning
- Machine Learning
Profil:
- Network Security
- Teamwork
- Graphic Design
Compétences: Data Analysis, Project Mgmt, UX/UI, Communication
Avantages:
- Coordination
- Negotiation
- Teamwork
- Strategic Planning
- Compliance
",,369085,"Clinical Trials, Patient Care, Pharmacovigilance, HIPAA Compliance, Medical Terminology"
Civil Engineer,,Customer Success,Senior,07 April 2025,22 May 2025,2025-05-22,Marketing,Constantine,1-11 ans,Doctorat,20,Stage,10,"Profil recherché (EN):
Responsabilités: SQL; Cloud; Coordination
Profil: Negotiation, SQL, Teamwork, Network Security, Research
Compétences: Customer Service; UX/UI; Coordination
Avantages: SQL; Compliance; Maintenance; Coordination
","Formation continue, Horaires flexibles",891843,"Cloud Computing, C++, Docker, Machine Learning, Python"
Event Planner,,Risk Management,Senior,19 August 2024,02/10/2024,2024-10-02,Informatique,Béjaïa,9-18 ans,Doctorat,20,Volontariat,3,"Expérience requise: 9-18 ans. Éducation: Doctorat, 20 ans. En tant que Senior Event Planner, vous serez amené à coordonner les relations clients. As Senior Event Planner, you'll manage innovative projects.","Formation continue, Voiture de fonction",483127,"Critical Thinking, Communication, Adaptability, Problem Solving, Time Management, Teamwork"
Civil Engineer,,Technical Support,Junior,2024-08-09,13 October 2024,2024-10-13,Santé,Télétravail,2-9 ans,Bac,12,Temporaire,10,"Profil recherché (EN):
Responsabilités: Maintenance, SQL, Machine Learning
Profil: SEO; Logistics; Excel; Maintenance; Python
Compétences:
- UX/UI
- Data Analysis
- Strategic Planning
- Coordination
Avantages: Blockchain; Technical Writing; Logistics
",,848186,"Network Security, Kubernetes, C++, Python, Machine Learning, Docker"
QA Engineer,,Research & Development,Mid,28/08/2024,28 September 2024,2024-09-28,Marketing,El Oued,0-8 ans,None,0,Alternance,2,"Expérience requise: 0-8 ans. Éducation: None, 0 ans. Contrat: Alternance. Localisation: El Oued. Département: IT. As Mid QA Engineer, you'll perform key projects.",,288367,"DevOps, Python, Machine Learning, Network Security, Cloud Computing, C++, Kubernetes"
Security Officer,,Quality Assurance,Chief,"Dec 26, 2024",15 March 2025,2025-03-15,Ingénierie,Blida,8-8 ans,Licence,16,Volontariat,10,"As Chief Security Officer, you'll design strategic projects. Contrat: Volontariat. Localisation: Blida. Département: IT. Expérience requise: 8-8 ans. Éducation: Licence, 16 ans.",,843996,"Java, Cloud Computing, Kubernetes, Network Security, Python, SQL"
Civil Engineer,,Customer Success,Chief,30/04/2024,23 June 2024,2024-06-23,Ingénierie,Blida,6-6 ans,Licence,16,CDD,1,"Contrat: CDD. Localisation: Blida. Département: Engineering. Expérience requise: 6-6 ans. Éducation: Licence, 16 ans. En tant que Chief Civil Engineer, vous serez amené à développer l’équipe.","Horaires flexibles, Assurance santé",413989,"SQL, Network Security, Docker, Cloud Computing"
Network Admin,,Strategy,Mid,12 February 2025,2025-04-12,2025-04-12,Marketing,Saïda,7-9 ans,Bac,12,Volontariat,5,"Profil recherché (FR):
Responsabilités:
- Cloud
- Negotiation
Profil:
- Machine Learning
- Customer Service
Compétences:
- Teamwork
- SEO
- Strategic Planning
- Compliance
Avantages: Logistics; Leadership; UX/UI
",,521023,"Cloud Computing, C++, Machine Learning, Kubernetes, Network Security, DevOps"
AI Ethics Consultant,,Product,Junior,2024-05-23,02/07/2024,2024-07-02,Juridique,Ghardaïa,9-11 ans,None,0,Temps plein,3,"Profil recherché (FR):
Responsabilités:
- Maintenance
- SQL
- Graphic Design
- SEO
- Project Mgmt
Profil: Coordination; Budgeting; Network Security; Cloud; SQL
Compétences: Network Security; Blockchain; Logistics
Avantages: UX/UI, Java, Budgeting, Excel, Coordination
","Voiture de fonction, Prime performance, Ticket Restaurant",236497,"Teamwork, Time Management, Adaptability, Communication, Critical Thinking"
Bioengineer,,Quality Assurance,Mid,2024-09-05,2024-10-20,2024-10-20,Finance,Saïda,7-9 ans,Licence,16,Temps plein,5,"Expérience requise: 7-9 ans. Éducation: Licence, 16 ans. Contrat: Temps plein. Localisation: Saïda. Département: HR. En tant que Mid Bioengineer, vous serez amené à superviser les relations clients.","Participation bénéfices, Télétravail partiel",511138,"Network Security, Kubernetes, Java, DevOps, Python"
Tech Writer,,Business Development,Chief,2025-04-22,03 June 2025,2025-06-03,RH,Annaba,3-3 ans,Master,18,CDI,1,"Expérience requise: 3-3 ans. Éducation: Master, 18 ans. As Chief Tech Writer, you'll manage key projects. Contrat: CDI. Localisation: Annaba. Département: Sales.",Formation continue,323739,"Kubernetes, Docker, Cloud Computing, DevOps, Python, Machine Learning, Network Security"
Project Manager,,Investor Relations,Senior,2024-10-24,2025-01-15,2025-01-15,Santé,Saïda,4-10 ans,Doctorat,20,CDI,5,"Contrat: CDI. Localisation: Saïda. Département: Legal. Expérience requise: 4-10 ans. Éducation: Doctorat, 20 ans. As Senior Project Manager, you'll perform key projects.",Prime performance,270683,"Process Optimization, Logistics, Inventory Control, Lean Management, Supply Chain Management"
Chem. Engineer,,Data Science,Junior,01/09/2024,2024-11-08,2024-11-08,Informatique,Télétravail,8-13 ans,Licence,16,Volontariat,5,"Expérience requise: 8-13 ans. Éducation: Licence, 16 ans. Contrat: Volontariat. Localisation: Télétravail. Département: HR. As Junior Chem. Engineer, you'll manage innovative projects.",Ticket Restaurant,312553,"Python, C++, Kubernetes, Network Security, Cloud Computing"
Sales Rep,,Quality Assurance,Senior,"Oct 27, 2024",29/11/2024,2024-11-29,Marketing,Tlemcen,9-16 ans,None,0,Volontariat,2,"Profil recherché (FR):
Responsabilités: Negotiation, UX/UI
Profil: Negotiation; Project Mgmt; Research; Network Security
Compétences: Organization, Data Analysis
Avantages: Digital Marketing, Customer Service, Negotiation, Strategic Planning, Compliance
","Participation bénéfices, Horaires flexibles, Formation continue",342247,"Communication, Problem Solving, Adaptability, Time Management"
Data Scientist,,Administration,Mid,"Aug 31, 2024",2024-10-25,2024-10-25,RH,Sétif,9-9 ans,None,0,Freelance,10,"As Mid Data Scientist, you'll design innovative projects. Contrat: Freelance. Localisation: Sétif. Département: Operations. Expérience requise: 9-9 ans. Éducation: None, 0 ans.","Prime performance, Ticket Restaurant, Formation continue",859531,"SQL, C++, DevOps, Cloud Computing"
PR Officer,,Health & Safety,Mid,31/03/2025,12 April 2025,2025-04-12,Admin,Alger,4-13 ans,Doctorat,20,Alternance,3,"Contrat: Alternance. Localisation: Alger. Département: HR. En tant que Mid PR Officer, vous serez amené à gérer les processus. As Mid PR Officer, you'll perform innovative projects.","Participation bénéfices, Ticket Restaurant, Horaires flexibles",437063,"Teamwork, Time Management, Adaptability, Communication, Critical Thinking"
Supply Chain Analyst,,Investor Relations,Senior,24 July 2024,22/08/2024,2024-08-22,Informatique,Oran,4-6 ans,None,0,CDD,10,"As Senior Supply Chain Analyst, you'll perform critical projects. Expérience requise: 4-6 ans. Éducation: None, 0 ans. Contrat: CDD. Localisation: Oran. Département: Engineering.","Prime performance, Formation continue, Participation bénéfices",674480,"Investment Strategies, Financial Analysis, Budgeting, Accounting, SAP"
CMO,,Customer Success,Senior,28 April 2024,2024-05-28,2024-05-28,Informatique,Saïda,1-11 ans,None,0,Alternance,10,"Profil recherché (FR):
Responsabilités: Coordination, SQL
Profil: CAD, UX/UI, Coordination, Data Analysis
Compétences:
- Negotiation
- Network Security
- Python
- SEO
- Cloud
Avantages:
- Technical Writing
- Cloud
- Blockchain
- Leadership
",Assurance santé,281819,"Critical Thinking, Teamwork, Communication, Adaptability, Time Management, Problem Solving"
Training Specialist,,Risk Management,Lead,"Feb 16, 2025",2025-03-11,2025-03-11,Ventes,Saïda,0-4 ans,None,0,Temporaire,3,"Profil recherché (EN):
Responsabilités: Technical Writing, Python, Project Mgmt, Graphic Design
Profil:
- Digital Marketing
- Cloud
- Project Mgmt
- Coordination
- Organization
Compétences: Maintenance, Digital Marketing, UX/UI
Avantages: Python, Budgeting, Graphic Design, Research
",Horaires flexibles,547040,"Time Management, Adaptability, Problem Solving, Communication"
Volunteer Coord.,,Public Relations,Lead,"Oct 12, 2024",03/12/2024,2024-12-03,Informatique,Ghardaïa,8-13 ans,Bac,12,Temporaire,1,"Profil recherché (FR):
Responsabilités: Data Analysis; Negotiation; Blockchain
Profil: Organization, Budgeting
Compétences: Coordination; Compliance
Avantages: Customer Service, Strategic Planning, Excel, Coordination, Data Analysis
",,164128,"Communication, Critical Thinking, Time Management, Problem Solving, Teamwork"
Recruiter,,Investor Relations,Chief,18/04/2025,06 June 2025,2025-06-06,Marketing,Saïda,9-17 ans,Bac,12,Volontariat,1,"Contrat: Volontariat. Localisation: Saïda. Département: IT. En tant que Chief Recruiter, vous serez amené à coordonner les systèmes. Expérience requise: 9-17 ans. Éducation: Bac, 12 ans.",,965281,"C++, Machine Learning, SQL, Java, Cloud Computing"
Digital Marketer,,Customer Success,Mid,17/01/2025,2025-03-31,2025-03-31,Ingénierie,Hybride,5-7 ans,Bac,12,Alternance,10,"Contrat: Alternance. Localisation: Hybride. Département: Legal. As Mid Digital Marketer, you'll lead critical projects. Expérience requise: 5-7 ans. Éducation: Bac, 12 ans.","Assurance santé, Télétravail partiel, Formation continue",320233,"Docker, Network Security, DevOps, SQL"
Blockchain Dev,,IT Support,Chief,"Apr 03, 2025",13 June 2025,2025-06-13,Juridique,Tlemcen,1-1 ans,Licence,16,Volontariat,2,"As Chief Blockchain Dev, you'll design strategic projects. Expérience requise: 1-1 ans. Éducation: Licence, 16 ans. Contrat: Volontariat. Localisation: Tlemcen. Département: HR.",Prime performance,352296,"Teamwork, Communication, Time Management, Adaptability, Problem Solving, Critical Thinking"
Civil Engineer,,Investor Relations,Senior,2024-09-17,2024-11-25,2024-11-25,Santé,Annaba,4-7 ans,None,0,Temps plein,5,"Expérience requise: 4-7 ans. Éducation: None, 0 ans. En tant que Senior Civil Engineer, vous serez amené à superviser l’équipe. Contrat: Temps plein. Localisation: Annaba. Département: Engineering.","Télétravail partiel, Formation continue",318703,"Docker, Kubernetes, Machine Learning, C++, SQL, Network Security"
DB Admin,,Corporate Affairs,Junior,"Oct 12, 2024",2024-11-05,2024-11-05,Admin,Béjaïa,7-17 ans,Doctorat,20,Alternance,5,"Expérience requise: 7-17 ans. Éducation: Doctorat, 20 ans. As Junior DB Admin, you'll perform strategic projects. Contrat: Alternance. Localisation: Béjaïa. Département: Operations.","Assurance santé, Voiture de fonction",520063,"Customer Service, Office Management, Data Entry, Scheduling, Document Control"
Translator,,Design,Chief,2025-02-04,2025-05-02,2025-05-02,Santé,Tlemcen,2-11 ans,Doctorat,20,CDD,1,"Profil recherché (FR):
Responsabilités: Organization, CAD, Customer Service, Python, Research
Profil: Compliance, UX/UI
Compétences: Leadership, Customer Service, Teamwork
Avantages:
- Blockchain
- Logistics
","Assurance santé, Ticket Restaurant, Voiture de fonction",377397,"Critical Thinking, Problem Solving, Adaptability, Teamwork, Time Management, Communication"
Data Scientist,,Public Relations,Lead,28 August 2024,15/10/2024,2024-10-15,Marketing,Oran,5-14 ans,Doctorat,20,Temps plein,1,"Profil recherché (FR):
Responsabilités: Teamwork; Machine Learning; Negotiation; Budgeting
Profil: Cloud, Machine Learning, Budgeting, Strategic Planning, Leadership
Compétences:
- Communication
- SQL
Avantages: SQL, Organization, Java, UX/UI
","Formation continue, Prime performance",687380,"Machine Learning, Network Security, Docker, DevOps"
Legal Advisor,,Compliance,Lead,2024-11-17,07/01/2025,2025-01-07,Finance,El Oued,7-15 ans,None,0,Temps plein,5,"Profil recherché (MIX):
Responsabilités:
- Graphic Design
- Compliance
- Coordination
- Network Security
- Strategic Planning
Profil:
- Network Security
- Excel
Compétences: Leadership; Excel; UX/UI
Avantages: Budgeting; Data Analysis; Graphic Design
",,512566,"Legal Research, Regulatory Affairs, Compliance, Negotiation, Contract Drafting, Litigation Support"
Sales Rep,,Public Relations,Mid,18/06/2024,16 August 2024,2024-08-16,Marketing,Tlemcen,0-1 ans,Doctorat,20,Volontariat,5,"Expérience requise: 0-1 ans. Éducation: Doctorat, 20 ans. As Mid Sales Rep, you'll design innovative projects. En tant que Mid Sales Rep, vous serez amené à développer les processus.",,365369,"Teamwork, Adaptability, Critical Thinking, Problem Solving, Communication"
QA Engineer,,Investor Relations,Junior,2024-07-12,17/08/2024,2024-08-17,Ventes,Sétif,5-10 ans,Master,18,CDD,5,"Profil recherché (MIX):
Responsabilités: SEO; Digital Marketing
Profil:
- Machine Learning
- Budgeting
Compétences: Project Mgmt, Python, Network Security, Technical Writing, Compliance
Avantages: Project Mgmt; Logistics
","Formation continue, Voiture de fonction, Télétravail partiel",796961,"Java, C++, DevOps, Docker, Kubernetes, Network Security"
Researcher,,Health & Safety,Chief,"Mar 27, 2025",02/05/2025,2025-05-02,Finance,Constantine,0-0 ans,None,0,Stage,1,"As Chief Researcher, you'll design strategic projects. En tant que Chief Researcher, vous serez amené à développer les systèmes. Expérience requise: 0-0 ans. Éducation: None, 0 ans.","Participation bénéfices, Ticket Restaurant",486123,"HIPAA Compliance, Patient Care, Pharmacovigilance, Clinical Trials, Medical Terminology"
Marketing Manager,,Research & Development,Chief,01/11/2024,14 November 2024,2024-11-14,Santé,Alger,5-6 ans,Doctorat,20,Temporaire,5,"Profil recherché (MIX):
Responsabilités: Machine Learning; Customer Service
Profil: Research; Digital Marketing; Communication
Compétences: Research; Communication; Data Analysis; Graphic Design
Avantages: Python, Compliance, Digital Marketing
",,258140,"Google Analytics, Content Strategy, Public Relations, Brand Management"
Content Writer,,Business Development,Senior,"Dec 05, 2024",25 February 2025,2025-02-25,Marketing,Oran,1-2 ans,Master,18,Temporaire,3,"Profil recherché (EN):
Responsabilités:
- Blockchain
- CAD
- Data Analysis
- Maintenance
Profil: Digital Marketing, Project Mgmt
Compétences:
- Project Mgmt
- Negotiation
- Teamwork
- Organization
Avantages:
- Maintenance
- Digital Marketing
- Strategic Planning
",,487707,"DevOps, Java, C++, Python, Machine Learning"
App Developer,,Procurement,Junior,03 May 2024,2024-07-15,2024-07-15,RH,Sétif,5-10 ans,Doctorat,20,CDD,2,"Profil recherché (FR):
Responsabilités:
- Project Mgmt
- Network Security
Profil: Customer Service; Project Mgmt; Coordination; Strategic Planning
Compétences: Coordination; Graphic Design; SQL; Communication; Maintenance
Avantages:
- Strategic Planning
- Organization
- Technical Writing
- Cloud
","Télétravail partiel, Participation bénéfices",500546,"Docker, C++, Java, Kubernetes, Cloud Computing, Machine Learning"
UX Designer,,Training,Lead,19 December 2024,2025-03-06,2025-03-06,Santé,Saïda,10-10 ans,Master,18,Temps partiel,1,"En tant que Lead UX Designer, vous serez amené à gérer les processus. Expérience requise: 10-10 ans. Éducation: Master, 18 ans. Contrat: Temps partiel. Localisation: Saïda. Département: Engineering.","Assurance santé, Voiture de fonction",724603,"Figma, Color Theory, Adobe Photoshop, Typography, Prototyping"
Graphic Designer,,Research & Development,Mid,01/05/2024,2024-07-11,2024-07-11,Juridique,Constantine,6-14 ans,Doctorat,20,Temps plein,2,"Profil recherché (MIX):
Responsabilités:
- Excel
- Technical Writing
- Logistics
- Coordination
Profil: Compliance, Digital Marketing, Maintenance
Compétences:
- Organization
- Java
- Excel
- Cloud
- Logistics
Avantages: Excel, Data Analysis, Negotiation, Blockchain, Java
","Formation continue, Ticket Restaurant",382675,"Typography, Prototyping, Color Theory, Figma, UX Research, Adobe Photoshop, Illustrator"
HR Coordinator,,Design,Senior,27 September 2024,07/12/2024,2024-12-07,Logistique,Oran,7-16 ans,Doctorat,20,Temps plein,1,"Contrat: Temps plein. Localisation: Oran. Département: Engineering. Expérience requise: 7-16 ans. Éducation: Doctorat, 20 ans. En tant que Senior HR Coordinator, vous serez amené à coordonner les relations clients.",Prime performance,613342,"Recruitment, HRIS, Payroll, Employee Relations, Onboarding"
Accountant,,Administration,Junior,"Dec 04, 2024",16/02/2025,2025-02-16,Ingénierie,Ghardaïa,7-11 ans,Master,18,CDI,1,"En tant que Junior Accountant, vous serez amené à développer les systèmes. Expérience requise: 7-11 ans. Éducation: Master, 18 ans. Contrat: CDI. Localisation: Ghardaïa. Département: IT.","Ticket Restaurant, Formation continue, Participation bénéfices",589526,"Audit, Accounting, Investment Strategies, Risk Management, Forecasting"
App Developer,,Administration,Senior,2024-08-28,22 September 2024,2024-09-22,Admin,Tlemcen,5-12 ans,Master,18,Alternance,2,"As Senior App Developer, you'll design key projects. En tant que Senior App Developer, vous serez amené à coordonner les relations clients. Contrat: Alternance. Localisation: Tlemcen. Département: Finance.","Assurance santé, Horaires flexibles",327561,"Python, Docker, Cloud Computing, Kubernetes"
Marketing Manager,,Quality Assurance,Lead,12 May 2024,10/08/2024,2024-08-10,Marketing,Télétravail,4-10 ans,Licence,16,Freelance,2,"As Lead Marketing Manager, you'll perform innovative projects. En tant que Lead Marketing Manager, vous serez amené à coordonner les processus. Expérience requise: 4-10 ans. Éducation: Licence, 16 ans.",Prime performance,658452,"Email Marketing, SEO, Social Media, Google Analytics, Brand Management, Public Relations, Campaign Planning"
Risk Manager,,Technical Support,Senior,22 June 2024,2024-08-10,2024-08-10,Juridique,El Oued,9-13 ans,Master,18,Freelance,1,"Profil recherché (FR):
Responsabilités:
- Data Analysis
- Budgeting
- Network Security
Profil: Coordination; Communication
Compétences: Communication, Python, Digital Marketing, UX/UI
Avantages:
- Graphic Design
- Blockchain
- Communication
","Participation bénéfices, Assurance santé",544290,"Supply Chain Management, Inventory Control, Lean Management, Process Optimization, Quality Control, Logistics"
Investment Banker,,Research & Development,Mid,03/07/2024,14 August 2024,2024-08-14,Marketing,Tizi Ouzou,3-6 ans,Bac,12,Temporaire,10,"Contrat: Temporaire. Localisation: Tizi Ouzou. Département: Finance. En tant que Mid Investment Banker, vous serez amené à superviser les relations clients. Expérience requise: 3-6 ans. Éducation: Bac, 12 ans.",Télétravail partiel,736869,"Forecasting, Budgeting, Excel, Investment Strategies, Accounting"
Content Writer,,Technical Support,Junior,"Sep 13, 2024",12 October 2024,2024-10-12,Juridique,Alger,2-12 ans,None,0,Alternance,5,"Profil recherché (MIX):
Responsabilités: Project Mgmt; Technical Writing; Customer Service; UX/UI
Profil:
- Machine Learning
- Project Mgmt
- Network Security
- Logistics
Compétences: Leadership; Organization; CAD; Cloud
Avantages: Project Mgmt, Graphic Design, Cloud, Java
","Voiture de fonction, Formation continue, Assurance santé",211076,"Kubernetes, Python, SQL, Cloud Computing, Docker"
QA Engineer,,Investor Relations,Mid,2024-12-02,2025-01-15,2025-01-15,Admin,Blida,5-12 ans,Licence,16,Temps partiel,5,"Expérience requise: 5-12 ans. Éducation: Licence, 16 ans. As Mid QA Engineer, you'll perform critical projects. Contrat: Temps partiel. Localisation: Blida. Département: Marketing.",Assurance santé,394435,"Cloud Computing, Network Security, Java, DevOps"
App Developer,,Technical Support,Mid,2024-08-23,08 November 2024,2024-11-08,Juridique,Télétravail,3-10 ans,Doctorat,20,CDD,2,"Profil recherché (EN):
Responsabilités: Technical Writing; Negotiation
Profil:
- Leadership
- Network Security
- UX/UI
Compétences: SEO, Project Mgmt, Teamwork, Budgeting, Coordination
Avantages: CAD; Blockchain; SQL; Coordination
",,984521,"DevOps, Cloud Computing, SQL, Docker"
UX Designer,,Procurement,Mid,05 December 2024,12 February 2025,2025-02-12,Finance,Tizi Ouzou,2-3 ans,Licence,16,Temps partiel,10,"Expérience requise: 2-3 ans. Éducation: Licence, 16 ans. En tant que Mid UX Designer, vous serez amené à superviser les relations clients. Contrat: Temps partiel. Localisation: Tizi Ouzou. Département: Marketing.",Prime performance,766377,"Color Theory, Adobe Photoshop, Illustrator, Typography, UX Research"
Data Engineer,,Research & Development,Lead,15/01/2025,05/03/2025,2025-03-05,Marketing,Annaba,6-14 ans,Doctorat,20,Volontariat,10,"Profil recherché (FR):
Responsabilités:
- Organization
- Coordination
- Technical Writing
- Negotiation
Profil:
- Machine Learning
- Communication
Compétences:
- CAD
- Excel
- Logistics
Avantages: Python; Data Analysis; Research
","Assurance santé, Participation bénéfices, Prime performance",683877,"Machine Learning, Java, SQL, Docker, C++, Python, Cloud Computing"
Volunteer Coord.,,Strategy,Junior,27 April 2024,2024-05-24,2024-05-24,Santé,Oran,6-16 ans,Doctorat,20,CDI,3,"Contrat: CDI. Localisation: Oran. Département: Finance. As Junior Volunteer Coord., you'll perform critical projects. Expérience requise: 6-16 ans. Éducation: Doctorat, 20 ans.","Horaires flexibles, Ticket Restaurant",178268,"Adaptability, Critical Thinking, Problem Solving, Time Management, Communication, Teamwork"
QA Engineer,,Compliance,Senior,"Feb 07, 2025",26/04/2025,2025-04-26,Logistique,Sétif,0-1 ans,Licence,16,Freelance,5,"Contrat: Freelance. Localisation: Sétif. Département: Marketing. Expérience requise: 0-1 ans. Éducation: Licence, 16 ans. En tant que Senior QA Engineer, vous serez amené à coordonner les processus.","Participation bénéfices, Ticket Restaurant, Formation continue",479995,"Docker, C++, SQL, Machine Learning, Java, Network Security, Python"
Data Scientist,,Design,Junior,11/08/2024,30 August 2024,2024-08-30,Admin,Tizi Ouzou,8-8 ans,Licence,16,Stage,1,"As Junior Data Scientist, you'll lead strategic projects. Contrat: Stage. Localisation: Tizi Ouzou. Département: Operations. Expérience requise: 8-8 ans. Éducation: Licence, 16 ans.",Prime performance,436206,"C++, Cloud Computing, SQL, Docker, Kubernetes, Machine Learning"
SEO Specialist,,Training,Junior,2024-10-01,19 November 2024,2024-11-19,Logistique,Hybride,4-11 ans,Master,18,Temps plein,1,"Profil recherché (FR):
Responsabilités: Budgeting, UX/UI, Machine Learning, Leadership
Profil: CAD; Project Mgmt; Technical Writing; Customer Service
Compétences: CAD; Teamwork; Budgeting; UX/UI
Avantages: Organization, Negotiation
",Horaires flexibles,251008,"Content Strategy, Brand Management, Email Marketing, Social Media, Public Relations, Google Analytics, Campaign Planning"
Risk Manager,,Product,Senior,08/02/2025,15 April 2025,2025-04-15,Santé,El Oued,2-8 ans,Master,18,CDD,1,"Profil recherché (MIX):
Responsabilités: Compliance; Graphic Design; Budgeting; Teamwork; Cloud
Profil: Budgeting; Machine Learning; Customer Service; Java
Compétences:
- Maintenance
- UX/UI
- Organization
Avantages:
- Leadership
- Budgeting
- Coordination
- Machine Learning
",,524073,"Process Optimization, Quality Control, Supply Chain Management, Logistics"
Chem. Engineer,,Technical Support,Chief,22/08/2024,2024-09-22,2024-09-22,Juridique,Tlemcen,7-16 ans,None,0,Volontariat,3,"Profil recherché (EN):
Responsabilités: UX/UI, Strategic Planning, SEO
Profil: Teamwork; Maintenance; Excel
Compétences: Budgeting; Data Analysis; Excel
Avantages: Java; Cloud
",Prime performance,914420,"Machine Learning, SQL, Docker, Cloud Computing, DevOps, Kubernetes, C++"
Video Editor,,Design,Chief,09 October 2024,2025-01-03,2025-01-03,Marketing,Constantine,9-12 ans,Doctorat,20,CDI,5,"Profil recherché (FR):
Responsabilités: Leadership; Digital Marketing; CAD
Profil: Data Analysis, Java, Excel
Compétences: Network Security; UX/UI; Blockchain
Avantages:
- SQL
- Teamwork
- Blockchain
- Maintenance
",,553096,"Docker, SQL, Python, Kubernetes, Network Security, Machine Learning, C++"
Recruiter,,Strategy,Chief,"Mar 17, 2025",05 April 2025,2025-04-05,Juridique,Saïda,8-9 ans,Licence,16,Stage,3,"Profil recherché (MIX):
Responsabilités: Cloud; Coordination; UX/UI
Profil: Digital Marketing; CAD; Communication; Research; Budgeting
Compétences:
- Java
- Research
- CAD
- Technical Writing
- Blockchain
Avantages: Java; Organization; Leadership
",Prime performance,344278,"Python, Kubernetes, Network Security, C++, Docker, SQL, DevOps"
Recruiter,,Data Science,Mid,06 October 2024,2024-10-19,2024-10-19,Finance,Sétif,1-1 ans,None,0,Volontariat,3,"Contrat: Volontariat. Localisation: Sétif. Département: Sales. As Mid Recruiter, you'll manage strategic projects. Expérience requise: 1-1 ans. Éducation: None, 0 ans.","Voiture de fonction, Ticket Restaurant, Prime performance",466889,"Python, Docker, SQL, Machine Learning, Kubernetes, Cloud Computing, Network Security"
Chem. Engineer,,Quality Assurance,Junior,2024-11-10,10 January 2025,2025-01-10,Ingénierie,El Oued,8-13 ans,None,0,CDI,2,"En tant que Junior Chem. Engineer, vous serez amené à développer les relations clients. Expérience requise: 8-13 ans. Éducation: None, 0 ans. Contrat: CDI. Localisation: El Oued. Département: HR.","Assurance santé, Participation bénéfices",657485,"SQL, DevOps, Docker, Python, Machine Learning, C++"
App Developer,,Logistics,Lead,"Mar 02, 2025",23/04/2025,2025-04-23,Marketing,Tizi Ouzou,7-16 ans,Doctorat,20,Stage,2,"Contrat: Stage. Localisation: Tizi Ouzou. Département: IT. Expérience requise: 7-16 ans. Éducation: Doctorat, 20 ans. As Lead App Developer, you'll perform innovative projects.","Participation bénéfices, Horaires flexibles, Ticket Restaurant",794949,"Cloud Computing, SQL, Python, Network Security, Java, C++"
Logistics Coord.,,Customer Success,Lead,2024-12-02,03/01/2025,2025-01-03,Juridique,Tlemcen,4-13 ans,Licence,16,Freelance,3,"Profil recherché (FR):
Responsabilités: Blockchain; Leadership; Machine Learning; Organization; Teamwork
Profil:
- Research
- Negotiation
- Maintenance
Compétences:
- Organization
- Excel
- Strategic Planning
- Logistics
Avantages:
- Graphic Design
- Machine Learning
- Network Security
",Assurance santé,386038,"Logistics, Process Optimization, Inventory Control, Supply Chain Management, Lean Management, Quality Control"
SEO Specialist,,Health & Safety,Chief,2024-09-02,2024-10-16,2024-10-16,Admin,Alger,3-10 ans,Master,18,Temps plein,1,"Profil recherché (EN):
Responsabilités: Compliance; SQL; UX/UI
Profil: Cloud; Compliance
Compétences: Negotiation, Data Analysis, Network Security, Excel, SEO
Avantages:
- Technical Writing
- SEO
- Organization
- SQL
",,607812,"SEO, Email Marketing, Public Relations, Content Strategy, Google Analytics, Social Media"
Supply Chain Analyst,,Technical Support,Lead,16 October 2024,10 November 2024,2024-11-10,Juridique,Oran,5-14 ans,Doctorat,20,Temporaire,3,"As Lead Supply Chain Analyst, you'll lead key projects. Expérience requise: 5-14 ans. Éducation: Doctorat, 20 ans. En tant que Lead Supply Chain Analyst, vous serez amené à superviser les relations clients.",,544021,"Accounting, Excel, Budgeting, Audit, Financial Analysis, Risk Management"
Project Manager,,Design,Mid,2025-02-02,15 February 2025,2025-02-15,Finance,Tizi Ouzou,1-2 ans,Doctorat,20,Volontariat,5,"Profil recherché (FR):
Responsabilités: Budgeting; CAD; Machine Learning; Maintenance; Negotiation
Profil:
- Organization
- Graphic Design
- Teamwork
- CAD
Compétences: Coordination, Project Mgmt
Avantages: Compliance, Java, Technical Writing
","Voiture de fonction, Formation continue",348993,"Lean Management, Inventory Control, Logistics, Quality Control, Process Optimization, Supply Chain Management"
Video Editor,,Customer Success,Senior,"Aug 24, 2024",2024-10-24,2024-10-24,Admin,Hybride,10-17 ans,Licence,16,Alternance,2,"Profil recherché (EN):
Responsabilités:
- Technical Writing
- Maintenance
- Project Mgmt
- Data Analysis
- UX/UI
Profil: Teamwork, Communication, Strategic Planning, Blockchain
Compétences: Machine Learning; Digital Marketing
Avantages:
- Project Mgmt
- Python
- Maintenance
","Prime performance, Télétravail partiel, Assurance santé",315456,"Docker, DevOps, Cloud Computing, SQL, Network Security"
Operations Manager,,Administration,Junior,"Jun 11, 2024",04 August 2024,2024-08-04,Marketing,Tlemcen,6-7 ans,None,0,Temps partiel,1,"Profil recherché (MIX):
Responsabilités: Cloud; SEO; Logistics; Data Analysis
Profil:
- Communication
- Compliance
- Coordination
- Data Analysis
Compétences: SQL; Communication; Organization; Teamwork
Avantages: Network Security, SQL, Leadership
",Horaires flexibles,636378,"Supply Chain Management, Lean Management, Quality Control, Logistics"
Video Editor,,Public Relations,Chief,2025-01-28,20 March 2025,2025-03-20,Santé,Tlemcen,2-7 ans,Master,18,CDD,2,"Contrat: CDD. Localisation: Tlemcen. Département: HR. As Chief Video Editor, you'll lead innovative projects. En tant que Chief Video Editor, vous serez amené à coordonner les relations clients.",,482363,"Machine Learning, Network Security, Docker, Python, DevOps"
Pharmacist,,Training,Junior,17/11/2024,08/02/2025,2025-02-08,Admin,Blida,9-16 ans,Licence,16,Temps partiel,5,"As Junior Pharmacist, you'll manage strategic projects. En tant que Junior Pharmacist, vous serez amené à superviser les systèmes. Contrat: Temps partiel. Localisation: Blida. Département: Marketing.","Ticket Restaurant, Formation continue",378031,"HIPAA Compliance, Clinical Trials, Medical Terminology, Pharmacovigilance, Patient Care"
Software Engineer,,Corporate Affairs,Junior,"Nov 05, 2024",2025-01-26,2025-01-26,Finance,Sétif,1-8 ans,Licence,16,Temps plein,2,"Profil recherché (EN):
Responsabilités: UX/UI, Negotiation, Graphic Design, Machine Learning, Organization
Profil: Graphic Design, Excel, Project Mgmt
Compétences: Project Mgmt, UX/UI, Compliance, Negotiation, Maintenance
Avantages:
- Research
- Python
","Assurance santé, Prime performance, Voiture de fonction",837460,"Kubernetes, Cloud Computing, DevOps, Docker, SQL, Machine Learning"
Med. Rep,,Public Relations,Lead,13/05/2024,2024-05-22,2024-05-22,Finance,Constantine,9-17 ans,Bac,12,Temps partiel,10,"As Lead Med. Rep, you'll lead critical projects. Expérience requise: 9-17 ans. Éducation: Bac, 12 ans. En tant que Lead Med. Rep, vous serez amené à développer les systèmes.",,159793,"Critical Thinking, Time Management, Communication, Problem Solving, Teamwork, Adaptability"
IT Intern,,Business Development,Mid,2025-04-17,29 May 2025,2025-05-29,Admin,Tizi Ouzou,9-10 ans,Bac,12,Volontariat,3,"Profil recherché (EN):
Responsabilités:
- Teamwork
- Network Security
Profil: Technical Writing, SEO, Communication
Compétences: Java, Network Security, Excel
Avantages: Coordination; Machine Learning; Maintenance; Blockchain
","Voiture de fonction, Ticket Restaurant, Formation continue",267765,"DevOps, Kubernetes, Network Security, Docker"
DB Admin,,Data Science,Junior,2024-10-03,2024-12-30,2024-12-30,Admin,Tizi Ouzou,1-7 ans,Bac,12,Alternance,1,"Profil recherché (FR):
Responsabilités:
- Research
- Customer Service
- Project Mgmt
- Blockchain
Profil: SQL, Technical Writing, Budgeting
Compétences: Digital Marketing, Technical Writing, Network Security, SEO
Avantages: SEO, Research, Compliance, Digital Marketing
",,156988,"Customer Service, Scheduling, Document Control, Office Management"
Env. Consultant,,Design,Mid,2024-06-27,13/07/2024,2024-07-13,Admin,El Oued,0-1 ans,Master,18,Freelance,5,"Profil recherché (FR):
Responsabilités: Customer Service, UX/UI, Communication
Profil: Communication, SQL, Network Security, Project Mgmt, Organization
Compétences:
- Project Mgmt
- Compliance
Avantages: Leadership, Teamwork, Logistics, Digital Marketing
",Voiture de fonction,171841,"Problem Solving, Adaptability, Teamwork, Time Management, Critical Thinking, Communication"
Supply Chain Analyst,,Technical Support,Chief,2025-01-25,17/03/2025,2025-03-17,Logistique,Alger,9-15 ans,None,0,Freelance,3,"Profil recherché (FR):
Responsabilités:
- Logistics
- Communication
- Organization
- Coordination
- Machine Learning
Profil: Maintenance, Network Security, Strategic Planning, UX/UI, Java
Compétences: Machine Learning; Negotiation; Blockchain; Budgeting; Logistics
Avantages:
- Technical Writing
- Excel
- Data Analysis
","Assurance santé, Horaires flexibles, Télétravail partiel",738021,"Audit, Budgeting, Financial Analysis, Investment Strategies"
Med. Rep,,Investor Relations,Mid,07/01/2025,2025-04-07,2025-04-07,Finance,El Oued,8-9 ans,Doctorat,20,Temps partiel,10,"Profil recherché (FR):
Responsabilités:
- Coordination
- Java
- Project Mgmt
- Compliance
- UX/UI
Profil: Digital Marketing; Coordination; Blockchain; Research; UX/UI
Compétences:
- Cloud
- Negotiation
Avantages: Coordination, UX/UI
","Ticket Restaurant, Télétravail partiel, Formation continue",190222,"Teamwork, Time Management, Adaptability, Communication, Critical Thinking, Problem Solving"
App Developer,,Design,Senior,13 February 2025,04 March 2025,2025-03-04,Ingénierie,El Oued,2-6 ans,Licence,16,Temporaire,3,"En tant que Senior App Developer, vous serez amené à coordonner les relations clients. Contrat: Temporaire. Localisation: El Oued. Département: IT. As Senior App Developer, you'll lead critical projects.",,322606,"DevOps, Docker, Python, Cloud Computing, Kubernetes, Machine Learning"
Training Specialist,,Training,Senior,2025-03-30,2025-04-18,2025-04-18,Admin,Sétif,7-7 ans,Doctorat,20,CDI,5,"Contrat: CDI. Localisation: Sétif. Département: Engineering. En tant que Senior Training Specialist, vous serez amené à coordonner les processus. Expérience requise: 7-7 ans. Éducation: Doctorat, 20 ans.","Participation bénéfices, Voiture de fonction, Horaires flexibles",388623,"Communication, Critical Thinking, Time Management, Problem Solving, Adaptability, Teamwork"
Business Analyst,,Risk Management,Senior,"Feb 13, 2025",18 March 2025,2025-03-18,Ingénierie,Blida,9-12 ans,None,0,CDD,10,"Profil recherché (EN):
Responsabilités:
- Blockchain
- CAD
- Java
- Communication
- Digital Marketing
Profil:
- Coordination
- Teamwork
- Blockchain
- Graphic Design
Compétences:
- UX/UI
- Strategic Planning
- Negotiation
- Cloud
Avantages: SEO, UX/UI, Machine Learning, Java
",,484873,"SAP, Forecasting, Risk Management, Budgeting, Excel, Financial Analysis, Audit"
CTO,,Corporate Affairs,Junior,03 July 2024,20/08/2024,2024-08-20,Finance,Ghardaïa,5-12 ans,None,0,Temps plein,2,"Profil recherché (MIX):
Responsabilités: Python; Budgeting; Strategic Planning
Profil:
- CAD
- Strategic Planning
- Logistics
- Teamwork
- Compliance
Compétences: Blockchain, Data Analysis
Avantages: SQL; Compliance; Python; UX/UI; Cloud
",Voiture de fonction,389965,"Critical Thinking, Time Management, Adaptability, Teamwork, Communication"
SEO Specialist,,Customer Success,Junior,2024-05-27,07 August 2024,2024-08-07,RH,Ghardaïa,8-10 ans,Bac,12,Stage,10,"En tant que Junior SEO Specialist, vous serez amené à coordonner les systèmes. As Junior SEO Specialist, you'll design strategic projects. Contrat: Stage. Localisation: Ghardaïa. Département: Operations.","Formation continue, Voiture de fonction, Ticket Restaurant",478185,"Google Analytics, Content Strategy, Public Relations, SEO, Social Media, Campaign Planning, Brand Management"
Chem. Engineer,,Research & Development,Lead,04/09/2024,2024-09-15,2024-09-15,Finance,Béjaïa,10-11 ans,Master,18,Temps partiel,3,"As Lead Chem. Engineer, you'll lead key projects. Contrat: Temps partiel. Localisation: Béjaïa. Département: Finance. En tant que Lead Chem. Engineer, vous serez amené à développer les relations clients.",Assurance santé,778802,"Machine Learning, SQL, Cloud Computing, Python"
Business Analyst,,Public Relations,Lead,14/05/2024,2024-08-08,2024-08-08,Ventes,Béjaïa,1-2 ans,None,0,Temporaire,5,"As Lead Business Analyst, you'll design key projects. Contrat: Temporaire. Localisation: Béjaïa. Département: Marketing. Expérience requise: 1-2 ans. Éducation: None, 0 ans.",Prime performance,503759,"Investment Strategies, Excel, SAP, Financial Analysis, Audit"
Blockchain Dev,,Risk Management,Mid,17/04/2025,2025-07-13,2025-07-13,Informatique,Sétif,4-8 ans,Master,18,CDD,1,"As Mid Blockchain Dev, you'll design innovative projects. En tant que Mid Blockchain Dev, vous serez amené à développer les systèmes. Contrat: CDD. Localisation: Sétif. Département: Legal.","Télétravail partiel, Prime performance",703544,"Communication, Adaptability, Time Management, Critical Thinking, Teamwork, Problem Solving"
Translator,,Product,Junior,"Nov 13, 2024",11/01/2025,2025-01-11,Admin,Sétif,6-10 ans,Doctorat,20,Freelance,1,"Profil recherché (EN):
Responsabilités:
- Strategic Planning
- SEO
- CAD
- Python
Profil:
- Cloud
- Blockchain
Compétences:
- Customer Service
- Communication
- Organization
Avantages: Organization, SEO, SQL, Research, Negotiation
","Prime performance, Voiture de fonction, Formation continue",408306,"Teamwork, Problem Solving, Communication, Critical Thinking"
Bioengineer,,Research & Development,Junior,"Mar 12, 2025",2025-05-19,2025-05-19,Finance,Oran,0-2 ans,Licence,16,Temporaire,5,"As Junior Bioengineer, you'll manage critical projects. En tant que Junior Bioengineer, vous serez amené à coordonner les relations clients. Expérience requise: 0-2 ans. Éducation: Licence, 16 ans.","Assurance santé, Prime performance, Ticket Restaurant",424916,"Docker, Network Security, Kubernetes, Machine Learning, Cloud Computing, DevOps, Java"
