job title,hiring organization,department,seniority level,date posted,valid through,sector,job location,education requirement,type of contract,available posts,benefits,predicted_salary_dzd,inferred_skills,experience_min_req,experience_max_req
General Director,Garcia EURL,General Management,Lead,2025-04-21,2025-06-28,Telecommunications,Annaba,Bac,CDI,15,"Formation continue, Épargne entreprise, Crèche d'entreprise",120000,"Team Leadership, Project Management, Report Writing, Arabic/French Bilingual, Microsoft Office",5,15
Team Leader,Garcia EURL,General Management,Junior,2025-03-31,2025-05-20,E-Commerce,Tizi Ouzou,Doctorat,CDD,1,"Voiture de fonction, Formation continue, Crèche d'entreprise",119000,"Team Leadership, Arabic/French Bilingual, Project Management, Microsoft Office, Report Writing",3,8
Environmental Compliance Officer,Loiseau et Fils EURL,"HSE (Health, Safety, Environment)",Senior,2025-04-13,2025-07-10,Energy & Petroleum,In Salah,Master,Alternance,9,"Crèche d'entreprise, Formation continue, Prime de performance",89000,"Project Management, Team Leadership, Arabic/French Bilingual, Report Writing, Microsoft Office",5,6
Team Leader,Garcia EURL,Vocational Training,Senior,2025-04-02,2025-05-29,Education,El Tarf,Doctorat,CDD,2,"Formation continue, Épargne entreprise, Tickets restaurant",93000,"Team Leadership, Project Management, Arabic/French Bilingual, Microsoft Office, Report Writing",5,5
General Director,Marchal S.A.S. SPA,General Management,Mid,2025-04-09,2025-06-28,Pharmaceuticals,Mostaganem,Licence,CDD,14,"Crèche d'entreprise, Tickets restaurant, Prime de performance",125000,"Team Leadership, Arabic/French Bilingual, Microsoft Office, Report Writing, Project Management",1,4
Team Leader,Besnard SARL SPA,Export Operations,Mid,2025-04-14,2025-05-27,Agriculture,Tébessa,Master,Alternance,13,"Télétravail partiel, Épargne entreprise, Formation continue",70000,"Project Management, Team Leadership, Arabic/French Bilingual, Report Writing, Microsoft Office",2,15
Operations Manager,Lucas SPA,Pediatric Care,Chief,2025-04-17,2025-06-26,Healthcare,Skikda,Doctorat,Alternance,10,"Crèche d'entreprise, Assurance maladie, Prime de performance",140000,"Team Leadership, Report Writing, Project Management, Microsoft Office, Arabic/French Bilingual",2,13
IT Coordinator,Bigot Henry SARL EURL,IT Support,Junior,2025-04-22,2025-06-15,Information Technology,Timimoun,Ingénieur d'État,Alternance,6,"Épargne entreprise, Crèche d'entreprise, Tickets restaurant",140000,"Team Leadership, Report Writing, Microsoft Office, Arabic/French Bilingual, Project Management",1,5
Facilities Manager,Sauvage SARL,Operations,Junior,2025-04-06,2025-06-15,Transport & Logistics,Sétif,Doctorat,CDD,14,"Télétravail partiel, Épargne entreprise, Crèche d'entreprise",92000,"Report Writing, Microsoft Office, Team Leadership, Arabic/French Bilingual, Project Management",0,4
Team Leader,Lucas SPA,Pediatric Care,Lead,2025-04-21,2025-07-11,Healthcare,M'sila,Master,Freelance,4,"Épargne entreprise, Formation continue, Voiture de fonction",63000,"Report Writing, Arabic/French Bilingual, Team Leadership, Microsoft Office, Project Management",4,3
Facilities Manager,Algérie Télécom,Operations,Junior,2025-04-08,2025-06-08,Media & Entertainment,Tamanrasset,Ingénieur d'État,CDD,6,"Télétravail partiel, Assurance maladie, Tickets restaurant",147000,"Microsoft Office, Report Writing, Team Leadership, Project Management, Arabic/French Bilingual",0,10
Department Director,Lucas EURL,General Management,Mid,2025-03-28,2025-06-13,Manufacturing,Laghouat,Doctorat,CDI,15,"Assurance maladie, Prime de performance, Tickets restaurant",127000,"Team Leadership, Project Management, Arabic/French Bilingual, Microsoft Office, Report Writing",5,13
Administrative Manager,Pascal EURL,General Management,Junior,2025-04-03,2025-06-08,Mining,El Tarf,Bac,Freelance,6,"Formation continue, Crèche d'entreprise, Voiture de fonction",29000,"Team Leadership, Project Management, Report Writing, Arabic/French Bilingual, Microsoft Office",0,6
Operations Manager,Schmitt SARL EURL,General Management,Chief,2025-04-04,2025-06-02,Renewable Energy,Biskra,Ingénieur d'État,Alternance,12,"Crèche d'entreprise, Voiture de fonction, Tickets restaurant",143000,"Microsoft Office, Arabic/French Bilingual, Project Management, Report Writing, Team Leadership",3,5
General Director,Rodrigues EURL,General Management,Junior,2025-04-15,2025-05-29,Transport & Logistics,Blida,Ingénieur d'État,CDD,13,"Télétravail partiel, Prime de performance, Voiture de fonction",71000,"Arabic/French Bilingual, Microsoft Office, Project Management, Team Leadership, Report Writing",5,13
Supply Chain Manager,Ollivier Becker S.A.R.L. SPA,Operations,Junior,2025-04-14,2025-05-23,E-Commerce,In Salah,Doctorat,Alternance,1,"Crèche d'entreprise, Assurance maladie, Épargne entreprise",50000,"Project Management, Team Leadership, Arabic/French Bilingual, Microsoft Office, Report Writing",2,5
IT Coordinator,Delmas S.A. EURL,IT Support,Junior,2025-03-28,2025-06-14,Information Technology,El Tarf,Master,CDD,8,"Assurance maladie, Formation continue, Voiture de fonction",65000,"Report Writing, Arabic/French Bilingual, Microsoft Office, Project Management, Team Leadership",4,7
Facilities Manager,Boutin S.A. SARL,Operations,Mid,2025-04-10,2025-06-27,Construction,Tébessa,Doctorat,Alternance,1,"Formation continue, Télétravail partiel, Assurance maladie",74000,"Report Writing, Project Management, Microsoft Office, Team Leadership, Arabic/French Bilingual",3,14
Production Supervisor,Djezzy,Operations,Chief,2025-04-13,2025-07-05,Construction,Tamanrasset,Ingénieur d'État,CDD,5,"Voiture de fonction, Assurance maladie, Crèche d'entreprise",47000,"Team Leadership, Report Writing, Microsoft Office, Arabic/French Bilingual, Project Management",1,10
Project Manager,Diaz SARL SARL,General Management,Lead,2025-04-12,2025-07-03,Telecommunications,El Tarf,Master,CDI,15,"Télétravail partiel, Prime de performance, Assurance maladie",137000,"Arabic/French Bilingual, Team Leadership, Project Management, Report Writing, Microsoft Office",4,5
Project Manager,Lévêque SARL,General Management,Lead,2025-04-07,2025-05-18,Telecommunications,Béchar,Doctorat,Stage,3,"Voiture de fonction, Prime de performance, Crèche d'entreprise",105000,"Team Leadership, Microsoft Office, Arabic/French Bilingual, Project Management, Report Writing",0,8
Logistics Coordinator,CNAN,Operations,Senior,2025-04-02,2025-05-09,Construction,In Salah,Doctorat,CDD,4,"Tickets restaurant, Épargne entreprise, Prime de performance",101000,"Arabic/French Bilingual, Microsoft Office, Report Writing, Project Management, Team Leadership",5,9
Production Supervisor,Pichon Maury S.A.S. SPA,Operations,Junior,2025-04-03,2025-06-14,Transport & Logistics,Chlef,Ingénieur d'État,CDD,10,"Tickets restaurant, Crèche d'entreprise, Voiture de fonction",122000,"Project Management, Microsoft Office, Report Writing, Arabic/French Bilingual, Team Leadership",3,5
Logistics Coordinator,Leclercq SPA,Operations,Mid,2025-04-17,2025-07-09,Mining,Sétif,Licence,Freelance,4,"Tickets restaurant, Prime de performance, Voiture de fonction",40000,"Arabic/French Bilingual, Team Leadership, Project Management, Microsoft Office, Report Writing",3,13
Facilities Manager,Gautier SARL,Operations,Chief,2025-04-19,2025-06-17,Mining,El Tarf,Ingénieur d'État,CDI,14,"Télétravail partiel, Crèche d'entreprise, Assurance maladie",95000,"Team Leadership, Microsoft Office, Arabic/French Bilingual, Project Management, Report Writing",0,11
Supply Chain Manager,Gilbert SA SPA,Operations,Senior,2025-04-20,2025-06-05,Retail,Naama,Bac,CDD,14,"Assurance maladie, Épargne entreprise, Télétravail partiel",46000,"Team Leadership, Project Management, Microsoft Office, Report Writing, Arabic/French Bilingual",5,10
Supply Chain Manager,Pascal EURL,Operations,Junior,2025-04-17,2025-06-15,Media & Entertainment,Mostaganem,Bac,CDI,14,"Épargne entreprise, Télétravail partiel, Prime de performance",115000,"Report Writing, Arabic/French Bilingual, Microsoft Office, Team Leadership, Project Management",1,6
Team Leader,Boutin S.A. SARL,Retail Banking,Junior,2025-04-20,2025-06-07,Banking & Finance,Tizi Ouzou,Licence,Alternance,12,"Épargne entreprise, Télétravail partiel, Tickets restaurant",60000,"Report Writing, Project Management, Arabic/French Bilingual, Microsoft Office, Team Leadership",1,15
Team Leader,Ollivier Becker S.A.R.L. SPA,General Management,Senior,2025-04-13,2025-05-29,Retail,Adrar,Master,Alternance,11,"Prime de performance, Crèche d'entreprise, Épargne entreprise",73000,"Report Writing, Arabic/French Bilingual, Team Leadership, Project Management, Microsoft Office",1,5
Team Leader,Guérin Dumas S.A. SPA,Clinical Operations,Junior,2025-04-16,2025-06-07,Healthcare,Oran,Bac,CDI,11,"Assurance maladie, Crèche d'entreprise, Télétravail partiel",33000,"Microsoft Office, Project Management, Arabic/French Bilingual, Report Writing, Team Leadership",5,11
Project Manager,Djezzy,General Management,Senior,2025-04-24,2025-07-19,Media & Entertainment,Laghouat,Licence,Freelance,7,"Télétravail partiel, Prime de performance, Voiture de fonction",92000,"Arabic/French Bilingual, Team Leadership, Microsoft Office, Project Management, Report Writing",4,3
General Director,Mobilis,General Management,Chief,2025-04-04,2025-06-06,Aerospace & Defense,Illizi,Bac,CDI,2,"Télétravail partiel, Prime de performance, Voiture de fonction",101000,"Report Writing, Microsoft Office, Project Management, Team Leadership, Arabic/French Bilingual",2,3
Logistics Coordinator,Lucas SPA,Operations,Junior,2025-03-31,2025-06-02,Transport & Logistics,M'sila,Bac,Alternance,9,"Voiture de fonction, Formation continue, Prime de performance",98000,"Arabic/French Bilingual, Project Management, Team Leadership, Microsoft Office, Report Writing",4,8
Supply Chain Manager,Gauthier SARL,Operations,Junior,2025-04-06,2025-06-03,Pharmaceuticals,Annaba,Bac,Stage,8,"Crèche d'entreprise, Tickets restaurant, Épargne entreprise",130000,"Microsoft Office, Report Writing, Arabic/French Bilingual, Team Leadership, Project Management",1,5
Department Director,Naftal,Hospital Administration,Junior,2025-03-26,2025-06-14,Healthcare,Tindouf,Ingénieur d'État,Stage,15,"Prime de performance, Télétravail partiel, Crèche d'entreprise",140000,"Report Writing, Team Leadership, Project Management, Microsoft Office, Arabic/French Bilingual",4,3
Department Director,Buisson SPA,Vocational Training,Chief,2025-04-20,2025-06-28,Education,Tamanrasset,Licence,CDI,9,"Assurance maladie, Prime de performance, Voiture de fonction",114000,"Project Management, Report Writing, Microsoft Office, Team Leadership, Arabic/French Bilingual",0,11
Project Manager,Cosider,General Management,Chief,2025-04-20,2025-07-12,Mining,Tamanrasset,Licence,Alternance,6,"Formation continue, Voiture de fonction, Épargne entreprise",98000,"Team Leadership, Project Management, Microsoft Office, Arabic/French Bilingual, Report Writing",5,7
Project Manager,Lucas SPA,General Management,Chief,2025-04-24,2025-07-04,Fisheries,Mostaganem,Doctorat,Stage,4,"Télétravail partiel, Formation continue, Prime de performance",69000,"Project Management, Report Writing, Team Leadership, Arabic/French Bilingual, Microsoft Office",1,8
Operations Manager,Lefèvre Couturier S.A.R.L. EURL,Operations,Senior,2025-04-15,2025-06-10,Tourism & Hospitality,Blida,Ingénieur d'État,Alternance,5,"Tickets restaurant, Assurance maladie, Prime de performance",46000,"Arabic/French Bilingual, Microsoft Office, Team Leadership, Project Management, Report Writing",1,9
General Director,CNAN,General Management,Junior,2025-04-15,2025-07-03,Fisheries,Saïda,Ingénieur d'État,Alternance,7,"Tickets restaurant, Assurance maladie, Prime de performance",73000,"Team Leadership, Report Writing, Microsoft Office, Arabic/French Bilingual, Project Management",2,4
Administrative Manager,SNVI,General Management,Senior,2025-04-22,2025-05-31,Retail,Sétif,Bac,CDD,15,"Voiture de fonction, Télétravail partiel, Formation continue",94000,"Microsoft Office, Arabic/French Bilingual, Project Management, Team Leadership, Report Writing",2,5
General Director,Gomez SARL,Agronomy Research,Lead,2025-04-17,2025-06-29,Agriculture,Annaba,Licence,Alternance,14,"Télétravail partiel, Prime de performance, Épargne entreprise",120000,"Microsoft Office, Arabic/French Bilingual, Team Leadership, Report Writing, Project Management",3,13
Administrative Manager,Marchal S.A.S. SPA,Pharmaceutical Development,Chief,2025-03-27,2025-05-07,Healthcare,Chlef,Ingénieur d'État,Stage,13,"Tickets restaurant, Crèche d'entreprise, Prime de performance",124000,"Microsoft Office, Arabic/French Bilingual, Team Leadership, Project Management, Report Writing",0,10
Department Director,Algérie Télécom,Islamic Finance,Lead,2025-03-30,2025-05-13,Banking & Finance,Tindouf,Ingénieur d'État,Alternance,10,"Voiture de fonction, Épargne entreprise, Prime de performance",91000,"Risk Sharing Models, Murabaha Transactions, Islamic Banking Products, Sukuk Structuring, Takaful Operations, Sharia Compliance",3,15
Team Leader,Joseph SARL,Islamic Finance,Lead,2025-04-10,2025-06-23,Banking & Finance,Oran,Bac,CDD,5,"Crèche d'entreprise, Formation continue, Prime de performance",62000,"Sukuk Structuring, Risk Sharing Models, Sharia Compliance, Murabaha Transactions, Takaful Operations, Islamic Banking Products",5,13
Operations Manager,Cosider,General Management,Lead,2025-04-16,2025-06-04,Construction,Tizi Ouzou,Licence,Alternance,6,"Formation continue, Prime de performance, Épargne entreprise",126000,"Project Management, Arabic/French Bilingual, Team Leadership, Report Writing, Microsoft Office",3,6
Service Desk Manager,Duhamel S.A.R.L. SPA,IT Support,Senior,2025-04-06,2025-05-26,Information Technology,El Tarf,Ingénieur d'État,CDD,2,"Épargne entreprise, Formation continue, Télétravail partiel",35000,"Team Leadership, Report Writing, Project Management, Microsoft Office, Arabic/French Bilingual",1,5
General Director,Marchal S.A.S. SPA,General Management,Chief,2025-04-17,2025-06-10,Renewable Energy,Tamanrasset,Bac,Stage,7,"Formation continue, Épargne entreprise, Assurance maladie",141000,"Team Leadership, Report Writing, Arabic/French Bilingual, Project Management, Microsoft Office",0,4
AI Researcher,Gauthier SARL,Data Science & AI,Chief,2025-04-11,2025-06-10,Information Technology,Tébessa,Bac,Alternance,14,"Télétravail partiel, Prime de performance, Formation continue",146000,"Team Leadership, Arabic/French Bilingual, Microsoft Office, Project Management, Report Writing",1,3
Team Leader,Sonalgaz,E-Learning Platforms,Senior,2025-04-20,2025-07-11,Education,Djanet,Ingénieur d'État,CDD,2,"Crèche d'entreprise, Voiture de fonction, Tickets restaurant",141000,"Report Writing, Microsoft Office, Arabic/French Bilingual, Team Leadership, Project Management",3,14
Production Supervisor,Loiseau et Fils EURL,Operations,Senior,2025-04-06,2025-07-05,Transport & Logistics,In Salah,Bac,CDI,15,"Tickets restaurant, Formation continue, Prime de performance",106000,"Microsoft Office, Project Management, Team Leadership, Report Writing, Arabic/French Bilingual",5,3
Department Director,Garcia EURL,General Management,Senior,2025-03-28,2025-05-19,Manufacturing,Tiaret,Licence,Stage,7,"Formation continue, Prime de performance, Crèche d'entreprise",106000,"Report Writing, Team Leadership, Arabic/French Bilingual, Project Management, Microsoft Office",3,8
Project Manager,Pereira SARL,Islamic Finance,Chief,2025-04-13,2025-05-30,Banking & Finance,Blida,Master,Stage,15,"Prime de performance, Voiture de fonction, Télétravail partiel",129000,"Sharia Compliance, Takaful Operations, Sukuk Structuring, Islamic Banking Products, Murabaha Transactions, Risk Sharing Models",0,13
Supply Chain Manager,Marchal S.A.S. SPA,Operations,Senior,2025-03-31,2025-06-28,Pharmaceuticals,Aïn Témouchent,Licence,Alternance,9,"Épargne entreprise, Voiture de fonction, Formation continue",70000,"Team Leadership, Arabic/French Bilingual, Microsoft Office, Project Management, Report Writing",1,13
Logistics Coordinator,Mobilis,Operations,Mid,2025-04-10,2025-05-27,Media & Entertainment,In Salah,Ingénieur d'État,CDD,12,"Crèche d'entreprise, Assurance maladie, Prime de performance",44000,"Project Management, Team Leadership, Microsoft Office, Arabic/French Bilingual, Report Writing",5,6
Project Manager,Sonalgaz,General Management,Mid,2025-03-26,2025-05-10,Public Sector,Tizi Ouzou,Master,Stage,14,"Épargne entreprise, Formation continue, Prime de performance",80000,"Arabic/French Bilingual, Team Leadership, Microsoft Office, Report Writing, Project Management",5,4
Production Supervisor,Djezzy,Operations,Junior,2025-04-15,2025-06-23,Media & Entertainment,Tébessa,Master,CDI,1,"Prime de performance, Épargne entreprise, Assurance maladie",94000,"Project Management, Arabic/French Bilingual, Report Writing, Team Leadership, Microsoft Office",0,8
Operations Manager,Olivier SPA,General Management,Mid,2025-04-14,2025-06-21,Renewable Energy,Skikda,Doctorat,Stage,9,"Tickets restaurant, Formation continue, Assurance maladie",80000,"Project Management, Arabic/French Bilingual, Report Writing, Team Leadership, Microsoft Office",5,15
Administrative Manager,Barbier SPA,General Management,Lead,2025-03-27,2025-06-03,Media & Entertainment,In Salah,Bac,Freelance,10,"Télétravail partiel, Crèche d'entreprise, Voiture de fonction",33000,"Microsoft Office, Report Writing, Team Leadership, Project Management, Arabic/French Bilingual",2,5
Operations Manager,Diaz SARL SARL,Operations,Chief,2025-04-22,2025-06-04,Manufacturing,El Oued,Ingénieur d'État,Stage,10,"Épargne entreprise, Tickets restaurant, Prime de performance",101000,"Arabic/French Bilingual, Report Writing, Microsoft Office, Team Leadership, Project Management",4,13
Operations Manager,Lefèvre Couturier S.A.R.L. EURL,General Management,Chief,2025-04-02,2025-06-28,Manufacturing,Tiaret,Master,Alternance,6,"Voiture de fonction, Télétravail partiel, Crèche d'entreprise",71000,"Report Writing, Microsoft Office, Arabic/French Bilingual, Team Leadership, Project Management",4,7
Department Director,Lucas EURL,General Management,Lead,2025-04-12,2025-05-19,Tourism & Hospitality,Ouargla,Ingénieur d'État,Alternance,4,"Formation continue, Télétravail partiel, Épargne entreprise",57000,"Report Writing, Arabic/French Bilingual, Team Leadership, Project Management, Microsoft Office",1,3
General Director,Ollivier Becker S.A.R.L. SPA,General Management,Lead,2025-04-05,2025-06-08,Construction,El Tarf,Master,CDI,12,"Tickets restaurant, Télétravail partiel, Assurance maladie",64000,"Report Writing, Microsoft Office, Arabic/French Bilingual, Project Management, Team Leadership",1,15
Administrative Manager,Bernard Petitjean SA SPA,Sustainable Farming,Chief,2025-04-04,2025-06-27,Agriculture,In Salah,Doctorat,CDD,3,"Prime de performance, Télétravail partiel, Assurance maladie",108000,"Agroecology, Permaculture Design, Organic Certification, Soil Health Management, Water Conservation, Precision Agriculture",4,12
Administrative Manager,Louis SARL,Food Processing,Junior,2025-04-04,2025-05-26,Agriculture,Batna,Master,Freelance,11,"Télétravail partiel, Prime de performance, Épargne entreprise",142000,"Project Management, Microsoft Office, Team Leadership, Report Writing, Arabic/French Bilingual",2,4
Project Manager,Mahe Boyer S.A.R.L. SARL,General Management,Senior,2025-04-17,2025-07-06,Aerospace & Defense,Illizi,Doctorat,Freelance,13,"Voiture de fonction, Crèche d'entreprise, Télétravail partiel",148000,"Arabic/French Bilingual, Project Management, Report Writing, Microsoft Office, Team Leadership",3,15
Supply Chain Manager,Algérie Télécom,Operations,Chief,2025-04-16,2025-06-15,Mining,Blida,Master,Alternance,2,"Crèche d'entreprise, Prime de performance, Voiture de fonction",84000,"Arabic/French Bilingual, Report Writing, Microsoft Office, Team Leadership, Project Management",4,10
Operations Manager,Maillard S.A. SPA,General Management,Senior,2025-04-06,2025-06-03,Fisheries,In Salah,Licence,CDD,6,"Assurance maladie, Tickets restaurant, Prime de performance",26000,"Microsoft Office, Report Writing, Arabic/French Bilingual, Team Leadership, Project Management",3,8
Team Leader,Lefèvre Couturier S.A.R.L. EURL,General Management,Lead,2025-04-23,2025-06-24,Aerospace & Defense,Tiaret,Licence,CDD,1,"Crèche d'entreprise, Prime de performance, Formation continue",116000,"Microsoft Office, Team Leadership, Project Management, Arabic/French Bilingual, Report Writing",2,14
Supply Chain Manager,Gilbert SA SPA,Operations,Senior,2025-04-05,2025-06-18,E-Commerce,Béjaïa,Bac,Freelance,4,"Tickets restaurant, Épargne entreprise, Voiture de fonction",75000,"Project Management, Report Writing, Team Leadership, Microsoft Office, Arabic/French Bilingual",0,12
Petroleum Engineer,Buisson SPA,Exploration & Production,Senior,2025-03-28,2025-05-17,Energy & Petroleum,In Salah,Doctorat,CDD,13,"Formation continue, Voiture de fonction, Crèche d'entreprise",57000,"HYSYS, Drilling Optimization, Well Logging, Petrel Software, Reservoir Simulation, Enhanced Oil Recovery, Geological Modeling",4,11
Operations Manager,Barbier Guillot S.A.R.L. SPA,Operations,Mid,2025-04-11,2025-06-03,Mining,Annaba,Bac,CDD,7,"Épargne entreprise, Assurance maladie, Formation continue",40000,"Microsoft Office, Project Management, Report Writing, Team Leadership, Arabic/French Bilingual",0,15
Production Supervisor,Maillard S.A. SPA,Operations,Lead,2025-04-20,2025-05-27,Manufacturing,Béjaïa,Ingénieur d'État,CDD,3,"Crèche d'entreprise, Formation continue, Télétravail partiel",124000,"Team Leadership, Arabic/French Bilingual, Report Writing, Project Management, Microsoft Office",2,9
Department Director,Marchal S.A.S. SPA,General Management,Senior,2025-04-21,2025-07-04,Fisheries,Béchar,Ingénieur d'État,CDI,9,"Prime de performance, Télétravail partiel, Assurance maladie",39000,"Report Writing, Microsoft Office, Arabic/French Bilingual, Project Management, Team Leadership",1,14
General Director,Duhamel S.A.R.L. SPA,General Management,Senior,2025-04-15,2025-06-28,Renewable Energy,Chlef,Master,Alternance,5,"Voiture de fonction, Télétravail partiel, Épargne entreprise",134000,"Microsoft Office, Arabic/French Bilingual, Team Leadership, Report Writing, Project Management",3,4
Administrative Manager,Duhamel S.A.R.L. SPA,Research & Development,Junior,2025-03-31,2025-06-16,Education,Ghardaïa,Master,CDI,9,"Voiture de fonction, Prime de performance, Assurance maladie",120000,"Microsoft Office, Arabic/French Bilingual, Project Management, Report Writing, Team Leadership",2,14
Production Supervisor,Sonalgaz,Operations,Chief,2025-04-13,2025-07-02,Public Sector,Djanet,Licence,Stage,7,"Télétravail partiel, Épargne entreprise, Formation continue",40000,"Project Management, Arabic/French Bilingual, Team Leadership, Microsoft Office, Report Writing",4,13
General Director,Blanchard SPA,Agronomy Research,Lead,2025-04-05,2025-07-01,Agriculture,Illizi,Licence,CDI,9,"Voiture de fonction, Prime de performance, Épargne entreprise",99000,"Microsoft Office, Project Management, Arabic/French Bilingual, Report Writing, Team Leadership",3,11
Operations Supervisor,Bertrand Caron SA SPA,Pipeline Management,Lead,2025-04-17,2025-05-25,Energy & Petroleum,Tizi Ouzou,Bac,Freelance,14,"Voiture de fonction, Prime de performance, Crèche d'entreprise",111000,"Microsoft Office, Project Management, Arabic/French Bilingual, Team Leadership, Report Writing",1,7
Facilities Manager,Maurice Hoareau et Fils SPA,Operations,Chief,2025-04-23,2025-06-16,Public Sector,Ghardaïa,Master,Alternance,1,"Crèche d'entreprise, Voiture de fonction, Télétravail partiel",44000,"Arabic/French Bilingual, Project Management, Team Leadership, Microsoft Office, Report Writing",2,10
Operations Manager,Bigot Henry SARL EURL,General Management,Junior,2025-04-20,2025-07-14,Renewable Energy,Constantine,Licence,CDI,3,"Assurance maladie, Épargne entreprise, Voiture de fonction",77000,"Arabic/French Bilingual, Microsoft Office, Team Leadership, Project Management, Report Writing",2,14
Logistics Coordinator,Olivier SPA,Operations,Senior,2025-04-02,2025-06-20,Fisheries,Béjaïa,Licence,Alternance,6,"Épargne entreprise, Formation continue, Télétravail partiel",131000,"Report Writing, Microsoft Office, Team Leadership, Arabic/French Bilingual, Project Management",1,6
General Director,ENIE,General Management,Lead,2025-04-03,2025-05-27,E-Commerce,Sétif,Licence,CDI,7,"Assurance maladie, Crèche d'entreprise, Tickets restaurant",140000,"Microsoft Office, Report Writing, Project Management, Arabic/French Bilingual, Team Leadership",3,10
Team Leader,Algérie Télécom,General Management,Mid,2025-04-18,2025-07-07,Manufacturing,Tlemcen,Master,Freelance,1,"Assurance maladie, Épargne entreprise, Voiture de fonction",61000,"Report Writing, Team Leadership, Project Management, Microsoft Office, Arabic/French Bilingual",3,15
Supply Chain Manager,Pichon Maury S.A.S. SPA,Operations,Chief,2025-04-03,2025-06-12,Tourism & Hospitality,Saïda,Ingénieur d'État,CDI,9,"Voiture de fonction, Épargne entreprise, Crèche d'entreprise",44000,"Microsoft Office, Arabic/French Bilingual, Team Leadership, Project Management, Report Writing",3,14
Production Supervisor,Sanchez SARL EURL,Operations,Lead,2025-04-21,2025-06-27,Transport & Logistics,El Tarf,Licence,CDD,8,"Formation continue, Crèche d'entreprise, Prime de performance",138000,"Arabic/French Bilingual, Project Management, Report Writing, Microsoft Office, Team Leadership",1,4
Operations Manager,Manadjim El Djazaïr,General Management,Mid,2025-04-15,2025-06-20,Tourism & Hospitality,Béchar,Master,Stage,7,"Formation continue, Voiture de fonction, Prime de performance",127000,"Team Leadership, Report Writing, Project Management, Arabic/French Bilingual, Microsoft Office",3,6
General Director,Gautier SARL,General Management,Junior,2025-03-30,2025-05-18,Retail,Mostaganem,Ingénieur d'État,Freelance,10,"Voiture de fonction, Assurance maladie, Tickets restaurant",36000,"Arabic/French Bilingual, Project Management, Microsoft Office, Team Leadership, Report Writing",1,15
Operations Manager,Lebreton EURL,Operations,Junior,2025-04-02,2025-06-08,Pharmaceuticals,Mostaganem,Bac,Freelance,2,"Télétravail partiel, Tickets restaurant, Épargne entreprise",122000,"Report Writing, Team Leadership, Microsoft Office, Project Management, Arabic/French Bilingual",5,14
Facilities Manager,ENIE,Operations,Junior,2025-03-27,2025-06-16,Construction,Béchar,Ingénieur d'État,CDI,8,"Crèche d'entreprise, Prime de performance, Assurance maladie",117000,"Arabic/French Bilingual, Project Management, Report Writing, Team Leadership, Microsoft Office",1,14
Facilities Manager,Lucas SPA,Operations,Mid,2025-04-05,2025-06-25,Tourism & Hospitality,Tindouf,Bac,Freelance,2,"Formation continue, Assurance maladie, Voiture de fonction",65000,"Microsoft Office, Arabic/French Bilingual, Project Management, Report Writing, Team Leadership",3,7
Project Manager,Air Algérie,General Management,Chief,2025-04-12,2025-05-29,E-Commerce,Sétif,Master,Alternance,6,"Prime de performance, Télétravail partiel, Tickets restaurant",116000,"Microsoft Office, Arabic/French Bilingual, Project Management, Report Writing, Team Leadership",4,8
Team Leader,Roux SARL SPA,General Management,Junior,2025-04-24,2025-07-22,Media & Entertainment,Algiers,Bac,Stage,5,"Assurance maladie, Formation continue, Épargne entreprise",83000,"Report Writing, Project Management, Arabic/French Bilingual, Microsoft Office, Team Leadership",4,13
Team Leader,CEVITAL,General Management,Junior,2025-04-23,2025-07-04,Retail,Timimoun,Master,Stage,6,"Assurance maladie, Tickets restaurant, Télétravail partiel",127000,"Project Management, Report Writing, Microsoft Office, Team Leadership, Arabic/French Bilingual",3,13
General Director,Sonatrach,General Management,Mid,2025-03-31,2025-06-23,Manufacturing,Tlemcen,Licence,CDI,9,"Tickets restaurant, Assurance maladie, Prime de performance",46000,"Arabic/French Bilingual, Team Leadership, Report Writing, Microsoft Office, Project Management",1,6
Operations Manager,Ollivier Becker S.A.R.L. SPA,Operations,Chief,2025-04-05,2025-06-19,Manufacturing,Annaba,Licence,Stage,3,"Prime de performance, Voiture de fonction, Télétravail partiel",88000,"Report Writing, Microsoft Office, Team Leadership, Project Management, Arabic/French Bilingual",0,4
IT Support Specialist,Pichon Maury S.A.S. SPA,IT Support,Senior,2025-04-09,2025-06-26,Information Technology,Chlef,Bac,CDD,15,"Crèche d'entreprise, Prime de performance, Formation continue",100000,"Project Management, Arabic/French Bilingual, Team Leadership, Report Writing, Microsoft Office",2,15
Department Director,Maillard S.A. SPA,General Management,Chief,2025-03-28,2025-05-15,Manufacturing,Blida,Licence,Freelance,1,"Assurance maladie, Prime de performance, Télétravail partiel",134000,"Microsoft Office, Arabic/French Bilingual, Report Writing, Project Management, Team Leadership",0,6
Operations Manager,Pereira SARL,General Management,Lead,2025-03-26,2025-06-05,Telecommunications,Skikda,Doctorat,Alternance,15,"Prime de performance, Épargne entreprise, Télétravail partiel",92000,"Report Writing, Microsoft Office, Arabic/French Bilingual, Team Leadership, Project Management",1,5
Project Manager,Marchal S.A.S. SPA,General Management,Mid,2025-04-09,2025-07-03,Retail,Annaba,Ingénieur d'État,CDI,3,"Voiture de fonction, Assurance maladie, Télétravail partiel",146000,"Microsoft Office, Team Leadership, Project Management, Report Writing, Arabic/French Bilingual",1,15
Department Director,Garcia EURL,Research & Development,Lead,2025-04-13,2025-06-09,Education,Tizi Ouzou,Master,Alternance,1,"Tickets restaurant, Épargne entreprise, Voiture de fonction",33000,"Team Leadership, Project Management, Microsoft Office, Report Writing, Arabic/French Bilingual",3,6
Operations Manager,Seguin et Fils EURL,General Management,Senior,2025-04-07,2025-06-05,Media & Entertainment,Sétif,Master,Alternance,2,"Assurance maladie, Crèche d'entreprise, Prime de performance",138000,"Microsoft Office, Arabic/French Bilingual, Report Writing, Team Leadership, Project Management",2,12
Operations Manager,Barbier SPA,Operations,Senior,2025-04-19,2025-07-16,Mining,Djanet,Doctorat,Stage,14,"Assurance maladie, Voiture de fonction, Tickets restaurant",122000,"Report Writing, Microsoft Office, Team Leadership, Project Management, Arabic/French Bilingual",0,3
Quality Control Specialist,Gomez SARL,Refining & Processing,Junior,2025-04-06,2025-05-28,Energy & Petroleum,Annaba,Licence,CDD,11,"Épargne entreprise, Voiture de fonction, Prime de performance",57000,"Microsoft Office, Arabic/French Bilingual, Report Writing, Project Management, Team Leadership",4,12
Operations Manager,Guérin Dumas S.A. SPA,General Management,Mid,2025-03-27,2025-06-23,Telecommunications,Skikda,Doctorat,Alternance,7,"Tickets restaurant, Voiture de fonction, Télétravail partiel",80000,"Team Leadership, Arabic/French Bilingual, Microsoft Office, Project Management, Report Writing",3,11
Department Director,Maurice Hoareau et Fils SPA,General Management,Senior,2025-04-13,2025-06-08,Fisheries,Aïn Témouchent,Licence,CDD,6,"Crèche d'entreprise, Assurance maladie, Télétravail partiel",144000,"Report Writing, Project Management, Team Leadership, Microsoft Office, Arabic/French Bilingual",1,14
Logistics Coordinator,Bertrand Caron SA SPA,Operations,Lead,2025-04-08,2025-07-02,Telecommunications,Saïda,Master,Freelance,10,"Crèche d'entreprise, Télétravail partiel, Voiture de fonction",32000,"Arabic/French Bilingual, Microsoft Office, Report Writing, Project Management, Team Leadership",1,3
Supply Chain Manager,Olivier SPA,Operations,Chief,2025-04-16,2025-06-23,Mining,Sétif,Bac,Alternance,10,"Épargne entreprise, Tickets restaurant, Formation continue",38000,"Team Leadership, Project Management, Arabic/French Bilingual, Microsoft Office, Report Writing",3,9
DevOps Engineer,Mahe Boyer S.A.R.L. SARL,Software Development,Mid,2025-04-09,2025-06-21,Information Technology,Biskra,Ingénieur d'État,CDI,1,"Télétravail partiel, Épargne entreprise, Crèche d'entreprise",139000,"CI/CD Pipelines, Python, Java, Django, Git, Agile Methodology, REST APIs, Microservices",4,7
Facilities Manager,Maillard S.A. SPA,Operations,Lead,2025-03-30,2025-06-10,Transport & Logistics,Tiaret,Ingénieur d'État,Freelance,3,"Assurance maladie, Télétravail partiel, Tickets restaurant",102000,"Microsoft Office, Arabic/French Bilingual, Report Writing, Team Leadership, Project Management",1,4
Operations Manager,Schmitt SARL EURL,Operations,Senior,2025-03-30,2025-06-21,Construction,Algiers,Master,Freelance,6,"Crèche d'entreprise, Formation continue, Assurance maladie",81000,"Microsoft Office, Team Leadership, Project Management, Report Writing, Arabic/French Bilingual",2,15
Supply Chain Manager,Batimétal,Operations,Mid,2025-04-14,2025-05-24,Transport & Logistics,Tindouf,Bac,Alternance,11,"Voiture de fonction, Crèche d'entreprise, Télétravail partiel",65000,"Arabic/French Bilingual, Team Leadership, Project Management, Microsoft Office, Report Writing",5,10
Operations Manager,Loiseau et Fils EURL,Operations,Mid,2025-04-10,2025-06-21,Fisheries,Tamanrasset,Licence,Freelance,8,"Crèche d'entreprise, Tickets restaurant, Formation continue",135000,"Team Leadership, Report Writing, Microsoft Office, Project Management, Arabic/French Bilingual",5,8
Project Manager,Naftal,General Management,Junior,2025-04-22,2025-07-03,Pharmaceuticals,Algiers,Bac,Stage,7,"Formation continue, Assurance maladie, Crèche d'entreprise",92000,"Team Leadership, Microsoft Office, Report Writing, Project Management, Arabic/French Bilingual",5,12
Logistics Coordinator,Olivier SPA,Operations,Chief,2025-03-29,2025-06-04,Retail,Mostaganem,Bac,CDD,7,"Épargne entreprise, Télétravail partiel, Crèche d'entreprise",61000,"Team Leadership, Arabic/French Bilingual, Report Writing, Microsoft Office, Project Management",3,6
Operations Manager,Sanchez SARL EURL,General Management,Chief,2025-04-10,2025-06-14,Manufacturing,Adrar,Licence,CDD,10,"Épargne entreprise, Crèche d'entreprise, Télétravail partiel",134000,"Arabic/French Bilingual, Report Writing, Project Management, Microsoft Office, Team Leadership",1,14
Team Leader,Barbier SPA,Irrigation Technology,Junior,2025-04-19,2025-07-09,Agriculture,Ghardaïa,Ingénieur d'État,Stage,8,"Voiture de fonction, Prime de performance, Assurance maladie",112000,"Project Management, Arabic/French Bilingual, Team Leadership, Microsoft Office, Report Writing",0,3
Logistics Coordinator,Algérie Télécom,Operations,Chief,2025-04-05,2025-06-19,Transport & Logistics,Tiaret,Licence,CDI,11,"Formation continue, Crèche d'entreprise, Tickets restaurant",25000,"Microsoft Office, Arabic/French Bilingual, Report Writing, Project Management, Team Leadership",5,4
Data Scientist,Buisson SPA,Data Science & AI,Mid,2025-03-30,2025-06-17,Information Technology,Tizi Ouzou,Doctorat,Alternance,11,"Formation continue, Voiture de fonction, Épargne entreprise",59000,"Microsoft Office, Report Writing, Project Management, Team Leadership, Arabic/French Bilingual",1,10
Logistics Coordinator,Blanchard SPA,Operations,Lead,2025-03-31,2025-06-21,Manufacturing,M'sila,Bac,CDD,10,"Prime de performance, Formation continue, Assurance maladie",101000,"Project Management, Report Writing, Team Leadership, Microsoft Office, Arabic/French Bilingual",4,10
Supply Chain Manager,Besnard SARL SPA,Operations,Junior,2025-04-20,2025-07-15,Telecommunications,Naama,Licence,CDI,5,"Épargne entreprise, Assurance maladie, Prime de performance",30000,"Project Management, Team Leadership, Arabic/French Bilingual, Report Writing, Microsoft Office",2,9
Operations Manager,Duhamel S.A.R.L. SPA,Operations,Lead,2025-04-09,2025-06-15,Pharmaceuticals,Tiaret,Ingénieur d'État,Alternance,5,"Télétravail partiel, Formation continue, Épargne entreprise",30000,"Report Writing, Team Leadership, Project Management, Microsoft Office, Arabic/French Bilingual",0,14
Department Director,Bigot Henry SARL EURL,Investment Management,Lead,2025-04-16,2025-06-02,Banking & Finance,Mostaganem,Bac,Alternance,1,"Prime de performance, Assurance maladie, Épargne entreprise",114000,"Arabic/French Bilingual, Team Leadership, Project Management, Report Writing, Microsoft Office",3,7
Project Manager,Pereira SARL,General Management,Chief,2025-04-01,2025-06-24,Media & Entertainment,Laghouat,Doctorat,CDI,13,"Télétravail partiel, Tickets restaurant, Crèche d'entreprise",36000,"Report Writing, Team Leadership, Microsoft Office, Project Management, Arabic/French Bilingual",2,10
Facilities Manager,Lefèvre Couturier S.A.R.L. EURL,Operations,Mid,2025-03-31,2025-05-25,Renewable Energy,Algiers,Master,Freelance,4,"Épargne entreprise, Prime de performance, Télétravail partiel",109000,"Microsoft Office, Project Management, Team Leadership, Arabic/French Bilingual, Report Writing",2,12
Operations Manager,Delmas S.A. EURL,Higher Education,Junior,2025-04-15,2025-07-08,Education,Tlemcen,Doctorat,Freelance,15,"Épargne entreprise, Prime de performance, Tickets restaurant",83000,"Project Management, Report Writing, Team Leadership, Microsoft Office, Arabic/French Bilingual",4,10
Operations Manager,Bernard Petitjean SA SPA,Operations,Lead,2025-04-13,2025-05-30,Renewable Energy,Illizi,Bac,Stage,12,"Voiture de fonction, Crèche d'entreprise, Formation continue",99000,"Report Writing, Project Management, Team Leadership, Arabic/French Bilingual, Microsoft Office",5,6
Facilities Manager,Boutin S.A. SARL,Operations,Junior,2025-03-28,2025-05-30,E-Commerce,Jijel,Doctorat,Stage,6,"Assurance maladie, Voiture de fonction, Télétravail partiel",129000,"Report Writing, Project Management, Arabic/French Bilingual, Microsoft Office, Team Leadership",0,6
Supply Chain Manager,Cosider,Operations,Mid,2025-04-07,2025-06-18,Manufacturing,Ouargla,Ingénieur d'État,CDD,8,"Voiture de fonction, Assurance maladie, Épargne entreprise",47000,"Project Management, Report Writing, Microsoft Office, Team Leadership, Arabic/French Bilingual",3,8
Technical Support Engineer,Condor Electronics,IT Support,Chief,2025-03-28,2025-06-17,Information Technology,Aïn Témouchent,Doctorat,CDI,7,"Télétravail partiel, Voiture de fonction, Tickets restaurant",133000,"Microsoft Office, Project Management, Arabic/French Bilingual, Team Leadership, Report Writing",2,9
Supply Chain Manager,Sofiane Pharma,Operations,Senior,2025-03-26,2025-05-06,Pharmaceuticals,M'sila,Doctorat,CDI,8,"Assurance maladie, Crèche d'entreprise, Prime de performance",121000,"Arabic/French Bilingual, Team Leadership, Microsoft Office, Report Writing, Project Management",0,7
Supply Chain Manager,Camus S.A.R.L. SARL,Operations,Junior,2025-04-17,2025-06-02,Pharmaceuticals,Ouargla,Bac,CDI,2,"Crèche d'entreprise, Assurance maladie, Télétravail partiel",47000,"Arabic/French Bilingual, Microsoft Office, Team Leadership, Project Management, Report Writing",5,3
Operations Manager,Cevital Agro-Industry,Sustainable Farming,Chief,2025-03-31,2025-05-10,Agriculture,Sétif,Licence,CDD,12,"Épargne entreprise, Voiture de fonction, Télétravail partiel",118000,"Soil Health Management, Water Conservation, Agroecology, Permaculture Design, Precision Agriculture, Organic Certification",4,13
Administrative Manager,Ollivier Becker S.A.R.L. SPA,General Management,Mid,2025-04-22,2025-05-31,Construction,El Tarf,Doctorat,Alternance,11,"Voiture de fonction, Prime de performance, Télétravail partiel",82000,"Project Management, Microsoft Office, Team Leadership, Arabic/French Bilingual, Report Writing",5,8
Operations Manager,Delmas et Fils EURL,Medical Equipment Maintenance,Junior,2025-03-27,2025-05-04,Healthcare,Skikda,Doctorat,Alternance,11,"Crèche d'entreprise, Tickets restaurant, Formation continue",26000,"Microsoft Office, Team Leadership, Report Writing, Arabic/French Bilingual, Project Management",0,12
Team Leader,Pereira SARL,General Management,Mid,2025-04-21,2025-07-13,Transport & Logistics,Batna,Licence,Stage,1,"Assurance maladie, Télétravail partiel, Voiture de fonction",86000,"Project Management, Arabic/French Bilingual, Microsoft Office, Team Leadership, Report Writing",5,11
Team Leader,Condor Electronics,General Management,Lead,2025-04-02,2025-06-12,Telecommunications,El Oued,Ingénieur d'État,Alternance,14,"Assurance maladie, Crèche d'entreprise, Voiture de fonction",51000,"Report Writing, Microsoft Office, Arabic/French Bilingual, Project Management, Team Leadership",0,11
Operations Manager,Ruiz SARL,General Management,Senior,2025-04-07,2025-05-23,Retail,Blida,Master,Freelance,10,"Épargne entreprise, Assurance maladie, Prime de performance",41000,"Team Leadership, Microsoft Office, Report Writing, Project Management, Arabic/French Bilingual",1,10
General Director,Algérie Télécom,Pharmaceutical Development,Lead,2025-04-09,2025-06-13,Healthcare,Jijel,Ingénieur d'État,CDD,10,"Tickets restaurant, Prime de performance, Crèche d'entreprise",90000,"Team Leadership, Microsoft Office, Arabic/French Bilingual, Project Management, Report Writing",2,14
Mobile UX Designer,Delmas S.A. EURL,Mobile Development,Chief,2025-04-05,2025-06-04,Information Technology,Djanet,Doctorat,Stage,1,"Crèche d'entreprise, Télétravail partiel, Tickets restaurant",146000,"Arabic/French Bilingual, Report Writing, Microsoft Office, Project Management, Team Leadership",3,11
Department Director,Besnard SARL SPA,Pharmaceutical Development,Mid,2025-04-02,2025-05-13,Healthcare,Mostaganem,Ingénieur d'État,Stage,8,"Télétravail partiel, Épargne entreprise, Prime de performance",33000,"Team Leadership, Microsoft Office, Arabic/French Bilingual, Report Writing, Project Management",2,15
Production Engineer,Lefèvre Couturier S.A.R.L. EURL,Exploration & Production,Senior,2025-04-10,2025-06-29,Energy & Petroleum,El Tarf,Bac,Alternance,3,"Tickets restaurant, Télétravail partiel, Crèche d'entreprise",141000,"Drilling Optimization, Well Logging, HYSYS, Reservoir Simulation, Enhanced Oil Recovery, Petrel Software, Geological Modeling",5,7
Administrative Manager,Bernard Petitjean SA SPA,General Management,Lead,2025-04-19,2025-07-17,Fisheries,Timimoun,Doctorat,Freelance,13,"Crèche d'entreprise, Épargne entreprise, Télétravail partiel",97000,"Team Leadership, Project Management, Report Writing, Arabic/French Bilingual, Microsoft Office",1,4
Production Supervisor,Air Algérie,Operations,Mid,2025-03-27,2025-06-05,Transport & Logistics,Adrar,Licence,Stage,9,"Tickets restaurant, Voiture de fonction, Télétravail partiel",67000,"Microsoft Office, Team Leadership, Arabic/French Bilingual, Report Writing, Project Management",2,9
Team Leader,Bernard Petitjean SA SPA,General Management,Mid,2025-03-26,2025-06-08,Fisheries,Béjaïa,Doctorat,CDI,10,"Formation continue, Assurance maladie, Épargne entreprise",77000,"Team Leadership, Report Writing, Project Management, Microsoft Office, Arabic/French Bilingual",1,13
Drilling Supervisor,Rodrigues EURL,Drilling Operations,Junior,2025-04-12,2025-06-08,Energy & Petroleum,Skikda,Bac,CDI,5,"Crèche d'entreprise, Tickets restaurant, Assurance maladie",99000,"Project Management, Team Leadership, Microsoft Office, Arabic/French Bilingual, Report Writing",4,12
General Director,Sonalgaz,Retail Banking,Mid,2025-04-04,2025-05-23,Banking & Finance,Aïn Témouchent,Master,Freelance,14,"Tickets restaurant, Télétravail partiel, Formation continue",133000,"Arabic/French Bilingual, Team Leadership, Microsoft Office, Project Management, Report Writing",1,12
Supply Chain Manager,Buisson SPA,Operations,Senior,2025-04-08,2025-06-29,Fisheries,El Tarf,Licence,Freelance,5,"Télétravail partiel, Voiture de fonction, Crèche d'entreprise",115000,"Microsoft Office, Project Management, Arabic/French Bilingual, Report Writing, Team Leadership",1,14
General Director,Sauvage SARL,General Management,Lead,2025-04-13,2025-07-11,Renewable Energy,Tamanrasset,Ingénieur d'État,Stage,4,"Tickets restaurant, Crèche d'entreprise, Télétravail partiel",74000,"Report Writing, Project Management, Microsoft Office, Team Leadership, Arabic/French Bilingual",3,9
Data Analyst,Schmitt SARL EURL,Data Science & AI,Lead,2025-04-06,2025-05-17,Information Technology,Algiers,Licence,CDI,8,"Prime de performance, Tickets restaurant, Formation continue",132000,"Team Leadership, Project Management, Microsoft Office, Arabic/French Bilingual, Report Writing",1,4
Operations Manager,Mendès EURL,Operations,Junior,2025-04-02,2025-05-09,Transport & Logistics,Saïda,Licence,Freelance,5,"Prime de performance, Crèche d'entreprise, Formation continue",111000,"Microsoft Office, Project Management, Team Leadership, Arabic/French Bilingual, Report Writing",0,6
Supply Chain Manager,Duhamel S.A.R.L. SPA,Operations,Junior,2025-04-15,2025-06-10,Retail,Blida,Licence,Alternance,15,"Formation continue, Crèche d'entreprise, Tickets restaurant",94000,"Microsoft Office, Project Management, Report Writing, Arabic/French Bilingual, Team Leadership",2,5
Department Director,Gomez SARL,General Management,Senior,2025-04-14,2025-06-28,Renewable Energy,Béjaïa,Doctorat,Alternance,14,"Formation continue, Assurance maladie, Voiture de fonction",134000,"Report Writing, Project Management, Arabic/French Bilingual, Microsoft Office, Team Leadership",2,3
General Director,Ruiz SARL,General Management,Senior,2025-03-27,2025-05-26,Aerospace & Defense,Adrar,Ingénieur d'État,Alternance,5,"Crèche d'entreprise, Voiture de fonction, Télétravail partiel",56000,"Team Leadership, Microsoft Office, Project Management, Report Writing, Arabic/French Bilingual",3,7
Production Supervisor,Bertrand Caron SA SPA,Operations,Lead,2025-03-30,2025-05-15,Pharmaceuticals,Naama,Bac,CDD,7,"Crèche d'entreprise, Tickets restaurant, Assurance maladie",40000,"Microsoft Office, Report Writing, Team Leadership, Project Management, Arabic/French Bilingual",0,13
Production Supervisor,Maurice Hoareau et Fils SPA,Operations,Chief,2025-04-15,2025-05-27,Telecommunications,Biskra,Ingénieur d'État,CDD,11,"Assurance maladie, Tickets restaurant, Voiture de fonction",99000,"Team Leadership, Arabic/French Bilingual, Project Management, Report Writing, Microsoft Office",5,8
Operations Manager,Ooredoo Algeria,Operations,Senior,2025-04-08,2025-06-12,Public Sector,Chlef,Bac,Alternance,13,"Formation continue, Épargne entreprise, Prime de performance",30000,"Project Management, Arabic/French Bilingual, Report Writing, Microsoft Office, Team Leadership",0,4
Operations Manager,Joseph SARL,General Management,Lead,2025-04-08,2025-07-02,Retail,Biskra,Master,CDD,9,"Télétravail partiel, Tickets restaurant, Épargne entreprise",102000,"Project Management, Microsoft Office, Arabic/French Bilingual, Team Leadership, Report Writing",1,8
Administrative Manager,Diaz SARL SARL,General Management,Mid,2025-04-11,2025-05-26,Renewable Energy,Béjaïa,Licence,Stage,1,"Télétravail partiel, Voiture de fonction, Épargne entreprise",135000,"Microsoft Office, Project Management, Arabic/French Bilingual, Team Leadership, Report Writing",1,15
Department Director,Roux SARL SPA,General Management,Junior,2025-04-03,2025-06-01,Construction,Béchar,Doctorat,Stage,15,"Crèche d'entreprise, Voiture de fonction, Assurance maladie",130000,"Arabic/French Bilingual, Microsoft Office, Team Leadership, Project Management, Report Writing",5,11
Logistics Coordinator,Mobilis,Operations,Lead,2025-04-21,2025-07-01,Renewable Energy,Djanet,Doctorat,CDD,10,"Tickets restaurant, Crèche d'entreprise, Épargne entreprise",65000,"Arabic/French Bilingual, Microsoft Office, Project Management, Report Writing, Team Leadership",5,5
Team Leader,Sofiane Pharma,General Management,Mid,2025-04-13,2025-06-20,Fisheries,Timimoun,Doctorat,CDI,14,"Assurance maladie, Télétravail partiel, Voiture de fonction",108000,"Arabic/French Bilingual, Report Writing, Project Management, Microsoft Office, Team Leadership",2,10
Facilities Manager,Rodrigues EURL,Operations,Junior,2025-03-28,2025-06-12,Pharmaceuticals,Blida,Master,CDD,5,"Voiture de fonction, Télétravail partiel, Crèche d'entreprise",118000,"Report Writing, Arabic/French Bilingual, Project Management, Microsoft Office, Team Leadership",5,9
Project Manager,Olivier SPA,General Management,Senior,2025-04-05,2025-05-13,Construction,Tlemcen,Ingénieur d'État,Stage,14,"Télétravail partiel, Prime de performance, Voiture de fonction",140000,"Report Writing, Project Management, Microsoft Office, Arabic/French Bilingual, Team Leadership",5,11
Production Supervisor,Barbier Guillot S.A.R.L. SPA,Operations,Lead,2025-04-23,2025-07-14,Construction,Timimoun,Doctorat,Alternance,9,"Télétravail partiel, Assurance maladie, Tickets restaurant",42000,"Team Leadership, Project Management, Arabic/French Bilingual, Microsoft Office, Report Writing",5,15
Team Leader,Maurice Hoareau et Fils SPA,General Management,Lead,2025-04-02,2025-06-13,Retail,Tindouf,Master,CDI,10,"Assurance maladie, Télétravail partiel, Prime de performance",131000,"Microsoft Office, Project Management, Arabic/French Bilingual, Team Leadership, Report Writing",3,8
Administrative Manager,Gauthier SARL,General Management,Chief,2025-04-15,2025-07-10,Aerospace & Defense,Tlemcen,Bac,CDI,14,"Télétravail partiel, Prime de performance, Assurance maladie",148000,"Project Management, Team Leadership, Microsoft Office, Arabic/French Bilingual, Report Writing",5,12
Project Manager,Diaz SARL SARL,Agronomy Research,Chief,2025-03-26,2025-06-10,Agriculture,Blida,Doctorat,Freelance,6,"Télétravail partiel, Tickets restaurant, Crèche d'entreprise",40000,"Report Writing, Microsoft Office, Project Management, Arabic/French Bilingual, Team Leadership",0,11
Team Leader,Delmas S.A. EURL,General Management,Junior,2025-04-24,2025-06-03,Fisheries,Ghardaïa,Ingénieur d'État,CDI,6,"Tickets restaurant, Télétravail partiel, Voiture de fonction",34000,"Report Writing, Team Leadership, Microsoft Office, Project Management, Arabic/French Bilingual",5,12
Administrative Manager,Roux SARL SPA,Islamic Finance,Senior,2025-04-02,2025-05-20,Banking & Finance,Skikda,Doctorat,Stage,2,"Formation continue, Tickets restaurant, Prime de performance",122000,"Sharia Compliance, Murabaha Transactions, Islamic Banking Products, Takaful Operations, Risk Sharing Models, Sukuk Structuring",4,14
Administrative Manager,Boutin S.A. SARL,General Management,Junior,2025-04-24,2025-06-17,Telecommunications,Laghouat,Ingénieur d'État,CDD,13,"Crèche d'entreprise, Formation continue, Prime de performance",139000,"Report Writing, Team Leadership, Microsoft Office, Project Management, Arabic/French Bilingual",0,7
Administrative Manager,Sonatrach,Vocational Training,Junior,2025-04-20,2025-06-14,Education,Laghouat,Bac,CDI,3,"Tickets restaurant, Crèche d'entreprise, Voiture de fonction",112000,"Team Leadership, Microsoft Office, Report Writing, Project Management, Arabic/French Bilingual",4,5
Risk Assessment Specialist,Barbier Guillot S.A.R.L. SPA,"HSE (Health, Safety, Environment)",Chief,2025-04-18,2025-06-29,Energy & Petroleum,Tlemcen,Master,CDI,6,"Prime de performance, Formation continue, Télétravail partiel",48000,"Report Writing, Project Management, Microsoft Office, Team Leadership, Arabic/French Bilingual",5,14
Operations Supervisor,Maurice EURL,Refining & Processing,Lead,2025-04-21,2025-06-29,Energy & Petroleum,Ouargla,Master,Alternance,3,"Assurance maladie, Voiture de fonction, Épargne entreprise",110000,"Report Writing, Project Management, Team Leadership, Arabic/French Bilingual, Microsoft Office",0,6
Project Manager,Garcia EURL,Accounting & Auditing,Junior,2025-04-04,2025-07-02,Banking & Finance,Djanet,Ingénieur d'État,CDD,5,"Assurance maladie, Formation continue, Crèche d'entreprise",105000,"Team Leadership, Project Management, Report Writing, Microsoft Office, Arabic/French Bilingual",2,15
General Director,Maurice EURL,Accounting & Auditing,Chief,2025-04-24,2025-06-06,Banking & Finance,Constantine,Master,CDD,13,"Voiture de fonction, Télétravail partiel, Assurance maladie",42000,"Arabic/French Bilingual, Report Writing, Project Management, Team Leadership, Microsoft Office",1,6
Facilities Manager,Mahe Boyer S.A.R.L. SARL,Operations,Junior,2025-04-14,2025-06-14,Telecommunications,Tiaret,Doctorat,Alternance,4,"Voiture de fonction, Épargne entreprise, Tickets restaurant",143000,"Team Leadership, Project Management, Arabic/French Bilingual, Report Writing, Microsoft Office",0,9
Project Manager,Buisson SPA,Vocational Training,Chief,2025-03-30,2025-06-20,Education,In Salah,Ingénieur d'État,CDI,13,"Tickets restaurant, Crèche d'entreprise, Télétravail partiel",127000,"Report Writing, Project Management, Microsoft Office, Arabic/French Bilingual, Team Leadership",0,8
Project Manager,SNVI,General Management,Junior,2025-04-15,2025-07-08,Transport & Logistics,El Tarf,Doctorat,Freelance,3,"Voiture de fonction, Télétravail partiel, Assurance maladie",144000,"Report Writing, Arabic/French Bilingual, Microsoft Office, Project Management, Team Leadership",5,10
Operations Manager,Pereira SARL,General Management,Chief,2025-04-05,2025-06-13,Manufacturing,Illizi,Licence,CDI,6,"Tickets restaurant, Formation continue, Crèche d'entreprise",30000,"Team Leadership, Project Management, Microsoft Office, Report Writing, Arabic/French Bilingual",4,15
Project Manager,Lucas EURL,General Management,Senior,2025-04-24,2025-07-05,Tourism & Hospitality,Tizi Ouzou,Bac,CDD,5,"Télétravail partiel, Prime de performance, Assurance maladie",28000,"Report Writing, Microsoft Office, Arabic/French Bilingual, Team Leadership, Project Management",1,3
Logistics Coordinator,Philippe Dias SARL EURL,Operations,Mid,2025-03-27,2025-06-08,Telecommunications,Mostaganem,Master,CDD,6,"Tickets restaurant, Formation continue, Assurance maladie",86000,"Report Writing, Microsoft Office, Project Management, Arabic/French Bilingual, Team Leadership",2,5
Production Supervisor,Lévêque SARL,Operations,Mid,2025-04-10,2025-06-25,Aerospace & Defense,Saïda,Ingénieur d'État,Freelance,3,"Assurance maladie, Épargne entreprise, Prime de performance",126000,"Microsoft Office, Team Leadership, Arabic/French Bilingual, Project Management, Report Writing",1,12
Administrative Manager,Djezzy,General Management,Senior,2025-04-20,2025-06-11,Aerospace & Defense,Constantine,Master,CDD,5,"Assurance maladie, Télétravail partiel, Prime de performance",26000,"Team Leadership, Project Management, Report Writing, Arabic/French Bilingual, Microsoft Office",1,12
Production Supervisor,Condor Electronics,Operations,Lead,2025-04-23,2025-07-02,Transport & Logistics,Béjaïa,Master,Alternance,9,"Formation continue, Tickets restaurant, Voiture de fonction",32000,"Team Leadership, Report Writing, Project Management, Arabic/French Bilingual, Microsoft Office",3,6
Facilities Manager,Pereira SARL,Operations,Mid,2025-04-16,2025-05-30,Mining,Ouargla,Licence,Stage,12,"Prime de performance, Formation continue, Télétravail partiel",114000,"Team Leadership, Arabic/French Bilingual, Microsoft Office, Project Management, Report Writing",5,9
Administrative Manager,Mendès EURL,Accounting & Auditing,Chief,2025-04-16,2025-07-13,Banking & Finance,Tlemcen,Doctorat,Freelance,10,"Télétravail partiel, Tickets restaurant, Crèche d'entreprise",37000,"Report Writing, Microsoft Office, Team Leadership, Arabic/French Bilingual, Project Management",2,9
General Director,SNVI,General Management,Chief,2025-04-08,2025-07-03,Pharmaceuticals,M'sila,Bac,CDI,14,"Prime de performance, Assurance maladie, Formation continue",110000,"Team Leadership, Arabic/French Bilingual, Report Writing, Project Management, Microsoft Office",3,9
Team Leader,Delmas S.A. EURL,General Management,Senior,2025-04-11,2025-06-04,Transport & Logistics,Timimoun,Master,Freelance,8,"Tickets restaurant, Formation continue, Télétravail partiel",53000,"Project Management, Arabic/French Bilingual, Microsoft Office, Team Leadership, Report Writing",2,4
Logistics Coordinator,Duhamel S.A.R.L. SPA,Operations,Junior,2025-04-13,2025-07-02,Transport & Logistics,Ghardaïa,Ingénieur d'État,CDI,12,"Tickets restaurant, Crèche d'entreprise, Formation continue",73000,"Team Leadership, Report Writing, Arabic/French Bilingual, Microsoft Office, Project Management",5,6
Logistics Coordinator,Djezzy,Operations,Junior,2025-03-31,2025-06-05,Media & Entertainment,Constantine,Ingénieur d'État,CDI,9,"Prime de performance, Tickets restaurant, Crèche d'entreprise",49000,"Project Management, Team Leadership, Arabic/French Bilingual, Report Writing, Microsoft Office",2,8
Administrative Manager,Gomez SARL,Agronomy Research,Mid,2025-03-30,2025-06-02,Agriculture,In Salah,Bac,CDD,15,"Prime de performance, Assurance maladie, Voiture de fonction",84000,"Report Writing, Team Leadership, Arabic/French Bilingual, Microsoft Office, Project Management",2,4
Operations Manager,Condor Electronics,General Management,Junior,2025-04-02,2025-06-07,E-Commerce,Laghouat,Bac,Freelance,1,"Formation continue, Assurance maladie, Crèche d'entreprise",136000,"Team Leadership, Project Management, Microsoft Office, Arabic/French Bilingual, Report Writing",3,3
Logistics Coordinator,Ruiz SARL,Operations,Senior,2025-04-14,2025-07-04,Media & Entertainment,Mostaganem,Master,CDD,15,"Épargne entreprise, Voiture de fonction, Assurance maladie",131000,"Microsoft Office, Project Management, Report Writing, Arabic/French Bilingual, Team Leadership",5,7
General Director,Bertrand Caron SA SPA,Medical Research,Mid,2025-04-16,2025-06-30,Healthcare,Béjaïa,Ingénieur d'État,CDI,5,"Formation continue, Assurance maladie, Épargne entreprise",104000,"Medical Writing, Laboratory Management, Clinical Trials, Biostatistics, Epidemiology, Regulatory Affairs, Research Ethics",5,15
Team Leader,Lucas SPA,General Management,Lead,2025-04-24,2025-07-08,Telecommunications,Béjaïa,Ingénieur d'État,Stage,3,"Assurance maladie, Télétravail partiel, Voiture de fonction",112000,"Project Management, Report Writing, Team Leadership, Microsoft Office, Arabic/French Bilingual",2,8
Supply Chain Manager,Ooredoo Algeria,Operations,Mid,2025-04-01,2025-06-04,Fisheries,El Oued,Doctorat,CDI,2,"Tickets restaurant, Assurance maladie, Télétravail partiel",126000,"Arabic/French Bilingual, Microsoft Office, Project Management, Report Writing, Team Leadership",0,12
Administrative Manager,Blanchard SPA,General Management,Senior,2025-04-14,2025-05-27,Retail,Ghardaïa,Licence,Alternance,5,"Tickets restaurant, Voiture de fonction, Prime de performance",93000,"Microsoft Office, Team Leadership, Report Writing, Arabic/French Bilingual, Project Management",2,4
Operations Manager,Maurice Hoareau et Fils SPA,Operations,Mid,2025-04-04,2025-05-29,Public Sector,Mostaganem,Ingénieur d'État,CDI,3,"Assurance maladie, Tickets restaurant, Épargne entreprise",37000,"Arabic/French Bilingual, Project Management, Team Leadership, Report Writing, Microsoft Office",1,4
Supply Chain Manager,Duhamel S.A.R.L. SPA,Operations,Lead,2025-03-27,2025-06-22,Media & Entertainment,Batna,Master,Alternance,8,"Prime de performance, Voiture de fonction, Assurance maladie",42000,"Project Management, Microsoft Office, Report Writing, Team Leadership, Arabic/French Bilingual",3,8
Department Director,Lévêque SARL,General Management,Mid,2025-04-17,2025-06-08,Construction,Ghardaïa,Ingénieur d'État,CDD,14,"Prime de performance, Voiture de fonction, Tickets restaurant",43000,"Report Writing, Microsoft Office, Arabic/French Bilingual, Project Management, Team Leadership",0,10
Drilling Supervisor,Djezzy,Drilling Operations,Lead,2025-03-27,2025-05-07,Energy & Petroleum,Blida,Master,Stage,10,"Voiture de fonction, Télétravail partiel, Prime de performance",106000,"Team Leadership, Project Management, Microsoft Office, Arabic/French Bilingual, Report Writing",2,6
Logistics Coordinator,Roux SARL SPA,Operations,Senior,2025-03-26,2025-05-22,Tourism & Hospitality,Blida,Ingénieur d'État,Stage,11,"Prime de performance, Télétravail partiel, Tickets restaurant",28000,"Report Writing, Arabic/French Bilingual, Microsoft Office, Project Management, Team Leadership",2,5
Environmental Compliance Officer,Loiseau et Fils EURL,"HSE (Health, Safety, Environment)",Mid,2025-04-08,2025-05-17,Energy & Petroleum,Tlemcen,Licence,CDD,13,"Voiture de fonction, Télétravail partiel, Assurance maladie",80000,"Team Leadership, Arabic/French Bilingual, Report Writing, Microsoft Office, Project Management",1,13
Team Leader,Loiseau et Fils EURL,Export Operations,Mid,2025-04-21,2025-06-28,Agriculture,Tamanrasset,Licence,Alternance,15,"Prime de performance, Épargne entreprise, Assurance maladie",40000,"Arabic/French Bilingual, Microsoft Office, Report Writing, Project Management, Team Leadership",5,3
Facilities Manager,Pereira SARL,Operations,Mid,2025-04-12,2025-07-02,Telecommunications,Adrar,Master,CDI,6,"Assurance maladie, Prime de performance, Épargne entreprise",133000,"Arabic/French Bilingual, Project Management, Report Writing, Microsoft Office, Team Leadership",0,12
General Director,Sauvage SARL,Research & Development,Chief,2025-04-15,2025-06-17,Education,Tamanrasset,Bac,CDI,10,"Télétravail partiel, Tickets restaurant, Crèche d'entreprise",129000,"Report Writing, Microsoft Office, Arabic/French Bilingual, Project Management, Team Leadership",3,3
Supply Chain Manager,Pichon Maury S.A.S. SPA,Operations,Senior,2025-03-26,2025-06-08,Telecommunications,Chlef,Master,CDD,10,"Formation continue, Crèche d'entreprise, Télétravail partiel",101000,"Arabic/French Bilingual, Project Management, Report Writing, Microsoft Office, Team Leadership",2,14
Facilities Manager,Gilbert SA SPA,Operations,Lead,2025-04-24,2025-06-29,Telecommunications,Biskra,Ingénieur d'État,Stage,8,"Crèche d'entreprise, Voiture de fonction, Tickets restaurant",101000,"Report Writing, Project Management, Arabic/French Bilingual, Microsoft Office, Team Leadership",1,8
Administrative Manager,Besnard SARL SPA,International Relations,Junior,2025-04-14,2025-05-21,Education,Ouargla,Ingénieur d'État,Stage,14,"Voiture de fonction, Crèche d'entreprise, Prime de performance",47000,"Arabic/French Bilingual, Team Leadership, Project Management, Microsoft Office, Report Writing",5,8
Department Director,Gilbert SA SPA,General Management,Senior,2025-04-07,2025-06-05,Mining,Mostaganem,Licence,CDD,15,"Tickets restaurant, Télétravail partiel, Assurance maladie",52000,"Microsoft Office, Report Writing, Arabic/French Bilingual, Project Management, Team Leadership",3,10
Operations Manager,Philippe Dias SARL EURL,General Management,Chief,2025-04-23,2025-06-21,E-Commerce,Naama,Bac,CDI,8,"Prime de performance, Crèche d'entreprise, Voiture de fonction",97000,"Project Management, Microsoft Office, Team Leadership, Report Writing, Arabic/French Bilingual",4,15
Operations Manager,Cevital Agro-Industry,General Management,Mid,2025-04-24,2025-06-17,Manufacturing,Adrar,Bac,Stage,9,"Épargne entreprise, Tickets restaurant, Prime de performance",79000,"Microsoft Office, Report Writing, Arabic/French Bilingual, Project Management, Team Leadership",2,9
Facilities Manager,Olivier SPA,Operations,Chief,2025-04-22,2025-06-10,Manufacturing,M'sila,Master,CDD,12,"Voiture de fonction, Prime de performance, Tickets restaurant",91000,"Project Management, Microsoft Office, Report Writing, Team Leadership, Arabic/French Bilingual",2,7
Administrative Manager,Batimétal,General Management,Mid,2025-04-11,2025-06-21,Mining,Algiers,Doctorat,CDI,9,"Formation continue, Télétravail partiel, Prime de performance",122000,"Microsoft Office, Team Leadership, Report Writing, Arabic/French Bilingual, Project Management",3,13
Administrative Manager,Gérard S.A.S. SARL,Investment Management,Junior,2025-03-26,2025-05-08,Banking & Finance,Skikda,Ingénieur d'État,Freelance,14,"Assurance maladie, Télétravail partiel, Voiture de fonction",73000,"Microsoft Office, Report Writing, Team Leadership, Arabic/French Bilingual, Project Management",2,13
Team Leader,Sonatrach,General Management,Mid,2025-04-20,2025-07-19,Public Sector,Tlemcen,Doctorat,Freelance,6,"Crèche d'entreprise, Télétravail partiel, Voiture de fonction",63000,"Team Leadership, Arabic/French Bilingual, Microsoft Office, Report Writing, Project Management",0,5
Project Manager,Mendès EURL,General Management,Senior,2025-03-30,2025-05-07,Manufacturing,Laghouat,Master,CDD,3,"Télétravail partiel, Tickets restaurant, Épargne entreprise",58000,"Microsoft Office, Team Leadership, Project Management, Report Writing, Arabic/French Bilingual",1,9
Facilities Manager,Loiseau et Fils EURL,Operations,Junior,2025-04-13,2025-05-28,Pharmaceuticals,Skikda,Ingénieur d'État,Stage,12,"Télétravail partiel, Prime de performance, Assurance maladie",72000,"Report Writing, Microsoft Office, Arabic/French Bilingual, Project Management, Team Leadership",0,12
Project Manager,Sanchez SARL EURL,General Management,Lead,2025-04-13,2025-06-19,Transport & Logistics,Tiaret,Bac,Freelance,12,"Télétravail partiel, Assurance maladie, Tickets restaurant",81000,"Project Management, Microsoft Office, Team Leadership, Report Writing, Arabic/French Bilingual",1,12
Operations Manager,Gomez SARL,Operations,Mid,2025-04-14,2025-06-13,Fisheries,Tébessa,Licence,Alternance,1,"Tickets restaurant, Télétravail partiel, Assurance maladie",51000,"Report Writing, Arabic/French Bilingual, Microsoft Office, Team Leadership, Project Management",2,5
Production Supervisor,Algérie Télécom,Operations,Senior,2025-04-22,2025-06-25,Tourism & Hospitality,El Oued,Ingénieur d'État,CDD,14,"Prime de performance, Télétravail partiel, Épargne entreprise",63000,"Report Writing, Project Management, Arabic/French Bilingual, Microsoft Office, Team Leadership",5,6
Operations Manager,Camus S.A.R.L. SARL,Operations,Junior,2025-04-05,2025-05-25,Tourism & Hospitality,Batna,Bac,Freelance,8,"Crèche d'entreprise, Formation continue, Voiture de fonction",45000,"Team Leadership, Microsoft Office, Arabic/French Bilingual, Report Writing, Project Management",2,6
Quality Control Specialist,Leclercq SPA,Refining & Processing,Lead,2025-04-15,2025-05-31,Energy & Petroleum,Naama,Doctorat,Alternance,8,"Épargne entreprise, Voiture de fonction, Formation continue",131000,"Microsoft Office, Report Writing, Arabic/French Bilingual, Project Management, Team Leadership",5,10
Logistics Coordinator,Gilbert SA SPA,Operations,Chief,2025-04-17,2025-06-22,Renewable Energy,Ouargla,Licence,CDI,5,"Formation continue, Épargne entreprise, Télétravail partiel",57000,"Project Management, Report Writing, Team Leadership, Microsoft Office, Arabic/French Bilingual",1,13
Production Supervisor,Algérie Télécom,Operations,Lead,2025-04-01,2025-05-22,Tourism & Hospitality,Algiers,Ingénieur d'État,Freelance,13,"Crèche d'entreprise, Épargne entreprise, Formation continue",47000,"Report Writing, Arabic/French Bilingual, Microsoft Office, Team Leadership, Project Management",2,11
Production Supervisor,Air Algérie,Operations,Chief,2025-04-14,2025-06-04,Fisheries,Chlef,Licence,Stage,8,"Télétravail partiel, Tickets restaurant, Épargne entreprise",49000,"Arabic/French Bilingual, Team Leadership, Project Management, Report Writing, Microsoft Office",4,15
Administrative Manager,SNVI,General Management,Mid,2025-04-08,2025-06-28,Public Sector,M'sila,Ingénieur d'État,CDD,11,"Formation continue, Voiture de fonction, Assurance maladie",75000,"Team Leadership, Report Writing, Microsoft Office, Arabic/French Bilingual, Project Management",2,5
Operations Manager,Bigot Henry SARL EURL,Medical Equipment Maintenance,Lead,2025-04-09,2025-05-16,Healthcare,Tamanrasset,Doctorat,CDD,11,"Formation continue, Télétravail partiel, Épargne entreprise",68000,"Report Writing, Arabic/French Bilingual, Team Leadership, Project Management, Microsoft Office",2,12
Chemical Engineer,Barbier SPA,Refining & Processing,Lead,2025-04-03,2025-06-05,Energy & Petroleum,Sétif,Master,Stage,3,"Crèche d'entreprise, Épargne entreprise, Prime de performance",84000,"Project Management, Report Writing, Team Leadership, Microsoft Office, Arabic/French Bilingual",0,10
Project Manager,Air Algérie,Pharmaceutical Development,Lead,2025-04-19,2025-06-11,Healthcare,Aïn Témouchent,Master,Freelance,5,"Télétravail partiel, Prime de performance, Assurance maladie",106000,"Team Leadership, Project Management, Report Writing, Microsoft Office, Arabic/French Bilingual",2,13
Team Leader,Lévêque SARL,General Management,Chief,2025-04-02,2025-06-25,Aerospace & Defense,Timimoun,Master,CDD,9,"Assurance maladie, Prime de performance, Crèche d'entreprise",81000,"Report Writing, Microsoft Office, Team Leadership, Project Management, Arabic/French Bilingual",4,15
General Director,Gautier SARL,Food Processing,Lead,2025-04-14,2025-06-16,Agriculture,Tiaret,Master,Alternance,12,"Crèche d'entreprise, Prime de performance, Tickets restaurant",87000,"Arabic/French Bilingual, Microsoft Office, Report Writing, Team Leadership, Project Management",4,11
Project Manager,Mobilis,General Management,Lead,2025-03-28,2025-06-08,Renewable Energy,Béchar,Licence,Freelance,12,"Formation continue, Voiture de fonction, Tickets restaurant",38000,"Microsoft Office, Arabic/French Bilingual, Report Writing, Project Management, Team Leadership",2,13
Production Supervisor,Garcia EURL,Operations,Mid,2025-04-03,2025-05-26,Public Sector,Timimoun,Master,Alternance,5,"Télétravail partiel, Assurance maladie, Tickets restaurant",138000,"Microsoft Office, Report Writing, Team Leadership, Project Management, Arabic/French Bilingual",3,3
Administrative Manager,Pichon Maury S.A.S. SPA,General Management,Junior,2025-04-19,2025-07-02,Telecommunications,Ouargla,Licence,CDD,10,"Épargne entreprise, Voiture de fonction, Télétravail partiel",74000,"Team Leadership, Microsoft Office, Arabic/French Bilingual, Project Management, Report Writing",3,6
Facilities Manager,Lefèvre Couturier S.A.R.L. EURL,Operations,Junior,2025-03-29,2025-05-21,Media & Entertainment,El Tarf,Bac,CDD,10,"Voiture de fonction, Épargne entreprise, Crèche d'entreprise",131000,"Arabic/French Bilingual, Project Management, Microsoft Office, Team Leadership, Report Writing",5,5
General Director,Lucas EURL,Export Operations,Junior,2025-04-02,2025-06-12,Agriculture,Chlef,Bac,Stage,11,"Télétravail partiel, Tickets restaurant, Épargne entreprise",107000,"Microsoft Office, Report Writing, Arabic/French Bilingual, Team Leadership, Project Management",2,15
Supply Chain Manager,Gilbert SA SPA,Operations,Senior,2025-04-12,2025-06-15,Tourism & Hospitality,Skikda,Licence,CDI,14,"Assurance maladie, Crèche d'entreprise, Télétravail partiel",114000,"Project Management, Arabic/French Bilingual, Report Writing, Microsoft Office, Team Leadership",0,11
Facilities Manager,Sonalgaz,Operations,Senior,2025-04-01,2025-06-09,Construction,Biskra,Master,CDI,9,"Épargne entreprise, Assurance maladie, Prime de performance",54000,"Project Management, Report Writing, Microsoft Office, Team Leadership, Arabic/French Bilingual",3,9
Facilities Manager,Barbier Guillot S.A.R.L. SPA,Operations,Chief,2025-04-02,2025-05-29,Tourism & Hospitality,Ouargla,Doctorat,CDI,12,"Assurance maladie, Formation continue, Voiture de fonction",30000,"Report Writing, Team Leadership, Arabic/French Bilingual, Project Management, Microsoft Office",1,9
Team Leader,Sauvage SARL,General Management,Lead,2025-03-28,2025-05-10,Transport & Logistics,Sétif,Master,CDI,14,"Voiture de fonction, Épargne entreprise, Formation continue",66000,"Report Writing, Project Management, Microsoft Office, Team Leadership, Arabic/French Bilingual",0,3
Geophysicist,Louis SARL,Exploration & Production,Lead,2025-03-30,2025-06-07,Energy & Petroleum,Algiers,Master,Stage,6,"Voiture de fonction, Épargne entreprise, Prime de performance",116000,"Reservoir Simulation, Geological Modeling, HYSYS, Drilling Optimization, Petrel Software, Well Logging, Enhanced Oil Recovery",4,8
Operations Manager,Louis SARL,General Management,Senior,2025-04-10,2025-06-29,Transport & Logistics,Tamanrasset,Ingénieur d'État,CDI,12,"Épargne entreprise, Voiture de fonction, Crèche d'entreprise",35000,"Microsoft Office, Team Leadership, Project Management, Arabic/French Bilingual, Report Writing",1,13
Administrative Manager,Maillard S.A. SPA,General Management,Chief,2025-04-11,2025-06-16,Mining,Oran,Doctorat,CDD,14,"Tickets restaurant, Crèche d'entreprise, Épargne entreprise",71000,"Report Writing, Microsoft Office, Team Leadership, Project Management, Arabic/French Bilingual",3,10
Operations Manager,Cevital Agro-Industry,Irrigation Technology,Lead,2025-04-15,2025-07-07,Agriculture,Blida,Licence,Freelance,4,"Crèche d'entreprise, Formation continue, Épargne entreprise",97000,"Project Management, Microsoft Office, Report Writing, Arabic/French Bilingual, Team Leadership",2,6
Supply Chain Manager,Gomez SARL,Operations,Senior,2025-03-27,2025-05-09,Fisheries,Chlef,Bac,Freelance,7,"Assurance maladie, Tickets restaurant, Crèche d'entreprise",128000,"Microsoft Office, Project Management, Arabic/French Bilingual, Report Writing, Team Leadership",0,8
Administrative Manager,Djezzy,General Management,Chief,2025-04-01,2025-05-23,Public Sector,Béjaïa,Bac,CDD,5,"Formation continue, Voiture de fonction, Télétravail partiel",61000,"Report Writing, Arabic/French Bilingual, Team Leadership, Microsoft Office, Project Management",0,9
General Director,Delmas et Fils EURL,General Management,Senior,2025-03-27,2025-06-22,Pharmaceuticals,Saïda,Master,Stage,13,"Assurance maladie, Prime de performance, Télétravail partiel",115000,"Team Leadership, Report Writing, Microsoft Office, Arabic/French Bilingual, Project Management",0,11
Department Director,Delmas S.A. EURL,General Management,Junior,2025-04-23,2025-07-10,Telecommunications,Algiers,Doctorat,Freelance,12,"Prime de performance, Assurance maladie, Épargne entreprise",79000,"Arabic/French Bilingual, Team Leadership, Report Writing, Project Management, Microsoft Office",1,11
General Director,Delmas S.A. EURL,International Relations,Lead,2025-04-03,2025-06-06,Education,Chlef,Licence,Stage,1,"Voiture de fonction, Prime de performance, Télétravail partiel",123000,"Arabic/French Bilingual, Team Leadership, Microsoft Office, Project Management, Report Writing",2,5
Drilling Engineer,Lucas EURL,Drilling Operations,Chief,2025-03-30,2025-06-23,Energy & Petroleum,M'sila,Master,Stage,10,"Télétravail partiel, Prime de performance, Crèche d'entreprise",104000,"Project Management, Arabic/French Bilingual, Report Writing, Microsoft Office, Team Leadership",2,9
Facilities Manager,Algérie Télécom,Operations,Chief,2025-04-01,2025-05-15,Retail,Tlemcen,Licence,Freelance,7,"Assurance maladie, Prime de performance, Épargne entreprise",111000,"Arabic/French Bilingual, Microsoft Office, Report Writing, Project Management, Team Leadership",3,7
Production Supervisor,Pereira SARL,Operations,Senior,2025-04-18,2025-05-29,Construction,Annaba,Ingénieur d'État,Alternance,1,"Formation continue, Crèche d'entreprise, Prime de performance",127000,"Report Writing, Team Leadership, Microsoft Office, Project Management, Arabic/French Bilingual",4,6
Operations Manager,Mahe Boyer S.A.R.L. SARL,Operations,Junior,2025-04-15,2025-06-06,Media & Entertainment,Naama,Ingénieur d'État,Stage,13,"Crèche d'entreprise, Formation continue, Prime de performance",143000,"Team Leadership, Report Writing, Arabic/French Bilingual, Project Management, Microsoft Office",4,5
Department Director,Bigot Henry SARL EURL,General Management,Mid,2025-04-10,2025-05-30,Manufacturing,Annaba,Ingénieur d'État,CDI,11,"Crèche d'entreprise, Épargne entreprise, Tickets restaurant",138000,"Microsoft Office, Arabic/French Bilingual, Team Leadership, Project Management, Report Writing",0,3
Operations Manager,Cevital Agro-Industry,Operations,Junior,2025-04-04,2025-05-18,Public Sector,Constantine,Doctorat,Stage,4,"Voiture de fonction, Télétravail partiel, Assurance maladie",51000,"Team Leadership, Microsoft Office, Project Management, Arabic/French Bilingual, Report Writing",0,11
General Director,Marchal S.A.S. SPA,General Management,Senior,2025-04-10,2025-06-19,Manufacturing,In Salah,Licence,Alternance,15,"Prime de performance, Épargne entreprise, Assurance maladie",119000,"Project Management, Report Writing, Arabic/French Bilingual, Microsoft Office, Team Leadership",5,14
Team Leader,Pichon Maury S.A.S. SPA,General Management,Mid,2025-04-03,2025-06-24,Aerospace & Defense,Tamanrasset,Bac,CDI,13,"Assurance maladie, Crèche d'entreprise, Épargne entreprise",35000,"Report Writing, Microsoft Office, Project Management, Team Leadership, Arabic/French Bilingual",4,7
Mud Engineer,Olivier SPA,Drilling Operations,Junior,2025-04-24,2025-06-07,Energy & Petroleum,Batna,Bac,Alternance,12,"Épargne entreprise, Formation continue, Voiture de fonction",41000,"Team Leadership, Arabic/French Bilingual, Project Management, Microsoft Office, Report Writing",5,5
Department Director,Barbier SPA,General Management,Lead,2025-04-10,2025-05-22,Telecommunications,Aïn Témouchent,Master,CDD,3,"Formation continue, Crèche d'entreprise, Tickets restaurant",63000,"Report Writing, Arabic/French Bilingual, Team Leadership, Microsoft Office, Project Management",5,11
Operations Manager,Manadjim El Djazaïr,Pediatric Care,Chief,2025-04-17,2025-07-08,Healthcare,Mostaganem,Doctorat,CDI,12,"Voiture de fonction, Tickets restaurant, Assurance maladie",97000,"Team Leadership, Microsoft Office, Report Writing, Arabic/French Bilingual, Project Management",5,13
Production Supervisor,Sonatrach,Operations,Lead,2025-03-27,2025-06-07,Pharmaceuticals,Béjaïa,Doctorat,CDI,1,"Crèche d'entreprise, Assurance maladie, Formation continue",55000,"Team Leadership, Project Management, Microsoft Office, Report Writing, Arabic/French Bilingual",0,5
Supply Chain Manager,Batimétal,Operations,Lead,2025-03-27,2025-05-31,Mining,Algiers,Bac,Stage,14,"Formation continue, Tickets restaurant, Prime de performance",61000,"Microsoft Office, Project Management, Arabic/French Bilingual, Report Writing, Team Leadership",4,8
HSE Manager,Lucas SPA,"HSE (Health, Safety, Environment)",Junior,2025-04-10,2025-06-24,Energy & Petroleum,Aïn Témouchent,Doctorat,Alternance,9,"Tickets restaurant, Assurance maladie, Formation continue",25000,"Microsoft Office, Project Management, Arabic/French Bilingual, Report Writing, Team Leadership",5,9
Department Director,Manadjim El Djazaïr,Islamic Finance,Chief,2025-03-26,2025-05-20,Banking & Finance,Jijel,Bac,CDI,13,"Voiture de fonction, Formation continue, Crèche d'entreprise",89000,"Islamic Banking Products, Takaful Operations, Sukuk Structuring, Murabaha Transactions, Risk Sharing Models, Sharia Compliance",1,3
Operations Manager,Barbier SPA,Operations,Chief,2025-04-10,2025-06-25,Renewable Energy,Tamanrasset,Master,CDI,4,"Crèche d'entreprise, Assurance maladie, Formation continue",43000,"Report Writing, Team Leadership, Microsoft Office, Arabic/French Bilingual, Project Management",0,4
Supply Chain Manager,CEVITAL,Operations,Mid,2025-04-02,2025-06-18,Retail,Tiaret,Master,CDI,9,"Assurance maladie, Tickets restaurant, Télétravail partiel",53000,"Project Management, Arabic/French Bilingual, Team Leadership, Microsoft Office, Report Writing",2,10
Department Director,Schmitt SARL EURL,General Management,Lead,2025-04-22,2025-06-01,Transport & Logistics,Mostaganem,Ingénieur d'État,Stage,8,"Prime de performance, Voiture de fonction, Assurance maladie",137000,"Arabic/French Bilingual, Microsoft Office, Report Writing, Team Leadership, Project Management",2,12
CISO,Seguin et Fils EURL,Cybersecurity,Lead,2025-04-23,2025-07-10,Information Technology,Annaba,Bac,CDI,5,"Prime de performance, Voiture de fonction, Formation continue",38000,"GDPR Compliance, Cryptography, Ethical Hacking, SIEM Tools, Network Security, SOC Operations, Incident Response, Firewall Configuration",0,15
Administrative Manager,Sanchez SARL EURL,General Management,Senior,2025-04-11,2025-06-16,Construction,Tizi Ouzou,Master,CDI,7,"Formation continue, Tickets restaurant, Épargne entreprise",27000,"Arabic/French Bilingual, Team Leadership, Report Writing, Microsoft Office, Project Management",5,3
Project Manager,Manadjim El Djazaïr,General Management,Mid,2025-04-16,2025-06-08,Fisheries,Algiers,Bac,Alternance,1,"Crèche d'entreprise, Télétravail partiel, Voiture de fonction",37000,"Report Writing, Arabic/French Bilingual, Microsoft Office, Team Leadership, Project Management",5,8
Petroleum Engineer,Louis SARL,Exploration & Production,Chief,2025-04-12,2025-06-07,Energy & Petroleum,Algiers,Licence,Stage,1,"Télétravail partiel, Tickets restaurant, Voiture de fonction",86000,"Geological Modeling, HYSYS, Petrel Software, Well Logging, Enhanced Oil Recovery, Reservoir Simulation, Drilling Optimization",0,13
General Director,Naftal,General Management,Chief,2025-03-30,2025-05-25,Telecommunications,Illizi,Master,CDD,6,"Épargne entreprise, Prime de performance, Tickets restaurant",137000,"Report Writing, Arabic/French Bilingual, Project Management, Team Leadership, Microsoft Office",3,9
General Director,Loiseau et Fils EURL,General Management,Junior,2025-04-09,2025-06-25,Aerospace & Defense,Laghouat,Licence,Stage,1,"Voiture de fonction, Crèche d'entreprise, Prime de performance",80000,"Team Leadership, Microsoft Office, Arabic/French Bilingual, Report Writing, Project Management",1,5
Administrative Manager,Gomez SARL,Investment Management,Chief,2025-04-09,2025-07-02,Banking & Finance,Biskra,Licence,Stage,9,"Épargne entreprise, Formation continue, Télétravail partiel",49000,"Arabic/French Bilingual, Project Management, Report Writing, Microsoft Office, Team Leadership",4,15
Service Desk Manager,Sonalgaz,IT Support,Mid,2025-04-18,2025-05-27,Information Technology,Laghouat,Licence,CDD,14,"Voiture de fonction, Télétravail partiel, Assurance maladie",63000,"Report Writing, Project Management, Arabic/French Bilingual, Microsoft Office, Team Leadership",3,11
Production Supervisor,Olivier SPA,Operations,Senior,2025-04-14,2025-06-15,Mining,Tiaret,Licence,Freelance,8,"Voiture de fonction, Assurance maladie, Crèche d'entreprise",56000,"Arabic/French Bilingual, Team Leadership, Report Writing, Microsoft Office, Project Management",0,3
General Director,Philippe Dias SARL EURL,General Management,Mid,2025-04-05,2025-06-29,Aerospace & Defense,Sétif,Ingénieur d'État,Alternance,13,"Tickets restaurant, Formation continue, Assurance maladie",28000,"Microsoft Office, Report Writing, Arabic/French Bilingual, Team Leadership, Project Management",0,3
Project Manager,Djezzy,General Management,Chief,2025-03-30,2025-06-20,E-Commerce,Laghouat,Doctorat,Stage,12,"Crèche d'entreprise, Voiture de fonction, Prime de performance",131000,"Team Leadership, Arabic/French Bilingual, Project Management, Microsoft Office, Report Writing",5,7
Production Supervisor,Garcia EURL,Operations,Mid,2025-03-28,2025-05-24,E-Commerce,Timimoun,Ingénieur d'État,CDD,15,"Tickets restaurant, Prime de performance, Épargne entreprise",65000,"Report Writing, Arabic/French Bilingual, Microsoft Office, Project Management, Team Leadership",4,12
Operations Manager,Sauvage SARL,Retail Banking,Junior,2025-04-20,2025-06-06,Banking & Finance,Tizi Ouzou,Ingénieur d'État,Alternance,6,"Assurance maladie, Prime de performance, Voiture de fonction",30000,"Arabic/French Bilingual, Microsoft Office, Report Writing, Team Leadership, Project Management",3,3
General Director,CNAN,General Management,Mid,2025-04-07,2025-05-31,Media & Entertainment,Laghouat,Doctorat,CDI,4,"Assurance maladie, Crèche d'entreprise, Épargne entreprise",39000,"Report Writing, Arabic/French Bilingual, Microsoft Office, Project Management, Team Leadership",4,14
Facilities Manager,Maillard S.A. SPA,Operations,Chief,2025-04-17,2025-06-10,Tourism & Hospitality,Oran,Doctorat,Alternance,12,"Tickets restaurant, Prime de performance, Formation continue",131000,"Report Writing, Microsoft Office, Project Management, Team Leadership, Arabic/French Bilingual",5,5
Facilities Manager,Buisson SPA,Operations,Lead,2025-03-26,2025-06-06,Renewable Energy,Tlemcen,Licence,CDD,9,"Tickets restaurant, Assurance maladie, Télétravail partiel",47000,"Report Writing, Arabic/French Bilingual, Team Leadership, Project Management, Microsoft Office",4,11
Project Manager,Boutin S.A. SARL,International Relations,Junior,2025-04-04,2025-06-27,Education,Tamanrasset,Licence,Stage,9,"Formation continue, Épargne entreprise, Crèche d'entreprise",57000,"Team Leadership, Report Writing, Microsoft Office, Arabic/French Bilingual, Project Management",4,14
Project Manager,Duhamel S.A.R.L. SPA,Research & Development,Mid,2025-03-29,2025-06-14,Education,Tamanrasset,Master,Alternance,8,"Épargne entreprise, Voiture de fonction, Télétravail partiel",105000,"Team Leadership, Report Writing, Project Management, Arabic/French Bilingual, Microsoft Office",3,4
Administrative Manager,Ooredoo Algeria,General Management,Junior,2025-04-05,2025-05-18,Transport & Logistics,Adrar,Ingénieur d'État,CDI,3,"Assurance maladie, Épargne entreprise, Voiture de fonction",53000,"Team Leadership, Report Writing, Project Management, Arabic/French Bilingual, Microsoft Office",2,7
Team Leader,Bigot Henry SARL EURL,Hospital Administration,Senior,2025-04-16,2025-06-16,Healthcare,Jijel,Ingénieur d'État,Alternance,14,"Tickets restaurant, Crèche d'entreprise, Assurance maladie",88000,"Microsoft Office, Arabic/French Bilingual, Project Management, Team Leadership, Report Writing",3,7
Project Manager,Lévêque SARL,General Management,Senior,2025-04-16,2025-06-02,E-Commerce,Béjaïa,Licence,Freelance,6,"Formation continue, Assurance maladie, Épargne entreprise",67000,"Team Leadership, Report Writing, Arabic/French Bilingual, Microsoft Office, Project Management",3,8
Facilities Manager,Gilbert SA SPA,Operations,Senior,2025-03-31,2025-05-07,Construction,Naama,Licence,CDD,9,"Télétravail partiel, Formation continue, Tickets restaurant",125000,"Report Writing, Project Management, Microsoft Office, Team Leadership, Arabic/French Bilingual",2,8
Operations Manager,Camus S.A.R.L. SARL,Operations,Chief,2025-04-06,2025-06-04,Pharmaceuticals,Tlemcen,Doctorat,CDI,7,"Voiture de fonction, Assurance maladie, Télétravail partiel",129000,"Project Management, Microsoft Office, Report Writing, Arabic/French Bilingual, Team Leadership",2,11
Department Director,Air Algérie,General Management,Mid,2025-03-29,2025-06-18,Transport & Logistics,Adrar,Doctorat,CDD,15,"Prime de performance, Formation continue, Crèche d'entreprise",67000,"Arabic/French Bilingual, Report Writing, Team Leadership, Microsoft Office, Project Management",2,8
Supply Chain Manager,Sanchez SARL EURL,Operations,Junior,2025-03-27,2025-05-19,Mining,Tiaret,Doctorat,Freelance,1,"Assurance maladie, Télétravail partiel, Prime de performance",83000,"Report Writing, Team Leadership, Project Management, Arabic/French Bilingual, Microsoft Office",1,15
General Director,Condor Electronics,General Management,Mid,2025-03-28,2025-05-27,Transport & Logistics,El Oued,Bac,Alternance,4,"Formation continue, Tickets restaurant, Télétravail partiel",141000,"Project Management, Microsoft Office, Team Leadership, Report Writing, Arabic/French Bilingual",3,5
General Director,Maillard S.A. SPA,Agronomy Research,Lead,2025-03-30,2025-06-15,Agriculture,Djanet,Licence,CDD,13,"Épargne entreprise, Prime de performance, Crèche d'entreprise",31000,"Team Leadership, Project Management, Arabic/French Bilingual, Microsoft Office, Report Writing",0,5
Project Manager,Rodrigues EURL,Accounting & Auditing,Junior,2025-04-20,2025-05-30,Banking & Finance,Tiaret,Doctorat,Stage,5,"Télétravail partiel, Prime de performance, Assurance maladie",121000,"Project Management, Microsoft Office, Report Writing, Team Leadership, Arabic/French Bilingual",5,6
Facilities Manager,Bigot Henry SARL EURL,Operations,Lead,2025-04-02,2025-06-28,Construction,El Oued,Licence,Alternance,1,"Assurance maladie, Tickets restaurant, Voiture de fonction",39000,"Project Management, Arabic/French Bilingual, Report Writing, Team Leadership, Microsoft Office",1,9
Operations Manager,Duhamel S.A.R.L. SPA,Operations,Chief,2025-04-02,2025-05-18,Tourism & Hospitality,M'sila,Licence,Stage,2,"Formation continue, Prime de performance, Voiture de fonction",70000,"Team Leadership, Microsoft Office, Arabic/French Bilingual, Project Management, Report Writing",3,12
Production Supervisor,Roux SARL SPA,Operations,Junior,2025-04-08,2025-05-19,Public Sector,El Tarf,Doctorat,CDD,12,"Télétravail partiel, Formation continue, Voiture de fonction",107000,"Report Writing, Team Leadership, Project Management, Arabic/French Bilingual, Microsoft Office",4,7
Department Director,Mendès EURL,General Management,Lead,2025-04-11,2025-06-22,Pharmaceuticals,Adrar,Master,Stage,13,"Prime de performance, Formation continue, Tickets restaurant",53000,"Report Writing, Arabic/French Bilingual, Project Management, Microsoft Office, Team Leadership",1,14
Operations Manager,Cevital Agro-Industry,General Management,Lead,2025-04-06,2025-05-30,Renewable Energy,Batna,Master,CDI,7,"Épargne entreprise, Formation continue, Télétravail partiel",132000,"Project Management, Team Leadership, Arabic/French Bilingual, Report Writing, Microsoft Office",1,8
Operations Manager,Duhamel S.A.R.L. SPA,General Management,Lead,2025-04-06,2025-05-24,Media & Entertainment,Tamanrasset,Licence,Stage,1,"Épargne entreprise, Crèche d'entreprise, Télétravail partiel",123000,"Project Management, Arabic/French Bilingual, Microsoft Office, Report Writing, Team Leadership",3,15
Operations Manager,Bernard Petitjean SA SPA,Operations,Mid,2025-04-15,2025-06-22,Manufacturing,Constantine,Ingénieur d'État,Stage,10,"Tickets restaurant, Crèche d'entreprise, Télétravail partiel",83000,"Microsoft Office, Arabic/French Bilingual, Project Management, Team Leadership, Report Writing",0,4
Department Director,Diaz SARL SARL,General Management,Senior,2025-04-07,2025-06-14,Transport & Logistics,Ouargla,Licence,CDD,7,"Formation continue, Télétravail partiel, Tickets restaurant",146000,"Report Writing, Microsoft Office, Project Management, Arabic/French Bilingual, Team Leadership",1,14
Operations Manager,Cevital Agro-Industry,Operations,Mid,2025-03-31,2025-06-13,Tourism & Hospitality,Tiaret,Doctorat,Stage,9,"Télétravail partiel, Assurance maladie, Tickets restaurant",75000,"Team Leadership, Report Writing, Microsoft Office, Arabic/French Bilingual, Project Management",4,14
Production Supervisor,Sauvage SARL,Operations,Senior,2025-03-30,2025-06-15,Pharmaceuticals,Ouargla,Bac,Stage,14,"Assurance maladie, Télétravail partiel, Voiture de fonction",129000,"Arabic/French Bilingual, Project Management, Report Writing, Team Leadership, Microsoft Office",5,11
Operations Manager,Lefèvre Couturier S.A.R.L. EURL,Operations,Lead,2025-04-19,2025-06-13,Construction,Chlef,Licence,CDI,5,"Formation continue, Assurance maladie, Épargne entreprise",111000,"Team Leadership, Report Writing, Project Management, Arabic/French Bilingual, Microsoft Office",1,11
Facilities Manager,Manadjim El Djazaïr,Operations,Senior,2025-04-03,2025-06-25,Construction,Illizi,Ingénieur d'État,CDI,6,"Formation continue, Télétravail partiel, Prime de performance",64000,"Microsoft Office, Team Leadership, Project Management, Report Writing, Arabic/French Bilingual",1,6
Supply Chain Manager,Buisson SPA,Operations,Chief,2025-04-09,2025-06-22,Telecommunications,Ouargla,Licence,Stage,11,"Crèche d'entreprise, Télétravail partiel, Formation continue",141000,"Team Leadership, Project Management, Report Writing, Microsoft Office, Arabic/French Bilingual",3,7
Supply Chain Manager,Ollivier Becker S.A.R.L. SPA,Operations,Mid,2025-04-04,2025-06-11,Transport & Logistics,Tébessa,Bac,Alternance,6,"Crèche d'entreprise, Prime de performance, Télétravail partiel",138000,"Arabic/French Bilingual, Project Management, Report Writing, Team Leadership, Microsoft Office",4,13
Production Supervisor,Delmas S.A. EURL,Operations,Lead,2025-03-29,2025-05-17,Renewable Energy,Naama,Bac,CDI,8,"Épargne entreprise, Tickets restaurant, Crèche d'entreprise",138000,"Team Leadership, Microsoft Office, Arabic/French Bilingual, Project Management, Report Writing",1,7
Mobile App Developer,CNAN,Mobile Development,Lead,2025-04-11,2025-06-13,Information Technology,Chlef,Ingénieur d'État,CDD,3,"Tickets restaurant, Épargne entreprise, Crèche d'entreprise",63000,"Report Writing, Microsoft Office, Team Leadership, Arabic/French Bilingual, Project Management",2,4
Logistics Coordinator,Condor Electronics,Operations,Lead,2025-04-24,2025-06-01,Telecommunications,Jijel,Doctorat,CDD,8,"Crèche d'entreprise, Tickets restaurant, Épargne entreprise",27000,"Project Management, Arabic/French Bilingual, Team Leadership, Report Writing, Microsoft Office",4,12
Administrative Manager,Sofiane Pharma,General Management,Senior,2025-04-03,2025-05-15,Tourism & Hospitality,Sétif,Master,Stage,6,"Tickets restaurant, Assurance maladie, Prime de performance",113000,"Report Writing, Project Management, Microsoft Office, Arabic/French Bilingual, Team Leadership",5,14
Administrative Manager,Bernard Petitjean SA SPA,General Management,Junior,2025-03-27,2025-05-17,Aerospace & Defense,Saïda,Bac,CDI,11,"Épargne entreprise, Tickets restaurant, Télétravail partiel",63000,"Arabic/French Bilingual, Team Leadership, Report Writing, Microsoft Office, Project Management",3,6
Project Manager,Rodrigues EURL,Export Operations,Lead,2025-04-22,2025-06-30,Agriculture,Jijel,Master,CDD,13,"Télétravail partiel, Assurance maladie, Épargne entreprise",57000,"Team Leadership, Microsoft Office, Project Management, Arabic/French Bilingual, Report Writing",0,14
Operations Manager,Joseph SARL,General Management,Mid,2025-04-11,2025-05-23,Pharmaceuticals,Adrar,Master,CDD,2,"Assurance maladie, Tickets restaurant, Voiture de fonction",134000,"Report Writing, Project Management, Microsoft Office, Arabic/French Bilingual, Team Leadership",1,9
Mud Engineer,Mendès EURL,Drilling Operations,Junior,2025-04-02,2025-06-25,Energy & Petroleum,Algiers,Master,Stage,14,"Crèche d'entreprise, Tickets restaurant, Assurance maladie",147000,"Report Writing, Project Management, Team Leadership, Arabic/French Bilingual, Microsoft Office",2,12
Facilities Manager,Sauvage SARL,Operations,Lead,2025-04-10,2025-05-17,Aerospace & Defense,Tébessa,Bac,CDD,4,"Voiture de fonction, Épargne entreprise, Assurance maladie",86000,"Report Writing, Arabic/French Bilingual, Microsoft Office, Project Management, Team Leadership",1,8
Supply Chain Manager,Ollivier Becker S.A.R.L. SPA,Operations,Lead,2025-04-02,2025-07-01,Telecommunications,Tlemcen,Bac,Stage,5,"Épargne entreprise, Assurance maladie, Formation continue",145000,"Microsoft Office, Project Management, Team Leadership, Arabic/French Bilingual, Report Writing",4,5
Administrative Manager,Gérard S.A.S. SARL,General Management,Mid,2025-04-20,2025-06-06,Pharmaceuticals,Adrar,Doctorat,CDD,15,"Prime de performance, Tickets restaurant, Assurance maladie",69000,"Team Leadership, Arabic/French Bilingual, Project Management, Microsoft Office, Report Writing",0,3
Team Leader,ENIE,General Management,Senior,2025-03-27,2025-05-19,Mining,Biskra,Bac,CDI,1,"Crèche d'entreprise, Formation continue, Prime de performance",65000,"Project Management, Arabic/French Bilingual, Microsoft Office, Report Writing, Team Leadership",5,13
Petroleum Engineer,Rodrigues EURL,Exploration & Production,Junior,2025-04-14,2025-07-04,Energy & Petroleum,Illizi,Ingénieur d'État,CDI,14,"Formation continue, Crèche d'entreprise, Tickets restaurant",40000,"Well Logging, Geological Modeling, Drilling Optimization, HYSYS, Petrel Software, Enhanced Oil Recovery, Reservoir Simulation",0,13
Team Leader,Rodrigues EURL,Research & Development,Junior,2025-03-27,2025-06-23,Education,Tiaret,Master,CDI,15,"Prime de performance, Voiture de fonction, Assurance maladie",78000,"Report Writing, Team Leadership, Microsoft Office, Project Management, Arabic/French Bilingual",1,11
Production Supervisor,Ooredoo Algeria,Operations,Mid,2025-04-10,2025-07-02,Retail,In Salah,Licence,Stage,7,"Voiture de fonction, Formation continue, Assurance maladie",84000,"Project Management, Team Leadership, Microsoft Office, Report Writing, Arabic/French Bilingual",0,9
Department Director,Louis SARL,General Management,Lead,2025-04-05,2025-06-17,Public Sector,Oran,Doctorat,Stage,10,"Crèche d'entreprise, Télétravail partiel, Formation continue",142000,"Report Writing, Project Management, Arabic/French Bilingual, Team Leadership, Microsoft Office",0,15
Department Director,Buisson SPA,General Management,Senior,2025-04-13,2025-07-10,Construction,Sétif,Bac,Alternance,9,"Tickets restaurant, Assurance maladie, Formation continue",102000,"Arabic/French Bilingual, Team Leadership, Report Writing, Project Management, Microsoft Office",2,9
Production Supervisor,Pichon Maury S.A.S. SPA,Operations,Senior,2025-03-31,2025-05-30,Transport & Logistics,Illizi,Master,Stage,11,"Crèche d'entreprise, Épargne entreprise, Télétravail partiel",37000,"Microsoft Office, Team Leadership, Project Management, Arabic/French Bilingual, Report Writing",2,7
Project Manager,Lefèvre Couturier S.A.R.L. EURL,Hospital Administration,Mid,2025-04-05,2025-05-16,Healthcare,Djanet,Master,Freelance,14,"Prime de performance, Épargne entreprise, Formation continue",99000,"Report Writing, Project Management, Team Leadership, Microsoft Office, Arabic/French Bilingual",3,11
Operations Manager,Buisson SPA,Operations,Senior,2025-04-08,2025-06-18,Aerospace & Defense,Saïda,Doctorat,Alternance,10,"Tickets restaurant, Épargne entreprise, Prime de performance",125000,"Project Management, Microsoft Office, Report Writing, Team Leadership, Arabic/French Bilingual",5,6
Facilities Manager,Gomez SARL,Operations,Mid,2025-04-05,2025-06-18,Renewable Energy,Tizi Ouzou,Master,CDI,8,"Formation continue, Télétravail partiel, Crèche d'entreprise",144000,"Team Leadership, Project Management, Report Writing, Arabic/French Bilingual, Microsoft Office",3,10
Logistics Coordinator,Schmitt SARL EURL,Operations,Mid,2025-04-06,2025-07-01,Aerospace & Defense,Annaba,Doctorat,Freelance,15,"Assurance maladie, Épargne entreprise, Formation continue",28000,"Arabic/French Bilingual, Team Leadership, Microsoft Office, Report Writing, Project Management",4,10
Administrative Manager,SNVI,General Management,Junior,2025-04-15,2025-05-24,Fisheries,Béjaïa,Bac,CDD,2,"Crèche d'entreprise, Formation continue, Tickets restaurant",105000,"Microsoft Office, Project Management, Report Writing, Team Leadership, Arabic/French Bilingual",1,14
Operations Manager,Bigot Henry SARL EURL,Operations,Junior,2025-04-14,2025-06-25,Telecommunications,Tizi Ouzou,Bac,Alternance,13,"Tickets restaurant, Prime de performance, Formation continue",139000,"Microsoft Office, Report Writing, Arabic/French Bilingual, Team Leadership, Project Management",5,3
General Director,Manadjim El Djazaïr,Agronomy Research,Junior,2025-04-04,2025-05-14,Agriculture,Annaba,Master,Alternance,14,"Assurance maladie, Prime de performance, Télétravail partiel",127000,"Report Writing, Project Management, Team Leadership, Arabic/French Bilingual, Microsoft Office",5,5
Administrative Manager,Garcia EURL,General Management,Chief,2025-04-19,2025-07-01,Pharmaceuticals,Béjaïa,Ingénieur d'État,CDD,4,"Crèche d'entreprise, Tickets restaurant, Formation continue",98000,"Microsoft Office, Team Leadership, Project Management, Arabic/French Bilingual, Report Writing",2,15
General Director,Schmitt SARL EURL,International Relations,Mid,2025-03-28,2025-05-16,Education,In Salah,Master,Alternance,7,"Télétravail partiel, Tickets restaurant, Crèche d'entreprise",110000,"Team Leadership, Arabic/French Bilingual, Project Management, Microsoft Office, Report Writing",2,13
General Director,Bernard Petitjean SA SPA,General Management,Senior,2025-03-26,2025-05-21,Tourism & Hospitality,Algiers,Ingénieur d'État,Alternance,3,"Épargne entreprise, Prime de performance, Tickets restaurant",76000,"Team Leadership, Microsoft Office, Project Management, Report Writing, Arabic/French Bilingual",4,6
Team Leader,Lucas SPA,Export Operations,Junior,2025-04-20,2025-06-26,Agriculture,Batna,Licence,CDD,2,"Épargne entreprise, Télétravail partiel, Voiture de fonction",83000,"Project Management, Team Leadership, Arabic/French Bilingual, Microsoft Office, Report Writing",4,6
General Director,Lucas EURL,General Management,Chief,2025-04-10,2025-05-30,Manufacturing,Béjaïa,Doctorat,CDI,3,"Crèche d'entreprise, Prime de performance, Assurance maladie",144000,"Report Writing, Microsoft Office, Arabic/French Bilingual, Team Leadership, Project Management",5,8
Department Director,Pascal EURL,Agronomy Research,Mid,2025-04-07,2025-06-03,Agriculture,Oran,Doctorat,CDD,15,"Prime de performance, Formation continue, Voiture de fonction",141000,"Project Management, Report Writing, Microsoft Office, Team Leadership, Arabic/French Bilingual",3,9
Administrative Manager,Boulanger S.A. SPA,International Relations,Junior,2025-04-23,2025-06-24,Education,Béjaïa,Bac,CDD,3,"Prime de performance, Épargne entreprise, Voiture de fonction",123000,"Team Leadership, Arabic/French Bilingual, Project Management, Report Writing, Microsoft Office",5,12
Facilities Manager,Mahe Boyer S.A.R.L. SARL,Operations,Lead,2025-04-12,2025-07-08,Tourism & Hospitality,Adrar,Bac,Stage,11,"Formation continue, Voiture de fonction, Tickets restaurant",65000,"Microsoft Office, Project Management, Team Leadership, Arabic/French Bilingual, Report Writing",4,4
Facilities Manager,Djezzy,Operations,Senior,2025-04-06,2025-06-26,Manufacturing,Sétif,Master,Alternance,12,"Télétravail partiel, Prime de performance, Tickets restaurant",101000,"Report Writing, Team Leadership, Project Management, Arabic/French Bilingual, Microsoft Office",2,9
Safety Inspector,Boutin S.A. SARL,"HSE (Health, Safety, Environment)",Lead,2025-04-17,2025-06-07,Energy & Petroleum,Constantine,Master,Alternance,6,"Crèche d'entreprise, Tickets restaurant, Télétravail partiel",32000,"Arabic/French Bilingual, Report Writing, Project Management, Team Leadership, Microsoft Office",0,13
Facilities Manager,Maillard S.A. SPA,Operations,Junior,2025-04-16,2025-07-11,Telecommunications,Ouargla,Bac,CDI,2,"Prime de performance, Formation continue, Assurance maladie",65000,"Project Management, Microsoft Office, Team Leadership, Arabic/French Bilingual, Report Writing",3,15
Administrative Manager,Algérie Télécom,General Management,Lead,2025-04-18,2025-06-23,Public Sector,Constantine,Licence,Alternance,9,"Crèche d'entreprise, Formation continue, Voiture de fonction",27000,"Microsoft Office, Report Writing, Team Leadership, Arabic/French Bilingual, Project Management",2,9
Logistics Coordinator,Mahe Boyer S.A.R.L. SARL,Operations,Chief,2025-04-04,2025-05-19,Public Sector,Tamanrasset,Master,Freelance,3,"Épargne entreprise, Voiture de fonction, Télétravail partiel",74000,"Arabic/French Bilingual, Project Management, Report Writing, Team Leadership, Microsoft Office",3,8
Logistics Coordinator,Schmitt SARL EURL,Operations,Chief,2025-04-02,2025-06-13,Manufacturing,Batna,Master,CDI,1,"Voiture de fonction, Épargne entreprise, Formation continue",57000,"Project Management, Report Writing, Team Leadership, Arabic/French Bilingual, Microsoft Office",0,14
Supply Chain Manager,Lucas EURL,Operations,Lead,2025-04-24,2025-06-22,Telecommunications,Béchar,Ingénieur d'État,Alternance,3,"Voiture de fonction, Épargne entreprise, Prime de performance",39000,"Microsoft Office, Arabic/French Bilingual, Report Writing, Team Leadership, Project Management",3,8
Facilities Manager,Delmas et Fils EURL,Operations,Mid,2025-04-08,2025-06-01,Transport & Logistics,Tébessa,Licence,Freelance,3,"Épargne entreprise, Télétravail partiel, Formation continue",30000,"Report Writing, Project Management, Arabic/French Bilingual, Team Leadership, Microsoft Office",1,11
Administrative Manager,Rodrigues EURL,Retail Banking,Senior,2025-04-01,2025-06-30,Banking & Finance,Aïn Témouchent,Ingénieur d'État,CDD,4,"Tickets restaurant, Voiture de fonction, Formation continue",110000,"Team Leadership, Project Management, Microsoft Office, Report Writing, Arabic/French Bilingual",2,9
IT Support Specialist,Gilbert SA SPA,IT Support,Chief,2025-03-29,2025-05-23,Information Technology,Mostaganem,Licence,Stage,3,"Assurance maladie, Télétravail partiel, Formation continue",144000,"Project Management, Report Writing, Arabic/French Bilingual, Team Leadership, Microsoft Office",1,12
Chemical Engineer,Joseph SARL,Refining & Processing,Lead,2025-04-04,2025-06-07,Energy & Petroleum,Skikda,Ingénieur d'État,Freelance,11,"Télétravail partiel, Prime de performance, Tickets restaurant",81000,"Report Writing, Team Leadership, Project Management, Microsoft Office, Arabic/French Bilingual",1,8
Logistics Coordinator,Sanchez SARL EURL,Operations,Mid,2025-04-03,2025-05-18,Construction,Biskra,Bac,Alternance,12,"Voiture de fonction, Formation continue, Prime de performance",48000,"Project Management, Team Leadership, Report Writing, Arabic/French Bilingual, Microsoft Office",3,6
Facilities Manager,CNAN,Operations,Lead,2025-04-10,2025-05-18,Fisheries,Mostaganem,Licence,CDD,14,"Voiture de fonction, Formation continue, Tickets restaurant",74000,"Project Management, Microsoft Office, Team Leadership, Arabic/French Bilingual, Report Writing",1,9
Production Supervisor,Joseph SARL,Operations,Mid,2025-04-24,2025-06-02,Aerospace & Defense,Sétif,Doctorat,Stage,3,"Assurance maladie, Crèche d'entreprise, Tickets restaurant",79000,"Team Leadership, Arabic/French Bilingual, Project Management, Microsoft Office, Report Writing",0,3
Logistics Coordinator,Lucas EURL,Operations,Mid,2025-04-04,2025-06-28,Aerospace & Defense,Chlef,Licence,Alternance,7,"Épargne entreprise, Tickets restaurant, Crèche d'entreprise",132000,"Project Management, Report Writing, Arabic/French Bilingual, Team Leadership, Microsoft Office",5,11
Department Director,Sonalgaz,Islamic Finance,Mid,2025-04-07,2025-06-24,Banking & Finance,M'sila,Bac,Freelance,9,"Crèche d'entreprise, Tickets restaurant, Télétravail partiel",116000,"Risk Sharing Models, Islamic Banking Products, Sharia Compliance, Takaful Operations, Murabaha Transactions, Sukuk Structuring",0,7
General Director,ENIE,Retail Banking,Senior,2025-04-05,2025-06-13,Banking & Finance,Laghouat,Bac,CDD,1,"Tickets restaurant, Voiture de fonction, Épargne entreprise",134000,"Report Writing, Project Management, Team Leadership, Microsoft Office, Arabic/French Bilingual",5,7
Full Stack Developer,Camus S.A.R.L. SARL,Software Development,Lead,2025-04-01,2025-06-02,Information Technology,In Salah,Bac,CDI,4,"Prime de performance, Voiture de fonction, Assurance maladie",66000,"Python, Java, REST APIs, Agile Methodology, Spring Boot, CI/CD Pipelines, Django, Git",0,7
Team Leader,Sofiane Pharma,FinTech Innovation,Chief,2025-04-06,2025-05-26,Banking & Finance,Oran,Master,CDD,6,"Voiture de fonction, Épargne entreprise, Télétravail partiel",62000,"Report Writing, Team Leadership, Project Management, Arabic/French Bilingual, Microsoft Office",0,11
Facilities Manager,Condor Electronics,Operations,Junior,2025-04-16,2025-06-27,Public Sector,Saïda,Doctorat,CDI,12,"Tickets restaurant, Épargne entreprise, Prime de performance",83000,"Arabic/French Bilingual, Report Writing, Team Leadership, Project Management, Microsoft Office",1,4
General Director,Buisson SPA,Sustainable Farming,Chief,2025-04-09,2025-06-20,Agriculture,Mostaganem,Master,Stage,4,"Tickets restaurant, Voiture de fonction, Assurance maladie",91000,"Organic Certification, Precision Agriculture, Agroecology, Permaculture Design, Soil Health Management, Water Conservation",5,8
Administrative Manager,Rodrigues EURL,General Management,Junior,2025-04-21,2025-07-08,Construction,El Tarf,Ingénieur d'État,Stage,2,"Assurance maladie, Formation continue, Prime de performance",39000,"Report Writing, Team Leadership, Arabic/French Bilingual, Microsoft Office, Project Management",1,4
Facilities Manager,Manadjim El Djazaïr,Operations,Mid,2025-04-21,2025-06-24,Manufacturing,Laghouat,Bac,CDI,5,"Assurance maladie, Épargne entreprise, Crèche d'entreprise",112000,"Arabic/French Bilingual, Microsoft Office, Project Management, Team Leadership, Report Writing",0,4
Logistics Coordinator,Sonalgaz,Operations,Mid,2025-04-12,2025-06-28,Mining,Ouargla,Bac,Stage,8,"Prime de performance, Crèche d'entreprise, Épargne entreprise",65000,"Project Management, Microsoft Office, Arabic/French Bilingual, Team Leadership, Report Writing",4,15
Production Supervisor,Mendès EURL,Operations,Mid,2025-04-13,2025-07-09,Media & Entertainment,Adrar,Licence,Freelance,7,"Prime de performance, Télétravail partiel, Épargne entreprise",128000,"Arabic/French Bilingual, Report Writing, Project Management, Microsoft Office, Team Leadership",5,13
Department Director,Pascal EURL,Research & Development,Junior,2025-04-23,2025-06-20,Education,Ghardaïa,Master,CDI,5,"Voiture de fonction, Crèche d'entreprise, Prime de performance",105000,"Project Management, Arabic/French Bilingual, Microsoft Office, Report Writing, Team Leadership",3,10
Department Director,BNA,General Management,Senior,2025-04-11,2025-07-02,Construction,Aïn Témouchent,Bac,CDD,13,"Épargne entreprise, Prime de performance, Tickets restaurant",26000,"Report Writing, Team Leadership, Microsoft Office, Project Management, Arabic/French Bilingual",4,5
Operations Manager,Delmas et Fils EURL,General Management,Lead,2025-04-02,2025-05-12,Construction,Tamanrasset,Licence,CDD,5,"Épargne entreprise, Tickets restaurant, Crèche d'entreprise",125000,"Project Management, Arabic/French Bilingual, Report Writing, Microsoft Office, Team Leadership",3,5
Project Manager,Pereira SARL,Medical Research,Lead,2025-04-04,2025-06-02,Healthcare,In Salah,Licence,Freelance,7,"Assurance maladie, Télétravail partiel, Formation continue",122000,"Laboratory Management, Research Ethics, Epidemiology, Regulatory Affairs, Medical Writing, Biostatistics, Clinical Trials",0,15
Facilities Manager,Pascal EURL,Operations,Senior,2025-04-06,2025-06-25,Telecommunications,Tébessa,Bac,CDD,7,"Prime de performance, Tickets restaurant, Crèche d'entreprise",39000,"Microsoft Office, Project Management, Team Leadership, Arabic/French Bilingual, Report Writing",2,3
Administrative Manager,Condor Electronics,E-Learning Platforms,Junior,2025-04-01,2025-06-16,Education,Ghardaïa,Master,Alternance,1,"Crèche d'entreprise, Épargne entreprise, Formation continue",82000,"Report Writing, Arabic/French Bilingual, Team Leadership, Project Management, Microsoft Office",5,5
Team Leader,Condor Electronics,General Management,Senior,2025-04-22,2025-07-14,Telecommunications,Chlef,Master,CDD,7,"Voiture de fonction, Crèche d'entreprise, Assurance maladie",28000,"Project Management, Microsoft Office, Report Writing, Team Leadership, Arabic/French Bilingual",3,3
Team Leader,Delmas et Fils EURL,General Management,Junior,2025-03-31,2025-06-20,Pharmaceuticals,Ouargla,Bac,Freelance,8,"Assurance maladie, Formation continue, Tickets restaurant",112000,"Arabic/French Bilingual, Team Leadership, Report Writing, Project Management, Microsoft Office",3,5
Supply Chain Manager,Roux SARL SPA,Operations,Junior,2025-03-31,2025-05-26,Mining,El Oued,Licence,Alternance,15,"Assurance maladie, Prime de performance, Formation continue",36000,"Team Leadership, Arabic/French Bilingual, Microsoft Office, Project Management, Report Writing",4,11
Operations Manager,Cosider,Operations,Mid,2025-04-22,2025-07-06,Aerospace & Defense,Jijel,Master,CDI,15,"Prime de performance, Assurance maladie, Voiture de fonction",93000,"Team Leadership, Arabic/French Bilingual, Microsoft Office, Report Writing, Project Management",3,14
Operations Manager,Maillard S.A. SPA,Operations,Mid,2025-04-23,2025-06-24,Media & Entertainment,El Oued,Bac,Freelance,5,"Télétravail partiel, Tickets restaurant, Voiture de fonction",136000,"Project Management, Arabic/French Bilingual, Microsoft Office, Report Writing, Team Leadership",5,11
Operations Manager,Camus S.A.R.L. SARL,Operations,Junior,2025-03-29,2025-05-13,Fisheries,Tizi Ouzou,Doctorat,Alternance,6,"Épargne entreprise, Voiture de fonction, Crèche d'entreprise",143000,"Report Writing, Project Management, Team Leadership, Arabic/French Bilingual, Microsoft Office",1,6
Administrative Manager,Sonatrach,Food Processing,Senior,2025-03-30,2025-05-11,Agriculture,Skikda,Licence,Freelance,3,"Épargne entreprise, Prime de performance, Crèche d'entreprise",75000,"Report Writing, Project Management, Arabic/French Bilingual, Microsoft Office, Team Leadership",5,6
Facilities Manager,Barbier SPA,Operations,Senior,2025-03-28,2025-05-20,Retail,Tiaret,Bac,Freelance,8,"Télétravail partiel, Voiture de fonction, Crèche d'entreprise",141000,"Microsoft Office, Project Management, Arabic/French Bilingual, Report Writing, Team Leadership",3,9
Department Director,Maurice Hoareau et Fils SPA,Medical Equipment Maintenance,Junior,2025-04-24,2025-06-09,Healthcare,Timimoun,Ingénieur d'État,CDD,7,"Crèche d'entreprise, Épargne entreprise, Télétravail partiel",110000,"Microsoft Office, Project Management, Arabic/French Bilingual, Report Writing, Team Leadership",1,8
Team Leader,Boulanger S.A. SPA,General Management,Mid,2025-04-22,2025-07-18,Renewable Energy,Mostaganem,Doctorat,CDI,1,"Télétravail partiel, Formation continue, Voiture de fonction",88000,"Team Leadership, Arabic/French Bilingual, Microsoft Office, Project Management, Report Writing",4,6
Network Engineer,Maillard S.A. SPA,Cloud Infrastructure,Lead,2025-03-27,2025-06-17,Information Technology,Oran,Master,Freelance,14,"Prime de performance, Épargne entreprise, Formation continue",57000,"Arabic/French Bilingual, Project Management, Report Writing, Team Leadership, Microsoft Office",2,8
Team Leader,Mobilis,General Management,Mid,2025-04-12,2025-06-20,Media & Entertainment,Tiaret,Bac,Stage,14,"Télétravail partiel, Voiture de fonction, Prime de performance",119000,"Report Writing, Microsoft Office, Project Management, Team Leadership, Arabic/French Bilingual",1,5
Department Director,Cevital Agro-Industry,General Management,Mid,2025-04-24,2025-06-10,Pharmaceuticals,Algiers,Licence,CDD,5,"Prime de performance, Épargne entreprise, Télétravail partiel",69000,"Arabic/French Bilingual, Report Writing, Microsoft Office, Project Management, Team Leadership",0,4
Production Supervisor,Maurice EURL,Operations,Junior,2025-04-06,2025-05-31,Manufacturing,Béjaïa,Ingénieur d'État,Stage,3,"Tickets restaurant, Formation continue, Voiture de fonction",120000,"Team Leadership, Microsoft Office, Report Writing, Arabic/French Bilingual, Project Management",4,6
Administrative Manager,Maillard S.A. SPA,Hospital Administration,Lead,2025-04-19,2025-06-24,Healthcare,Béchar,Ingénieur d'État,CDD,9,"Formation continue, Voiture de fonction, Assurance maladie",142000,"Project Management, Report Writing, Team Leadership, Microsoft Office, Arabic/French Bilingual",1,5
Production Supervisor,Pichon Maury S.A.S. SPA,Operations,Senior,2025-03-30,2025-06-13,Fisheries,Tindouf,Bac,CDI,4,"Crèche d'entreprise, Formation continue, Assurance maladie",27000,"Arabic/French Bilingual, Microsoft Office, Team Leadership, Report Writing, Project Management",5,3
Refinery Manager,Lefèvre Couturier S.A.R.L. EURL,Refining & Processing,Junior,2025-04-20,2025-07-02,Energy & Petroleum,Chlef,Ingénieur d'État,CDD,9,"Formation continue, Télétravail partiel, Tickets restaurant",95000,"Arabic/French Bilingual, Report Writing, Project Management, Microsoft Office, Team Leadership",2,4
Production Supervisor,Boutin S.A. SARL,Operations,Mid,2025-04-17,2025-06-18,Retail,Laghouat,Bac,CDI,6,"Prime de performance, Formation continue, Assurance maladie",94000,"Report Writing, Team Leadership, Project Management, Microsoft Office, Arabic/French Bilingual",5,7
Department Director,Boutin S.A. SARL,General Management,Junior,2025-03-28,2025-05-05,Transport & Logistics,Sétif,Master,CDI,12,"Crèche d'entreprise, Tickets restaurant, Télétravail partiel",142000,"Report Writing, Arabic/French Bilingual, Microsoft Office, Project Management, Team Leadership",5,4
Operations Manager,Lucas EURL,General Management,Junior,2025-04-14,2025-06-13,Aerospace & Defense,Laghouat,Bac,Freelance,15,"Crèche d'entreprise, Télétravail partiel, Tickets restaurant",99000,"Team Leadership, Project Management, Microsoft Office, Arabic/French Bilingual, Report Writing",2,14
Logistics Coordinator,Sofiane Pharma,Operations,Lead,2025-04-21,2025-06-18,E-Commerce,Biskra,Master,Stage,1,"Voiture de fonction, Formation continue, Crèche d'entreprise",37000,"Team Leadership, Microsoft Office, Arabic/French Bilingual, Report Writing, Project Management",3,13
Project Manager,Boutin S.A. SARL,International Relations,Junior,2025-04-10,2025-05-25,Education,Chlef,Licence,CDD,1,"Voiture de fonction, Formation continue, Tickets restaurant",121000,"Microsoft Office, Report Writing, Team Leadership, Arabic/French Bilingual, Project Management",5,4
Production Supervisor,Guérin Dumas S.A. SPA,Operations,Lead,2025-04-15,2025-07-13,Telecommunications,Mostaganem,Licence,Alternance,11,"Tickets restaurant, Prime de performance, Voiture de fonction",115000,"Team Leadership, Arabic/French Bilingual, Report Writing, Microsoft Office, Project Management",4,15
Reservoir Engineer,Bertrand Caron SA SPA,Exploration & Production,Lead,2025-04-09,2025-06-24,Energy & Petroleum,Illizi,Master,CDI,12,"Crèche d'entreprise, Prime de performance, Voiture de fonction",99000,"Drilling Optimization, Well Logging, Reservoir Simulation, HYSYS, Enhanced Oil Recovery, Petrel Software, Geological Modeling",4,10
Administrative Manager,Delmas S.A. EURL,General Management,Chief,2025-03-27,2025-05-03,E-Commerce,Tizi Ouzou,Ingénieur d'État,Alternance,10,"Tickets restaurant, Prime de performance, Télétravail partiel",84000,"Team Leadership, Microsoft Office, Project Management, Report Writing, Arabic/French Bilingual",5,10
Production Supervisor,Mendès EURL,Operations,Lead,2025-04-06,2025-06-11,Transport & Logistics,Batna,Doctorat,Stage,11,"Crèche d'entreprise, Épargne entreprise, Assurance maladie",66000,"Project Management, Microsoft Office, Team Leadership, Arabic/French Bilingual, Report Writing",3,6
Project Manager,Condor Electronics,General Management,Junior,2025-04-15,2025-06-22,Tourism & Hospitality,Tindouf,Licence,CDD,13,"Épargne entreprise, Télétravail partiel, Tickets restaurant",119000,"Microsoft Office, Team Leadership, Project Management, Arabic/French Bilingual, Report Writing",3,5
Production Supervisor,Louis SARL,Operations,Mid,2025-04-05,2025-06-28,Telecommunications,Algiers,Ingénieur d'État,Freelance,11,"Assurance maladie, Épargne entreprise, Prime de performance",91000,"Project Management, Report Writing, Microsoft Office, Team Leadership, Arabic/French Bilingual",5,12
Operations Manager,Gautier SARL,General Management,Junior,2025-04-18,2025-06-01,Construction,Tlemcen,Doctorat,Alternance,4,"Tickets restaurant, Assurance maladie, Formation continue",145000,"Arabic/French Bilingual, Team Leadership, Project Management, Report Writing, Microsoft Office",5,9
Operations Manager,Lebreton EURL,Operations,Mid,2025-04-01,2025-05-16,Telecommunications,Oran,Ingénieur d'État,CDD,2,"Voiture de fonction, Prime de performance, Crèche d'entreprise",49000,"Report Writing, Project Management, Microsoft Office, Team Leadership, Arabic/French Bilingual",0,14
Administrative Manager,Besnard SARL SPA,General Management,Junior,2025-04-08,2025-06-10,Construction,Timimoun,Bac,CDD,5,"Prime de performance, Assurance maladie, Voiture de fonction",112000,"Report Writing, Project Management, Arabic/French Bilingual, Team Leadership, Microsoft Office",4,5
Operations Manager,Diaz SARL SARL,Operations,Senior,2025-03-29,2025-05-22,Aerospace & Defense,M'sila,Master,Stage,11,"Tickets restaurant, Assurance maladie, Crèche d'entreprise",59000,"Arabic/French Bilingual, Microsoft Office, Report Writing, Project Management, Team Leadership",5,7
Facilities Manager,Barbier Guillot S.A.R.L. SPA,Operations,Junior,2025-04-09,2025-05-22,Mining,Béjaïa,Licence,CDI,5,"Télétravail partiel, Formation continue, Voiture de fonction",42000,"Report Writing, Microsoft Office, Project Management, Arabic/French Bilingual, Team Leadership",4,12
Operations Manager,Joseph SARL,Operations,Senior,2025-03-29,2025-06-02,E-Commerce,Skikda,Doctorat,CDD,6,"Assurance maladie, Télétravail partiel, Formation continue",118000,"Team Leadership, Project Management, Arabic/French Bilingual, Microsoft Office, Report Writing",3,7
General Director,Boutin S.A. SARL,Higher Education,Chief,2025-03-26,2025-05-03,Education,Béjaïa,Master,Freelance,9,"Épargne entreprise, Crèche d'entreprise, Tickets restaurant",129000,"Arabic/French Bilingual, Team Leadership, Report Writing, Project Management, Microsoft Office",3,9
Department Director,Delmas S.A. EURL,General Management,Senior,2025-04-09,2025-06-16,Telecommunications,Naama,Bac,Stage,9,"Tickets restaurant, Formation continue, Voiture de fonction",129000,"Report Writing, Team Leadership, Project Management, Microsoft Office, Arabic/French Bilingual",3,3
Logistics Coordinator,Sofiane Pharma,Operations,Lead,2025-04-15,2025-06-12,Construction,Béjaïa,Doctorat,CDI,9,"Tickets restaurant, Voiture de fonction, Assurance maladie",75000,"Arabic/French Bilingual, Team Leadership, Microsoft Office, Project Management, Report Writing",2,4
Quality Control Specialist,Mobilis,Refining & Processing,Junior,2025-04-19,2025-06-18,Energy & Petroleum,Biskra,Bac,Alternance,10,"Formation continue, Prime de performance, Tickets restaurant",118000,"Microsoft Office, Report Writing, Team Leadership, Project Management, Arabic/French Bilingual",0,15
Production Supervisor,Joseph SARL,Operations,Lead,2025-03-26,2025-06-14,Mining,Laghouat,Master,CDD,5,"Prime de performance, Tickets restaurant, Épargne entreprise",146000,"Project Management, Team Leadership, Arabic/French Bilingual, Microsoft Office, Report Writing",5,7
Administrative Manager,Sonalgaz,Islamic Finance,Junior,2025-04-19,2025-07-03,Banking & Finance,Constantine,Doctorat,Freelance,10,"Tickets restaurant, Crèche d'entreprise, Voiture de fonction",142000,"Sharia Compliance, Murabaha Transactions, Risk Sharing Models, Takaful Operations, Islamic Banking Products, Sukuk Structuring",4,9
General Director,Ruiz SARL,General Management,Chief,2025-04-19,2025-07-18,E-Commerce,Tizi Ouzou,Licence,Freelance,10,"Télétravail partiel, Formation continue, Tickets restaurant",115000,"Microsoft Office, Report Writing, Project Management, Arabic/French Bilingual, Team Leadership",0,12
Drilling Supervisor,Garcia EURL,Drilling Operations,Junior,2025-04-08,2025-05-28,Energy & Petroleum,Chlef,Master,Alternance,5,"Crèche d'entreprise, Prime de performance, Formation continue",66000,"Arabic/French Bilingual, Microsoft Office, Report Writing, Team Leadership, Project Management",1,9
CISO,Sonalgaz,Cybersecurity,Junior,2025-04-17,2025-06-11,Information Technology,Batna,Bac,CDI,14,"Prime de performance, Formation continue, Crèche d'entreprise",147000,"GDPR Compliance, Firewall Configuration, Network Security, Cryptography, SOC Operations, Ethical Hacking, SIEM Tools, Incident Response",5,4
General Director,BNA,General Management,Junior,2025-04-14,2025-06-15,Pharmaceuticals,Ghardaïa,Bac,Stage,8,"Voiture de fonction, Télétravail partiel, Crèche d'entreprise",134000,"Microsoft Office, Team Leadership, Arabic/French Bilingual, Report Writing, Project Management",5,10
Team Leader,Naftal,Accounting & Auditing,Mid,2025-04-15,2025-07-13,Banking & Finance,Saïda,Master,Alternance,2,"Tickets restaurant, Formation continue, Télétravail partiel",133000,"Report Writing, Microsoft Office, Project Management, Arabic/French Bilingual, Team Leadership",5,4
Operations Manager,Batimétal,Operations,Chief,2025-04-20,2025-07-04,Tourism & Hospitality,Constantine,Doctorat,CDI,7,"Crèche d'entreprise, Prime de performance, Voiture de fonction",31000,"Report Writing, Team Leadership, Microsoft Office, Arabic/French Bilingual, Project Management",4,13
Administrative Manager,Philippe Dias SARL EURL,General Management,Senior,2025-04-22,2025-07-06,Pharmaceuticals,El Tarf,Ingénieur d'État,Freelance,13,"Assurance maladie, Prime de performance, Épargne entreprise",126000,"Team Leadership, Report Writing, Project Management, Microsoft Office, Arabic/French Bilingual",2,5
Facilities Manager,Schmitt SARL EURL,Operations,Mid,2025-03-29,2025-05-27,E-Commerce,Mostaganem,Ingénieur d'État,CDI,8,"Voiture de fonction, Épargne entreprise, Assurance maladie",126000,"Report Writing, Microsoft Office, Project Management, Team Leadership, Arabic/French Bilingual",0,7
Logistics Coordinator,Batimétal,Operations,Lead,2025-04-01,2025-05-14,Media & Entertainment,Ouargla,Bac,CDD,11,"Formation continue, Crèche d'entreprise, Prime de performance",148000,"Microsoft Office, Project Management, Team Leadership, Arabic/French Bilingual, Report Writing",3,4
Facilities Manager,Bigot Henry SARL EURL,Operations,Lead,2025-03-29,2025-05-14,Manufacturing,Chlef,Doctorat,CDI,13,"Prime de performance, Voiture de fonction, Assurance maladie",36000,"Project Management, Arabic/French Bilingual, Microsoft Office, Report Writing, Team Leadership",2,13
Facilities Manager,Mahe Boyer S.A.R.L. SARL,Operations,Senior,2025-03-26,2025-05-25,Public Sector,Blida,Licence,Freelance,4,"Tickets restaurant, Formation continue, Voiture de fonction",97000,"Microsoft Office, Project Management, Arabic/French Bilingual, Team Leadership, Report Writing",4,14
Department Director,Seguin et Fils EURL,General Management,Chief,2025-04-22,2025-06-06,Mining,El Tarf,Doctorat,Freelance,15,"Télétravail partiel, Voiture de fonction, Tickets restaurant",79000,"Team Leadership, Report Writing, Microsoft Office, Arabic/French Bilingual, Project Management",4,14
Field Operations Manager,Bertrand Caron SA SPA,Exploration & Production,Lead,2025-03-26,2025-05-26,Energy & Petroleum,Ouargla,Bac,Alternance,14,"Assurance maladie, Tickets restaurant, Épargne entreprise",79000,"Reservoir Simulation, HYSYS, Petrel Software, Drilling Optimization, Well Logging, Geological Modeling, Enhanced Oil Recovery",5,9
AI Researcher,Lebreton EURL,Data Science & AI,Chief,2025-04-14,2025-07-11,Information Technology,Timimoun,Ingénieur d'État,Stage,12,"Formation continue, Prime de performance, Tickets restaurant",72000,"Project Management, Microsoft Office, Arabic/French Bilingual, Team Leadership, Report Writing",4,7
Production Supervisor,Sonalgaz,Operations,Senior,2025-04-12,2025-07-02,E-Commerce,Tébessa,Master,Alternance,3,"Tickets restaurant, Assurance maladie, Crèche d'entreprise",114000,"Team Leadership, Report Writing, Project Management, Microsoft Office, Arabic/French Bilingual",3,11
Logistics Coordinator,Boulanger S.A. SPA,Operations,Mid,2025-03-27,2025-05-21,Fisheries,Skikda,Doctorat,CDD,10,"Crèche d'entreprise, Voiture de fonction, Assurance maladie",98000,"Report Writing, Microsoft Office, Arabic/French Bilingual, Project Management, Team Leadership",3,14
Department Director,Camus S.A.R.L. SARL,General Management,Chief,2025-04-18,2025-06-28,Tourism & Hospitality,Biskra,Master,Stage,7,"Télétravail partiel, Assurance maladie, Voiture de fonction",43000,"Project Management, Team Leadership, Arabic/French Bilingual, Microsoft Office, Report Writing",4,3
Logistics Coordinator,CNAN,Operations,Chief,2025-04-15,2025-05-30,Transport & Logistics,Batna,Licence,CDI,4,"Crèche d'entreprise, Épargne entreprise, Tickets restaurant",104000,"Report Writing, Arabic/French Bilingual, Project Management, Microsoft Office, Team Leadership",0,13
Administrative Manager,Barbier SPA,FinTech Innovation,Lead,2025-04-14,2025-05-27,Banking & Finance,Tlemcen,Bac,CDI,7,"Prime de performance, Assurance maladie, Télétravail partiel",129000,"Project Management, Report Writing, Microsoft Office, Team Leadership, Arabic/French Bilingual",2,9
Logistics Coordinator,CNAN,Operations,Junior,2025-04-10,2025-05-20,Telecommunications,Adrar,Master,CDI,7,"Tickets restaurant, Formation continue, Prime de performance",41000,"Project Management, Report Writing, Arabic/French Bilingual, Microsoft Office, Team Leadership",3,8
Team Leader,Lucas SPA,General Management,Chief,2025-04-24,2025-07-03,Public Sector,Jijel,Licence,Alternance,7,"Crèche d'entreprise, Assurance maladie, Télétravail partiel",77000,"Team Leadership, Report Writing, Microsoft Office, Project Management, Arabic/French Bilingual",3,6
Facilities Manager,Joseph SARL,Operations,Senior,2025-03-28,2025-05-31,Media & Entertainment,Djanet,Bac,CDI,8,"Épargne entreprise, Assurance maladie, Voiture de fonction",120000,"Arabic/French Bilingual, Project Management, Team Leadership, Report Writing, Microsoft Office",3,4
Administrative Manager,Buisson SPA,Higher Education,Lead,2025-04-08,2025-06-18,Education,El Tarf,Ingénieur d'État,Stage,14,"Voiture de fonction, Formation continue, Prime de performance",148000,"Report Writing, Microsoft Office, Team Leadership, Arabic/French Bilingual, Project Management",3,3
Supply Chain Manager,Cosider,Operations,Senior,2025-04-10,2025-06-19,Construction,Constantine,Ingénieur d'État,Alternance,8,"Formation continue, Tickets restaurant, Crèche d'entreprise",139000,"Arabic/French Bilingual, Team Leadership, Report Writing, Project Management, Microsoft Office",2,8
General Director,Barbier SPA,Pharmaceutical Development,Junior,2025-04-06,2025-05-13,Healthcare,Batna,Licence,Stage,9,"Épargne entreprise, Tickets restaurant, Voiture de fonction",56000,"Team Leadership, Report Writing, Project Management, Arabic/French Bilingual, Microsoft Office",4,10
Operations Manager,Manadjim El Djazaïr,Operations,Mid,2025-04-22,2025-06-10,Public Sector,Béchar,Ingénieur d'État,Freelance,4,"Tickets restaurant, Prime de performance, Télétravail partiel",126000,"Team Leadership, Project Management, Arabic/French Bilingual, Report Writing, Microsoft Office",5,3
Administrative Manager,Pichon Maury S.A.S. SPA,General Management,Senior,2025-04-06,2025-06-19,Aerospace & Defense,Tindouf,Ingénieur d'État,Freelance,4,"Tickets restaurant, Prime de performance, Épargne entreprise",52000,"Report Writing, Arabic/French Bilingual, Microsoft Office, Team Leadership, Project Management",2,11
Production Supervisor,Sonatrach,Operations,Chief,2025-04-17,2025-06-02,Mining,Annaba,Licence,CDD,8,"Prime de performance, Crèche d'entreprise, Assurance maladie",46000,"Microsoft Office, Project Management, Arabic/French Bilingual, Report Writing, Team Leadership",1,5
Administrative Manager,Loiseau et Fils EURL,General Management,Chief,2025-04-23,2025-07-09,Pharmaceuticals,Blida,Bac,CDI,5,"Crèche d'entreprise, Épargne entreprise, Prime de performance",126000,"Project Management, Team Leadership, Report Writing, Microsoft Office, Arabic/French Bilingual",2,11
General Director,Ooredoo Algeria,Sustainable Farming,Senior,2025-04-12,2025-06-20,Agriculture,Adrar,Ingénieur d'État,Alternance,7,"Assurance maladie, Prime de performance, Tickets restaurant",115000,"Precision Agriculture, Permaculture Design, Water Conservation, Soil Health Management, Agroecology, Organic Certification",5,9
Production Supervisor,Camus S.A.R.L. SARL,Operations,Junior,2025-04-11,2025-07-04,Manufacturing,Jijel,Master,Freelance,6,"Tickets restaurant, Prime de performance, Crèche d'entreprise",106000,"Arabic/French Bilingual, Team Leadership, Microsoft Office, Report Writing, Project Management",1,13
Cloud Architect,Condor Electronics,Cloud Infrastructure,Mid,2025-04-15,2025-05-31,Information Technology,Timimoun,Bac,CDI,15,"Épargne entreprise, Télétravail partiel, Assurance maladie",32000,"Project Management, Team Leadership, Microsoft Office, Report Writing, Arabic/French Bilingual",4,6
Team Leader,Air Algérie,General Management,Mid,2025-04-07,2025-06-22,Manufacturing,El Tarf,Ingénieur d'État,Freelance,12,"Crèche d'entreprise, Tickets restaurant, Formation continue",34000,"Microsoft Office, Arabic/French Bilingual, Project Management, Team Leadership, Report Writing",5,10
Operations Manager,Rodrigues EURL,General Management,Junior,2025-04-15,2025-07-01,Telecommunications,Tizi Ouzou,Bac,CDD,2,"Voiture de fonction, Assurance maladie, Crèche d'entreprise",130000,"Team Leadership, Project Management, Microsoft Office, Arabic/French Bilingual, Report Writing",3,14
Penetration Tester,Sauvage SARL,Cybersecurity,Lead,2025-04-22,2025-06-21,Information Technology,Tamanrasset,Master,Stage,14,"Télétravail partiel, Prime de performance, Tickets restaurant",119000,"SOC Operations, GDPR Compliance, SIEM Tools, Firewall Configuration, Ethical Hacking, Cryptography, Network Security, Incident Response",3,4
Project Manager,Buisson SPA,General Management,Mid,2025-04-08,2025-06-20,Retail,Chlef,Bac,Alternance,1,"Prime de performance, Assurance maladie, Formation continue",58000,"Arabic/French Bilingual, Microsoft Office, Project Management, Team Leadership, Report Writing",4,13
General Director,CEVITAL,General Management,Lead,2025-04-02,2025-06-18,Media & Entertainment,Ghardaïa,Master,Alternance,9,"Épargne entreprise, Voiture de fonction, Télétravail partiel",38000,"Arabic/French Bilingual, Microsoft Office, Report Writing, Team Leadership, Project Management",0,13
Project Manager,Sonalgaz,Agronomy Research,Chief,2025-03-30,2025-05-20,Agriculture,Blida,Bac,Alternance,10,"Télétravail partiel, Prime de performance, Voiture de fonction",86000,"Team Leadership, Arabic/French Bilingual, Microsoft Office, Report Writing, Project Management",1,15
Production Supervisor,Philippe Dias SARL EURL,Operations,Chief,2025-04-06,2025-06-27,Renewable Energy,Tindouf,Master,Stage,14,"Formation continue, Télétravail partiel, Épargne entreprise",106000,"Microsoft Office, Report Writing, Arabic/French Bilingual, Team Leadership, Project Management",3,6
Production Supervisor,Lefèvre Couturier S.A.R.L. EURL,Operations,Mid,2025-04-03,2025-06-21,Pharmaceuticals,Jijel,Bac,Freelance,9,"Crèche d'entreprise, Voiture de fonction, Prime de performance",109000,"Report Writing, Project Management, Arabic/French Bilingual, Microsoft Office, Team Leadership",1,8
IT Coordinator,Algérie Télécom,IT Support,Chief,2025-03-31,2025-06-26,Information Technology,Laghouat,Licence,CDD,2,"Crèche d'entreprise, Formation continue, Épargne entreprise",86000,"Project Management, Arabic/French Bilingual, Report Writing, Microsoft Office, Team Leadership",5,13
General Director,Condor Electronics,General Management,Chief,2025-04-17,2025-07-16,Renewable Energy,Illizi,Master,Freelance,2,"Voiture de fonction, Crèche d'entreprise, Épargne entreprise",77000,"Report Writing, Project Management, Arabic/French Bilingual, Team Leadership, Microsoft Office",4,11
Operations Manager,Barbier SPA,General Management,Junior,2025-04-07,2025-07-01,Manufacturing,Aïn Témouchent,Master,Alternance,3,"Tickets restaurant, Télétravail partiel, Voiture de fonction",42000,"Microsoft Office, Team Leadership, Arabic/French Bilingual, Report Writing, Project Management",3,12
Production Supervisor,Ruiz SARL,Operations,Senior,2025-03-28,2025-06-23,Aerospace & Defense,Laghouat,Doctorat,CDI,1,"Tickets restaurant, Assurance maladie, Télétravail partiel",122000,"Project Management, Report Writing, Arabic/French Bilingual, Microsoft Office, Team Leadership",4,10
Administrative Manager,Djezzy,FinTech Innovation,Mid,2025-04-02,2025-07-01,Banking & Finance,Tizi Ouzou,Licence,Alternance,8,"Assurance maladie, Prime de performance, Télétravail partiel",66000,"Report Writing, Team Leadership, Project Management, Microsoft Office, Arabic/French Bilingual",0,6
Department Director,Loiseau et Fils EURL,Research & Development,Mid,2025-04-01,2025-05-26,Education,Tlemcen,Licence,CDD,12,"Voiture de fonction, Assurance maladie, Tickets restaurant",51000,"Microsoft Office, Project Management, Arabic/French Bilingual, Report Writing, Team Leadership",2,3
Administrative Manager,Sofiane Pharma,General Management,Chief,2025-04-04,2025-06-07,Transport & Logistics,Sétif,Bac,Alternance,1,"Prime de performance, Voiture de fonction, Formation continue",143000,"Arabic/French Bilingual, Project Management, Microsoft Office, Report Writing, Team Leadership",1,15
Department Director,Bernard Petitjean SA SPA,Hospital Administration,Lead,2025-04-13,2025-05-20,Healthcare,Ouargla,Master,Freelance,2,"Télétravail partiel, Prime de performance, Tickets restaurant",42000,"Project Management, Report Writing, Arabic/French Bilingual, Team Leadership, Microsoft Office",4,3
General Director,Lévêque SARL,General Management,Senior,2025-03-28,2025-06-14,Tourism & Hospitality,Naama,Ingénieur d'État,CDD,5,"Crèche d'entreprise, Épargne entreprise, Prime de performance",82000,"Team Leadership, Report Writing, Arabic/French Bilingual, Project Management, Microsoft Office",2,7
Production Supervisor,Sauvage SARL,Operations,Mid,2025-04-21,2025-07-10,Retail,Ouargla,Master,Stage,9,"Formation continue, Voiture de fonction, Télétravail partiel",108000,"Microsoft Office, Arabic/French Bilingual, Project Management, Report Writing, Team Leadership",5,11
Operations Manager,Boulanger S.A. SPA,General Management,Lead,2025-04-21,2025-07-15,Public Sector,Tlemcen,Doctorat,Alternance,15,"Formation continue, Crèche d'entreprise, Prime de performance",99000,"Microsoft Office, Report Writing, Team Leadership, Project Management, Arabic/French Bilingual",5,14
Department Director,Loiseau et Fils EURL,Research & Development,Senior,2025-04-14,2025-07-12,Education,Tiaret,Ingénieur d'État,Alternance,6,"Tickets restaurant, Assurance maladie, Prime de performance",120000,"Report Writing, Microsoft Office, Team Leadership, Arabic/French Bilingual, Project Management",3,15
Facilities Manager,Loiseau et Fils EURL,Operations,Senior,2025-04-16,2025-07-01,Transport & Logistics,M'sila,Master,Alternance,1,"Assurance maladie, Voiture de fonction, Formation continue",135000,"Arabic/French Bilingual, Project Management, Report Writing, Microsoft Office, Team Leadership",1,4
Department Director,Besnard SARL SPA,Pediatric Care,Chief,2025-04-22,2025-06-01,Healthcare,Laghouat,Bac,CDD,14,"Formation continue, Prime de performance, Assurance maladie",122000,"Team Leadership, Project Management, Microsoft Office, Report Writing, Arabic/French Bilingual",0,5
Production Supervisor,Djezzy,Operations,Junior,2025-04-16,2025-06-29,Manufacturing,Illizi,Ingénieur d'État,CDD,3,"Voiture de fonction, Épargne entreprise, Assurance maladie",60000,"Microsoft Office, Team Leadership, Arabic/French Bilingual, Report Writing, Project Management",1,10
Team Leader,Gilbert SA SPA,Hospital Administration,Lead,2025-03-29,2025-05-29,Healthcare,Sétif,Ingénieur d'État,CDD,8,"Formation continue, Crèche d'entreprise, Assurance maladie",84000,"Microsoft Office, Project Management, Arabic/French Bilingual, Report Writing, Team Leadership",2,15
Production Supervisor,Maurice EURL,Operations,Mid,2025-03-26,2025-05-19,Manufacturing,Skikda,Licence,CDI,5,"Formation continue, Tickets restaurant, Télétravail partiel",132000,"Project Management, Arabic/French Bilingual, Team Leadership, Report Writing, Microsoft Office",3,4
Administrative Manager,Sonalgaz,General Management,Lead,2025-03-26,2025-05-11,Retail,Annaba,Licence,Alternance,7,"Tickets restaurant, Formation continue, Crèche d'entreprise",141000,"Team Leadership, Project Management, Arabic/French Bilingual, Microsoft Office, Report Writing",4,6
Supply Chain Manager,Gérard S.A.S. SARL,Operations,Mid,2025-04-23,2025-06-28,Aerospace & Defense,Sétif,Doctorat,Alternance,14,"Épargne entreprise, Prime de performance, Assurance maladie",58000,"Microsoft Office, Team Leadership, Project Management, Report Writing, Arabic/French Bilingual",2,15
Team Leader,Guérin Dumas S.A. SPA,General Management,Junior,2025-03-26,2025-06-01,Retail,Algiers,Bac,CDD,10,"Épargne entreprise, Formation continue, Crèche d'entreprise",82000,"Microsoft Office, Team Leadership, Project Management, Arabic/French Bilingual, Report Writing",4,3
Project Manager,Roux SARL SPA,General Management,Chief,2025-04-10,2025-07-08,Retail,Illizi,Licence,Freelance,6,"Assurance maladie, Épargne entreprise, Télétravail partiel",117000,"Report Writing, Arabic/French Bilingual, Team Leadership, Microsoft Office, Project Management",3,14
General Director,Barbier Guillot S.A.R.L. SPA,Sustainable Farming,Senior,2025-04-08,2025-06-14,Agriculture,Jijel,Bac,Stage,5,"Épargne entreprise, Prime de performance, Crèche d'entreprise",118000,"Precision Agriculture, Agroecology, Permaculture Design, Organic Certification, Soil Health Management, Water Conservation",2,9
Department Director,Leclercq SPA,Agronomy Research,Lead,2025-04-15,2025-07-07,Agriculture,Constantine,Bac,CDD,2,"Télétravail partiel, Assurance maladie, Prime de performance",134000,"Arabic/French Bilingual, Project Management, Team Leadership, Microsoft Office, Report Writing",4,10
Operations Manager,Sonatrach,General Management,Senior,2025-04-10,2025-07-09,Renewable Energy,Laghouat,Licence,CDI,3,"Assurance maladie, Tickets restaurant, Prime de performance",132000,"Team Leadership, Arabic/French Bilingual, Project Management, Report Writing, Microsoft Office",5,6
Operations Manager,Sonalgaz,Higher Education,Lead,2025-04-21,2025-06-18,Education,Djanet,Bac,CDI,12,"Télétravail partiel, Prime de performance, Assurance maladie",104000,"Team Leadership, Report Writing, Microsoft Office, Arabic/French Bilingual, Project Management",3,15
Administrative Manager,Lefèvre Couturier S.A.R.L. EURL,International Relations,Senior,2025-04-01,2025-06-24,Education,Laghouat,Master,Alternance,7,"Télétravail partiel, Formation continue, Épargne entreprise",52000,"Arabic/French Bilingual, Microsoft Office, Project Management, Team Leadership, Report Writing",2,11
Production Supervisor,ENIE,Operations,Mid,2025-03-29,2025-05-19,Fisheries,Ouargla,Licence,CDI,9,"Tickets restaurant, Formation continue, Épargne entreprise",145000,"Report Writing, Arabic/French Bilingual, Team Leadership, Project Management, Microsoft Office",4,6
Operations Manager,Duhamel S.A.R.L. SPA,General Management,Mid,2025-03-26,2025-06-07,Pharmaceuticals,Tébessa,Licence,Freelance,11,"Télétravail partiel, Tickets restaurant, Épargne entreprise",141000,"Arabic/French Bilingual, Report Writing, Project Management, Microsoft Office, Team Leadership",5,5
General Director,Duhamel S.A.R.L. SPA,General Management,Chief,2025-04-15,2025-06-10,E-Commerce,Mostaganem,Master,CDI,2,"Épargne entreprise, Tickets restaurant, Crèche d'entreprise",49000,"Report Writing, Arabic/French Bilingual, Team Leadership, Microsoft Office, Project Management",4,11
Supply Chain Manager,Schmitt SARL EURL,Operations,Chief,2025-04-20,2025-06-08,Public Sector,Annaba,Bac,Freelance,9,"Assurance maladie, Crèche d'entreprise, Prime de performance",64000,"Arabic/French Bilingual, Report Writing, Project Management, Team Leadership, Microsoft Office",0,10
Administrative Manager,Mendès EURL,General Management,Chief,2025-04-07,2025-07-04,Pharmaceuticals,Illizi,Master,Alternance,6,"Prime de performance, Assurance maladie, Voiture de fonction",59000,"Report Writing, Arabic/French Bilingual, Microsoft Office, Team Leadership, Project Management",4,11
Team Leader,Air Algérie,General Management,Lead,2025-04-16,2025-05-30,Retail,Aïn Témouchent,Doctorat,CDD,12,"Épargne entreprise, Assurance maladie, Tickets restaurant",137000,"Report Writing, Arabic/French Bilingual, Project Management, Team Leadership, Microsoft Office",5,5
General Director,Cosider,Medical Research,Mid,2025-04-19,2025-06-17,Healthcare,M'sila,Master,Alternance,4,"Crèche d'entreprise, Assurance maladie, Tickets restaurant",31000,"Clinical Trials, Epidemiology, Regulatory Affairs, Research Ethics, Laboratory Management, Biostatistics, Medical Writing",0,6
Administrative Manager,Olivier SPA,General Management,Junior,2025-04-10,2025-06-26,E-Commerce,Biskra,Doctorat,CDI,1,"Télétravail partiel, Prime de performance, Voiture de fonction",103000,"Project Management, Microsoft Office, Arabic/French Bilingual, Team Leadership, Report Writing",3,11
Operations Manager,Lucas SPA,Operations,Junior,2025-04-09,2025-05-25,Renewable Energy,Mostaganem,Licence,Freelance,7,"Tickets restaurant, Assurance maladie, Formation continue",31000,"Team Leadership, Report Writing, Arabic/French Bilingual, Project Management, Microsoft Office",5,5
Administrative Manager,Pascal EURL,General Management,Junior,2025-03-29,2025-05-12,Pharmaceuticals,Aïn Témouchent,Licence,CDI,13,"Télétravail partiel, Tickets restaurant, Assurance maladie",129000,"Team Leadership, Arabic/French Bilingual, Report Writing, Project Management, Microsoft Office",0,3
Logistics Coordinator,Barbier Guillot S.A.R.L. SPA,Operations,Lead,2025-04-08,2025-07-04,Manufacturing,Ghardaïa,Bac,Freelance,13,"Prime de performance, Tickets restaurant, Épargne entreprise",142000,"Report Writing, Arabic/French Bilingual, Project Management, Team Leadership, Microsoft Office",5,15
Facilities Manager,Gilbert SA SPA,Operations,Lead,2025-04-09,2025-05-22,Aerospace & Defense,Jijel,Ingénieur d'État,CDI,8,"Crèche d'entreprise, Assurance maladie, Épargne entreprise",33000,"Microsoft Office, Project Management, Arabic/French Bilingual, Report Writing, Team Leadership",0,15
Logistics Coordinator,Gilbert SA SPA,Operations,Junior,2025-03-27,2025-06-14,Transport & Logistics,Béjaïa,Doctorat,CDD,4,"Tickets restaurant, Assurance maladie, Crèche d'entreprise",113000,"Report Writing, Microsoft Office, Project Management, Arabic/French Bilingual, Team Leadership",0,6
Project Manager,Naftal,General Management,Junior,2025-04-18,2025-07-06,Retail,Constantine,Doctorat,Freelance,7,"Prime de performance, Télétravail partiel, Crèche d'entreprise",55000,"Microsoft Office, Project Management, Report Writing, Arabic/French Bilingual, Team Leadership",0,12
Production Supervisor,Sanchez SARL EURL,Operations,Chief,2025-04-04,2025-05-25,Construction,Skikda,Licence,Stage,1,"Télétravail partiel, Prime de performance, Épargne entreprise",25000,"Arabic/French Bilingual, Project Management, Microsoft Office, Report Writing, Team Leadership",5,15
General Director,Gérard S.A.S. SARL,General Management,Lead,2025-04-09,2025-05-31,Tourism & Hospitality,Mostaganem,Licence,Stage,4,"Formation continue, Assurance maladie, Épargne entreprise",42000,"Microsoft Office, Team Leadership, Arabic/French Bilingual, Project Management, Report Writing",2,9
Operations Manager,Loiseau et Fils EURL,General Management,Chief,2025-04-16,2025-06-18,Mining,Adrar,Doctorat,Stage,1,"Voiture de fonction, Assurance maladie, Épargne entreprise",104000,"Project Management, Arabic/French Bilingual, Report Writing, Microsoft Office, Team Leadership",0,13
Team Leader,Lefèvre Couturier S.A.R.L. EURL,General Management,Chief,2025-04-09,2025-05-23,Fisheries,El Tarf,Doctorat,CDD,7,"Assurance maladie, Formation continue, Crèche d'entreprise",43000,"Arabic/French Bilingual, Project Management, Microsoft Office, Report Writing, Team Leadership",1,7
Operations Manager,Seguin et Fils EURL,General Management,Lead,2025-04-22,2025-06-02,Renewable Energy,Tlemcen,Licence,Alternance,4,"Formation continue, Prime de performance, Crèche d'entreprise",55000,"Microsoft Office, Team Leadership, Report Writing, Project Management, Arabic/French Bilingual",1,13
Business Intelligence Analyst,Buisson SPA,Data Science & AI,Lead,2025-04-14,2025-07-09,Information Technology,M'sila,Bac,Freelance,13,"Prime de performance, Crèche d'entreprise, Voiture de fonction",112000,"Project Management, Report Writing, Microsoft Office, Arabic/French Bilingual, Team Leadership",0,4
Logistics Coordinator,Pichon Maury S.A.S. SPA,Operations,Mid,2025-04-17,2025-06-23,Fisheries,Tébessa,Licence,CDD,15,"Télétravail partiel, Formation continue, Prime de performance",123000,"Report Writing, Microsoft Office, Team Leadership, Arabic/French Bilingual, Project Management",0,8
Logistics Coordinator,Roux SARL SPA,Operations,Mid,2025-04-19,2025-07-02,Retail,Jijel,Master,CDD,1,"Formation continue, Voiture de fonction, Épargne entreprise",68000,"Team Leadership, Report Writing, Project Management, Arabic/French Bilingual, Microsoft Office",5,6
Supply Chain Manager,Joseph SARL,Operations,Chief,2025-04-02,2025-06-03,Pharmaceuticals,Oran,Licence,Alternance,9,"Assurance maladie, Formation continue, Tickets restaurant",148000,"Report Writing, Microsoft Office, Team Leadership, Project Management, Arabic/French Bilingual",3,7
Supply Chain Manager,Blanchard SPA,Operations,Junior,2025-04-07,2025-07-05,E-Commerce,Timimoun,Licence,Stage,12,"Tickets restaurant, Formation continue, Télétravail partiel",137000,"Arabic/French Bilingual, Team Leadership, Project Management, Microsoft Office, Report Writing",4,7
Operations Manager,Ollivier Becker S.A.R.L. SPA,General Management,Chief,2025-03-27,2025-06-03,Manufacturing,Tindouf,Master,Stage,5,"Prime de performance, Crèche d'entreprise, Épargne entreprise",115000,"Arabic/French Bilingual, Microsoft Office, Report Writing, Project Management, Team Leadership",3,10
Facilities Manager,BNA,Operations,Mid,2025-03-28,2025-06-02,Tourism & Hospitality,Tébessa,Bac,Freelance,8,"Crèche d'entreprise, Épargne entreprise, Tickets restaurant",124000,"Project Management, Team Leadership, Arabic/French Bilingual, Microsoft Office, Report Writing",5,7
Team Leader,Roux SARL SPA,International Relations,Junior,2025-03-26,2025-05-03,Education,Oran,Licence,CDI,11,"Épargne entreprise, Télétravail partiel, Formation continue",139000,"Project Management, Microsoft Office, Team Leadership, Arabic/French Bilingual, Report Writing",4,10
Operations Manager,Lefèvre Couturier S.A.R.L. EURL,Operations,Senior,2025-03-29,2025-06-06,Media & Entertainment,Annaba,Doctorat,CDD,15,"Formation continue, Tickets restaurant, Assurance maladie",149000,"Project Management, Arabic/French Bilingual, Team Leadership, Report Writing, Microsoft Office",1,3
General Director,Roux SARL SPA,General Management,Mid,2025-04-01,2025-06-23,Tourism & Hospitality,Tébessa,Bac,CDD,2,"Assurance maladie, Voiture de fonction, Formation continue",61000,"Report Writing, Project Management, Arabic/French Bilingual, Team Leadership, Microsoft Office",2,7
Geophysicist,Delmas et Fils EURL,Exploration & Production,Senior,2025-04-09,2025-05-27,Energy & Petroleum,Tindouf,Licence,CDI,6,"Formation continue, Prime de performance, Tickets restaurant",131000,"Enhanced Oil Recovery, Geological Modeling, Well Logging, HYSYS, Reservoir Simulation, Drilling Optimization, Petrel Software",2,7
Supply Chain Manager,Gilbert SA SPA,Operations,Senior,2025-04-08,2025-06-09,Retail,M'sila,Bac,CDI,4,"Voiture de fonction, Télétravail partiel, Épargne entreprise",50000,"Project Management, Report Writing, Arabic/French Bilingual, Team Leadership, Microsoft Office",4,13
Department Director,Condor Electronics,General Management,Mid,2025-04-14,2025-06-22,Pharmaceuticals,Timimoun,Doctorat,Freelance,4,"Tickets restaurant, Assurance maladie, Télétravail partiel",25000,"Report Writing, Microsoft Office, Arabic/French Bilingual, Team Leadership, Project Management",3,11
General Director,Olivier SPA,General Management,Junior,2025-04-02,2025-05-16,Manufacturing,Naama,Master,Stage,1,"Épargne entreprise, Prime de performance, Formation continue",136000,"Project Management, Report Writing, Microsoft Office, Arabic/French Bilingual, Team Leadership",1,15
Project Manager,Cevital Agro-Industry,Sustainable Farming,Senior,2025-03-26,2025-05-20,Agriculture,Saïda,Ingénieur d'État,CDI,15,"Crèche d'entreprise, Télétravail partiel, Formation continue",53000,"Precision Agriculture, Permaculture Design, Soil Health Management, Water Conservation, Organic Certification, Agroecology",4,4
Team Leader,Ruiz SARL,Medical Equipment Maintenance,Chief,2025-04-17,2025-07-01,Healthcare,Constantine,Doctorat,CDI,7,"Télétravail partiel, Formation continue, Tickets restaurant",37000,"Report Writing, Project Management, Team Leadership, Arabic/French Bilingual, Microsoft Office",5,7
Operations Manager,Air Algérie,Operations,Mid,2025-04-17,2025-06-07,Mining,Djanet,Licence,Alternance,13,"Épargne entreprise, Crèche d'entreprise, Formation continue",60000,"Arabic/French Bilingual, Team Leadership, Report Writing, Microsoft Office, Project Management",4,5
Logistics Coordinator,Barbier SPA,Operations,Chief,2025-04-14,2025-06-14,Mining,Ouargla,Licence,Stage,13,"Télétravail partiel, Formation continue, Assurance maladie",90000,"Microsoft Office, Team Leadership, Arabic/French Bilingual, Report Writing, Project Management",1,3
Department Director,Barbier Guillot S.A.R.L. SPA,General Management,Mid,2025-03-27,2025-05-11,Public Sector,Mostaganem,Doctorat,Freelance,15,"Télétravail partiel, Prime de performance, Tickets restaurant",140000,"Project Management, Microsoft Office, Report Writing, Team Leadership, Arabic/French Bilingual",3,5
Facilities Manager,Gautier SARL,Operations,Senior,2025-04-13,2025-06-19,Public Sector,El Oued,Ingénieur d'État,Alternance,14,"Voiture de fonction, Formation continue, Épargne entreprise",141000,"Project Management, Microsoft Office, Report Writing, Arabic/French Bilingual, Team Leadership",5,4
Team Leader,Maurice Hoareau et Fils SPA,Hospital Administration,Junior,2025-04-20,2025-07-10,Healthcare,El Oued,Bac,Freelance,11,"Crèche d'entreprise, Épargne entreprise, Prime de performance",149000,"Microsoft Office, Team Leadership, Report Writing, Arabic/French Bilingual, Project Management",3,15
Production Supervisor,Boutin S.A. SARL,Operations,Mid,2025-04-23,2025-07-04,Telecommunications,Ghardaïa,Bac,Alternance,12,"Épargne entreprise, Tickets restaurant, Formation continue",30000,"Microsoft Office, Team Leadership, Arabic/French Bilingual, Project Management, Report Writing",0,3
Supply Chain Manager,Buisson SPA,Operations,Junior,2025-04-15,2025-06-21,Pharmaceuticals,Jijel,Doctorat,Alternance,8,"Formation continue, Assurance maladie, Télétravail partiel",142000,"Microsoft Office, Arabic/French Bilingual, Team Leadership, Project Management, Report Writing",4,6
Operations Manager,Joseph SARL,Operations,Mid,2025-04-09,2025-06-11,E-Commerce,Illizi,Doctorat,Freelance,10,"Voiture de fonction, Crèche d'entreprise, Formation continue",97000,"Project Management, Microsoft Office, Team Leadership, Arabic/French Bilingual, Report Writing",2,13
Logistics Coordinator,Philippe Dias SARL EURL,Operations,Chief,2025-04-10,2025-06-09,Telecommunications,Adrar,Bac,Freelance,6,"Épargne entreprise, Crèche d'entreprise, Formation continue",63000,"Project Management, Report Writing, Microsoft Office, Arabic/French Bilingual, Team Leadership",4,4
Project Manager,Delmas et Fils EURL,Pipeline Management,Chief,2025-04-06,2025-05-20,Energy & Petroleum,Sétif,Master,CDI,3,"Prime de performance, Assurance maladie, Formation continue",74000,"Microsoft Office, Arabic/French Bilingual, Report Writing, Team Leadership, Project Management",1,8
Team Leader,Loiseau et Fils EURL,Vocational Training,Lead,2025-04-24,2025-06-12,Education,Tlemcen,Bac,CDI,14,"Crèche d'entreprise, Assurance maladie, Formation continue",79000,"Project Management, Arabic/French Bilingual, Report Writing, Microsoft Office, Team Leadership",1,13
Security Analyst,Olivier SPA,Cybersecurity,Chief,2025-04-07,2025-06-06,Information Technology,Adrar,Doctorat,Freelance,6,"Épargne entreprise, Assurance maladie, Crèche d'entreprise",95000,"GDPR Compliance, Incident Response, Cryptography, Firewall Configuration, SIEM Tools, SOC Operations, Ethical Hacking, Network Security",4,11
Supply Chain Manager,CEVITAL,Operations,Junior,2025-03-30,2025-06-19,Manufacturing,Ghardaïa,Bac,Freelance,3,"Prime de performance, Assurance maladie, Voiture de fonction",100000,"Arabic/French Bilingual, Project Management, Microsoft Office, Report Writing, Team Leadership",5,15
Logistics Coordinator,Delmas S.A. EURL,Operations,Mid,2025-04-12,2025-07-03,Transport & Logistics,Naama,Bac,Stage,14,"Formation continue, Télétravail partiel, Crèche d'entreprise",100000,"Report Writing, Project Management, Microsoft Office, Arabic/French Bilingual, Team Leadership",2,3
General Director,Duhamel S.A.R.L. SPA,Sustainable Farming,Chief,2025-04-18,2025-06-10,Agriculture,Ghardaïa,Ingénieur d'État,CDD,7,"Voiture de fonction, Épargne entreprise, Télétravail partiel",92000,"Water Conservation, Precision Agriculture, Permaculture Design, Organic Certification, Soil Health Management, Agroecology",2,8
Supply Chain Manager,Mahe Boyer S.A.R.L. SARL,Operations,Chief,2025-04-01,2025-06-10,E-Commerce,Ouargla,Bac,CDI,13,"Voiture de fonction, Formation continue, Télétravail partiel",56000,"Microsoft Office, Project Management, Arabic/French Bilingual, Team Leadership, Report Writing",1,12
Supply Chain Manager,Sonalgaz,Operations,Chief,2025-03-26,2025-06-02,Construction,Djanet,Bac,CDI,15,"Tickets restaurant, Voiture de fonction, Télétravail partiel",62000,"Report Writing, Project Management, Microsoft Office, Team Leadership, Arabic/French Bilingual",5,11
Administrative Manager,Batimétal,FinTech Innovation,Senior,2025-04-21,2025-05-30,Banking & Finance,In Salah,Licence,CDD,10,"Télétravail partiel, Voiture de fonction, Formation continue",80000,"Team Leadership, Arabic/French Bilingual, Project Management, Report Writing, Microsoft Office",4,5
Project Manager,Camus S.A.R.L. SARL,General Management,Junior,2025-04-07,2025-06-02,Construction,Tiaret,Master,Stage,12,"Formation continue, Voiture de fonction, Crèche d'entreprise",56000,"Team Leadership, Report Writing, Project Management, Arabic/French Bilingual, Microsoft Office",1,9
Administrative Manager,Joseph SARL,General Management,Mid,2025-04-12,2025-06-03,Pharmaceuticals,El Oued,Licence,CDI,11,"Épargne entreprise, Crèche d'entreprise, Voiture de fonction",80000,"Arabic/French Bilingual, Microsoft Office, Report Writing, Team Leadership, Project Management",3,10
Project Manager,Delmas et Fils EURL,General Management,Senior,2025-04-11,2025-06-06,Retail,M'sila,Doctorat,Freelance,4,"Épargne entreprise, Formation continue, Voiture de fonction",137000,"Report Writing, Team Leadership, Arabic/French Bilingual, Project Management, Microsoft Office",1,6
Supply Chain Manager,Algérie Télécom,Operations,Mid,2025-04-21,2025-07-10,Retail,In Salah,Doctorat,Alternance,10,"Voiture de fonction, Prime de performance, Crèche d'entreprise",86000,"Microsoft Office, Project Management, Report Writing, Arabic/French Bilingual, Team Leadership",4,6
Facilities Manager,Ruiz SARL,Operations,Mid,2025-04-15,2025-06-04,E-Commerce,Tamanrasset,Licence,Freelance,11,"Épargne entreprise, Télétravail partiel, Formation continue",100000,"Report Writing, Microsoft Office, Team Leadership, Arabic/French Bilingual, Project Management",3,15
Facilities Manager,Bigot Henry SARL EURL,Operations,Mid,2025-04-17,2025-06-26,Renewable Energy,Laghouat,Doctorat,Freelance,9,"Crèche d'entreprise, Épargne entreprise, Assurance maladie",93000,"Team Leadership, Project Management, Arabic/French Bilingual, Microsoft Office, Report Writing",0,10
Production Supervisor,Djezzy,Operations,Chief,2025-04-14,2025-07-06,Fisheries,Timimoun,Bac,CDD,10,"Télétravail partiel, Formation continue, Épargne entreprise",53000,"Team Leadership, Microsoft Office, Project Management, Arabic/French Bilingual, Report Writing",1,14
Operations Manager,Delmas et Fils EURL,General Management,Chief,2025-03-30,2025-05-26,E-Commerce,In Salah,Ingénieur d'État,CDD,4,"Formation continue, Prime de performance, Télétravail partiel",120000,"Microsoft Office, Report Writing, Project Management, Arabic/French Bilingual, Team Leadership",4,3
Team Leader,Gilbert SA SPA,Medical Equipment Maintenance,Senior,2025-04-23,2025-06-11,Healthcare,Batna,Licence,Stage,10,"Épargne entreprise, Tickets restaurant, Formation continue",139000,"Report Writing, Project Management, Microsoft Office, Arabic/French Bilingual, Team Leadership",2,13
QA Engineer,Sonatrach,Software Development,Chief,2025-04-04,2025-06-06,Information Technology,Timimoun,Licence,CDD,9,"Tickets restaurant, Voiture de fonction, Prime de performance",138000,".NET, Agile Methodology, Microservices, Python, REST APIs, Git, Django, Java",1,14
Team Leader,Gomez SARL,General Management,Senior,2025-04-16,2025-06-03,Media & Entertainment,Tiaret,Doctorat,Alternance,6,"Tickets restaurant, Formation continue, Télétravail partiel",114000,"Microsoft Office, Project Management, Report Writing, Arabic/French Bilingual, Team Leadership",4,14
Administrative Manager,Bernard Petitjean SA SPA,General Management,Chief,2025-03-27,2025-05-05,Fisheries,Aïn Témouchent,Master,Alternance,10,"Prime de performance, Épargne entreprise, Télétravail partiel",68000,"Report Writing, Team Leadership, Project Management, Arabic/French Bilingual, Microsoft Office",5,11
Project Manager,Mendès EURL,General Management,Lead,2025-04-15,2025-07-05,Construction,Timimoun,Licence,Freelance,15,"Formation continue, Assurance maladie, Épargne entreprise",119000,"Arabic/French Bilingual, Report Writing, Microsoft Office, Team Leadership, Project Management",3,4
Supply Chain Manager,Besnard SARL SPA,Operations,Senior,2025-04-18,2025-07-11,Mining,Sétif,Master,CDD,8,"Formation continue, Prime de performance, Tickets restaurant",28000,"Team Leadership, Microsoft Office, Project Management, Arabic/French Bilingual, Report Writing",4,11
Network Engineer,Boulanger S.A. SPA,Cloud Infrastructure,Junior,2025-04-10,2025-06-08,Information Technology,Illizi,Ingénieur d'État,CDI,5,"Voiture de fonction, Crèche d'entreprise, Épargne entreprise",147000,"Report Writing, Team Leadership, Arabic/French Bilingual, Microsoft Office, Project Management",5,4
Supply Chain Manager,Sonalgaz,Operations,Mid,2025-03-31,2025-06-06,Media & Entertainment,Constantine,Bac,Stage,2,"Prime de performance, Voiture de fonction, Assurance maladie",115000,"Team Leadership, Microsoft Office, Arabic/French Bilingual, Report Writing, Project Management",1,11
Facilities Manager,BNA,Operations,Mid,2025-04-03,2025-06-08,Pharmaceuticals,Aïn Témouchent,Doctorat,CDD,13,"Prime de performance, Assurance maladie, Voiture de fonction",56000,"Microsoft Office, Team Leadership, Report Writing, Arabic/French Bilingual, Project Management",3,8
Team Leader,Loiseau et Fils EURL,General Management,Chief,2025-04-10,2025-06-20,Construction,Tindouf,Ingénieur d'État,Freelance,8,"Prime de performance, Télétravail partiel, Crèche d'entreprise",116000,"Team Leadership, Project Management, Report Writing, Microsoft Office, Arabic/French Bilingual",3,11
Directional Driller,Rodrigues EURL,Drilling Operations,Junior,2025-04-12,2025-06-25,Energy & Petroleum,Illizi,Doctorat,Stage,10,"Tickets restaurant, Formation continue, Voiture de fonction",93000,"Report Writing, Arabic/French Bilingual, Team Leadership, Microsoft Office, Project Management",4,6
Project Manager,Gilbert SA SPA,Investment Management,Lead,2025-04-01,2025-06-10,Banking & Finance,Batna,Bac,CDD,9,"Télétravail partiel, Voiture de fonction, Prime de performance",136000,"Report Writing, Microsoft Office, Project Management, Team Leadership, Arabic/French Bilingual",4,4
Supply Chain Manager,Guérin Dumas S.A. SPA,Operations,Lead,2025-04-07,2025-05-29,Fisheries,Béjaïa,Doctorat,CDD,4,"Épargne entreprise, Assurance maladie, Tickets restaurant",26000,"Report Writing, Team Leadership, Arabic/French Bilingual, Microsoft Office, Project Management",3,8
Project Manager,Sonatrach,Pipeline Management,Junior,2025-04-24,2025-06-11,Energy & Petroleum,Mostaganem,Ingénieur d'État,Stage,8,"Tickets restaurant, Épargne entreprise, Crèche d'entreprise",100000,"Report Writing, Project Management, Arabic/French Bilingual, Team Leadership, Microsoft Office",3,5
Project Manager,Pichon Maury S.A.S. SPA,Medical Research,Lead,2025-04-07,2025-06-21,Healthcare,Ouargla,Ingénieur d'État,CDI,9,"Tickets restaurant, Assurance maladie, Voiture de fonction",108000,"Regulatory Affairs, Research Ethics, Epidemiology, Laboratory Management, Medical Writing, Biostatistics, Clinical Trials",1,15
Department Director,Bertrand Caron SA SPA,General Management,Junior,2025-04-14,2025-06-20,Telecommunications,Biskra,Licence,CDI,13,"Crèche d'entreprise, Télétravail partiel, Prime de performance",35000,"Microsoft Office, Report Writing, Team Leadership, Project Management, Arabic/French Bilingual",0,9
Operations Manager,Loiseau et Fils EURL,Operations,Junior,2025-04-15,2025-06-25,Telecommunications,Algiers,Bac,Stage,8,"Crèche d'entreprise, Formation continue, Prime de performance",46000,"Project Management, Microsoft Office, Report Writing, Arabic/French Bilingual, Team Leadership",3,12
Facilities Manager,Ooredoo Algeria,Operations,Senior,2025-03-26,2025-06-24,Public Sector,Adrar,Master,Stage,15,"Prime de performance, Télétravail partiel, Formation continue",83000,"Team Leadership, Microsoft Office, Arabic/French Bilingual, Report Writing, Project Management",3,5
Production Supervisor,Pascal EURL,Operations,Chief,2025-04-20,2025-07-09,Manufacturing,Constantine,Master,CDI,10,"Tickets restaurant, Assurance maladie, Prime de performance",50000,"Report Writing, Project Management, Microsoft Office, Team Leadership, Arabic/French Bilingual",2,11
Operations Manager,Sofiane Pharma,Operations,Mid,2025-03-31,2025-06-27,Retail,Annaba,Master,Alternance,11,"Formation continue, Crèche d'entreprise, Prime de performance",144000,"Arabic/French Bilingual, Report Writing, Project Management, Team Leadership, Microsoft Office",1,11
Operations Manager,Delmas et Fils EURL,General Management,Lead,2025-04-16,2025-06-24,Public Sector,Béjaïa,Master,Alternance,3,"Voiture de fonction, Assurance maladie, Tickets restaurant",121000,"Report Writing, Arabic/French Bilingual, Project Management, Team Leadership, Microsoft Office",4,12
Project Manager,Manadjim El Djazaïr,General Management,Mid,2025-04-06,2025-06-07,Telecommunications,Laghouat,Doctorat,CDD,5,"Télétravail partiel, Formation continue, Assurance maladie",143000,"Arabic/French Bilingual, Project Management, Team Leadership, Report Writing, Microsoft Office",3,3
Department Director,Delmas S.A. EURL,General Management,Senior,2025-03-29,2025-05-23,Renewable Energy,Béjaïa,Ingénieur d'État,Alternance,4,"Télétravail partiel, Crèche d'entreprise, Formation continue",28000,"Microsoft Office, Arabic/French Bilingual, Report Writing, Team Leadership, Project Management",2,3
Facilities Manager,Djezzy,Operations,Senior,2025-04-09,2025-05-21,Public Sector,Tlemcen,Licence,CDD,8,"Voiture de fonction, Épargne entreprise, Crèche d'entreprise",112000,"Arabic/French Bilingual, Microsoft Office, Project Management, Report Writing, Team Leadership",2,14
Department Director,SNVI,General Management,Chief,2025-04-18,2025-06-04,Fisheries,El Oued,Ingénieur d'État,CDI,2,"Tickets restaurant, Télétravail partiel, Formation continue",30000,"Microsoft Office, Report Writing, Team Leadership, Arabic/French Bilingual, Project Management",1,7
Supply Chain Manager,Sanchez SARL EURL,Operations,Junior,2025-04-15,2025-06-08,Pharmaceuticals,Tindouf,Master,Stage,12,"Épargne entreprise, Assurance maladie, Crèche d'entreprise",143000,"Microsoft Office, Report Writing, Project Management, Team Leadership, Arabic/French Bilingual",4,10
Operations Manager,Mahe Boyer S.A.R.L. SARL,General Management,Lead,2025-04-15,2025-06-21,E-Commerce,Tébessa,Master,Alternance,2,"Télétravail partiel, Tickets restaurant, Crèche d'entreprise",143000,"Arabic/French Bilingual, Microsoft Office, Project Management, Report Writing, Team Leadership",4,3
Project Manager,Pereira SARL,Retail Banking,Junior,2025-04-16,2025-05-29,Banking & Finance,El Tarf,Bac,Freelance,4,"Prime de performance, Tickets restaurant, Formation continue",112000,"Microsoft Office, Team Leadership, Report Writing, Arabic/French Bilingual, Project Management",0,5
Operations Supervisor,Duhamel S.A.R.L. SPA,Refining & Processing,Junior,2025-04-17,2025-06-01,Energy & Petroleum,Tébessa,Master,Stage,4,"Formation continue, Épargne entreprise, Crèche d'entreprise",60000,"Arabic/French Bilingual, Project Management, Team Leadership, Report Writing, Microsoft Office",5,15
Administrative Manager,Air Algérie,Research & Development,Mid,2025-04-22,2025-07-16,Education,Constantine,Master,CDD,2,"Prime de performance, Assurance maladie, Épargne entreprise",83000,"Team Leadership, Report Writing, Microsoft Office, Project Management, Arabic/French Bilingual",4,10
Operations Manager,Ollivier Becker S.A.R.L. SPA,Operations,Chief,2025-04-14,2025-07-12,Telecommunications,Sétif,Doctorat,Alternance,8,"Télétravail partiel, Épargne entreprise, Prime de performance",92000,"Microsoft Office, Arabic/French Bilingual, Project Management, Report Writing, Team Leadership",2,12
Production Supervisor,Maurice EURL,Operations,Junior,2025-04-24,2025-06-22,Telecommunications,Tizi Ouzou,Master,Alternance,7,"Voiture de fonction, Crèche d'entreprise, Assurance maladie",55000,"Report Writing, Microsoft Office, Arabic/French Bilingual, Team Leadership, Project Management",1,14
Department Director,Gauthier SARL,Hospital Administration,Junior,2025-04-10,2025-07-01,Healthcare,Mostaganem,Bac,Freelance,10,"Formation continue, Tickets restaurant, Prime de performance",146000,"Arabic/French Bilingual, Project Management, Report Writing, Team Leadership, Microsoft Office",4,5
Department Director,Boutin S.A. SARL,General Management,Chief,2025-03-30,2025-06-09,Public Sector,Ouargla,Licence,CDD,3,"Assurance maladie, Formation continue, Prime de performance",60000,"Team Leadership, Arabic/French Bilingual, Project Management, Microsoft Office, Report Writing",5,10
Logistics Coordinator,Delmas S.A. EURL,Operations,Senior,2025-04-22,2025-06-12,Media & Entertainment,Biskra,Doctorat,CDD,12,"Crèche d'entreprise, Prime de performance, Voiture de fonction",28000,"Microsoft Office, Project Management, Team Leadership, Report Writing, Arabic/French Bilingual",1,11
Operations Manager,Sofiane Pharma,Risk Analysis,Mid,2025-04-14,2025-06-24,Banking & Finance,Illizi,Ingénieur d'État,Alternance,15,"Formation continue, Télétravail partiel, Voiture de fonction",30000,"Microsoft Office, Report Writing, Team Leadership, Project Management, Arabic/French Bilingual",2,13
Department Director,Lefèvre Couturier S.A.R.L. EURL,Investment Management,Senior,2025-04-13,2025-06-26,Banking & Finance,Illizi,Master,CDI,5,"Télétravail partiel, Crèche d'entreprise, Assurance maladie",65000,"Team Leadership, Arabic/French Bilingual, Report Writing, Microsoft Office, Project Management",1,5
Data Scientist,Pichon Maury S.A.S. SPA,Data Science & AI,Senior,2025-04-13,2025-06-11,Information Technology,Tindouf,Master,CDD,12,"Formation continue, Télétravail partiel, Prime de performance",67000,"Arabic/French Bilingual, Microsoft Office, Team Leadership, Project Management, Report Writing",3,5
Department Director,Bernard Petitjean SA SPA,General Management,Senior,2025-04-21,2025-06-23,Mining,Timimoun,Bac,Alternance,8,"Voiture de fonction, Crèche d'entreprise, Tickets restaurant",121000,"Project Management, Report Writing, Arabic/French Bilingual, Microsoft Office, Team Leadership",3,9
Operations Manager,Joseph SARL,General Management,Chief,2025-04-07,2025-05-19,Mining,Chlef,Ingénieur d'État,CDI,15,"Formation continue, Prime de performance, Voiture de fonction",68000,"Microsoft Office, Report Writing, Team Leadership, Arabic/French Bilingual, Project Management",0,4
General Director,Lucas EURL,General Management,Chief,2025-04-21,2025-06-12,Tourism & Hospitality,Algiers,Ingénieur d'État,CDI,4,"Épargne entreprise, Assurance maladie, Prime de performance",118000,"Project Management, Arabic/French Bilingual, Microsoft Office, Report Writing, Team Leadership",3,14
Department Director,Pichon Maury S.A.S. SPA,General Management,Senior,2025-04-01,2025-05-18,Manufacturing,Adrar,Ingénieur d'État,Freelance,7,"Épargne entreprise, Formation continue, Assurance maladie",75000,"Microsoft Office, Project Management, Arabic/French Bilingual, Report Writing, Team Leadership",5,15
Team Leader,Leclercq SPA,General Management,Senior,2025-04-24,2025-06-12,Public Sector,Blida,Doctorat,Alternance,5,"Assurance maladie, Télétravail partiel, Épargne entreprise",122000,"Team Leadership, Microsoft Office, Project Management, Arabic/French Bilingual, Report Writing",5,6
Department Director,Buisson SPA,Pediatric Care,Chief,2025-04-14,2025-05-24,Healthcare,Saïda,Master,CDI,14,"Épargne entreprise, Formation continue, Crèche d'entreprise",108000,"Arabic/French Bilingual, Team Leadership, Report Writing, Project Management, Microsoft Office",2,7
Team Leader,Gilbert SA SPA,General Management,Lead,2025-04-23,2025-07-13,Pharmaceuticals,Adrar,Master,Freelance,8,"Tickets restaurant, Formation continue, Crèche d'entreprise",50000,"Microsoft Office, Project Management, Arabic/French Bilingual, Team Leadership, Report Writing",5,8
Process Engineer,Maurice Hoareau et Fils SPA,Refining & Processing,Mid,2025-04-09,2025-06-05,Energy & Petroleum,Ouargla,Licence,Alternance,15,"Voiture de fonction, Crèche d'entreprise, Formation continue",32000,"Arabic/French Bilingual, Team Leadership, Microsoft Office, Project Management, Report Writing",4,12
Risk Assessment Specialist,Djezzy,"HSE (Health, Safety, Environment)",Senior,2025-03-30,2025-05-17,Energy & Petroleum,Oran,Licence,Freelance,15,"Crèche d'entreprise, Formation continue, Télétravail partiel",32000,"Report Writing, Microsoft Office, Arabic/French Bilingual, Team Leadership, Project Management",1,15
Supply Chain Manager,Louis SARL,Operations,Mid,2025-03-29,2025-05-07,Public Sector,Béchar,Master,Freelance,7,"Tickets restaurant, Voiture de fonction, Télétravail partiel",121000,"Team Leadership, Arabic/French Bilingual, Microsoft Office, Project Management, Report Writing",0,12
Penetration Tester,CNAN,Cybersecurity,Chief,2025-03-30,2025-06-03,Information Technology,Béchar,Doctorat,CDI,6,"Assurance maladie, Tickets restaurant, Crèche d'entreprise",119000,"Firewall Configuration, GDPR Compliance, SIEM Tools, Ethical Hacking, Incident Response, SOC Operations, Cryptography, Network Security",0,13
Supply Chain Manager,Garcia EURL,Operations,Lead,2025-04-07,2025-06-11,Telecommunications,Adrar,Master,CDI,10,"Épargne entreprise, Voiture de fonction, Télétravail partiel",145000,"Project Management, Report Writing, Arabic/French Bilingual, Team Leadership, Microsoft Office",2,13
Supply Chain Manager,Ooredoo Algeria,Operations,Senior,2025-04-11,2025-07-08,Telecommunications,Sétif,Master,Stage,5,"Épargne entreprise, Assurance maladie, Tickets restaurant",142000,"Report Writing, Team Leadership, Project Management, Microsoft Office, Arabic/French Bilingual",5,11
Production Supervisor,Cosider,Operations,Senior,2025-04-16,2025-07-11,Telecommunications,Oran,Licence,Freelance,1,"Tickets restaurant, Épargne entreprise, Prime de performance",117000,"Team Leadership, Report Writing, Microsoft Office, Arabic/French Bilingual, Project Management",0,9
Team Leader,Sauvage SARL,General Management,Junior,2025-04-14,2025-06-25,Manufacturing,M'sila,Ingénieur d'État,CDD,3,"Assurance maladie, Prime de performance, Tickets restaurant",42000,"Project Management, Microsoft Office, Arabic/French Bilingual, Report Writing, Team Leadership",4,15
General Director,Gérard S.A.S. SARL,Vocational Training,Chief,2025-04-19,2025-06-16,Education,Chlef,Licence,CDI,2,"Formation continue, Tickets restaurant, Crèche d'entreprise",108000,"Project Management, Microsoft Office, Report Writing, Team Leadership, Arabic/French Bilingual",2,11
Supply Chain Manager,Delmas S.A. EURL,Operations,Lead,2025-04-06,2025-06-16,Manufacturing,M'sila,Ingénieur d'État,Alternance,4,"Télétravail partiel, Crèche d'entreprise, Assurance maladie",88000,"Arabic/French Bilingual, Microsoft Office, Project Management, Team Leadership, Report Writing",3,8
Team Leader,Ollivier Becker S.A.R.L. SPA,General Management,Chief,2025-03-31,2025-05-17,Aerospace & Defense,Tizi Ouzou,Doctorat,Freelance,5,"Assurance maladie, Télétravail partiel, Crèche d'entreprise",111000,"Team Leadership, Report Writing, Project Management, Arabic/French Bilingual, Microsoft Office",3,8
Logistics Coordinator,Gauthier SARL,Operations,Lead,2025-04-24,2025-07-02,Pharmaceuticals,Sétif,Licence,Freelance,2,"Tickets restaurant, Télétravail partiel, Voiture de fonction",119000,"Project Management, Arabic/French Bilingual, Team Leadership, Microsoft Office, Report Writing",0,5
Safety Inspector,Mobilis,"HSE (Health, Safety, Environment)",Mid,2025-03-28,2025-06-11,Energy & Petroleum,Biskra,Ingénieur d'État,CDI,10,"Télétravail partiel, Formation continue, Assurance maladie",99000,"Team Leadership, Microsoft Office, Report Writing, Arabic/French Bilingual, Project Management",5,7
Geologist,Delmas S.A. EURL,Exploration & Production,Chief,2025-04-11,2025-07-09,Energy & Petroleum,M'sila,Bac,CDI,3,"Voiture de fonction, Crèche d'entreprise, Épargne entreprise",112000,"Drilling Optimization, Reservoir Simulation, Petrel Software, Geological Modeling, HYSYS, Well Logging, Enhanced Oil Recovery",1,9
Logistics Coordinator,Lucas SPA,Operations,Junior,2025-04-02,2025-06-28,Manufacturing,Béchar,Bac,Freelance,12,"Crèche d'entreprise, Assurance maladie, Prime de performance",48000,"Arabic/French Bilingual, Team Leadership, Report Writing, Project Management, Microsoft Office",2,11
Supply Chain Manager,Duhamel S.A.R.L. SPA,Operations,Junior,2025-04-16,2025-07-04,E-Commerce,Tlemcen,Bac,Freelance,15,"Formation continue, Tickets restaurant, Prime de performance",87000,"Team Leadership, Report Writing, Arabic/French Bilingual, Microsoft Office, Project Management",4,12
Operations Manager,Besnard SARL SPA,Operations,Senior,2025-04-18,2025-07-10,Media & Entertainment,Mostaganem,Bac,Alternance,8,"Voiture de fonction, Assurance maladie, Télétravail partiel",135000,"Team Leadership, Arabic/French Bilingual, Report Writing, Microsoft Office, Project Management",0,5
Department Director,Guérin Dumas S.A. SPA,General Management,Chief,2025-04-13,2025-06-28,Aerospace & Defense,Blida,Doctorat,CDD,15,"Formation continue, Prime de performance, Télétravail partiel",109000,"Microsoft Office, Team Leadership, Report Writing, Project Management, Arabic/French Bilingual",0,3
Administrative Manager,Ollivier Becker S.A.R.L. SPA,E-Learning Platforms,Mid,2025-04-02,2025-06-10,Education,Tizi Ouzou,Bac,Stage,7,"Tickets restaurant, Télétravail partiel, Formation continue",113000,"Microsoft Office, Report Writing, Arabic/French Bilingual, Project Management, Team Leadership",2,10
Business Intelligence Analyst,Pereira SARL,Data Science & AI,Chief,2025-04-07,2025-05-29,Information Technology,Timimoun,Licence,Freelance,9,"Voiture de fonction, Crèche d'entreprise, Épargne entreprise",126000,"Arabic/French Bilingual, Microsoft Office, Team Leadership, Report Writing, Project Management",4,14
Team Leader,Louis SARL,Pharmaceutical Development,Lead,2025-04-11,2025-06-24,Healthcare,Illizi,Doctorat,CDI,12,"Épargne entreprise, Prime de performance, Formation continue",86000,"Team Leadership, Arabic/French Bilingual, Report Writing, Project Management, Microsoft Office",5,11
Facilities Manager,Gomez SARL,Operations,Chief,2025-04-13,2025-06-08,Mining,Tiaret,Doctorat,Freelance,11,"Prime de performance, Télétravail partiel, Voiture de fonction",123000,"Microsoft Office, Report Writing, Team Leadership, Arabic/French Bilingual, Project Management",4,11
Administrative Manager,Joseph SARL,Irrigation Technology,Senior,2025-04-11,2025-06-17,Agriculture,Mostaganem,Master,Stage,1,"Prime de performance, Tickets restaurant, Épargne entreprise",128000,"Team Leadership, Microsoft Office, Report Writing, Arabic/French Bilingual, Project Management",2,7
Supply Chain Manager,Blanchard SPA,Operations,Senior,2025-04-03,2025-06-26,Manufacturing,Tébessa,Ingénieur d'État,CDI,11,"Tickets restaurant, Télétravail partiel, Prime de performance",136000,"Microsoft Office, Report Writing, Arabic/French Bilingual, Team Leadership, Project Management",1,6
Team Leader,Boulanger S.A. SPA,International Relations,Lead,2025-04-09,2025-06-04,Education,Tindouf,Master,CDI,15,"Crèche d'entreprise, Voiture de fonction, Télétravail partiel",114000,"Microsoft Office, Project Management, Team Leadership, Report Writing, Arabic/French Bilingual",1,10
Production Supervisor,Maurice Hoareau et Fils SPA,Operations,Lead,2025-04-16,2025-07-05,Pharmaceuticals,Timimoun,Ingénieur d'État,Freelance,9,"Crèche d'entreprise, Prime de performance, Voiture de fonction",150000,"Project Management, Team Leadership, Microsoft Office, Report Writing, Arabic/French Bilingual",4,9
Operations Manager,Ollivier Becker S.A.R.L. SPA,Operations,Lead,2025-04-06,2025-07-05,Public Sector,Mostaganem,Ingénieur d'État,Alternance,3,"Épargne entreprise, Crèche d'entreprise, Tickets restaurant",121000,"Project Management, Team Leadership, Report Writing, Arabic/French Bilingual, Microsoft Office",3,14
Operations Manager,Lefèvre Couturier S.A.R.L. EURL,Operations,Chief,2025-04-17,2025-06-01,Tourism & Hospitality,El Tarf,Licence,Alternance,9,"Voiture de fonction, Tickets restaurant, Épargne entreprise",70000,"Microsoft Office, Report Writing, Arabic/French Bilingual, Team Leadership, Project Management",4,6
Operations Manager,Loiseau et Fils EURL,Operations,Senior,2025-03-30,2025-05-11,Media & Entertainment,Saïda,Bac,Alternance,1,"Assurance maladie, Formation continue, Télétravail partiel",141000,"Arabic/French Bilingual, Team Leadership, Report Writing, Project Management, Microsoft Office",5,6
General Director,Gilbert SA SPA,Islamic Finance,Senior,2025-04-17,2025-07-16,Banking & Finance,Constantine,Bac,CDD,7,"Formation continue, Télétravail partiel, Prime de performance",65000,"Takaful Operations, Islamic Banking Products, Sukuk Structuring, Risk Sharing Models, Murabaha Transactions, Sharia Compliance",3,13
Administrative Manager,Boutin S.A. SARL,General Management,Lead,2025-04-17,2025-05-26,Pharmaceuticals,Jijel,Bac,CDI,3,"Formation continue, Crèche d'entreprise, Voiture de fonction",88000,"Project Management, Report Writing, Arabic/French Bilingual, Microsoft Office, Team Leadership",5,14
Operations Manager,Bigot Henry SARL EURL,General Management,Mid,2025-03-30,2025-05-24,Aerospace & Defense,Béchar,Licence,CDI,9,"Formation continue, Voiture de fonction, Télétravail partiel",65000,"Project Management, Report Writing, Arabic/French Bilingual, Microsoft Office, Team Leadership",1,7
Big Data Engineer,Pereira SARL,Data Science & AI,Chief,2025-03-26,2025-06-13,Information Technology,In Salah,Ingénieur d'État,CDI,13,"Télétravail partiel, Crèche d'entreprise, Prime de performance",91000,"Microsoft Office, Team Leadership, Report Writing, Project Management, Arabic/French Bilingual",5,13
Team Leader,Lévêque SARL,International Relations,Junior,2025-03-26,2025-05-14,Education,Jijel,Licence,Stage,11,"Voiture de fonction, Assurance maladie, Épargne entreprise",32000,"Microsoft Office, Team Leadership, Report Writing, Arabic/French Bilingual, Project Management",1,10
Supply Chain Manager,Barbier SPA,Operations,Junior,2025-03-30,2025-05-27,Tourism & Hospitality,Djanet,Licence,CDD,3,"Formation continue, Assurance maladie, Crèche d'entreprise",135000,"Project Management, Report Writing, Team Leadership, Microsoft Office, Arabic/French Bilingual",0,8
Department Director,Manadjim El Djazaïr,General Management,Senior,2025-03-29,2025-06-17,Manufacturing,Oran,Ingénieur d'État,CDD,12,"Épargne entreprise, Télétravail partiel, Prime de performance",103000,"Report Writing, Project Management, Team Leadership, Microsoft Office, Arabic/French Bilingual",0,8
Department Director,Cosider,Medical Equipment Maintenance,Lead,2025-04-04,2025-05-28,Healthcare,Tiaret,Licence,Alternance,11,"Assurance maladie, Télétravail partiel, Tickets restaurant",74000,"Project Management, Team Leadership, Arabic/French Bilingual, Report Writing, Microsoft Office",2,9
Production Supervisor,Seguin et Fils EURL,Operations,Senior,2025-04-23,2025-06-12,Mining,Adrar,Doctorat,CDI,3,"Prime de performance, Épargne entreprise, Télétravail partiel",49000,"Report Writing, Microsoft Office, Project Management, Team Leadership, Arabic/French Bilingual",0,10
Operations Manager,Condor Electronics,Export Operations,Chief,2025-04-22,2025-06-21,Agriculture,El Oued,Ingénieur d'État,CDD,11,"Assurance maladie, Formation continue, Prime de performance",54000,"Team Leadership, Microsoft Office, Report Writing, Arabic/French Bilingual, Project Management",0,9
Team Leader,Cosider,E-Learning Platforms,Chief,2025-04-05,2025-06-13,Education,Laghouat,Master,Alternance,7,"Formation continue, Assurance maladie, Épargne entreprise",84000,"Project Management, Microsoft Office, Team Leadership, Arabic/French Bilingual, Report Writing",2,11
Logistics Coordinator,Garcia EURL,Operations,Senior,2025-04-05,2025-05-27,Tourism & Hospitality,Djanet,Bac,Freelance,4,"Formation continue, Épargne entreprise, Tickets restaurant",58000,"Microsoft Office, Report Writing, Project Management, Team Leadership, Arabic/French Bilingual",4,10
Facilities Manager,Roux SARL SPA,Operations,Mid,2025-04-21,2025-05-31,Mining,In Salah,Master,Stage,15,"Assurance maladie, Télétravail partiel, Tickets restaurant",110000,"Project Management, Report Writing, Arabic/French Bilingual, Microsoft Office, Team Leadership",2,14
Logistics Coordinator,Bernard Petitjean SA SPA,Operations,Chief,2025-04-15,2025-05-26,Mining,Chlef,Bac,Freelance,13,"Épargne entreprise, Formation continue, Tickets restaurant",113000,"Microsoft Office, Report Writing, Arabic/French Bilingual, Project Management, Team Leadership",4,3
Technical Support Engineer,ENIE,IT Support,Senior,2025-04-13,2025-05-23,Information Technology,Tindouf,Licence,Freelance,12,"Crèche d'entreprise, Télétravail partiel, Épargne entreprise",90000,"Microsoft Office, Arabic/French Bilingual, Report Writing, Team Leadership, Project Management",2,9
Operations Manager,Joseph SARL,Medical Research,Chief,2025-04-10,2025-06-03,Healthcare,Ouargla,Doctorat,Freelance,9,"Épargne entreprise, Crèche d'entreprise, Formation continue",113000,"Epidemiology, Clinical Trials, Regulatory Affairs, Biostatistics, Medical Writing, Research Ethics, Laboratory Management",5,7
Project Manager,Gauthier SARL,General Management,Lead,2025-03-27,2025-05-26,Mining,Sétif,Master,CDD,3,"Formation continue, Télétravail partiel, Assurance maladie",52000,"Project Management, Microsoft Office, Team Leadership, Report Writing, Arabic/French Bilingual",1,7
General Director,Maillard S.A. SPA,General Management,Senior,2025-04-17,2025-06-28,Transport & Logistics,Djanet,Master,CDI,12,"Épargne entreprise, Crèche d'entreprise, Prime de performance",96000,"Arabic/French Bilingual, Project Management, Report Writing, Microsoft Office, Team Leadership",3,12
Operations Manager,Marchal S.A.S. SPA,Agronomy Research,Chief,2025-03-27,2025-06-12,Agriculture,Timimoun,Bac,Freelance,7,"Formation continue, Épargne entreprise, Voiture de fonction",71000,"Team Leadership, Arabic/French Bilingual, Microsoft Office, Project Management, Report Writing",2,12
Operations Manager,Ooredoo Algeria,Operations,Senior,2025-03-30,2025-05-09,Retail,Batna,Doctorat,Freelance,12,"Tickets restaurant, Formation continue, Crèche d'entreprise",56000,"Team Leadership, Report Writing, Project Management, Microsoft Office, Arabic/French Bilingual",1,9
Supply Chain Manager,Sauvage SARL,Operations,Junior,2025-03-30,2025-06-07,Construction,Tizi Ouzou,Master,CDD,11,"Formation continue, Épargne entreprise, Télétravail partiel",104000,"Report Writing, Project Management, Arabic/French Bilingual, Microsoft Office, Team Leadership",5,8
Production Supervisor,Barbier SPA,Operations,Junior,2025-04-01,2025-05-26,Tourism & Hospitality,In Salah,Licence,Freelance,10,"Épargne entreprise, Formation continue, Télétravail partiel",30000,"Project Management, Arabic/French Bilingual, Microsoft Office, Report Writing, Team Leadership",5,12
General Director,CNAN,Islamic Finance,Mid,2025-03-28,2025-05-08,Banking & Finance,Béchar,Ingénieur d'État,Freelance,6,"Formation continue, Assurance maladie, Crèche d'entreprise",58000,"Risk Sharing Models, Sukuk Structuring, Murabaha Transactions, Islamic Banking Products, Sharia Compliance, Takaful Operations",1,8
Operations Manager,Barbier SPA,Operations,Junior,2025-03-28,2025-05-07,Tourism & Hospitality,Tindouf,Master,Stage,10,"Tickets restaurant, Voiture de fonction, Crèche d'entreprise",118000,"Team Leadership, Microsoft Office, Report Writing, Project Management, Arabic/French Bilingual",1,12
Logistics Coordinator,Cosider,Operations,Chief,2025-04-07,2025-06-04,Mining,Chlef,Ingénieur d'État,Alternance,2,"Formation continue, Crèche d'entreprise, Télétravail partiel",40000,"Microsoft Office, Team Leadership, Arabic/French Bilingual, Project Management, Report Writing",3,3
General Director,Ruiz SARL,Vocational Training,Chief,2025-03-30,2025-06-01,Education,Djanet,Ingénieur d'État,CDI,10,"Tickets restaurant, Télétravail partiel, Épargne entreprise",149000,"Arabic/French Bilingual, Microsoft Office, Report Writing, Team Leadership, Project Management",5,15
Department Director,Cevital Agro-Industry,Export Operations,Chief,2025-04-03,2025-05-25,Agriculture,Tlemcen,Doctorat,Freelance,8,"Voiture de fonction, Télétravail partiel, Crèche d'entreprise",102000,"Arabic/French Bilingual, Project Management, Microsoft Office, Team Leadership, Report Writing",0,7
Operations Manager,Pereira SARL,General Management,Lead,2025-04-04,2025-06-01,Construction,Naama,Ingénieur d'État,Alternance,5,"Tickets restaurant, Assurance maladie, Voiture de fonction",103000,"Microsoft Office, Project Management, Arabic/French Bilingual, Report Writing, Team Leadership",2,5
Operations Manager,BNA,Investment Management,Senior,2025-04-03,2025-06-08,Banking & Finance,Tébessa,Master,CDI,15,"Crèche d'entreprise, Télétravail partiel, Épargne entreprise",32000,"Microsoft Office, Team Leadership, Project Management, Report Writing, Arabic/French Bilingual",0,7
Facilities Manager,Naftal,Operations,Junior,2025-04-01,2025-05-09,Tourism & Hospitality,Tlemcen,Doctorat,Stage,10,"Assurance maladie, Crèche d'entreprise, Télétravail partiel",128000,"Arabic/French Bilingual, Project Management, Microsoft Office, Report Writing, Team Leadership",3,4
Department Director,Barbier SPA,Irrigation Technology,Senior,2025-04-15,2025-05-23,Agriculture,Saïda,Master,CDD,8,"Crèche d'entreprise, Voiture de fonction, Assurance maladie",54000,"Team Leadership, Microsoft Office, Project Management, Arabic/French Bilingual, Report Writing",3,12
Administrative Manager,Louis SARL,General Management,Senior,2025-04-14,2025-06-10,Transport & Logistics,Tamanrasset,Bac,Stage,4,"Télétravail partiel, Tickets restaurant, Prime de performance",118000,"Team Leadership, Arabic/French Bilingual, Microsoft Office, Report Writing, Project Management",4,4
Operations Manager,Maillard S.A. SPA,Medical Research,Senior,2025-04-02,2025-06-14,Healthcare,Algiers,Ingénieur d'État,Stage,6,"Télétravail partiel, Tickets restaurant, Crèche d'entreprise",59000,"Epidemiology, Clinical Trials, Biostatistics, Laboratory Management, Research Ethics, Medical Writing, Regulatory Affairs",4,13
QA Engineer,Roux SARL SPA,Software Development,Mid,2025-04-24,2025-07-01,Information Technology,Ghardaïa,Licence,Stage,5,"Tickets restaurant, Assurance maladie, Prime de performance",138000,"Git, REST APIs, .NET, Microservices, CI/CD Pipelines, Spring Boot, Java, Django",1,13
Team Leader,Seguin et Fils EURL,General Management,Junior,2025-04-07,2025-06-17,Fisheries,Skikda,Bac,CDI,2,"Épargne entreprise, Formation continue, Télétravail partiel",50000,"Microsoft Office, Team Leadership, Arabic/French Bilingual, Project Management, Report Writing",0,10
General Director,Lévêque SARL,General Management,Junior,2025-04-15,2025-05-30,Manufacturing,Algiers,Doctorat,Stage,14,"Épargne entreprise, Prime de performance, Voiture de fonction",131000,"Microsoft Office, Arabic/French Bilingual, Team Leadership, Project Management, Report Writing",5,15
Production Supervisor,Lucas SPA,Operations,Senior,2025-04-04,2025-06-06,Fisheries,Skikda,Ingénieur d'État,CDD,15,"Épargne entreprise, Crèche d'entreprise, Tickets restaurant",150000,"Microsoft Office, Team Leadership, Arabic/French Bilingual, Project Management, Report Writing",4,3
Operations Manager,Delmas et Fils EURL,Retail Banking,Mid,2025-04-20,2025-06-19,Banking & Finance,In Salah,Master,CDD,2,"Tickets restaurant, Assurance maladie, Formation continue",140000,"Team Leadership, Project Management, Microsoft Office, Report Writing, Arabic/French Bilingual",4,4
Project Manager,Pichon Maury S.A.S. SPA,General Management,Mid,2025-03-30,2025-06-11,Pharmaceuticals,Oran,Bac,Alternance,8,"Épargne entreprise, Tickets restaurant, Formation continue",94000,"Project Management, Arabic/French Bilingual, Microsoft Office, Report Writing, Team Leadership",3,11
Operations Manager,Boulanger S.A. SPA,Operations,Chief,2025-04-19,2025-06-28,Pharmaceuticals,El Oued,Master,CDD,11,"Voiture de fonction, Prime de performance, Tickets restaurant",74000,"Team Leadership, Report Writing, Arabic/French Bilingual, Project Management, Microsoft Office",4,7
Operations Manager,SNVI,General Management,Chief,2025-03-26,2025-06-06,Telecommunications,Naama,Licence,Freelance,6,"Formation continue, Prime de performance, Crèche d'entreprise",105000,"Microsoft Office, Project Management, Arabic/French Bilingual, Report Writing, Team Leadership",5,6
Administrative Manager,Rodrigues EURL,General Management,Chief,2025-04-16,2025-07-13,Transport & Logistics,Béchar,Licence,CDD,1,"Télétravail partiel, Prime de performance, Épargne entreprise",80000,"Report Writing, Project Management, Team Leadership, Arabic/French Bilingual, Microsoft Office",0,10
Operations Manager,Gérard S.A.S. SARL,Higher Education,Mid,2025-04-15,2025-05-27,Education,Tébessa,Ingénieur d'État,CDD,12,"Voiture de fonction, Crèche d'entreprise, Épargne entreprise",75000,"Project Management, Arabic/French Bilingual, Microsoft Office, Report Writing, Team Leadership",5,9
Logistics Coordinator,Schmitt SARL EURL,Operations,Senior,2025-04-11,2025-06-08,Pharmaceuticals,Blida,Ingénieur d'État,Alternance,13,"Assurance maladie, Prime de performance, Télétravail partiel",72000,"Project Management, Microsoft Office, Report Writing, Team Leadership, Arabic/French Bilingual",1,6
General Director,CNAN,General Management,Lead,2025-04-18,2025-05-26,Media & Entertainment,El Oued,Ingénieur d'État,CDD,7,"Assurance maladie, Formation continue, Télétravail partiel",113000,"Team Leadership, Report Writing, Project Management, Microsoft Office, Arabic/French Bilingual",0,15
Project Manager,Loiseau et Fils EURL,General Management,Chief,2025-04-09,2025-06-18,Transport & Logistics,Tiaret,Licence,CDD,6,"Crèche d'entreprise, Épargne entreprise, Voiture de fonction",54000,"Report Writing, Microsoft Office, Team Leadership, Project Management, Arabic/French Bilingual",0,10
Facilities Manager,Maurice EURL,Operations,Junior,2025-03-31,2025-06-17,Transport & Logistics,Sétif,Bac,Alternance,15,"Crèche d'entreprise, Assurance maladie, Prime de performance",31000,"Team Leadership, Microsoft Office, Arabic/French Bilingual, Report Writing, Project Management",1,12
Business Intelligence Analyst,Duhamel S.A.R.L. SPA,Data Science & AI,Senior,2025-04-08,2025-06-03,Information Technology,Tlemcen,Licence,Stage,7,"Voiture de fonction, Tickets restaurant, Épargne entreprise",147000,"Report Writing, Team Leadership, Project Management, Arabic/French Bilingual, Microsoft Office",1,13
Machine Learning Engineer,Sofiane Pharma,Data Science & AI,Mid,2025-04-01,2025-05-24,Information Technology,El Oued,Doctorat,Freelance,8,"Épargne entreprise, Assurance maladie, Voiture de fonction",47000,"Team Leadership, Report Writing, Microsoft Office, Arabic/French Bilingual, Project Management",4,10
Operations Manager,Sanchez SARL EURL,Operations,Lead,2025-04-11,2025-05-25,E-Commerce,Adrar,Doctorat,Alternance,9,"Crèche d'entreprise, Assurance maladie, Télétravail partiel",64000,"Project Management, Arabic/French Bilingual, Report Writing, Team Leadership, Microsoft Office",4,12
Logistics Coordinator,Roux SARL SPA,Operations,Chief,2025-04-08,2025-06-10,E-Commerce,Tamanrasset,Ingénieur d'État,CDI,8,"Formation continue, Prime de performance, Voiture de fonction",92000,"Arabic/French Bilingual, Microsoft Office, Report Writing, Team Leadership, Project Management",0,7
Department Director,Maurice Hoareau et Fils SPA,Agronomy Research,Senior,2025-04-23,2025-06-05,Agriculture,Tébessa,Doctorat,CDD,5,"Épargne entreprise, Assurance maladie, Tickets restaurant",115000,"Report Writing, Microsoft Office, Project Management, Team Leadership, Arabic/French Bilingual",3,6
Administrative Manager,Buisson SPA,General Management,Lead,2025-03-28,2025-05-23,Pharmaceuticals,Oran,Master,Freelance,5,"Télétravail partiel, Voiture de fonction, Formation continue",108000,"Arabic/French Bilingual, Microsoft Office, Report Writing, Project Management, Team Leadership",5,4
Project Manager,Besnard SARL SPA,Export Operations,Lead,2025-04-22,2025-07-01,Agriculture,El Tarf,Licence,Stage,4,"Formation continue, Prime de performance, Assurance maladie",115000,"Project Management, Team Leadership, Arabic/French Bilingual, Microsoft Office, Report Writing",1,3
Supply Chain Manager,Loiseau et Fils EURL,Operations,Mid,2025-04-03,2025-06-25,Aerospace & Defense,Tindouf,Ingénieur d'État,CDI,15,"Épargne entreprise, Formation continue, Voiture de fonction",97000,"Project Management, Team Leadership, Microsoft Office, Report Writing, Arabic/French Bilingual",4,3
Logistics Coordinator,Pascal EURL,Operations,Senior,2025-04-12,2025-06-25,Renewable Energy,Djanet,Doctorat,CDI,9,"Formation continue, Assurance maladie, Prime de performance",30000,"Report Writing, Arabic/French Bilingual, Team Leadership, Microsoft Office, Project Management",0,15
Team Leader,Lucas EURL,Sustainable Farming,Lead,2025-04-07,2025-07-03,Agriculture,El Oued,Bac,CDI,6,"Crèche d'entreprise, Télétravail partiel, Assurance maladie",108000,"Organic Certification, Agroecology, Permaculture Design, Precision Agriculture, Soil Health Management, Water Conservation",2,11
Administrative Manager,Philippe Dias SARL EURL,General Management,Mid,2025-03-28,2025-05-11,Renewable Energy,Biskra,Master,CDD,11,"Tickets restaurant, Télétravail partiel, Formation continue",88000,"Arabic/French Bilingual, Report Writing, Team Leadership, Project Management, Microsoft Office",3,10
Operations Manager,BNA,General Management,Lead,2025-04-02,2025-06-23,Retail,Algiers,Master,CDD,3,"Crèche d'entreprise, Épargne entreprise, Voiture de fonction",86000,"Team Leadership, Report Writing, Microsoft Office, Project Management, Arabic/French Bilingual",4,12
Team Leader,Barbier SPA,General Management,Junior,2025-04-10,2025-06-10,Retail,Annaba,Master,Freelance,9,"Tickets restaurant, Crèche d'entreprise, Voiture de fonction",129000,"Microsoft Office, Team Leadership, Arabic/French Bilingual, Report Writing, Project Management",2,12
Facilities Manager,Guérin Dumas S.A. SPA,Operations,Mid,2025-04-09,2025-06-27,Public Sector,Tizi Ouzou,Bac,CDI,15,"Télétravail partiel, Formation continue, Tickets restaurant",146000,"Project Management, Report Writing, Team Leadership, Microsoft Office, Arabic/French Bilingual",1,12
Operations Manager,Garcia EURL,Retail Banking,Senior,2025-04-24,2025-06-03,Banking & Finance,Ouargla,Bac,Freelance,14,"Voiture de fonction, Tickets restaurant, Télétravail partiel",52000,"Report Writing, Arabic/French Bilingual, Microsoft Office, Team Leadership, Project Management",0,10
Operations Manager,Maillard S.A. SPA,General Management,Lead,2025-04-21,2025-07-03,Tourism & Hospitality,Ouargla,Licence,Freelance,15,"Télétravail partiel, Formation continue, Épargne entreprise",45000,"Report Writing, Microsoft Office, Team Leadership, Arabic/French Bilingual, Project Management",4,9
Penetration Tester,Sanchez SARL EURL,Cybersecurity,Junior,2025-04-19,2025-06-11,Information Technology,El Tarf,Licence,CDD,15,"Prime de performance, Télétravail partiel, Crèche d'entreprise",129000,"Network Security, SOC Operations, Cryptography, SIEM Tools, Incident Response, GDPR Compliance, Firewall Configuration, Ethical Hacking",0,3
Operations Manager,Ollivier Becker S.A.R.L. SPA,Operations,Junior,2025-04-05,2025-06-21,Fisheries,Aïn Témouchent,Bac,CDI,10,"Voiture de fonction, Prime de performance, Épargne entreprise",40000,"Arabic/French Bilingual, Team Leadership, Project Management, Microsoft Office, Report Writing",3,12
Logistics Coordinator,CNAN,Operations,Senior,2025-03-27,2025-05-16,Retail,Mostaganem,Licence,Stage,4,"Crèche d'entreprise, Assurance maladie, Épargne entreprise",148000,"Report Writing, Microsoft Office, Arabic/French Bilingual, Team Leadership, Project Management",0,13
Logistics Coordinator,Lucas SPA,Operations,Mid,2025-03-28,2025-06-04,Aerospace & Defense,M'sila,Master,CDD,15,"Formation continue, Crèche d'entreprise, Prime de performance",39000,"Microsoft Office, Team Leadership, Report Writing, Project Management, Arabic/French Bilingual",3,3
Operations Manager,Bigot Henry SARL EURL,Operations,Mid,2025-04-18,2025-06-26,Public Sector,Blida,Ingénieur d'État,Stage,8,"Formation continue, Épargne entreprise, Prime de performance",74000,"Arabic/French Bilingual, Report Writing, Project Management, Team Leadership, Microsoft Office",2,14
Team Leader,Marchal S.A.S. SPA,Higher Education,Chief,2025-04-21,2025-05-31,Education,Algiers,Licence,CDI,9,"Formation continue, Voiture de fonction, Crèche d'entreprise",125000,"Report Writing, Project Management, Microsoft Office, Arabic/French Bilingual, Team Leadership",5,8
Production Supervisor,Camus S.A.R.L. SARL,Operations,Chief,2025-03-31,2025-05-24,Public Sector,Tlemcen,Doctorat,Stage,11,"Crèche d'entreprise, Formation continue, Assurance maladie",51000,"Team Leadership, Arabic/French Bilingual, Microsoft Office, Project Management, Report Writing",4,7
Department Director,Roux SARL SPA,International Relations,Junior,2025-04-08,2025-06-23,Education,Oran,Bac,CDI,3,"Prime de performance, Formation continue, Assurance maladie",58000,"Microsoft Office, Arabic/French Bilingual, Report Writing, Project Management, Team Leadership",5,5
Facilities Manager,Diaz SARL SARL,Operations,Junior,2025-04-20,2025-06-07,Tourism & Hospitality,Chlef,Doctorat,Alternance,13,"Télétravail partiel, Assurance maladie, Épargne entreprise",49000,"Project Management, Team Leadership, Report Writing, Microsoft Office, Arabic/French Bilingual",0,13
Operations Manager,Lucas EURL,General Management,Mid,2025-04-01,2025-05-13,E-Commerce,Tamanrasset,Ingénieur d'État,Stage,12,"Formation continue, Assurance maladie, Voiture de fonction",74000,"Arabic/French Bilingual, Project Management, Team Leadership, Report Writing, Microsoft Office",5,5
General Director,Pereira SARL,Retail Banking,Junior,2025-04-22,2025-07-20,Banking & Finance,Blida,Master,Stage,5,"Formation continue, Assurance maladie, Épargne entreprise",47000,"Arabic/French Bilingual, Project Management, Report Writing, Microsoft Office, Team Leadership",0,15
Supply Chain Manager,Loiseau et Fils EURL,Operations,Senior,2025-04-22,2025-06-19,Renewable Energy,In Salah,Ingénieur d'État,Freelance,14,"Prime de performance, Voiture de fonction, Assurance maladie",57000,"Project Management, Arabic/French Bilingual, Report Writing, Microsoft Office, Team Leadership",5,5
Project Manager,Sauvage SARL,General Management,Junior,2025-03-29,2025-06-17,Aerospace & Defense,Tébessa,Bac,CDI,12,"Voiture de fonction, Télétravail partiel, Crèche d'entreprise",132000,"Project Management, Report Writing, Microsoft Office, Team Leadership, Arabic/French Bilingual",4,12
General Director,Gautier SARL,Pharmaceutical Development,Senior,2025-04-21,2025-07-01,Healthcare,Mostaganem,Master,CDD,2,"Prime de performance, Télétravail partiel, Voiture de fonction",55000,"Report Writing, Microsoft Office, Arabic/French Bilingual, Team Leadership, Project Management",3,12
Supply Chain Manager,Philippe Dias SARL EURL,Operations,Lead,2025-04-18,2025-06-21,Telecommunications,Constantine,Ingénieur d'État,CDD,14,"Voiture de fonction, Prime de performance, Assurance maladie",97000,"Microsoft Office, Arabic/French Bilingual, Report Writing, Project Management, Team Leadership",2,4
Logistics Coordinator,Diaz SARL SARL,Operations,Mid,2025-03-29,2025-05-30,Public Sector,Ouargla,Doctorat,CDI,6,"Formation continue, Assurance maladie, Crèche d'entreprise",97000,"Project Management, Arabic/French Bilingual, Report Writing, Microsoft Office, Team Leadership",2,14
Administrative Manager,Algérie Télécom,Higher Education,Chief,2025-04-06,2025-06-01,Education,Chlef,Licence,Freelance,14,"Voiture de fonction, Prime de performance, Assurance maladie",53000,"Microsoft Office, Arabic/French Bilingual, Project Management, Report Writing, Team Leadership",2,6
Operations Manager,Lebreton EURL,Operations,Junior,2025-04-08,2025-06-01,Aerospace & Defense,Adrar,Doctorat,CDD,13,"Voiture de fonction, Télétravail partiel, Assurance maladie",63000,"Arabic/French Bilingual, Team Leadership, Microsoft Office, Report Writing, Project Management",2,3
Project Manager,Buisson SPA,General Management,Lead,2025-04-24,2025-06-22,Transport & Logistics,Mostaganem,Ingénieur d'État,CDI,5,"Crèche d'entreprise, Assurance maladie, Voiture de fonction",80000,"Microsoft Office, Arabic/French Bilingual, Report Writing, Team Leadership, Project Management",0,12
General Director,Air Algérie,General Management,Lead,2025-04-20,2025-05-29,Tourism & Hospitality,Annaba,Licence,Stage,8,"Télétravail partiel, Formation continue, Assurance maladie",44000,"Project Management, Arabic/French Bilingual, Microsoft Office, Report Writing, Team Leadership",4,7
Geologist,Naftal,Exploration & Production,Lead,2025-04-20,2025-06-02,Energy & Petroleum,Naama,Doctorat,CDD,3,"Prime de performance, Télétravail partiel, Crèche d'entreprise",116000,"Petrel Software, Drilling Optimization, HYSYS, Well Logging, Reservoir Simulation, Enhanced Oil Recovery, Geological Modeling",3,14
Supply Chain Manager,CNAN,Operations,Chief,2025-04-17,2025-07-16,Tourism & Hospitality,Laghouat,Doctorat,Alternance,2,"Assurance maladie, Épargne entreprise, Tickets restaurant",53000,"Team Leadership, Project Management, Microsoft Office, Arabic/French Bilingual, Report Writing",2,3
Refinery Manager,Duhamel S.A.R.L. SPA,Refining & Processing,Junior,2025-03-31,2025-06-20,Energy & Petroleum,Tindouf,Licence,CDD,11,"Prime de performance, Télétravail partiel, Assurance maladie",61000,"Team Leadership, Report Writing, Project Management, Microsoft Office, Arabic/French Bilingual",4,8
General Director,ENIE,General Management,Chief,2025-04-09,2025-05-21,Pharmaceuticals,Ghardaïa,Master,CDD,8,"Prime de performance, Formation continue, Télétravail partiel",108000,"Report Writing, Microsoft Office, Arabic/French Bilingual, Team Leadership, Project Management",5,14
Project Manager,Sanchez SARL EURL,General Management,Senior,2025-04-20,2025-07-01,Media & Entertainment,Algiers,Bac,CDI,9,"Crèche d'entreprise, Télétravail partiel, Voiture de fonction",49000,"Microsoft Office, Team Leadership, Project Management, Report Writing, Arabic/French Bilingual",5,12
General Director,Boulanger S.A. SPA,General Management,Mid,2025-04-15,2025-06-11,Transport & Logistics,Laghouat,Bac,CDD,13,"Assurance maladie, Voiture de fonction, Épargne entreprise",32000,"Project Management, Team Leadership, Arabic/French Bilingual, Report Writing, Microsoft Office",5,9
Operations Manager,Delmas S.A. EURL,Operations,Chief,2025-04-20,2025-06-11,Retail,Tindouf,Bac,CDD,11,"Crèche d'entreprise, Voiture de fonction, Prime de performance",64000,"Microsoft Office, Project Management, Arabic/French Bilingual, Team Leadership, Report Writing",3,4
General Director,Ruiz SARL,General Management,Chief,2025-03-30,2025-06-27,Manufacturing,Tamanrasset,Doctorat,CDI,5,"Épargne entreprise, Tickets restaurant, Formation continue",53000,"Project Management, Team Leadership, Report Writing, Microsoft Office, Arabic/French Bilingual",2,7
Logistics Coordinator,Boulanger S.A. SPA,Operations,Senior,2025-04-23,2025-06-28,Fisheries,Ghardaïa,Bac,CDD,15,"Assurance maladie, Crèche d'entreprise, Épargne entreprise",45000,"Team Leadership, Microsoft Office, Arabic/French Bilingual, Project Management, Report Writing",3,4
Logistics Coordinator,Boulanger S.A. SPA,Operations,Junior,2025-03-30,2025-05-23,Fisheries,Illizi,Master,CDD,9,"Télétravail partiel, Tickets restaurant, Voiture de fonction",84000,"Microsoft Office, Team Leadership, Report Writing, Project Management, Arabic/French Bilingual",2,13
Administrative Manager,Sanchez SARL EURL,Export Operations,Senior,2025-04-19,2025-07-09,Agriculture,El Oued,Master,Freelance,3,"Prime de performance, Assurance maladie, Épargne entreprise",34000,"Project Management, Team Leadership, Microsoft Office, Arabic/French Bilingual, Report Writing",3,3
Team Leader,Algérie Télécom,E-Learning Platforms,Mid,2025-04-17,2025-07-14,Education,Ghardaïa,Bac,CDI,5,"Tickets restaurant, Prime de performance, Épargne entreprise",45000,"Report Writing, Arabic/French Bilingual, Project Management, Team Leadership, Microsoft Office",5,3
Mobile App Developer,Bigot Henry SARL EURL,Software Development,Chief,2025-04-02,2025-06-08,Information Technology,Batna,Master,Freelance,4,"Formation continue, Télétravail partiel, Tickets restaurant",112000,"Spring Boot, Python, Django, REST APIs, Agile Methodology, CI/CD Pipelines, Git, Microservices",0,13
Department Director,BNA,General Management,Junior,2025-04-12,2025-06-02,Aerospace & Defense,Annaba,Licence,CDI,3,"Crèche d'entreprise, Prime de performance, Tickets restaurant",134000,"Report Writing, Team Leadership, Project Management, Arabic/French Bilingual, Microsoft Office",1,10
Logistics Coordinator,Air Algérie,Operations,Mid,2025-04-02,2025-06-01,Mining,Ouargla,Master,Stage,9,"Épargne entreprise, Télétravail partiel, Tickets restaurant",103000,"Team Leadership, Microsoft Office, Project Management, Report Writing, Arabic/French Bilingual",4,11
Team Leader,Besnard SARL SPA,General Management,Chief,2025-04-21,2025-05-31,Tourism & Hospitality,Annaba,Bac,CDD,11,"Tickets restaurant, Télétravail partiel, Prime de performance",110000,"Arabic/French Bilingual, Project Management, Report Writing, Microsoft Office, Team Leadership",2,13
Operations Manager,Gauthier SARL,FinTech Innovation,Mid,2025-03-26,2025-06-23,Banking & Finance,Mostaganem,Master,CDI,15,"Crèche d'entreprise, Formation continue, Assurance maladie",36000,"Team Leadership, Project Management, Microsoft Office, Report Writing, Arabic/French Bilingual",2,10
Team Leader,CNAN,General Management,Chief,2025-04-04,2025-07-02,Aerospace & Defense,Jijel,Bac,Alternance,9,"Voiture de fonction, Prime de performance, Télétravail partiel",122000,"Arabic/French Bilingual, Report Writing, Microsoft Office, Project Management, Team Leadership",2,7
iOS Developer,Algérie Télécom,Mobile Development,Lead,2025-04-05,2025-06-14,Information Technology,Batna,Licence,Freelance,7,"Prime de performance, Épargne entreprise, Assurance maladie",119000,"Arabic/French Bilingual, Report Writing, Team Leadership, Microsoft Office, Project Management",4,10
Supply Chain Manager,Sonatrach,Operations,Mid,2025-04-18,2025-07-12,Pharmaceuticals,Saïda,Ingénieur d'État,Alternance,13,"Formation continue, Crèche d'entreprise, Prime de performance",36000,"Microsoft Office, Team Leadership, Project Management, Report Writing, Arabic/French Bilingual",3,11
Production Supervisor,Cosider,Operations,Chief,2025-04-13,2025-06-14,Renewable Energy,Annaba,Bac,Stage,2,"Crèche d'entreprise, Prime de performance, Télétravail partiel",106000,"Microsoft Office, Team Leadership, Arabic/French Bilingual, Report Writing, Project Management",3,15
General Director,Sanchez SARL EURL,Sustainable Farming,Junior,2025-04-19,2025-06-04,Agriculture,Djanet,Doctorat,CDD,9,"Épargne entreprise, Tickets restaurant, Assurance maladie",46000,"Permaculture Design, Water Conservation, Soil Health Management, Precision Agriculture, Agroecology, Organic Certification",0,4
Data Scientist,SNVI,Data Science & AI,Mid,2025-03-30,2025-06-26,Information Technology,Jijel,Doctorat,Freelance,13,"Prime de performance, Formation continue, Tickets restaurant",137000,"Arabic/French Bilingual, Team Leadership, Report Writing, Project Management, Microsoft Office",5,12
Operations Manager,Delmas et Fils EURL,General Management,Lead,2025-04-19,2025-06-26,Manufacturing,Béchar,Master,Freelance,15,"Assurance maladie, Épargne entreprise, Prime de performance",100000,"Project Management, Team Leadership, Report Writing, Microsoft Office, Arabic/French Bilingual",4,5
Department Director,Bernard Petitjean SA SPA,General Management,Lead,2025-04-10,2025-05-21,Fisheries,Batna,Licence,CDI,10,"Assurance maladie, Formation continue, Épargne entreprise",52000,"Arabic/French Bilingual, Team Leadership, Project Management, Report Writing, Microsoft Office",1,7
Operations Manager,Diaz SARL SARL,Operations,Junior,2025-04-14,2025-06-02,Media & Entertainment,Timimoun,Master,CDD,5,"Tickets restaurant, Assurance maladie, Crèche d'entreprise",99000,"Team Leadership, Arabic/French Bilingual, Microsoft Office, Project Management, Report Writing",4,3
Technical Support Engineer,Pichon Maury S.A.S. SPA,IT Support,Mid,2025-03-29,2025-05-08,Information Technology,Timimoun,Master,Alternance,11,"Tickets restaurant, Assurance maladie, Prime de performance",114000,"Project Management, Team Leadership, Report Writing, Microsoft Office, Arabic/French Bilingual",3,3
Project Manager,Loiseau et Fils EURL,E-Learning Platforms,Mid,2025-04-22,2025-07-18,Education,El Oued,Licence,Freelance,5,"Télétravail partiel, Prime de performance, Épargne entreprise",93000,"Team Leadership, Project Management, Microsoft Office, Report Writing, Arabic/French Bilingual",4,15
Project Manager,Boutin S.A. SARL,Irrigation Technology,Senior,2025-04-05,2025-06-29,Agriculture,Biskra,Ingénieur d'État,Freelance,14,"Crèche d'entreprise, Voiture de fonction, Épargne entreprise",140000,"Microsoft Office, Report Writing, Project Management, Arabic/French Bilingual, Team Leadership",4,9
Project Manager,Gérard S.A.S. SARL,Clinical Operations,Lead,2025-04-09,2025-06-01,Healthcare,M'sila,Bac,Alternance,1,"Télétravail partiel, Formation continue, Assurance maladie",25000,"Arabic/French Bilingual, Report Writing, Project Management, Microsoft Office, Team Leadership",0,14
Operations Manager,Gautier SARL,Higher Education,Lead,2025-04-01,2025-05-27,Education,Oran,Doctorat,Freelance,6,"Prime de performance, Assurance maladie, Épargne entreprise",127000,"Microsoft Office, Arabic/French Bilingual, Team Leadership, Project Management, Report Writing",4,12
General Director,Mahe Boyer S.A.R.L. SARL,General Management,Lead,2025-04-13,2025-06-28,Renewable Energy,Ghardaïa,Licence,CDD,8,"Tickets restaurant, Crèche d'entreprise, Formation continue",52000,"Arabic/French Bilingual, Team Leadership, Project Management, Microsoft Office, Report Writing",3,7
Supply Chain Manager,Roux SARL SPA,Operations,Senior,2025-03-26,2025-05-19,Aerospace & Defense,Skikda,Licence,Freelance,13,"Crèche d'entreprise, Épargne entreprise, Voiture de fonction",58000,"Report Writing, Project Management, Microsoft Office, Arabic/French Bilingual, Team Leadership",2,14
Operations Manager,Rodrigues EURL,General Management,Mid,2025-04-19,2025-06-25,Pharmaceuticals,Mostaganem,Licence,Alternance,2,"Assurance maladie, Tickets restaurant, Crèche d'entreprise",85000,"Report Writing, Arabic/French Bilingual, Team Leadership, Project Management, Microsoft Office",5,13
Supply Chain Manager,Lévêque SARL,Operations,Mid,2025-04-20,2025-05-29,Renewable Energy,M'sila,Doctorat,CDD,5,"Télétravail partiel, Assurance maladie, Formation continue",48000,"Report Writing, Team Leadership, Project Management, Arabic/French Bilingual, Microsoft Office",3,15
Project Manager,SNVI,Research & Development,Mid,2025-04-09,2025-05-23,Education,Tamanrasset,Doctorat,CDD,3,"Tickets restaurant, Épargne entreprise, Crèche d'entreprise",95000,"Microsoft Office, Report Writing, Team Leadership, Project Management, Arabic/French Bilingual",4,10
Supply Chain Manager,Sofiane Pharma,Operations,Mid,2025-04-07,2025-05-20,Pharmaceuticals,Batna,Licence,Alternance,7,"Télétravail partiel, Prime de performance, Crèche d'entreprise",64000,"Report Writing, Microsoft Office, Arabic/French Bilingual, Team Leadership, Project Management",2,8
Administrative Manager,Cosider,General Management,Senior,2025-04-09,2025-06-03,Mining,M'sila,Ingénieur d'État,Alternance,2,"Épargne entreprise, Formation continue, Crèche d'entreprise",53000,"Team Leadership, Report Writing, Project Management, Microsoft Office, Arabic/French Bilingual",5,7
Administrative Manager,Mahe Boyer S.A.R.L. SARL,Higher Education,Chief,2025-04-19,2025-06-14,Education,Timimoun,Master,CDD,11,"Épargne entreprise, Tickets restaurant, Assurance maladie",101000,"Report Writing, Project Management, Arabic/French Bilingual, Microsoft Office, Team Leadership",2,11
Supply Chain Manager,Ollivier Becker S.A.R.L. SPA,Operations,Senior,2025-04-01,2025-06-03,Aerospace & Defense,Naama,Ingénieur d'État,Alternance,6,"Épargne entreprise, Crèche d'entreprise, Formation continue",90000,"Report Writing, Project Management, Arabic/French Bilingual, Team Leadership, Microsoft Office",1,4
Administrative Manager,Algérie Télécom,General Management,Junior,2025-04-11,2025-06-09,Transport & Logistics,Skikda,Bac,Stage,15,"Voiture de fonction, Télétravail partiel, Crèche d'entreprise",118000,"Report Writing, Project Management, Team Leadership, Microsoft Office, Arabic/French Bilingual",5,8
Facilities Manager,Air Algérie,Operations,Junior,2025-03-30,2025-06-23,Telecommunications,El Oued,Ingénieur d'État,Alternance,14,"Assurance maladie, Crèche d'entreprise, Télétravail partiel",117000,"Microsoft Office, Report Writing, Arabic/French Bilingual, Project Management, Team Leadership",2,11
Safety Inspector,Algérie Télécom,"HSE (Health, Safety, Environment)",Junior,2025-03-30,2025-06-26,Energy & Petroleum,Tlemcen,Bac,Alternance,1,"Formation continue, Voiture de fonction, Tickets restaurant",29000,"Arabic/French Bilingual, Microsoft Office, Team Leadership, Report Writing, Project Management",5,13
Facilities Manager,Besnard SARL SPA,Operations,Senior,2025-04-12,2025-06-06,Mining,Batna,Doctorat,Stage,12,"Assurance maladie, Formation continue, Télétravail partiel",123000,"Microsoft Office, Project Management, Arabic/French Bilingual, Team Leadership, Report Writing",0,5
Production Supervisor,Gomez SARL,Operations,Mid,2025-04-23,2025-06-05,E-Commerce,Batna,Ingénieur d'État,Alternance,8,"Crèche d'entreprise, Télétravail partiel, Formation continue",96000,"Microsoft Office, Report Writing, Project Management, Arabic/French Bilingual, Team Leadership",0,13
Department Director,Mahe Boyer S.A.R.L. SARL,General Management,Junior,2025-04-18,2025-06-30,Renewable Energy,Aïn Témouchent,Doctorat,CDI,15,"Crèche d'entreprise, Prime de performance, Assurance maladie",99000,"Report Writing, Team Leadership, Project Management, Arabic/French Bilingual, Microsoft Office",2,15
Administrative Manager,Roux SARL SPA,International Relations,Lead,2025-04-06,2025-05-27,Education,Algiers,Bac,CDI,8,"Assurance maladie, Tickets restaurant, Épargne entreprise",149000,"Team Leadership, Microsoft Office, Arabic/French Bilingual, Project Management, Report Writing",0,5
Supply Chain Manager,Philippe Dias SARL EURL,Operations,Senior,2025-03-30,2025-06-04,Construction,Oran,Ingénieur d'État,Stage,6,"Épargne entreprise, Crèche d'entreprise, Tickets restaurant",116000,"Report Writing, Team Leadership, Microsoft Office, Arabic/French Bilingual, Project Management",0,11
General Director,Besnard SARL SPA,Investment Management,Lead,2025-04-09,2025-05-23,Banking & Finance,Chlef,Licence,Alternance,2,"Assurance maladie, Télétravail partiel, Épargne entreprise",67000,"Arabic/French Bilingual, Microsoft Office, Report Writing, Team Leadership, Project Management",2,9
Project Manager,Barbier Guillot S.A.R.L. SPA,Accounting & Auditing,Mid,2025-03-26,2025-06-09,Banking & Finance,Adrar,Doctorat,Alternance,14,"Assurance maladie, Voiture de fonction, Formation continue",78000,"Arabic/French Bilingual, Project Management, Team Leadership, Microsoft Office, Report Writing",5,9
Security Operations Specialist,Loiseau et Fils EURL,Cybersecurity,Chief,2025-04-03,2025-05-15,Information Technology,Biskra,Licence,Alternance,2,"Voiture de fonction, Crèche d'entreprise, Formation continue",128000,"Firewall Configuration, SOC Operations, Network Security, Ethical Hacking, Incident Response, GDPR Compliance, SIEM Tools, Cryptography",1,10
Administrative Manager,SNVI,Sustainable Farming,Lead,2025-04-09,2025-05-28,Agriculture,Skikda,Bac,Freelance,15,"Formation continue, Crèche d'entreprise, Prime de performance",137000,"Permaculture Design, Water Conservation, Organic Certification, Soil Health Management, Agroecology, Precision Agriculture",2,13
Operations Manager,Seguin et Fils EURL,Operations,Mid,2025-04-09,2025-07-03,Renewable Energy,Sétif,Licence,Stage,11,"Épargne entreprise, Assurance maladie, Télétravail partiel",67000,"Report Writing, Microsoft Office, Project Management, Arabic/French Bilingual, Team Leadership",3,11
Operations Manager,Diaz SARL SARL,General Management,Junior,2025-04-20,2025-07-09,Tourism & Hospitality,Sétif,Master,Freelance,15,"Crèche d'entreprise, Assurance maladie, Tickets restaurant",66000,"Microsoft Office, Arabic/French Bilingual, Project Management, Team Leadership, Report Writing",5,13
Project Manager,Mendès EURL,General Management,Senior,2025-04-17,2025-07-14,Retail,Blida,Bac,CDI,9,"Épargne entreprise, Télétravail partiel, Prime de performance",132000,"Project Management, Microsoft Office, Team Leadership, Report Writing, Arabic/French Bilingual",1,6
Logistics Coordinator,Barbier SPA,Operations,Lead,2025-04-08,2025-07-03,E-Commerce,Ghardaïa,Doctorat,Freelance,15,"Assurance maladie, Crèche d'entreprise, Voiture de fonction",91000,"Microsoft Office, Report Writing, Project Management, Team Leadership, Arabic/French Bilingual",3,3
Facilities Manager,Gautier SARL,Operations,Junior,2025-04-11,2025-05-26,Tourism & Hospitality,Timimoun,Licence,Stage,14,"Tickets restaurant, Crèche d'entreprise, Épargne entreprise",43000,"Arabic/French Bilingual, Microsoft Office, Report Writing, Project Management, Team Leadership",5,9
Operations Manager,Buisson SPA,Operations,Lead,2025-04-12,2025-06-24,E-Commerce,El Oued,Licence,Alternance,15,"Assurance maladie, Télétravail partiel, Voiture de fonction",66000,"Project Management, Arabic/French Bilingual, Team Leadership, Microsoft Office, Report Writing",2,15
Administrative Manager,Philippe Dias SARL EURL,General Management,Mid,2025-04-07,2025-07-06,Public Sector,Chlef,Licence,Alternance,15,"Prime de performance, Voiture de fonction, Télétravail partiel",60000,"Arabic/French Bilingual, Project Management, Team Leadership, Report Writing, Microsoft Office",4,9
Team Leader,Sonalgaz,Accounting & Auditing,Chief,2025-04-01,2025-05-31,Banking & Finance,Tébessa,Bac,CDI,6,"Épargne entreprise, Assurance maladie, Tickets restaurant",106000,"Project Management, Report Writing, Arabic/French Bilingual, Microsoft Office, Team Leadership",2,13
General Director,Djezzy,Investment Management,Lead,2025-03-31,2025-06-07,Banking & Finance,In Salah,Ingénieur d'État,CDD,4,"Télétravail partiel, Épargne entreprise, Formation continue",117000,"Report Writing, Arabic/French Bilingual, Microsoft Office, Project Management, Team Leadership",4,4
General Director,Delmas S.A. EURL,General Management,Senior,2025-04-19,2025-06-18,Renewable Energy,Adrar,Bac,Alternance,5,"Voiture de fonction, Télétravail partiel, Formation continue",89000,"Project Management, Team Leadership, Report Writing, Arabic/French Bilingual, Microsoft Office",4,5
Supply Chain Manager,Maillard S.A. SPA,Operations,Junior,2025-04-16,2025-07-04,Media & Entertainment,Djanet,Doctorat,Stage,2,"Assurance maladie, Tickets restaurant, Voiture de fonction",83000,"Team Leadership, Project Management, Report Writing, Arabic/French Bilingual, Microsoft Office",3,10
Supply Chain Manager,Barbier SPA,Operations,Chief,2025-03-29,2025-05-24,Transport & Logistics,In Salah,Ingénieur d'État,Stage,14,"Formation continue, Voiture de fonction, Tickets restaurant",108000,"Project Management, Team Leadership, Report Writing, Arabic/French Bilingual, Microsoft Office",3,11
Department Director,CEVITAL,General Management,Junior,2025-04-07,2025-05-16,Retail,Oran,Bac,Freelance,1,"Formation continue, Tickets restaurant, Crèche d'entreprise",61000,"Microsoft Office, Arabic/French Bilingual, Project Management, Report Writing, Team Leadership",2,6
Administrative Manager,ENIE,General Management,Chief,2025-03-30,2025-05-23,E-Commerce,Jijel,Licence,Alternance,6,"Formation continue, Assurance maladie, Crèche d'entreprise",72000,"Team Leadership, Microsoft Office, Project Management, Arabic/French Bilingual, Report Writing",5,6
General Director,Pereira SARL,General Management,Chief,2025-04-10,2025-07-01,Retail,Tizi Ouzou,Master,CDD,3,"Voiture de fonction, Crèche d'entreprise, Formation continue",44000,"Microsoft Office, Arabic/French Bilingual, Team Leadership, Project Management, Report Writing",4,9
Project Manager,Lefèvre Couturier S.A.R.L. EURL,General Management,Junior,2025-04-05,2025-06-04,Manufacturing,Aïn Témouchent,Doctorat,Stage,5,"Crèche d'entreprise, Télétravail partiel, Prime de performance",71000,"Project Management, Report Writing, Microsoft Office, Arabic/French Bilingual, Team Leadership",4,15
Production Supervisor,Gomez SARL,Operations,Junior,2025-04-19,2025-06-02,Aerospace & Defense,In Salah,Master,Alternance,15,"Formation continue, Crèche d'entreprise, Assurance maladie",66000,"Arabic/French Bilingual, Team Leadership, Microsoft Office, Project Management, Report Writing",1,7
Project Manager,Duhamel S.A.R.L. SPA,General Management,Mid,2025-04-08,2025-05-18,Pharmaceuticals,Biskra,Bac,Alternance,9,"Prime de performance, Télétravail partiel, Voiture de fonction",125000,"Team Leadership, Project Management, Report Writing, Microsoft Office, Arabic/French Bilingual",4,6
Project Manager,Lévêque SARL,General Management,Lead,2025-04-18,2025-06-16,Tourism & Hospitality,Béchar,Licence,CDI,3,"Télétravail partiel, Crèche d'entreprise, Assurance maladie",74000,"Team Leadership, Microsoft Office, Report Writing, Project Management, Arabic/French Bilingual",1,13
Directional Driller,Diaz SARL SARL,Drilling Operations,Junior,2025-04-17,2025-06-23,Energy & Petroleum,Naama,Doctorat,CDI,15,"Formation continue, Voiture de fonction, Tickets restaurant",37000,"Arabic/French Bilingual, Team Leadership, Report Writing, Project Management, Microsoft Office",2,13
General Director,Lucas SPA,Export Operations,Senior,2025-03-27,2025-05-24,Agriculture,Mostaganem,Licence,CDI,12,"Épargne entreprise, Assurance maladie, Crèche d'entreprise",75000,"Arabic/French Bilingual, Microsoft Office, Project Management, Team Leadership, Report Writing",5,3
Operations Manager,Garcia EURL,Operations,Mid,2025-03-26,2025-06-02,Retail,Annaba,Ingénieur d'État,Freelance,8,"Assurance maladie, Formation continue, Crèche d'entreprise",94000,"Team Leadership, Report Writing, Arabic/French Bilingual, Microsoft Office, Project Management",2,11
Administrative Manager,Roux SARL SPA,Agronomy Research,Lead,2025-04-16,2025-07-01,Agriculture,Oran,Ingénieur d'État,Alternance,9,"Assurance maladie, Prime de performance, Crèche d'entreprise",76000,"Microsoft Office, Arabic/French Bilingual, Team Leadership, Report Writing, Project Management",0,8
Facilities Manager,Bernard Petitjean SA SPA,Operations,Senior,2025-04-07,2025-06-15,Mining,Saïda,Bac,Alternance,1,"Prime de performance, Tickets restaurant, Épargne entreprise",106000,"Microsoft Office, Report Writing, Project Management, Team Leadership, Arabic/French Bilingual",4,11
General Director,Sonatrach,General Management,Lead,2025-04-24,2025-06-16,Fisheries,Laghouat,Licence,CDI,7,"Crèche d'entreprise, Assurance maladie, Télétravail partiel",136000,"Microsoft Office, Project Management, Team Leadership, Report Writing, Arabic/French Bilingual",5,13
Field Operations Manager,Pereira SARL,Exploration & Production,Junior,2025-03-27,2025-05-15,Energy & Petroleum,M'sila,Licence,Stage,12,"Voiture de fonction, Prime de performance, Assurance maladie",83000,"Petrel Software, Reservoir Simulation, Drilling Optimization, Geological Modeling, HYSYS, Well Logging, Enhanced Oil Recovery",1,11
Project Manager,Sauvage SARL,General Management,Lead,2025-03-29,2025-05-11,Transport & Logistics,Naama,Master,Freelance,15,"Formation continue, Prime de performance, Épargne entreprise",68000,"Project Management, Microsoft Office, Report Writing, Team Leadership, Arabic/French Bilingual",1,15
Operations Manager,Manadjim El Djazaïr,Agronomy Research,Chief,2025-04-14,2025-05-24,Agriculture,In Salah,Bac,Alternance,10,"Assurance maladie, Prime de performance, Épargne entreprise",146000,"Project Management, Microsoft Office, Report Writing, Arabic/French Bilingual, Team Leadership",1,7
Facilities Manager,Roux SARL SPA,Operations,Chief,2025-04-13,2025-07-01,Telecommunications,Ghardaïa,Ingénieur d'État,CDI,11,"Crèche d'entreprise, Tickets restaurant, Voiture de fonction",82000,"Report Writing, Team Leadership, Project Management, Microsoft Office, Arabic/French Bilingual",1,11
Technical Support Engineer,Ollivier Becker S.A.R.L. SPA,IT Support,Lead,2025-04-24,2025-06-13,Information Technology,Annaba,Ingénieur d'État,Freelance,5,"Assurance maladie, Voiture de fonction, Épargne entreprise",133000,"Report Writing, Arabic/French Bilingual, Project Management, Microsoft Office, Team Leadership",5,10
General Director,Djezzy,Food Processing,Junior,2025-04-24,2025-07-20,Agriculture,Djanet,Bac,Alternance,3,"Crèche d'entreprise, Assurance maladie, Tickets restaurant",117000,"Team Leadership, Project Management, Arabic/French Bilingual, Report Writing, Microsoft Office",0,8
Operations Manager,Boulanger S.A. SPA,General Management,Lead,2025-04-16,2025-06-13,Renewable Energy,Annaba,Doctorat,Freelance,9,"Assurance maladie, Télétravail partiel, Tickets restaurant",137000,"Arabic/French Bilingual, Microsoft Office, Report Writing, Project Management, Team Leadership",4,13
Operations Manager,Seguin et Fils EURL,General Management,Lead,2025-04-08,2025-06-05,Media & Entertainment,Ouargla,Doctorat,CDI,10,"Voiture de fonction, Télétravail partiel, Épargne entreprise",25000,"Arabic/French Bilingual, Project Management, Report Writing, Team Leadership, Microsoft Office",1,9
Production Supervisor,CNAN,Operations,Mid,2025-04-05,2025-05-28,Fisheries,Laghouat,Bac,CDI,13,"Tickets restaurant, Prime de performance, Épargne entreprise",109000,"Project Management, Microsoft Office, Team Leadership, Report Writing, Arabic/French Bilingual",0,13
General Director,Loiseau et Fils EURL,General Management,Senior,2025-03-29,2025-05-29,Tourism & Hospitality,Sétif,Master,Stage,13,"Tickets restaurant, Prime de performance, Formation continue",64000,"Microsoft Office, Team Leadership, Report Writing, Arabic/French Bilingual, Project Management",4,8
Process Engineer,Marchal S.A.S. SPA,Refining & Processing,Junior,2025-03-30,2025-06-23,Energy & Petroleum,Ouargla,Bac,Stage,14,"Prime de performance, Crèche d'entreprise, Voiture de fonction",98000,"Report Writing, Team Leadership, Project Management, Arabic/French Bilingual, Microsoft Office",1,12
Facilities Manager,Olivier SPA,Operations,Chief,2025-04-23,2025-07-08,Transport & Logistics,Saïda,Ingénieur d'État,Freelance,15,"Formation continue, Voiture de fonction, Télétravail partiel",59000,"Microsoft Office, Project Management, Report Writing, Team Leadership, Arabic/French Bilingual",4,6
Production Supervisor,Olivier SPA,Operations,Junior,2025-03-30,2025-05-30,Retail,El Oued,Bac,Freelance,4,"Épargne entreprise, Prime de performance, Assurance maladie",56000,"Microsoft Office, Arabic/French Bilingual, Project Management, Report Writing, Team Leadership",0,15
Facilities Manager,Pascal EURL,Operations,Junior,2025-04-15,2025-06-28,Media & Entertainment,Laghouat,Doctorat,Alternance,14,"Formation continue, Voiture de fonction, Tickets restaurant",132000,"Microsoft Office, Team Leadership, Project Management, Report Writing, Arabic/French Bilingual",1,14
Supply Chain Manager,Maillard S.A. SPA,Operations,Chief,2025-04-14,2025-06-28,Renewable Energy,Oran,Ingénieur d'État,CDI,6,"Télétravail partiel, Prime de performance, Tickets restaurant",44000,"Microsoft Office, Report Writing, Arabic/French Bilingual, Team Leadership, Project Management",3,5
Operations Manager,Guérin Dumas S.A. SPA,Sustainable Farming,Mid,2025-04-10,2025-05-17,Agriculture,Biskra,Master,Stage,14,"Assurance maladie, Télétravail partiel, Prime de performance",145000,"Precision Agriculture, Agroecology, Permaculture Design, Organic Certification, Water Conservation, Soil Health Management",2,15
General Director,Bertrand Caron SA SPA,General Management,Lead,2025-04-02,2025-06-07,E-Commerce,Blida,Doctorat,CDD,15,"Prime de performance, Télétravail partiel, Formation continue",132000,"Arabic/French Bilingual, Microsoft Office, Project Management, Report Writing, Team Leadership",3,5
Department Director,Lucas EURL,E-Learning Platforms,Chief,2025-04-12,2025-06-25,Education,Ouargla,Licence,CDI,10,"Formation continue, Prime de performance, Télétravail partiel",28000,"Report Writing, Team Leadership, Microsoft Office, Arabic/French Bilingual, Project Management",1,13
Operations Manager,Ooredoo Algeria,Operations,Senior,2025-04-08,2025-05-23,Transport & Logistics,Oran,Licence,Alternance,13,"Formation continue, Voiture de fonction, Prime de performance",77000,"Project Management, Team Leadership, Arabic/French Bilingual, Report Writing, Microsoft Office",4,10
Administrative Manager,Marchal S.A.S. SPA,Investment Management,Junior,2025-04-08,2025-06-29,Banking & Finance,Tébessa,Master,Alternance,8,"Formation continue, Télétravail partiel, Crèche d'entreprise",84000,"Report Writing, Team Leadership, Project Management, Microsoft Office, Arabic/French Bilingual",0,7
Operations Manager,Condor Electronics,Food Processing,Mid,2025-04-09,2025-06-04,Agriculture,Algiers,Licence,CDD,1,"Assurance maladie, Épargne entreprise, Voiture de fonction",120000,"Project Management, Arabic/French Bilingual, Report Writing, Microsoft Office, Team Leadership",4,6
Operations Manager,Leclercq SPA,General Management,Junior,2025-04-19,2025-06-23,Transport & Logistics,Timimoun,Master,CDD,1,"Télétravail partiel, Voiture de fonction, Crèche d'entreprise",149000,"Report Writing, Arabic/French Bilingual, Microsoft Office, Team Leadership, Project Management",2,7
Supply Chain Manager,Duhamel S.A.R.L. SPA,Operations,Mid,2025-04-17,2025-05-28,Media & Entertainment,M'sila,Bac,Stage,11,"Voiture de fonction, Tickets restaurant, Crèche d'entreprise",29000,"Arabic/French Bilingual, Team Leadership, Microsoft Office, Report Writing, Project Management",5,14
Operations Manager,Diaz SARL SARL,Operations,Lead,2025-04-05,2025-06-27,Fisheries,Béchar,Master,CDD,10,"Voiture de fonction, Télétravail partiel, Tickets restaurant",96000,"Microsoft Office, Arabic/French Bilingual, Team Leadership, Report Writing, Project Management",5,4
Operations Manager,Gérard S.A.S. SARL,General Management,Mid,2025-04-04,2025-06-18,Fisheries,Algiers,Licence,CDD,2,"Voiture de fonction, Tickets restaurant, Crèche d'entreprise",133000,"Microsoft Office, Team Leadership, Arabic/French Bilingual, Report Writing, Project Management",1,8
Operations Manager,Cosider,Operations,Mid,2025-04-15,2025-05-28,Mining,Béjaïa,Bac,Freelance,12,"Télétravail partiel, Prime de performance, Voiture de fonction",48000,"Report Writing, Arabic/French Bilingual, Team Leadership, Microsoft Office, Project Management",5,4
Project Manager,Air Algérie,Medical Equipment Maintenance,Junior,2025-04-15,2025-06-20,Healthcare,Constantine,Bac,CDD,9,"Voiture de fonction, Tickets restaurant, Télétravail partiel",121000,"Arabic/French Bilingual, Team Leadership, Project Management, Report Writing, Microsoft Office",4,12
Logistics Coordinator,Sofiane Pharma,Operations,Chief,2025-04-22,2025-05-31,Public Sector,Tamanrasset,Licence,Alternance,3,"Formation continue, Voiture de fonction, Épargne entreprise",31000,"Project Management, Arabic/French Bilingual, Report Writing, Team Leadership, Microsoft Office",1,7
Logistics Coordinator,Sofiane Pharma,Operations,Mid,2025-04-20,2025-06-03,Manufacturing,Naama,Ingénieur d'État,CDD,8,"Prime de performance, Formation continue, Épargne entreprise",45000,"Microsoft Office, Arabic/French Bilingual, Team Leadership, Project Management, Report Writing",1,7
General Director,Buisson SPA,Agronomy Research,Lead,2025-04-03,2025-05-27,Agriculture,Sétif,Master,CDD,10,"Épargne entreprise, Crèche d'entreprise, Télétravail partiel",61000,"Microsoft Office, Report Writing, Team Leadership, Arabic/French Bilingual, Project Management",5,5
Department Director,Diaz SARL SARL,General Management,Junior,2025-04-18,2025-06-09,Manufacturing,El Oued,Licence,CDI,13,"Épargne entreprise, Télétravail partiel, Tickets restaurant",123000,"Arabic/French Bilingual, Report Writing, Team Leadership, Project Management, Microsoft Office",4,6
Project Manager,BNA,Agronomy Research,Lead,2025-04-06,2025-05-23,Agriculture,Tindouf,Master,CDI,13,"Épargne entreprise, Formation continue, Crèche d'entreprise",54000,"Report Writing, Team Leadership, Microsoft Office, Project Management, Arabic/French Bilingual",0,15
Project Manager,BNA,Higher Education,Junior,2025-04-16,2025-06-30,Education,Ghardaïa,Ingénieur d'État,CDD,6,"Tickets restaurant, Prime de performance, Crèche d'entreprise",87000,"Project Management, Microsoft Office, Team Leadership, Arabic/French Bilingual, Report Writing",0,10
Project Manager,Cosider,General Management,Chief,2025-03-29,2025-06-22,Mining,Timimoun,Master,Alternance,1,"Crèche d'entreprise, Télétravail partiel, Formation continue",134000,"Report Writing, Project Management, Arabic/French Bilingual, Microsoft Office, Team Leadership",1,3
Logistics Coordinator,Batimétal,Operations,Chief,2025-03-29,2025-05-30,Tourism & Hospitality,El Oued,Doctorat,CDD,5,"Assurance maladie, Voiture de fonction, Épargne entreprise",125000,"Microsoft Office, Team Leadership, Project Management, Arabic/French Bilingual, Report Writing",5,5
Department Director,Batimétal,General Management,Senior,2025-04-02,2025-05-09,Mining,Tébessa,Master,CDI,7,"Tickets restaurant, Crèche d'entreprise, Prime de performance",135000,"Arabic/French Bilingual, Project Management, Team Leadership, Report Writing, Microsoft Office",4,4
Department Director,Maillard S.A. SPA,General Management,Chief,2025-04-07,2025-05-17,Tourism & Hospitality,El Oued,Doctorat,Freelance,1,"Voiture de fonction, Formation continue, Prime de performance",64000,"Microsoft Office, Team Leadership, Project Management, Report Writing, Arabic/French Bilingual",1,8
Administrative Manager,Ollivier Becker S.A.R.L. SPA,General Management,Junior,2025-04-07,2025-06-09,Telecommunications,Mostaganem,Ingénieur d'État,Freelance,7,"Tickets restaurant, Crèche d'entreprise, Prime de performance",45000,"Report Writing, Arabic/French Bilingual, Team Leadership, Microsoft Office, Project Management",4,5
Project Manager,Air Algérie,General Management,Junior,2025-04-21,2025-06-18,Transport & Logistics,Biskra,Ingénieur d'État,CDI,5,"Crèche d'entreprise, Télétravail partiel, Formation continue",87000,"Report Writing, Team Leadership, Project Management, Microsoft Office, Arabic/French Bilingual",1,5
Production Engineer,Maillard S.A. SPA,Exploration & Production,Lead,2025-04-20,2025-05-31,Energy & Petroleum,Djanet,Ingénieur d'État,Alternance,2,"Télétravail partiel, Voiture de fonction, Crèche d'entreprise",86000,"Geological Modeling, Enhanced Oil Recovery, Petrel Software, Drilling Optimization, HYSYS, Reservoir Simulation, Well Logging",0,3
Team Leader,Diaz SARL SARL,General Management,Senior,2025-03-28,2025-06-04,Aerospace & Defense,Annaba,Bac,CDD,15,"Télétravail partiel, Crèche d'entreprise, Tickets restaurant",118000,"Team Leadership, Arabic/French Bilingual, Report Writing, Microsoft Office, Project Management",3,6
Logistics Coordinator,Bertrand Caron SA SPA,Operations,Mid,2025-04-10,2025-05-25,Construction,Saïda,Bac,Stage,4,"Tickets restaurant, Formation continue, Assurance maladie",104000,"Arabic/French Bilingual, Team Leadership, Microsoft Office, Project Management, Report Writing",1,15
Production Supervisor,Marchal S.A.S. SPA,Operations,Lead,2025-04-12,2025-06-30,Tourism & Hospitality,Batna,Doctorat,Alternance,13,"Prime de performance, Assurance maladie, Épargne entreprise",118000,"Team Leadership, Report Writing, Project Management, Arabic/French Bilingual, Microsoft Office",4,12
Supply Chain Manager,Roux SARL SPA,Operations,Chief,2025-04-11,2025-06-04,Renewable Energy,Laghouat,Ingénieur d'État,CDD,2,"Télétravail partiel, Assurance maladie, Prime de performance",134000,"Microsoft Office, Report Writing, Project Management, Arabic/French Bilingual, Team Leadership",0,9
Production Supervisor,Bertrand Caron SA SPA,Operations,Junior,2025-04-15,2025-06-24,Manufacturing,Chlef,Licence,Freelance,7,"Formation continue, Assurance maladie, Prime de performance",117000,"Report Writing, Team Leadership, Microsoft Office, Arabic/French Bilingual, Project Management",3,6
AI Researcher,Sonalgaz,Data Science & AI,Lead,2025-03-31,2025-06-06,Information Technology,Chlef,Master,Freelance,3,"Tickets restaurant, Prime de performance, Assurance maladie",92000,"Microsoft Office, Report Writing, Arabic/French Bilingual, Project Management, Team Leadership",3,13
Logistics Coordinator,Barbier SPA,Operations,Senior,2025-04-16,2025-07-14,Media & Entertainment,Batna,Doctorat,CDI,2,"Tickets restaurant, Assurance maladie, Formation continue",125000,"Microsoft Office, Team Leadership, Project Management, Arabic/French Bilingual, Report Writing",0,7
Administrative Manager,Batimétal,Vocational Training,Senior,2025-04-19,2025-07-13,Education,Illizi,Doctorat,Freelance,8,"Télétravail partiel, Formation continue, Voiture de fonction",84000,"Report Writing, Arabic/French Bilingual, Team Leadership, Microsoft Office, Project Management",0,10
Administrative Manager,Algérie Télécom,General Management,Mid,2025-04-10,2025-06-30,Pharmaceuticals,Tiaret,Doctorat,Alternance,11,"Prime de performance, Voiture de fonction, Épargne entreprise",46000,"Report Writing, Project Management, Microsoft Office, Arabic/French Bilingual, Team Leadership",4,3
Petroleum Engineer,Joseph SARL,Exploration & Production,Mid,2025-04-14,2025-06-02,Energy & Petroleum,Algiers,Licence,Stage,5,"Voiture de fonction, Épargne entreprise, Télétravail partiel",106000,"Drilling Optimization, Enhanced Oil Recovery, Geological Modeling, Petrel Software, Well Logging, Reservoir Simulation, HYSYS",1,7
Operations Manager,Schmitt SARL EURL,Operations,Junior,2025-04-08,2025-05-21,Pharmaceuticals,Saïda,Master,Alternance,5,"Prime de performance, Voiture de fonction, Épargne entreprise",89000,"Report Writing, Project Management, Arabic/French Bilingual, Microsoft Office, Team Leadership",2,14
Operations Manager,Gérard S.A.S. SARL,General Management,Senior,2025-03-31,2025-06-04,Mining,Djanet,Licence,Stage,4,"Télétravail partiel, Assurance maladie, Épargne entreprise",88000,"Arabic/French Bilingual, Report Writing, Microsoft Office, Project Management, Team Leadership",2,3
General Director,Pereira SARL,General Management,Lead,2025-04-20,2025-06-17,Renewable Energy,M'sila,Licence,Alternance,5,"Tickets restaurant, Assurance maladie, Voiture de fonction",123000,"Project Management, Microsoft Office, Team Leadership, Report Writing, Arabic/French Bilingual",0,3
Project Manager,Air Algérie,General Management,Senior,2025-04-16,2025-06-15,Manufacturing,Laghouat,Licence,Freelance,10,"Tickets restaurant, Formation continue, Prime de performance",143000,"Project Management, Microsoft Office, Arabic/French Bilingual, Team Leadership, Report Writing",0,10
Supply Chain Manager,Sanchez SARL EURL,Operations,Mid,2025-04-08,2025-05-16,Telecommunications,El Tarf,Ingénieur d'État,Alternance,9,"Télétravail partiel, Tickets restaurant, Prime de performance",138000,"Arabic/French Bilingual, Project Management, Microsoft Office, Team Leadership, Report Writing",0,14
Logistics Coordinator,BNA,Operations,Mid,2025-04-14,2025-05-30,Aerospace & Defense,Tizi Ouzou,Bac,Alternance,4,"Prime de performance, Télétravail partiel, Assurance maladie",82000,"Microsoft Office, Report Writing, Project Management, Arabic/French Bilingual, Team Leadership",5,5
Administrative Manager,Buisson SPA,General Management,Mid,2025-03-28,2025-06-09,Manufacturing,Saïda,Licence,CDD,7,"Prime de performance, Assurance maladie, Crèche d'entreprise",31000,"Report Writing, Arabic/French Bilingual, Team Leadership, Project Management, Microsoft Office",0,3
Production Supervisor,Ooredoo Algeria,Operations,Chief,2025-04-20,2025-06-13,Telecommunications,Timimoun,Ingénieur d'État,Stage,11,"Épargne entreprise, Crèche d'entreprise, Formation continue",117000,"Report Writing, Arabic/French Bilingual, Team Leadership, Project Management, Microsoft Office",1,6
Operations Manager,Boutin S.A. SARL,Operations,Senior,2025-04-04,2025-05-27,Aerospace & Defense,In Salah,Doctorat,CDI,8,"Assurance maladie, Prime de performance, Formation continue",33000,"Project Management, Team Leadership, Arabic/French Bilingual, Report Writing, Microsoft Office",3,5
Administrative Manager,Barbier SPA,General Management,Senior,2025-03-27,2025-05-22,Telecommunications,Béjaïa,Licence,Alternance,1,"Voiture de fonction, Tickets restaurant, Télétravail partiel",144000,"Report Writing, Team Leadership, Microsoft Office, Arabic/French Bilingual, Project Management",2,13
Field Operations Manager,Maurice Hoareau et Fils SPA,Exploration & Production,Chief,2025-03-29,2025-06-08,Energy & Petroleum,Tlemcen,Master,Stage,2,"Crèche d'entreprise, Prime de performance, Assurance maladie",64000,"Reservoir Simulation, HYSYS, Geological Modeling, Enhanced Oil Recovery, Petrel Software, Well Logging, Drilling Optimization",0,12
Department Director,Gilbert SA SPA,General Management,Mid,2025-04-11,2025-05-19,Mining,Constantine,Doctorat,Freelance,15,"Formation continue, Télétravail partiel, Assurance maladie",135000,"Project Management, Microsoft Office, Team Leadership, Arabic/French Bilingual, Report Writing",5,5
Facilities Manager,Cosider,Operations,Chief,2025-04-18,2025-07-14,Media & Entertainment,Laghouat,Master,Stage,8,"Prime de performance, Épargne entreprise, Crèche d'entreprise",105000,"Report Writing, Project Management, Microsoft Office, Team Leadership, Arabic/French Bilingual",0,13
Operations Manager,Cosider,Vocational Training,Junior,2025-04-24,2025-06-05,Education,Sétif,Doctorat,CDD,15,"Télétravail partiel, Formation continue, Épargne entreprise",48000,"Team Leadership, Project Management, Report Writing, Arabic/French Bilingual, Microsoft Office",0,3
Chemical Engineer,Seguin et Fils EURL,Refining & Processing,Lead,2025-03-27,2025-06-22,Energy & Petroleum,Aïn Témouchent,Doctorat,Stage,11,"Prime de performance, Formation continue, Télétravail partiel",141000,"Microsoft Office, Project Management, Arabic/French Bilingual, Report Writing, Team Leadership",4,10
Mobile QA Tester,Mahe Boyer S.A.R.L. SARL,Mobile Development,Mid,2025-04-08,2025-06-30,Information Technology,Tébessa,Ingénieur d'État,CDI,3,"Tickets restaurant, Épargne entreprise, Prime de performance",43000,"Report Writing, Team Leadership, Project Management, Microsoft Office, Arabic/French Bilingual",1,8
Operations Manager,Duhamel S.A.R.L. SPA,General Management,Senior,2025-04-22,2025-06-30,Construction,Mostaganem,Licence,Alternance,5,"Assurance maladie, Télétravail partiel, Épargne entreprise",52000,"Microsoft Office, Arabic/French Bilingual, Report Writing, Team Leadership, Project Management",1,9
Facilities Manager,Delmas S.A. EURL,Operations,Lead,2025-04-13,2025-06-10,Mining,Laghouat,Licence,Freelance,15,"Voiture de fonction, Épargne entreprise, Assurance maladie",33000,"Team Leadership, Report Writing, Project Management, Arabic/French Bilingual, Microsoft Office",3,3
Operations Manager,Boutin S.A. SARL,General Management,Junior,2025-03-31,2025-05-14,Aerospace & Defense,Illizi,Ingénieur d'État,Freelance,7,"Voiture de fonction, Télétravail partiel, Épargne entreprise",55000,"Microsoft Office, Report Writing, Team Leadership, Arabic/French Bilingual, Project Management",2,9
Production Supervisor,Gautier SARL,Operations,Lead,2025-03-27,2025-05-09,Pharmaceuticals,Oran,Ingénieur d'État,Stage,1,"Épargne entreprise, Télétravail partiel, Assurance maladie",67000,"Microsoft Office, Project Management, Report Writing, Arabic/French Bilingual, Team Leadership",1,5
Facilities Manager,Pascal EURL,Operations,Senior,2025-04-14,2025-05-29,Telecommunications,Annaba,Licence,Stage,5,"Crèche d'entreprise, Formation continue, Assurance maladie",93000,"Report Writing, Microsoft Office, Team Leadership, Arabic/French Bilingual, Project Management",5,9
Operations Manager,SNVI,Operations,Chief,2025-04-11,2025-06-22,Fisheries,El Tarf,Ingénieur d'État,CDD,11,"Tickets restaurant, Crèche d'entreprise, Voiture de fonction",104000,"Arabic/French Bilingual, Project Management, Microsoft Office, Report Writing, Team Leadership",2,15
Department Director,CNAN,Islamic Finance,Senior,2025-04-13,2025-06-02,Banking & Finance,Blida,Doctorat,Alternance,7,"Formation continue, Crèche d'entreprise, Prime de performance",115000,"Islamic Banking Products, Sharia Compliance, Takaful Operations, Sukuk Structuring, Risk Sharing Models, Murabaha Transactions",2,9
General Director,Lebreton EURL,General Management,Junior,2025-04-09,2025-06-05,Pharmaceuticals,In Salah,Master,Freelance,4,"Prime de performance, Épargne entreprise, Télétravail partiel",126000,"Project Management, Report Writing, Team Leadership, Arabic/French Bilingual, Microsoft Office",2,6
Logistics Coordinator,Bigot Henry SARL EURL,Operations,Chief,2025-04-10,2025-05-17,Tourism & Hospitality,Oran,Bac,Stage,4,"Voiture de fonction, Tickets restaurant, Télétravail partiel",71000,"Report Writing, Team Leadership, Project Management, Arabic/French Bilingual, Microsoft Office",3,12
Integrity Manager,Manadjim El Djazaïr,Pipeline Management,Lead,2025-04-09,2025-06-27,Energy & Petroleum,Saïda,Bac,CDD,15,"Formation continue, Épargne entreprise, Télétravail partiel",102000,"Team Leadership, Arabic/French Bilingual, Project Management, Report Writing, Microsoft Office",4,15
Technical Support Engineer,Joseph SARL,IT Support,Chief,2025-03-27,2025-06-21,Information Technology,Béchar,Master,Stage,7,"Prime de performance, Crèche d'entreprise, Télétravail partiel",137000,"Report Writing, Team Leadership, Microsoft Office, Project Management, Arabic/French Bilingual",0,13
Team Leader,Philippe Dias SARL EURL,General Management,Lead,2025-04-15,2025-06-21,Manufacturing,Algiers,Bac,CDD,12,"Assurance maladie, Formation continue, Voiture de fonction",144000,"Microsoft Office, Project Management, Team Leadership, Report Writing, Arabic/French Bilingual",5,4
Operations Manager,Naftal,General Management,Junior,2025-04-14,2025-05-26,Mining,Oran,Master,Stage,14,"Assurance maladie, Voiture de fonction, Télétravail partiel",46000,"Arabic/French Bilingual, Microsoft Office, Team Leadership, Project Management, Report Writing",4,14
Project Manager,Boulanger S.A. SPA,General Management,Mid,2025-04-08,2025-06-11,Transport & Logistics,Illizi,Master,CDD,9,"Télétravail partiel, Crèche d'entreprise, Épargne entreprise",42000,"Arabic/French Bilingual, Report Writing, Team Leadership, Project Management, Microsoft Office",3,8
Operations Manager,Bertrand Caron SA SPA,Operations,Mid,2025-04-17,2025-06-05,Fisheries,Tizi Ouzou,Licence,CDD,8,"Télétravail partiel, Assurance maladie, Épargne entreprise",125000,"Report Writing, Project Management, Arabic/French Bilingual, Team Leadership, Microsoft Office",1,11
Administrative Manager,Ooredoo Algeria,International Relations,Senior,2025-04-10,2025-06-12,Education,El Oued,Ingénieur d'État,Alternance,8,"Voiture de fonction, Assurance maladie, Tickets restaurant",130000,"Project Management, Arabic/French Bilingual, Microsoft Office, Team Leadership, Report Writing",3,4
General Director,Seguin et Fils EURL,General Management,Senior,2025-04-17,2025-06-26,Aerospace & Defense,Chlef,Ingénieur d'État,Alternance,13,"Télétravail partiel, Crèche d'entreprise, Formation continue",99000,"Project Management, Arabic/French Bilingual, Team Leadership, Microsoft Office, Report Writing",0,13
Team Leader,Bigot Henry SARL EURL,General Management,Junior,2025-04-18,2025-07-07,Transport & Logistics,Mostaganem,Licence,CDI,10,"Crèche d'entreprise, Télétravail partiel, Tickets restaurant",69000,"Report Writing, Project Management, Team Leadership, Arabic/French Bilingual, Microsoft Office",5,10
Project Manager,Sonatrach,Clinical Operations,Lead,2025-04-04,2025-05-13,Healthcare,Skikda,Licence,CDD,15,"Prime de performance, Épargne entreprise, Crèche d'entreprise",104000,"Team Leadership, Microsoft Office, Report Writing, Project Management, Arabic/French Bilingual",0,9
Supply Chain Manager,Duhamel S.A.R.L. SPA,Operations,Senior,2025-04-03,2025-05-26,Public Sector,Jijel,Ingénieur d'État,Freelance,5,"Formation continue, Télétravail partiel, Crèche d'entreprise",67000,"Team Leadership, Project Management, Arabic/French Bilingual, Microsoft Office, Report Writing",0,9
Logistics Coordinator,Sonatrach,Operations,Junior,2025-03-30,2025-06-14,Public Sector,Algiers,Doctorat,Stage,6,"Prime de performance, Assurance maladie, Formation continue",129000,"Team Leadership, Microsoft Office, Report Writing, Arabic/French Bilingual, Project Management",1,11
Supply Chain Manager,Diaz SARL SARL,Operations,Chief,2025-04-18,2025-05-29,Mining,Tlemcen,Ingénieur d'État,Stage,7,"Télétravail partiel, Tickets restaurant, Formation continue",107000,"Project Management, Report Writing, Arabic/French Bilingual, Team Leadership, Microsoft Office",2,9
Logistics Coordinator,Garcia EURL,Operations,Senior,2025-04-05,2025-05-25,Mining,Aïn Témouchent,Master,Freelance,1,"Tickets restaurant, Crèche d'entreprise, Épargne entreprise",111000,"Team Leadership, Microsoft Office, Project Management, Report Writing, Arabic/French Bilingual",2,5
Operations Manager,Pascal EURL,General Management,Lead,2025-04-16,2025-06-24,Construction,Tlemcen,Ingénieur d'État,Alternance,15,"Crèche d'entreprise, Télétravail partiel, Voiture de fonction",124000,"Microsoft Office, Team Leadership, Project Management, Arabic/French Bilingual, Report Writing",4,4
Operations Manager,Ooredoo Algeria,Research & Development,Lead,2025-04-12,2025-06-23,Education,Tamanrasset,Master,Freelance,10,"Crèche d'entreprise, Assurance maladie, Voiture de fonction",83000,"Project Management, Microsoft Office, Arabic/French Bilingual, Report Writing, Team Leadership",2,4
Production Supervisor,Boulanger S.A. SPA,Operations,Chief,2025-04-12,2025-06-09,E-Commerce,Ouargla,Licence,CDD,5,"Assurance maladie, Crèche d'entreprise, Voiture de fonction",114000,"Project Management, Arabic/French Bilingual, Microsoft Office, Team Leadership, Report Writing",2,6
Supply Chain Manager,CEVITAL,Operations,Mid,2025-04-13,2025-06-09,E-Commerce,Mostaganem,Ingénieur d'État,CDD,5,"Prime de performance, Assurance maladie, Télétravail partiel",28000,"Microsoft Office, Arabic/French Bilingual, Project Management, Report Writing, Team Leadership",3,3
Operations Manager,Barbier SPA,General Management,Junior,2025-04-01,2025-06-14,Tourism & Hospitality,Mostaganem,Ingénieur d'État,Alternance,7,"Télétravail partiel, Prime de performance, Épargne entreprise",86000,"Team Leadership, Project Management, Arabic/French Bilingual, Microsoft Office, Report Writing",5,11
Administrative Manager,Guérin Dumas S.A. SPA,Higher Education,Mid,2025-04-19,2025-06-30,Education,Tébessa,Ingénieur d'État,Alternance,10,"Crèche d'entreprise, Assurance maladie, Formation continue",72000,"Team Leadership, Project Management, Report Writing, Microsoft Office, Arabic/French Bilingual",1,4
Logistics Coordinator,Lefèvre Couturier S.A.R.L. EURL,Operations,Mid,2025-04-24,2025-07-17,Manufacturing,Oran,Bac,CDI,8,"Crèche d'entreprise, Tickets restaurant, Assurance maladie",41000,"Arabic/French Bilingual, Project Management, Report Writing, Microsoft Office, Team Leadership",3,4
Team Leader,Boulanger S.A. SPA,General Management,Chief,2025-03-27,2025-06-12,Fisheries,M'sila,Ingénieur d'État,CDD,6,"Voiture de fonction, Télétravail partiel, Assurance maladie",46000,"Arabic/French Bilingual, Microsoft Office, Team Leadership, Report Writing, Project Management",4,5
Administrative Manager,Bernard Petitjean SA SPA,General Management,Chief,2025-03-26,2025-06-18,E-Commerce,Biskra,Master,CDD,14,"Prime de performance, Assurance maladie, Télétravail partiel",56000,"Microsoft Office, Arabic/French Bilingual, Project Management, Team Leadership, Report Writing",1,11
Operations Manager,Cevital Agro-Industry,General Management,Senior,2025-04-24,2025-06-30,Construction,Tizi Ouzou,Bac,CDI,11,"Tickets restaurant, Prime de performance, Crèche d'entreprise",75000,"Microsoft Office, Team Leadership, Project Management, Report Writing, Arabic/French Bilingual",5,10
Department Director,Sonalgaz,Research & Development,Junior,2025-04-02,2025-06-18,Education,In Salah,Bac,Stage,15,"Télétravail partiel, Voiture de fonction, Assurance maladie",100000,"Team Leadership, Microsoft Office, Project Management, Report Writing, Arabic/French Bilingual",0,10
Logistics Coordinator,Sauvage SARL,Operations,Mid,2025-04-05,2025-06-09,Manufacturing,M'sila,Licence,CDD,8,"Formation continue, Assurance maladie, Voiture de fonction",133000,"Project Management, Microsoft Office, Team Leadership, Arabic/French Bilingual, Report Writing",4,12
Production Supervisor,Maurice EURL,Operations,Junior,2025-04-18,2025-06-22,Media & Entertainment,Batna,Ingénieur d'État,Freelance,9,"Tickets restaurant, Télétravail partiel, Voiture de fonction",109000,"Project Management, Report Writing, Microsoft Office, Arabic/French Bilingual, Team Leadership",5,15
Department Director,Philippe Dias SARL EURL,General Management,Lead,2025-04-08,2025-07-01,Manufacturing,Annaba,Licence,Stage,11,"Tickets restaurant, Crèche d'entreprise, Télétravail partiel",60000,"Project Management, Team Leadership, Arabic/French Bilingual, Microsoft Office, Report Writing",2,15
Team Leader,SNVI,Irrigation Technology,Senior,2025-03-29,2025-05-11,Agriculture,Tiaret,Doctorat,Alternance,4,"Formation continue, Assurance maladie, Voiture de fonction",95000,"Project Management, Microsoft Office, Report Writing, Arabic/French Bilingual, Team Leadership",0,11
Team Leader,Ruiz SARL,Investment Management,Lead,2025-04-11,2025-07-05,Banking & Finance,Annaba,Doctorat,Stage,2,"Voiture de fonction, Assurance maladie, Télétravail partiel",135000,"Microsoft Office, Arabic/French Bilingual, Team Leadership, Project Management, Report Writing",4,11
Production Supervisor,Roux SARL SPA,Operations,Chief,2025-04-07,2025-06-22,Media & Entertainment,Jijel,Bac,CDD,8,"Tickets restaurant, Épargne entreprise, Télétravail partiel",75000,"Arabic/French Bilingual, Project Management, Microsoft Office, Team Leadership, Report Writing",0,6
Facilities Manager,Pichon Maury S.A.S. SPA,Operations,Chief,2025-04-03,2025-06-20,Pharmaceuticals,Biskra,Licence,Freelance,2,"Assurance maladie, Crèche d'entreprise, Prime de performance",148000,"Team Leadership, Report Writing, Microsoft Office, Project Management, Arabic/French Bilingual",1,9
Administrative Manager,Lefèvre Couturier S.A.R.L. EURL,General Management,Chief,2025-04-18,2025-05-30,E-Commerce,Ghardaïa,Ingénieur d'État,Freelance,6,"Télétravail partiel, Tickets restaurant, Formation continue",86000,"Arabic/French Bilingual, Team Leadership, Report Writing, Project Management, Microsoft Office",4,14
Facilities Manager,Philippe Dias SARL EURL,Operations,Lead,2025-04-17,2025-06-25,Construction,Ghardaïa,Doctorat,Alternance,1,"Crèche d'entreprise, Voiture de fonction, Assurance maladie",122000,"Team Leadership, Report Writing, Project Management, Arabic/French Bilingual, Microsoft Office",3,5
Department Director,Philippe Dias SARL EURL,General Management,Junior,2025-03-27,2025-06-24,Pharmaceuticals,Naama,Master,Stage,6,"Télétravail partiel, Épargne entreprise, Formation continue",42000,"Team Leadership, Microsoft Office, Project Management, Arabic/French Bilingual, Report Writing",2,9
Facilities Manager,Gauthier SARL,Operations,Mid,2025-04-04,2025-05-29,E-Commerce,Ouargla,Master,CDI,11,"Assurance maladie, Formation continue, Tickets restaurant",51000,"Microsoft Office, Team Leadership, Arabic/French Bilingual, Report Writing, Project Management",3,8
Logistics Coordinator,Manadjim El Djazaïr,Operations,Junior,2025-04-24,2025-06-21,Renewable Energy,Chlef,Licence,Alternance,3,"Formation continue, Voiture de fonction, Épargne entreprise",88000,"Arabic/French Bilingual, Project Management, Microsoft Office, Team Leadership, Report Writing",4,10
Facilities Manager,CNAN,Operations,Senior,2025-04-22,2025-05-29,Telecommunications,Tindouf,Doctorat,Stage,3,"Assurance maladie, Formation continue, Crèche d'entreprise",64000,"Project Management, Report Writing, Team Leadership, Microsoft Office, Arabic/French Bilingual",1,5
Administrative Manager,Duhamel S.A.R.L. SPA,General Management,Junior,2025-04-01,2025-06-11,Pharmaceuticals,Tiaret,Bac,Freelance,10,"Télétravail partiel, Épargne entreprise, Tickets restaurant",99000,"Report Writing, Microsoft Office, Team Leadership, Arabic/French Bilingual, Project Management",1,3
Logistics Coordinator,Lucas EURL,Operations,Chief,2025-04-18,2025-07-08,Construction,Djanet,Bac,CDD,2,"Formation continue, Tickets restaurant, Assurance maladie",97000,"Team Leadership, Microsoft Office, Arabic/French Bilingual, Report Writing, Project Management",1,14
Logistics Coordinator,Buisson SPA,Operations,Senior,2025-04-06,2025-07-03,Telecommunications,Tlemcen,Doctorat,Stage,2,"Voiture de fonction, Crèche d'entreprise, Formation continue",93000,"Project Management, Arabic/French Bilingual, Report Writing, Microsoft Office, Team Leadership",2,9
Operations Manager,Mendès EURL,Operations,Chief,2025-04-23,2025-06-10,Transport & Logistics,Mostaganem,Doctorat,Alternance,3,"Formation continue, Tickets restaurant, Assurance maladie",104000,"Arabic/French Bilingual, Microsoft Office, Report Writing, Project Management, Team Leadership",5,12
General Director,Batimétal,Clinical Operations,Chief,2025-04-04,2025-06-22,Healthcare,Jijel,Bac,Alternance,5,"Épargne entreprise, Télétravail partiel, Crèche d'entreprise",104000,"Team Leadership, Report Writing, Arabic/French Bilingual, Microsoft Office, Project Management",2,4
Administrative Manager,Ooredoo Algeria,General Management,Lead,2025-04-24,2025-06-04,E-Commerce,Béchar,Bac,Alternance,12,"Crèche d'entreprise, Formation continue, Épargne entreprise",62000,"Project Management, Arabic/French Bilingual, Microsoft Office, Report Writing, Team Leadership",3,10
Project Manager,Lévêque SARL,General Management,Mid,2025-04-07,2025-06-12,Construction,Skikda,Master,Stage,6,"Prime de performance, Tickets restaurant, Télétravail partiel",32000,"Report Writing, Microsoft Office, Arabic/French Bilingual, Project Management, Team Leadership",2,4
Logistics Coordinator,Mahe Boyer S.A.R.L. SARL,Operations,Mid,2025-04-18,2025-07-14,Public Sector,Sétif,Doctorat,Stage,13,"Épargne entreprise, Formation continue, Prime de performance",30000,"Arabic/French Bilingual, Microsoft Office, Report Writing, Project Management, Team Leadership",4,14
Team Leader,Condor Electronics,Pediatric Care,Mid,2025-04-10,2025-07-03,Healthcare,Sétif,Licence,Stage,4,"Assurance maladie, Prime de performance, Formation continue",135000,"Project Management, Microsoft Office, Team Leadership, Report Writing, Arabic/French Bilingual",0,6
Supply Chain Manager,Schmitt SARL EURL,Operations,Junior,2025-04-11,2025-06-02,Construction,Adrar,Ingénieur d'État,CDI,7,"Formation continue, Télétravail partiel, Crèche d'entreprise",123000,"Microsoft Office, Report Writing, Arabic/French Bilingual, Project Management, Team Leadership",0,10
Team Leader,Buisson SPA,Islamic Finance,Junior,2025-04-24,2025-07-16,Banking & Finance,Batna,Bac,Alternance,4,"Tickets restaurant, Prime de performance, Assurance maladie",118000,"Murabaha Transactions, Sukuk Structuring, Sharia Compliance, Islamic Banking Products, Risk Sharing Models, Takaful Operations",4,15
Department Director,Gérard S.A.S. SARL,General Management,Lead,2025-04-01,2025-06-15,Construction,Batna,Doctorat,CDI,4,"Crèche d'entreprise, Assurance maladie, Télétravail partiel",76000,"Team Leadership, Arabic/French Bilingual, Report Writing, Project Management, Microsoft Office",1,6
Project Manager,Gérard S.A.S. SARL,General Management,Senior,2025-04-21,2025-07-03,Fisheries,Constantine,Licence,Alternance,3,"Crèche d'entreprise, Formation continue, Prime de performance",80000,"Microsoft Office, Team Leadership, Report Writing, Project Management, Arabic/French Bilingual",4,5
Project Manager,Loiseau et Fils EURL,General Management,Junior,2025-04-15,2025-06-27,Media & Entertainment,Saïda,Licence,Alternance,6,"Télétravail partiel, Épargne entreprise, Assurance maladie",120000,"Team Leadership, Report Writing, Microsoft Office, Arabic/French Bilingual, Project Management",4,6
Logistics Coordinator,Guérin Dumas S.A. SPA,Operations,Mid,2025-04-06,2025-06-11,E-Commerce,Saïda,Master,CDI,8,"Voiture de fonction, Prime de performance, Épargne entreprise",102000,"Report Writing, Team Leadership, Project Management, Microsoft Office, Arabic/French Bilingual",5,10
Operations Manager,Louis SARL,General Management,Junior,2025-04-23,2025-07-02,Mining,Mostaganem,Licence,Alternance,10,"Prime de performance, Télétravail partiel, Formation continue",75000,"Team Leadership, Project Management, Microsoft Office, Arabic/French Bilingual, Report Writing",5,3
Administrative Manager,Pereira SARL,Clinical Operations,Mid,2025-04-20,2025-07-08,Healthcare,Béchar,Master,CDI,13,"Voiture de fonction, Crèche d'entreprise, Assurance maladie",94000,"Project Management, Arabic/French Bilingual, Team Leadership, Report Writing, Microsoft Office",5,3
Team Leader,Algérie Télécom,General Management,Senior,2025-03-28,2025-05-20,Aerospace & Defense,Laghouat,Doctorat,Stage,10,"Crèche d'entreprise, Voiture de fonction, Prime de performance",89000,"Arabic/French Bilingual, Report Writing, Team Leadership, Microsoft Office, Project Management",2,8
Department Director,BNA,General Management,Mid,2025-04-04,2025-05-13,Media & Entertainment,Oran,Doctorat,Stage,15,"Télétravail partiel, Voiture de fonction, Crèche d'entreprise",82000,"Team Leadership, Report Writing, Arabic/French Bilingual, Project Management, Microsoft Office",2,13
Project Manager,Ollivier Becker S.A.R.L. SPA,General Management,Senior,2025-04-23,2025-06-29,Public Sector,Oran,Bac,Freelance,11,"Télétravail partiel, Crèche d'entreprise, Assurance maladie",96000,"Report Writing, Arabic/French Bilingual, Team Leadership, Project Management, Microsoft Office",4,10
General Director,Lefèvre Couturier S.A.R.L. EURL,General Management,Chief,2025-03-31,2025-05-15,Pharmaceuticals,Biskra,Doctorat,Stage,5,"Épargne entreprise, Télétravail partiel, Voiture de fonction",129000,"Team Leadership, Project Management, Report Writing, Arabic/French Bilingual, Microsoft Office",2,3
Logistics Coordinator,Sauvage SARL,Operations,Senior,2025-04-17,2025-07-09,Manufacturing,Sétif,Master,Alternance,6,"Assurance maladie, Voiture de fonction, Crèche d'entreprise",30000,"Team Leadership, Project Management, Arabic/French Bilingual, Report Writing, Microsoft Office",0,15
Operations Manager,Air Algérie,Operations,Junior,2025-04-03,2025-05-17,Transport & Logistics,Saïda,Doctorat,Alternance,14,"Prime de performance, Épargne entreprise, Assurance maladie",133000,"Microsoft Office, Team Leadership, Arabic/French Bilingual, Report Writing, Project Management",4,10
Team Leader,Maurice Hoareau et Fils SPA,General Management,Mid,2025-04-06,2025-05-18,Telecommunications,Tizi Ouzou,Doctorat,Alternance,6,"Tickets restaurant, Crèche d'entreprise, Télétravail partiel",94000,"Team Leadership, Arabic/French Bilingual, Microsoft Office, Project Management, Report Writing",2,11
Logistics Coordinator,Batimétal,Operations,Lead,2025-04-02,2025-06-04,Telecommunications,Constantine,Bac,CDI,15,"Assurance maladie, Voiture de fonction, Épargne entreprise",138000,"Team Leadership, Report Writing, Arabic/French Bilingual, Microsoft Office, Project Management",5,13
Operations Manager,Seguin et Fils EURL,General Management,Mid,2025-03-26,2025-05-19,Public Sector,Constantine,Master,CDI,13,"Voiture de fonction, Crèche d'entreprise, Télétravail partiel",114000,"Report Writing, Project Management, Arabic/French Bilingual, Microsoft Office, Team Leadership",3,10
Operations Manager,Batimétal,Operations,Chief,2025-04-13,2025-06-27,Aerospace & Defense,Timimoun,Licence,Stage,1,"Crèche d'entreprise, Assurance maladie, Voiture de fonction",46000,"Team Leadership, Project Management, Arabic/French Bilingual, Report Writing, Microsoft Office",4,13
Department Director,Garcia EURL,General Management,Lead,2025-04-09,2025-05-23,Pharmaceuticals,Djanet,Ingénieur d'État,Freelance,10,"Tickets restaurant, Voiture de fonction, Formation continue",41000,"Microsoft Office, Team Leadership, Arabic/French Bilingual, Report Writing, Project Management",5,5
Operations Manager,SNVI,General Management,Mid,2025-04-05,2025-05-17,Public Sector,El Tarf,Master,CDI,12,"Voiture de fonction, Assurance maladie, Crèche d'entreprise",109000,"Microsoft Office, Project Management, Report Writing, Arabic/French Bilingual, Team Leadership",0,10
Project Manager,Besnard SARL SPA,General Management,Mid,2025-04-17,2025-06-19,E-Commerce,Laghouat,Master,CDI,2,"Formation continue, Prime de performance, Télétravail partiel",119000,"Team Leadership, Project Management, Arabic/French Bilingual, Report Writing, Microsoft Office",1,11
Logistics Coordinator,Pascal EURL,Operations,Senior,2025-03-28,2025-05-23,Transport & Logistics,Tiaret,Ingénieur d'État,Stage,9,"Assurance maladie, Crèche d'entreprise, Formation continue",141000,"Project Management, Arabic/French Bilingual, Microsoft Office, Team Leadership, Report Writing",3,9
Administrative Manager,Delmas S.A. EURL,General Management,Junior,2025-04-20,2025-06-29,Transport & Logistics,Béchar,Licence,Freelance,15,"Formation continue, Assurance maladie, Télétravail partiel",28000,"Microsoft Office, Team Leadership, Arabic/French Bilingual, Report Writing, Project Management",3,9
Department Director,Diaz SARL SARL,General Management,Chief,2025-04-11,2025-06-28,Telecommunications,Oran,Bac,CDD,9,"Voiture de fonction, Télétravail partiel, Tickets restaurant",145000,"Arabic/French Bilingual, Project Management, Microsoft Office, Team Leadership, Report Writing",4,3
Drilling Engineer,Bigot Henry SARL EURL,Drilling Operations,Lead,2025-04-13,2025-06-29,Energy & Petroleum,Tébessa,Ingénieur d'État,Alternance,7,"Formation continue, Épargne entreprise, Assurance maladie",78000,"Arabic/French Bilingual, Microsoft Office, Report Writing, Team Leadership, Project Management",1,11
Logistics Coordinator,Loiseau et Fils EURL,Operations,Lead,2025-04-10,2025-06-02,Retail,Jijel,Doctorat,CDD,12,"Crèche d'entreprise, Télétravail partiel, Voiture de fonction",133000,"Arabic/French Bilingual, Microsoft Office, Report Writing, Team Leadership, Project Management",4,14
Administrative Manager,Loiseau et Fils EURL,General Management,Senior,2025-03-26,2025-05-11,Manufacturing,Timimoun,Ingénieur d'État,Alternance,9,"Épargne entreprise, Crèche d'entreprise, Prime de performance",113000,"Arabic/French Bilingual, Team Leadership, Project Management, Report Writing, Microsoft Office",0,9
Team Leader,Duhamel S.A.R.L. SPA,International Relations,Chief,2025-04-20,2025-07-10,Education,Illizi,Doctorat,CDI,14,"Crèche d'entreprise, Assurance maladie, Prime de performance",132000,"Microsoft Office, Team Leadership, Project Management, Report Writing, Arabic/French Bilingual",4,6
Geologist,Loiseau et Fils EURL,Exploration & Production,Mid,2025-04-19,2025-06-13,Energy & Petroleum,Algiers,Licence,Alternance,9,"Voiture de fonction, Formation continue, Assurance maladie",81000,"HYSYS, Reservoir Simulation, Geological Modeling, Well Logging, Petrel Software, Enhanced Oil Recovery, Drilling Optimization",2,4
Facilities Manager,Buisson SPA,Operations,Mid,2025-04-22,2025-06-06,Media & Entertainment,Batna,Master,Alternance,3,"Prime de performance, Formation continue, Voiture de fonction",102000,"Arabic/French Bilingual, Project Management, Team Leadership, Microsoft Office, Report Writing",1,4
Facilities Manager,Bigot Henry SARL EURL,Operations,Junior,2025-04-14,2025-06-23,Renewable Energy,M'sila,Doctorat,Alternance,12,"Épargne entreprise, Voiture de fonction, Tickets restaurant",48000,"Project Management, Microsoft Office, Team Leadership, Report Writing, Arabic/French Bilingual",5,12
Team Leader,Olivier SPA,General Management,Chief,2025-04-19,2025-06-05,Fisheries,Algiers,Bac,CDD,7,"Formation continue, Assurance maladie, Voiture de fonction",99000,"Team Leadership, Microsoft Office, Arabic/French Bilingual, Project Management, Report Writing",0,11
Administrative Manager,Garcia EURL,General Management,Mid,2025-04-23,2025-07-15,Aerospace & Defense,Adrar,Master,Alternance,11,"Prime de performance, Assurance maladie, Crèche d'entreprise",145000,"Project Management, Microsoft Office, Team Leadership, Report Writing, Arabic/French Bilingual",1,8
Operations Manager,Manadjim El Djazaïr,Operations,Senior,2025-04-14,2025-05-29,Mining,Illizi,Master,Freelance,6,"Tickets restaurant, Épargne entreprise, Assurance maladie",66000,"Project Management, Arabic/French Bilingual, Microsoft Office, Team Leadership, Report Writing",2,6
Team Leader,Olivier SPA,General Management,Lead,2025-04-21,2025-06-26,Renewable Energy,Saïda,Doctorat,Alternance,13,"Prime de performance, Crèche d'entreprise, Voiture de fonction",33000,"Project Management, Team Leadership, Microsoft Office, Arabic/French Bilingual, Report Writing",3,3
Directional Driller,Roux SARL SPA,Drilling Operations,Junior,2025-04-14,2025-05-25,Energy & Petroleum,Tamanrasset,Master,CDI,8,"Crèche d'entreprise, Prime de performance, Tickets restaurant",108000,"Microsoft Office, Arabic/French Bilingual, Project Management, Report Writing, Team Leadership",4,7
Project Manager,Sofiane Pharma,General Management,Senior,2025-04-10,2025-06-06,E-Commerce,Ghardaïa,Doctorat,Stage,14,"Crèche d'entreprise, Assurance maladie, Télétravail partiel",102000,"Project Management, Report Writing, Microsoft Office, Team Leadership, Arabic/French Bilingual",1,13
Team Leader,Gautier SARL,General Management,Senior,2025-04-01,2025-06-28,Public Sector,Annaba,Ingénieur d'État,Stage,14,"Voiture de fonction, Assurance maladie, Prime de performance",111000,"Report Writing, Team Leadership, Microsoft Office, Arabic/French Bilingual, Project Management",3,6
Team Leader,Ruiz SARL,General Management,Junior,2025-04-17,2025-05-27,Retail,Naama,Doctorat,CDI,8,"Épargne entreprise, Voiture de fonction, Prime de performance",124000,"Project Management, Arabic/French Bilingual, Team Leadership, Report Writing, Microsoft Office",1,8
Operations Manager,Air Algérie,International Relations,Junior,2025-04-22,2025-07-07,Education,Illizi,Ingénieur d'État,Alternance,14,"Épargne entreprise, Tickets restaurant, Voiture de fonction",48000,"Microsoft Office, Project Management, Arabic/French Bilingual, Report Writing, Team Leadership",0,4
Team Leader,Boutin S.A. SARL,General Management,Lead,2025-03-28,2025-06-09,Pharmaceuticals,Djanet,Licence,Stage,3,"Formation continue, Assurance maladie, Voiture de fonction",47000,"Report Writing, Project Management, Arabic/French Bilingual, Microsoft Office, Team Leadership",2,13
Operations Manager,Djezzy,Clinical Operations,Senior,2025-04-17,2025-05-25,Healthcare,Djanet,Master,CDD,8,"Prime de performance, Voiture de fonction, Télétravail partiel",48000,"Microsoft Office, Project Management, Report Writing, Arabic/French Bilingual, Team Leadership",3,15
Facilities Manager,Bernard Petitjean SA SPA,Operations,Senior,2025-04-04,2025-05-17,Manufacturing,In Salah,Master,Freelance,8,"Voiture de fonction, Formation continue, Crèche d'entreprise",144000,"Arabic/French Bilingual, Project Management, Team Leadership, Report Writing, Microsoft Office",4,7
Project Manager,Sofiane Pharma,Irrigation Technology,Senior,2025-03-27,2025-05-25,Agriculture,Tlemcen,Licence,Freelance,3,"Télétravail partiel, Tickets restaurant, Voiture de fonction",139000,"Project Management, Arabic/French Bilingual, Team Leadership, Report Writing, Microsoft Office",4,9
Supply Chain Manager,Djezzy,Operations,Mid,2025-04-10,2025-05-23,Aerospace & Defense,El Oued,Master,Stage,11,"Télétravail partiel, Assurance maladie, Tickets restaurant",113000,"Report Writing, Arabic/French Bilingual, Team Leadership, Project Management, Microsoft Office",2,15
Team Leader,Cevital Agro-Industry,Agronomy Research,Senior,2025-03-31,2025-05-24,Agriculture,M'sila,Doctorat,Stage,13,"Formation continue, Tickets restaurant, Crèche d'entreprise",147000,"Project Management, Arabic/French Bilingual, Microsoft Office, Team Leadership, Report Writing",1,12
Big Data Engineer,Roux SARL SPA,Data Science & AI,Chief,2025-04-24,2025-06-14,Information Technology,Naama,Doctorat,Freelance,6,"Prime de performance, Tickets restaurant, Formation continue",80000,"Team Leadership, Microsoft Office, Arabic/French Bilingual, Project Management, Report Writing",2,10
Department Director,Condor Electronics,General Management,Junior,2025-04-20,2025-07-05,Transport & Logistics,Tlemcen,Doctorat,Stage,2,"Crèche d'entreprise, Tickets restaurant, Télétravail partiel",77000,"Project Management, Team Leadership, Arabic/French Bilingual, Microsoft Office, Report Writing",5,14
Operations Manager,Barbier Guillot S.A.R.L. SPA,Operations,Mid,2025-03-30,2025-05-14,Renewable Energy,Skikda,Bac,Stage,5,"Épargne entreprise, Formation continue, Voiture de fonction",97000,"Microsoft Office, Report Writing, Project Management, Arabic/French Bilingual, Team Leadership",3,13
Administrative Manager,Besnard SARL SPA,General Management,Lead,2025-04-21,2025-06-30,Media & Entertainment,Constantine,Bac,CDI,14,"Crèche d'entreprise, Épargne entreprise, Formation continue",125000,"Project Management, Arabic/French Bilingual, Microsoft Office, Team Leadership, Report Writing",2,3
Cloud Engineer,Diaz SARL SARL,Cloud Infrastructure,Mid,2025-04-12,2025-06-16,Information Technology,Tébessa,Master,Freelance,8,"Prime de performance, Assurance maladie, Tickets restaurant",125000,"Project Management, Report Writing, Team Leadership, Arabic/French Bilingual, Microsoft Office",0,15
Team Leader,Algérie Télécom,Research & Development,Mid,2025-04-14,2025-05-21,Education,Sétif,Doctorat,Alternance,12,"Prime de performance, Épargne entreprise, Télétravail partiel",124000,"Arabic/French Bilingual, Project Management, Team Leadership, Report Writing, Microsoft Office",5,6
QA Engineer,CNAN,Software Development,Junior,2025-04-20,2025-06-05,Information Technology,Algiers,Ingénieur d'État,Alternance,11,"Épargne entreprise, Voiture de fonction, Crèche d'entreprise",114000,"Spring Boot, .NET, CI/CD Pipelines, Java, Git, Agile Methodology, Django, REST APIs",0,8
Geophysicist,Manadjim El Djazaïr,Exploration & Production,Junior,2025-04-14,2025-07-07,Energy & Petroleum,Skikda,Doctorat,Stage,1,"Formation continue, Voiture de fonction, Épargne entreprise",144000,"Enhanced Oil Recovery, Drilling Optimization, Well Logging, Reservoir Simulation, Petrel Software, Geological Modeling, HYSYS",1,11
General Director,Philippe Dias SARL EURL,Food Processing,Mid,2025-04-09,2025-06-11,Agriculture,In Salah,Master,Stage,10,"Épargne entreprise, Tickets restaurant, Voiture de fonction",145000,"Project Management, Report Writing, Arabic/French Bilingual, Microsoft Office, Team Leadership",3,7
General Director,Boulanger S.A. SPA,General Management,Junior,2025-03-28,2025-05-14,Renewable Energy,Sétif,Licence,Freelance,10,"Tickets restaurant, Prime de performance, Formation continue",65000,"Arabic/French Bilingual, Microsoft Office, Team Leadership, Report Writing, Project Management",5,8
Team Leader,Maillard S.A. SPA,General Management,Junior,2025-04-14,2025-06-10,E-Commerce,Ghardaïa,Master,Freelance,10,"Assurance maladie, Épargne entreprise, Prime de performance",71000,"Project Management, Arabic/French Bilingual, Report Writing, Microsoft Office, Team Leadership",0,6
Production Supervisor,Seguin et Fils EURL,Operations,Junior,2025-04-07,2025-06-17,Renewable Energy,Béchar,Licence,CDI,11,"Formation continue, Assurance maladie, Crèche d'entreprise",47000,"Project Management, Report Writing, Arabic/French Bilingual, Microsoft Office, Team Leadership",3,5
Production Supervisor,Diaz SARL SARL,Operations,Lead,2025-04-01,2025-06-09,Aerospace & Defense,Béchar,Master,Stage,1,"Prime de performance, Crèche d'entreprise, Épargne entreprise",96000,"Report Writing, Team Leadership, Arabic/French Bilingual, Project Management, Microsoft Office",1,15
General Director,Buisson SPA,General Management,Mid,2025-03-27,2025-05-21,Manufacturing,Jijel,Bac,CDI,4,"Tickets restaurant, Prime de performance, Voiture de fonction",72000,"Microsoft Office, Project Management, Report Writing, Arabic/French Bilingual, Team Leadership",4,13
Team Leader,CNAN,General Management,Mid,2025-04-12,2025-06-28,Manufacturing,Sétif,Ingénieur d'État,CDD,1,"Prime de performance, Voiture de fonction, Télétravail partiel",48000,"Report Writing, Microsoft Office, Team Leadership, Project Management, Arabic/French Bilingual",5,3
Android Developer,Lucas EURL,Mobile Development,Chief,2025-04-14,2025-06-03,Information Technology,Jijel,Licence,Alternance,12,"Télétravail partiel, Voiture de fonction, Formation continue",96000,"Arabic/French Bilingual, Team Leadership, Microsoft Office, Report Writing, Project Management",5,13
Administrative Manager,Blanchard SPA,General Management,Chief,2025-03-27,2025-06-12,Fisheries,Tiaret,Doctorat,Stage,5,"Crèche d'entreprise, Télétravail partiel, Prime de performance",81000,"Report Writing, Project Management, Arabic/French Bilingual, Team Leadership, Microsoft Office",2,13
Department Director,Ollivier Becker S.A.R.L. SPA,Islamic Finance,Lead,2025-04-21,2025-06-22,Banking & Finance,Batna,Master,Alternance,8,"Tickets restaurant, Assurance maladie, Voiture de fonction",31000,"Sharia Compliance, Sukuk Structuring, Takaful Operations, Risk Sharing Models, Islamic Banking Products, Murabaha Transactions",5,13
Facilities Manager,Seguin et Fils EURL,Operations,Lead,2025-04-02,2025-05-11,Tourism & Hospitality,Illizi,Doctorat,Stage,6,"Tickets restaurant, Prime de performance, Voiture de fonction",25000,"Microsoft Office, Project Management, Report Writing, Arabic/French Bilingual, Team Leadership",4,9
Department Director,Sonatrach,General Management,Junior,2025-04-16,2025-05-23,Construction,Tizi Ouzou,Licence,CDI,4,"Prime de performance, Formation continue, Voiture de fonction",92000,"Team Leadership, Project Management, Report Writing, Microsoft Office, Arabic/French Bilingual",5,4
General Director,Pichon Maury S.A.S. SPA,General Management,Lead,2025-03-28,2025-05-10,Construction,Ghardaïa,Master,CDI,12,"Prime de performance, Voiture de fonction, Assurance maladie",128000,"Arabic/French Bilingual, Team Leadership, Microsoft Office, Report Writing, Project Management",1,14
Supply Chain Manager,Condor Electronics,Operations,Lead,2025-04-23,2025-06-28,Retail,Skikda,Bac,Freelance,15,"Épargne entreprise, Crèche d'entreprise, Tickets restaurant",128000,"Report Writing, Microsoft Office, Arabic/French Bilingual, Project Management, Team Leadership",3,10
Project Manager,Sofiane Pharma,Islamic Finance,Senior,2025-04-19,2025-06-16,Banking & Finance,Annaba,Ingénieur d'État,CDD,13,"Assurance maladie, Tickets restaurant, Prime de performance",121000,"Murabaha Transactions, Islamic Banking Products, Sukuk Structuring, Takaful Operations, Sharia Compliance, Risk Sharing Models",2,15
Pipeline Technician,Maillard S.A. SPA,Pipeline Management,Chief,2025-03-31,2025-05-25,Energy & Petroleum,Saïda,Licence,Alternance,6,"Voiture de fonction, Épargne entreprise, Prime de performance",87000,"Arabic/French Bilingual, Report Writing, Project Management, Microsoft Office, Team Leadership",3,5
Logistics Coordinator,Gautier SARL,Operations,Chief,2025-04-06,2025-07-01,Media & Entertainment,Annaba,Master,Alternance,14,"Crèche d'entreprise, Tickets restaurant, Formation continue",145000,"Arabic/French Bilingual, Project Management, Team Leadership, Microsoft Office, Report Writing",3,5
Team Leader,BNA,General Management,Senior,2025-03-29,2025-06-18,Telecommunications,In Salah,Master,CDI,15,"Tickets restaurant, Voiture de fonction, Assurance maladie",55000,"Microsoft Office, Report Writing, Project Management, Arabic/French Bilingual, Team Leadership",0,4
Operations Manager,Gomez SARL,General Management,Mid,2025-04-10,2025-06-04,Retail,Illizi,Master,CDD,5,"Prime de performance, Voiture de fonction, Télétravail partiel",100000,"Report Writing, Microsoft Office, Arabic/French Bilingual, Team Leadership, Project Management",1,3
Team Leader,Leclercq SPA,General Management,Lead,2025-04-08,2025-06-27,Pharmaceuticals,Tébessa,Licence,Stage,7,"Voiture de fonction, Assurance maladie, Tickets restaurant",116000,"Team Leadership, Arabic/French Bilingual, Microsoft Office, Report Writing, Project Management",1,15
Supply Chain Manager,Lefèvre Couturier S.A.R.L. EURL,Operations,Junior,2025-04-20,2025-06-01,Retail,Tindouf,Master,CDD,6,"Épargne entreprise, Prime de performance, Tickets restaurant",112000,"Team Leadership, Arabic/French Bilingual, Report Writing, Project Management, Microsoft Office",2,14
Network Engineer,CEVITAL,Cloud Infrastructure,Lead,2025-04-24,2025-07-16,Information Technology,Annaba,Master,Alternance,13,"Voiture de fonction, Prime de performance, Épargne entreprise",95000,"Microsoft Office, Arabic/French Bilingual, Report Writing, Team Leadership, Project Management",5,14
Supply Chain Manager,Garcia EURL,Operations,Senior,2025-04-02,2025-05-30,Fisheries,Tamanrasset,Bac,CDI,9,"Télétravail partiel, Tickets restaurant, Assurance maladie",81000,"Team Leadership, Microsoft Office, Project Management, Arabic/French Bilingual, Report Writing",0,5
General Director,Bertrand Caron SA SPA,General Management,Chief,2025-04-15,2025-06-24,Renewable Energy,Tizi Ouzou,Bac,Stage,2,"Épargne entreprise, Tickets restaurant, Assurance maladie",40000,"Team Leadership, Project Management, Microsoft Office, Arabic/French Bilingual, Report Writing",1,7
Production Supervisor,Boulanger S.A. SPA,Operations,Junior,2025-04-06,2025-05-23,Telecommunications,Naama,Ingénieur d'État,Stage,15,"Épargne entreprise, Prime de performance, Voiture de fonction",39000,"Report Writing, Arabic/French Bilingual, Project Management, Microsoft Office, Team Leadership",0,15
Operations Manager,Sonatrach,General Management,Senior,2025-04-15,2025-06-03,Public Sector,Illizi,Master,Alternance,2,"Épargne entreprise, Formation continue, Crèche d'entreprise",63000,"Microsoft Office, Project Management, Report Writing, Team Leadership, Arabic/French Bilingual",3,4
Operations Manager,Pereira SARL,Operations,Lead,2025-04-06,2025-07-04,Telecommunications,El Oued,Ingénieur d'État,Stage,13,"Formation continue, Tickets restaurant, Épargne entreprise",109000,"Report Writing, Microsoft Office, Arabic/French Bilingual, Project Management, Team Leadership",2,13
Operations Manager,Gilbert SA SPA,Operations,Mid,2025-03-28,2025-06-09,Transport & Logistics,Sétif,Doctorat,CDD,15,"Assurance maladie, Crèche d'entreprise, Voiture de fonction",102000,"Microsoft Office, Arabic/French Bilingual, Report Writing, Project Management, Team Leadership",5,11
Supply Chain Manager,Lévêque SARL,Operations,Chief,2025-04-12,2025-05-28,Telecommunications,Skikda,Master,CDD,6,"Crèche d'entreprise, Prime de performance, Voiture de fonction",84000,"Project Management, Report Writing, Microsoft Office, Arabic/French Bilingual, Team Leadership",4,11
Operations Manager,ENIE,General Management,Chief,2025-04-14,2025-07-05,Renewable Energy,Biskra,Master,CDI,5,"Voiture de fonction, Épargne entreprise, Assurance maladie",109000,"Arabic/French Bilingual, Microsoft Office, Team Leadership, Project Management, Report Writing",1,11
Reservoir Engineer,Gilbert SA SPA,Exploration & Production,Lead,2025-04-19,2025-06-14,Energy & Petroleum,Béjaïa,Licence,CDD,2,"Épargne entreprise, Télétravail partiel, Formation continue",36000,"Enhanced Oil Recovery, Petrel Software, Geological Modeling, Reservoir Simulation, HYSYS, Drilling Optimization, Well Logging",2,9
Facilities Manager,Camus S.A.R.L. SARL,Operations,Junior,2025-04-11,2025-06-01,Renewable Energy,Béchar,Master,Alternance,15,"Épargne entreprise, Prime de performance, Télétravail partiel",107000,"Project Management, Team Leadership, Report Writing, Arabic/French Bilingual, Microsoft Office",1,7
Department Director,Ooredoo Algeria,General Management,Lead,2025-04-12,2025-06-07,Fisheries,Béjaïa,Ingénieur d'État,Alternance,4,"Épargne entreprise, Crèche d'entreprise, Télétravail partiel",60000,"Arabic/French Bilingual, Microsoft Office, Project Management, Report Writing, Team Leadership",0,6
Department Director,Pascal EURL,General Management,Lead,2025-03-29,2025-06-21,Media & Entertainment,M'sila,Master,Freelance,12,"Prime de performance, Tickets restaurant, Formation continue",64000,"Report Writing, Team Leadership, Arabic/French Bilingual, Microsoft Office, Project Management",2,10
Operations Manager,Marchal S.A.S. SPA,General Management,Lead,2025-04-06,2025-06-23,Public Sector,El Oued,Ingénieur d'État,Stage,8,"Épargne entreprise, Prime de performance, Télétravail partiel",33000,"Arabic/French Bilingual, Microsoft Office, Project Management, Team Leadership, Report Writing",2,13
Supply Chain Manager,Camus S.A.R.L. SARL,Operations,Mid,2025-04-13,2025-07-04,Construction,Jijel,Master,Stage,13,"Épargne entreprise, Prime de performance, Télétravail partiel",51000,"Team Leadership, Arabic/French Bilingual, Report Writing, Project Management, Microsoft Office",3,14
Facilities Manager,Delmas S.A. EURL,Operations,Senior,2025-04-22,2025-07-10,Construction,Tizi Ouzou,Master,CDI,2,"Assurance maladie, Tickets restaurant, Crèche d'entreprise",132000,"Microsoft Office, Project Management, Team Leadership, Report Writing, Arabic/French Bilingual",3,5
Operations Manager,Sonatrach,General Management,Mid,2025-04-16,2025-06-23,Renewable Energy,Aïn Témouchent,Bac,Freelance,4,"Prime de performance, Tickets restaurant, Télétravail partiel",44000,"Arabic/French Bilingual, Team Leadership, Report Writing, Project Management, Microsoft Office",0,15
Facilities Manager,Pascal EURL,Operations,Mid,2025-04-04,2025-05-12,Mining,Tamanrasset,Bac,CDD,2,"Télétravail partiel, Assurance maladie, Voiture de fonction",86000,"Project Management, Report Writing, Team Leadership, Arabic/French Bilingual, Microsoft Office",5,8
Production Supervisor,Naftal,Operations,Chief,2025-04-01,2025-06-12,Construction,Blida,Master,CDD,9,"Prime de performance, Télétravail partiel, Crèche d'entreprise",111000,"Microsoft Office, Report Writing, Arabic/French Bilingual, Team Leadership, Project Management",4,4
Project Manager,Mendès EURL,General Management,Mid,2025-03-29,2025-06-26,Aerospace & Defense,Algiers,Ingénieur d'État,Stage,7,"Voiture de fonction, Crèche d'entreprise, Formation continue",62000,"Arabic/French Bilingual, Microsoft Office, Project Management, Report Writing, Team Leadership",2,13
Operations Manager,Bertrand Caron SA SPA,General Management,Senior,2025-03-30,2025-05-28,Aerospace & Defense,Tlemcen,Doctorat,CDD,7,"Télétravail partiel, Crèche d'entreprise, Formation continue",61000,"Arabic/French Bilingual, Report Writing, Microsoft Office, Team Leadership, Project Management",3,12
Supply Chain Manager,Boutin S.A. SARL,Operations,Mid,2025-04-14,2025-06-21,Aerospace & Defense,Aïn Témouchent,Master,CDI,13,"Prime de performance, Voiture de fonction, Crèche d'entreprise",113000,"Microsoft Office, Team Leadership, Project Management, Arabic/French Bilingual, Report Writing",3,3
Department Director,Maurice Hoareau et Fils SPA,Pediatric Care,Mid,2025-04-20,2025-07-06,Healthcare,Béjaïa,Ingénieur d'État,CDI,3,"Formation continue, Crèche d'entreprise, Épargne entreprise",102000,"Microsoft Office, Project Management, Arabic/French Bilingual, Report Writing, Team Leadership",0,7
General Director,Diaz SARL SARL,FinTech Innovation,Lead,2025-04-12,2025-06-29,Banking & Finance,Skikda,Ingénieur d'État,Alternance,6,"Formation continue, Télétravail partiel, Assurance maladie",102000,"Microsoft Office, Arabic/French Bilingual, Project Management, Team Leadership, Report Writing",0,13
Operations Manager,Mendès EURL,Operations,Mid,2025-03-30,2025-06-16,Pharmaceuticals,Tamanrasset,Licence,Freelance,14,"Voiture de fonction, Assurance maladie, Tickets restaurant",85000,"Arabic/French Bilingual, Project Management, Microsoft Office, Report Writing, Team Leadership",4,13
Operations Manager,Olivier SPA,Operations,Junior,2025-04-11,2025-05-20,Public Sector,Tindouf,Doctorat,Alternance,12,"Voiture de fonction, Tickets restaurant, Épargne entreprise",74000,"Arabic/French Bilingual, Team Leadership, Report Writing, Project Management, Microsoft Office",4,13
Mobile App Developer,Delmas S.A. EURL,Software Development,Chief,2025-03-27,2025-05-25,Information Technology,Jijel,Doctorat,CDI,10,"Télétravail partiel, Épargne entreprise, Tickets restaurant",59000,"Java, Spring Boot, Python, Microservices, REST APIs, .NET, Django, CI/CD Pipelines",1,5
Operations Manager,Condor Electronics,Operations,Senior,2025-04-04,2025-05-20,Mining,Constantine,Ingénieur d'État,Stage,3,"Tickets restaurant, Voiture de fonction, Épargne entreprise",65000,"Team Leadership, Project Management, Report Writing, Arabic/French Bilingual, Microsoft Office",1,8
Administrative Manager,Ruiz SARL,FinTech Innovation,Senior,2025-04-13,2025-06-16,Banking & Finance,Algiers,Bac,CDD,1,"Assurance maladie, Crèche d'entreprise, Voiture de fonction",115000,"Arabic/French Bilingual, Report Writing, Team Leadership, Project Management, Microsoft Office",1,4
Quality Control Specialist,Besnard SARL SPA,Refining & Processing,Mid,2025-04-19,2025-06-04,Energy & Petroleum,Blida,Licence,Alternance,15,"Tickets restaurant, Télétravail partiel, Formation continue",56000,"Report Writing, Project Management, Team Leadership, Microsoft Office, Arabic/French Bilingual",4,10
Operations Manager,Cosider,Operations,Junior,2025-04-02,2025-05-10,Tourism & Hospitality,Tizi Ouzou,Licence,CDD,11,"Tickets restaurant, Prime de performance, Assurance maladie",108000,"Team Leadership, Report Writing, Arabic/French Bilingual, Microsoft Office, Project Management",5,4
Logistics Coordinator,Pereira SARL,Operations,Junior,2025-03-26,2025-05-09,Renewable Energy,El Oued,Doctorat,CDD,5,"Crèche d'entreprise, Prime de performance, Voiture de fonction",29000,"Team Leadership, Report Writing, Project Management, Microsoft Office, Arabic/French Bilingual",1,7
Mud Engineer,Philippe Dias SARL EURL,Drilling Operations,Junior,2025-03-27,2025-05-03,Energy & Petroleum,Aïn Témouchent,Bac,CDD,11,"Crèche d'entreprise, Voiture de fonction, Assurance maladie",120000,"Arabic/French Bilingual, Report Writing, Microsoft Office, Project Management, Team Leadership",5,3
General Director,Delmas S.A. EURL,General Management,Junior,2025-04-16,2025-07-04,Fisheries,Ghardaïa,Ingénieur d'État,Stage,7,"Tickets restaurant, Épargne entreprise, Prime de performance",100000,"Team Leadership, Report Writing, Microsoft Office, Arabic/French Bilingual, Project Management",5,8
Supply Chain Manager,Maurice Hoareau et Fils SPA,Operations,Mid,2025-03-30,2025-05-11,Media & Entertainment,Jijel,Master,CDI,5,"Tickets restaurant, Assurance maladie, Prime de performance",108000,"Report Writing, Microsoft Office, Team Leadership, Arabic/French Bilingual, Project Management",2,3
Logistics Coordinator,Manadjim El Djazaïr,Operations,Chief,2025-04-07,2025-07-03,Mining,Djanet,Master,Freelance,13,"Prime de performance, Voiture de fonction, Formation continue",57000,"Microsoft Office, Project Management, Team Leadership, Report Writing, Arabic/French Bilingual",5,10
Team Leader,Gauthier SARL,General Management,Lead,2025-04-23,2025-07-04,Pharmaceuticals,Blida,Ingénieur d'État,Alternance,15,"Voiture de fonction, Prime de performance, Assurance maladie",74000,"Report Writing, Project Management, Microsoft Office, Team Leadership, Arabic/French Bilingual",5,9
Supply Chain Manager,Sonalgaz,Operations,Senior,2025-04-14,2025-07-06,Telecommunications,Tizi Ouzou,Ingénieur d'État,Alternance,5,"Épargne entreprise, Formation continue, Crèche d'entreprise",56000,"Arabic/French Bilingual, Microsoft Office, Team Leadership, Report Writing, Project Management",5,10
Logistics Coordinator,Bertrand Caron SA SPA,Operations,Junior,2025-03-31,2025-05-07,Telecommunications,Tindouf,Licence,Alternance,8,"Épargne entreprise, Tickets restaurant, Assurance maladie",138000,"Project Management, Microsoft Office, Arabic/French Bilingual, Team Leadership, Report Writing",1,9
General Director,Cosider,General Management,Senior,2025-03-30,2025-06-28,Telecommunications,Annaba,Licence,CDI,2,"Épargne entreprise, Formation continue, Prime de performance",59000,"Microsoft Office, Report Writing, Arabic/French Bilingual, Team Leadership, Project Management",1,9
Operations Manager,CEVITAL,General Management,Chief,2025-04-03,2025-06-06,Pharmaceuticals,Aïn Témouchent,Licence,Stage,7,"Épargne entreprise, Prime de performance, Crèche d'entreprise",49000,"Microsoft Office, Project Management, Report Writing, Arabic/French Bilingual, Team Leadership",3,3
Administrative Manager,Sonatrach,General Management,Junior,2025-04-24,2025-07-17,Manufacturing,Tizi Ouzou,Ingénieur d'État,Freelance,2,"Épargne entreprise, Crèche d'entreprise, Assurance maladie",35000,"Project Management, Arabic/French Bilingual, Microsoft Office, Report Writing, Team Leadership",5,13
Facilities Manager,Mendès EURL,Operations,Senior,2025-04-02,2025-05-14,Renewable Energy,Tébessa,Licence,Stage,1,"Assurance maladie, Prime de performance, Voiture de fonction",69000,"Microsoft Office, Report Writing, Project Management, Arabic/French Bilingual, Team Leadership",3,14
Supply Chain Manager,Lefèvre Couturier S.A.R.L. EURL,Operations,Chief,2025-04-02,2025-05-19,Tourism & Hospitality,Tébessa,Bac,Alternance,7,"Voiture de fonction, Épargne entreprise, Crèche d'entreprise",111000,"Report Writing, Team Leadership, Arabic/French Bilingual, Microsoft Office, Project Management",3,14
Team Leader,CNAN,Accounting & Auditing,Lead,2025-03-27,2025-06-01,Banking & Finance,Mostaganem,Ingénieur d'État,Freelance,6,"Prime de performance, Télétravail partiel, Formation continue",41000,"Team Leadership, Report Writing, Arabic/French Bilingual, Project Management, Microsoft Office",4,5
Operations Manager,Bernard Petitjean SA SPA,General Management,Junior,2025-03-26,2025-05-22,Telecommunications,Saïda,Licence,Freelance,5,"Assurance maladie, Prime de performance, Tickets restaurant",41000,"Project Management, Team Leadership, Report Writing, Microsoft Office, Arabic/French Bilingual",4,13
Business Intelligence Analyst,Joseph SARL,Data Science & AI,Junior,2025-04-02,2025-06-22,Information Technology,Adrar,Ingénieur d'État,Stage,14,"Épargne entreprise, Crèche d'entreprise, Tickets restaurant",139000,"Team Leadership, Arabic/French Bilingual, Report Writing, Project Management, Microsoft Office",3,8
Department Director,SNVI,FinTech Innovation,Lead,2025-04-21,2025-07-20,Banking & Finance,Biskra,Doctorat,CDD,7,"Prime de performance, Assurance maladie, Crèche d'entreprise",74000,"Microsoft Office, Arabic/French Bilingual, Report Writing, Project Management, Team Leadership",4,10
Department Director,Boutin S.A. SARL,General Management,Senior,2025-04-13,2025-06-19,Construction,El Oued,Licence,CDI,12,"Épargne entreprise, Télétravail partiel, Voiture de fonction",81000,"Project Management, Team Leadership, Microsoft Office, Report Writing, Arabic/French Bilingual",2,10
Project Manager,Boulanger S.A. SPA,General Management,Lead,2025-04-21,2025-07-13,Media & Entertainment,Illizi,Licence,CDD,3,"Épargne entreprise, Tickets restaurant, Prime de performance",73000,"Project Management, Report Writing, Microsoft Office, Team Leadership, Arabic/French Bilingual",3,14
Administrative Manager,Lefèvre Couturier S.A.R.L. EURL,FinTech Innovation,Mid,2025-03-31,2025-05-21,Banking & Finance,Djanet,Master,Freelance,14,"Voiture de fonction, Télétravail partiel, Formation continue",41000,"Team Leadership, Report Writing, Arabic/French Bilingual, Project Management, Microsoft Office",0,15
Operations Manager,CNAN,Operations,Chief,2025-04-13,2025-06-12,Aerospace & Defense,Naama,Licence,Stage,13,"Épargne entreprise, Télétravail partiel, Voiture de fonction",83000,"Arabic/French Bilingual, Team Leadership, Report Writing, Project Management, Microsoft Office",3,10
Petroleum Engineer,Ooredoo Algeria,Exploration & Production,Junior,2025-04-16,2025-06-10,Energy & Petroleum,Béjaïa,Ingénieur d'État,Freelance,6,"Épargne entreprise, Prime de performance, Assurance maladie",93000,"Well Logging, Enhanced Oil Recovery, Reservoir Simulation, Drilling Optimization, Petrel Software, HYSYS, Geological Modeling",2,13
Production Supervisor,Gilbert SA SPA,Operations,Senior,2025-03-26,2025-06-18,Media & Entertainment,Constantine,Licence,Alternance,7,"Épargne entreprise, Assurance maladie, Prime de performance",122000,"Project Management, Team Leadership, Microsoft Office, Arabic/French Bilingual, Report Writing",0,3
Operations Manager,Duhamel S.A.R.L. SPA,General Management,Senior,2025-04-16,2025-06-26,Aerospace & Defense,Tiaret,Licence,CDI,13,"Épargne entreprise, Crèche d'entreprise, Voiture de fonction",147000,"Microsoft Office, Arabic/French Bilingual, Team Leadership, Report Writing, Project Management",1,9
General Director,Buisson SPA,Hospital Administration,Mid,2025-04-05,2025-06-15,Healthcare,Annaba,Doctorat,CDI,6,"Formation continue, Assurance maladie, Télétravail partiel",31000,"Arabic/French Bilingual, Project Management, Team Leadership, Microsoft Office, Report Writing",0,12
Team Leader,Buisson SPA,General Management,Lead,2025-04-23,2025-07-02,Construction,Béchar,Ingénieur d'État,Stage,15,"Tickets restaurant, Crèche d'entreprise, Prime de performance",107000,"Report Writing, Arabic/French Bilingual, Team Leadership, Microsoft Office, Project Management",1,8
Operations Manager,Delmas S.A. EURL,Operations,Chief,2025-04-06,2025-05-23,Aerospace & Defense,Oran,Master,Freelance,10,"Assurance maladie, Formation continue, Tickets restaurant",130000,"Project Management, Report Writing, Arabic/French Bilingual, Team Leadership, Microsoft Office",0,15
Administrative Manager,Pascal EURL,International Relations,Lead,2025-03-28,2025-06-13,Education,Laghouat,Ingénieur d'État,CDD,7,"Tickets restaurant, Épargne entreprise, Télétravail partiel",53000,"Arabic/French Bilingual, Project Management, Team Leadership, Microsoft Office, Report Writing",3,8
Production Supervisor,Boutin S.A. SARL,Operations,Senior,2025-04-19,2025-07-16,Telecommunications,Béjaïa,Licence,Stage,15,"Voiture de fonction, Prime de performance, Épargne entreprise",116000,"Team Leadership, Microsoft Office, Project Management, Arabic/French Bilingual, Report Writing",3,3
Operations Manager,Olivier SPA,General Management,Junior,2025-04-06,2025-06-15,Fisheries,Tizi Ouzou,Ingénieur d'État,Alternance,4,"Voiture de fonction, Épargne entreprise, Formation continue",93000,"Microsoft Office, Arabic/French Bilingual, Report Writing, Team Leadership, Project Management",4,9
Operations Manager,Gilbert SA SPA,General Management,Lead,2025-04-12,2025-05-22,Retail,M'sila,Doctorat,CDD,1,"Prime de performance, Télétravail partiel, Assurance maladie",88000,"Microsoft Office, Arabic/French Bilingual, Team Leadership, Project Management, Report Writing",3,4
Production Supervisor,Barbier SPA,Operations,Chief,2025-03-28,2025-05-26,Media & Entertainment,Adrar,Licence,Freelance,11,"Formation continue, Crèche d'entreprise, Épargne entreprise",104000,"Project Management, Microsoft Office, Arabic/French Bilingual, Team Leadership, Report Writing",5,11
Department Director,Sauvage SARL,General Management,Junior,2025-03-30,2025-05-16,Fisheries,El Tarf,Ingénieur d'État,Stage,13,"Prime de performance, Crèche d'entreprise, Assurance maladie",35000,"Team Leadership, Arabic/French Bilingual, Project Management, Report Writing, Microsoft Office",0,13
Team Leader,Djezzy,General Management,Junior,2025-04-15,2025-06-17,Aerospace & Defense,Ouargla,Ingénieur d'État,CDI,1,"Voiture de fonction, Assurance maladie, Télétravail partiel",42000,"Project Management, Report Writing, Arabic/French Bilingual, Microsoft Office, Team Leadership",3,15
Operations Manager,Pascal EURL,General Management,Lead,2025-03-29,2025-05-14,Manufacturing,Béjaïa,Bac,CDI,10,"Épargne entreprise, Télétravail partiel, Assurance maladie",139000,"Report Writing, Project Management, Team Leadership, Microsoft Office, Arabic/French Bilingual",5,11
Operations Manager,Cosider,Operations,Junior,2025-03-28,2025-05-09,Transport & Logistics,Tlemcen,Ingénieur d'État,Stage,9,"Tickets restaurant, Assurance maladie, Télétravail partiel",45000,"Microsoft Office, Report Writing, Arabic/French Bilingual, Project Management, Team Leadership",0,9
Production Supervisor,Blanchard SPA,Operations,Chief,2025-04-07,2025-06-21,Retail,M'sila,Doctorat,Stage,10,"Prime de performance, Assurance maladie, Crèche d'entreprise",35000,"Report Writing, Microsoft Office, Project Management, Team Leadership, Arabic/French Bilingual",2,9
Facilities Manager,Djezzy,Operations,Lead,2025-04-04,2025-05-23,Manufacturing,Skikda,Ingénieur d'État,CDD,13,"Assurance maladie, Prime de performance, Épargne entreprise",115000,"Microsoft Office, Report Writing, Project Management, Team Leadership, Arabic/French Bilingual",0,14
Operations Manager,Garcia EURL,Operations,Junior,2025-04-11,2025-07-09,Manufacturing,Annaba,Ingénieur d'État,Freelance,11,"Tickets restaurant, Crèche d'entreprise, Télétravail partiel",147000,"Team Leadership, Project Management, Report Writing, Microsoft Office, Arabic/French Bilingual",3,13
Logistics Coordinator,Ollivier Becker S.A.R.L. SPA,Operations,Junior,2025-03-27,2025-06-25,Fisheries,El Oued,Ingénieur d'État,CDD,13,"Crèche d'entreprise, Prime de performance, Télétravail partiel",64000,"Arabic/French Bilingual, Microsoft Office, Project Management, Report Writing, Team Leadership",0,6
Production Supervisor,Loiseau et Fils EURL,Operations,Junior,2025-04-03,2025-07-01,Manufacturing,Béjaïa,Bac,Stage,12,"Assurance maladie, Prime de performance, Formation continue",121000,"Arabic/French Bilingual, Team Leadership, Microsoft Office, Report Writing, Project Management",4,12
Administrative Manager,Lucas EURL,Clinical Operations,Junior,2025-04-21,2025-06-22,Healthcare,Biskra,Bac,CDI,15,"Crèche d'entreprise, Formation continue, Tickets restaurant",128000,"Microsoft Office, Project Management, Team Leadership, Arabic/French Bilingual, Report Writing",0,15
Administrative Manager,Blanchard SPA,General Management,Junior,2025-04-05,2025-06-22,Pharmaceuticals,Illizi,Master,CDI,15,"Crèche d'entreprise, Assurance maladie, Prime de performance",133000,"Microsoft Office, Arabic/French Bilingual, Team Leadership, Report Writing, Project Management",1,8
General Director,Leclercq SPA,General Management,Chief,2025-04-13,2025-05-26,Tourism & Hospitality,Tébessa,Doctorat,CDD,12,"Crèche d'entreprise, Voiture de fonction, Épargne entreprise",77000,"Project Management, Arabic/French Bilingual, Report Writing, Team Leadership, Microsoft Office",4,11
Team Leader,Pichon Maury S.A.S. SPA,General Management,Senior,2025-04-18,2025-06-25,Renewable Energy,Biskra,Bac,Alternance,4,"Assurance maladie, Voiture de fonction, Crèche d'entreprise",60000,"Project Management, Microsoft Office, Report Writing, Arabic/French Bilingual, Team Leadership",4,4
Logistics Coordinator,SNVI,Operations,Chief,2025-04-10,2025-06-15,Manufacturing,Djanet,Master,CDD,2,"Télétravail partiel, Tickets restaurant, Formation continue",73000,"Arabic/French Bilingual, Team Leadership, Report Writing, Microsoft Office, Project Management",2,7
Team Leader,Delmas et Fils EURL,Medical Equipment Maintenance,Chief,2025-04-03,2025-06-23,Healthcare,Tiaret,Bac,CDI,15,"Assurance maladie, Prime de performance, Voiture de fonction",28000,"Report Writing, Microsoft Office, Project Management, Arabic/French Bilingual, Team Leadership",1,13
Team Leader,Lebreton EURL,General Management,Lead,2025-04-17,2025-05-27,Telecommunications,Laghouat,Ingénieur d'État,CDI,9,"Télétravail partiel, Tickets restaurant, Formation continue",65000,"Report Writing, Microsoft Office, Arabic/French Bilingual, Project Management, Team Leadership",0,12
Supply Chain Manager,Cevital Agro-Industry,Operations,Senior,2025-03-31,2025-05-09,Media & Entertainment,M'sila,Ingénieur d'État,CDI,13,"Tickets restaurant, Formation continue, Voiture de fonction",84000,"Report Writing, Project Management, Arabic/French Bilingual, Team Leadership, Microsoft Office",1,15
Project Manager,SNVI,Retail Banking,Junior,2025-04-10,2025-07-03,Banking & Finance,Saïda,Ingénieur d'État,CDD,2,"Prime de performance, Formation continue, Épargne entreprise",75000,"Project Management, Report Writing, Microsoft Office, Team Leadership, Arabic/French Bilingual",4,15
Logistics Coordinator,Maurice EURL,Operations,Senior,2025-04-05,2025-06-12,Fisheries,Béchar,Bac,Alternance,8,"Formation continue, Assurance maladie, Prime de performance",122000,"Project Management, Team Leadership, Arabic/French Bilingual, Report Writing, Microsoft Office",5,12
Team Leader,Pichon Maury S.A.S. SPA,General Management,Lead,2025-04-15,2025-06-30,Telecommunications,Oran,Licence,Alternance,14,"Assurance maladie, Crèche d'entreprise, Tickets restaurant",144000,"Microsoft Office, Arabic/French Bilingual, Project Management, Team Leadership, Report Writing",2,7
Operations Manager,Mobilis,Operations,Chief,2025-04-24,2025-06-22,Renewable Energy,Tamanrasset,Doctorat,CDI,4,"Crèche d'entreprise, Télétravail partiel, Épargne entreprise",58000,"Microsoft Office, Report Writing, Project Management, Team Leadership, Arabic/French Bilingual",2,5
Safety Training Coordinator,Maurice Hoareau et Fils SPA,"HSE (Health, Safety, Environment)",Lead,2025-04-20,2025-06-04,Energy & Petroleum,Tlemcen,Ingénieur d'État,CDD,11,"Formation continue, Prime de performance, Tickets restaurant",111000,"Team Leadership, Arabic/French Bilingual, Project Management, Microsoft Office, Report Writing",2,13
General Director,CEVITAL,General Management,Senior,2025-04-09,2025-06-14,Renewable Energy,Ghardaïa,Doctorat,Alternance,1,"Télétravail partiel, Formation continue, Tickets restaurant",73000,"Microsoft Office, Project Management, Arabic/French Bilingual, Team Leadership, Report Writing",1,12
Operations Manager,Mobilis,Operations,Chief,2025-04-19,2025-05-30,E-Commerce,Mostaganem,Bac,Stage,6,"Télétravail partiel, Épargne entreprise, Assurance maladie",72000,"Project Management, Report Writing, Team Leadership, Arabic/French Bilingual, Microsoft Office",4,12
General Director,Olivier SPA,General Management,Chief,2025-03-30,2025-06-25,Tourism & Hospitality,El Oued,Ingénieur d'État,Stage,12,"Télétravail partiel, Épargne entreprise, Tickets restaurant",88000,"Team Leadership, Arabic/French Bilingual, Microsoft Office, Project Management, Report Writing",1,8
Operations Manager,Olivier SPA,Operations,Chief,2025-04-03,2025-06-07,Mining,Jijel,Licence,Freelance,8,"Épargne entreprise, Télétravail partiel, Prime de performance",44000,"Project Management, Report Writing, Team Leadership, Arabic/French Bilingual, Microsoft Office",4,6
General Director,Djezzy,General Management,Lead,2025-04-17,2025-06-13,E-Commerce,Timimoun,Bac,Stage,5,"Épargne entreprise, Télétravail partiel, Voiture de fonction",144000,"Microsoft Office, Report Writing, Arabic/French Bilingual, Project Management, Team Leadership",2,8
General Director,Seguin et Fils EURL,General Management,Junior,2025-03-29,2025-06-20,Aerospace & Defense,Oran,Master,Alternance,15,"Assurance maladie, Formation continue, Épargne entreprise",141000,"Report Writing, Team Leadership, Microsoft Office, Arabic/French Bilingual, Project Management",5,8
Supply Chain Manager,Bertrand Caron SA SPA,Operations,Lead,2025-04-19,2025-06-21,Manufacturing,Laghouat,Licence,Freelance,4,"Tickets restaurant, Formation continue, Assurance maladie",96000,"Team Leadership, Arabic/French Bilingual, Report Writing, Microsoft Office, Project Management",0,15
Department Director,Gilbert SA SPA,General Management,Chief,2025-03-31,2025-06-08,Pharmaceuticals,Tiaret,Master,Stage,11,"Assurance maladie, Prime de performance, Épargne entreprise",125000,"Microsoft Office, Arabic/French Bilingual, Project Management, Report Writing, Team Leadership",1,10
Logistics Coordinator,Cevital Agro-Industry,Operations,Chief,2025-03-26,2025-06-13,Mining,Constantine,Bac,CDI,12,"Épargne entreprise, Télétravail partiel, Assurance maladie",77000,"Project Management, Arabic/French Bilingual, Team Leadership, Microsoft Office, Report Writing",0,14
Administrative Manager,Besnard SARL SPA,General Management,Chief,2025-03-29,2025-05-10,Renewable Energy,Oran,Bac,CDD,5,"Crèche d'entreprise, Prime de performance, Voiture de fonction",109000,"Microsoft Office, Team Leadership, Arabic/French Bilingual, Report Writing, Project Management",1,9
Facilities Manager,Bertrand Caron SA SPA,Operations,Mid,2025-04-02,2025-06-07,Media & Entertainment,In Salah,Ingénieur d'État,Freelance,2,"Tickets restaurant, Crèche d'entreprise, Prime de performance",113000,"Team Leadership, Report Writing, Project Management, Microsoft Office, Arabic/French Bilingual",0,11
Logistics Coordinator,Boutin S.A. SARL,Operations,Mid,2025-04-23,2025-05-30,E-Commerce,Illizi,Ingénieur d'État,Alternance,12,"Épargne entreprise, Assurance maladie, Formation continue",130000,"Arabic/French Bilingual, Project Management, Team Leadership, Report Writing, Microsoft Office",3,3
Administrative Manager,Blanchard SPA,General Management,Mid,2025-04-13,2025-06-14,Construction,Béchar,Master,Freelance,8,"Crèche d'entreprise, Prime de performance, Tickets restaurant",108000,"Microsoft Office, Project Management, Report Writing, Arabic/French Bilingual, Team Leadership",0,15
Project Manager,CNAN,General Management,Junior,2025-04-10,2025-06-12,Retail,Béchar,Doctorat,CDD,11,"Épargne entreprise, Prime de performance, Télétravail partiel",141000,"Report Writing, Project Management, Arabic/French Bilingual, Microsoft Office, Team Leadership",2,13
Team Leader,Sofiane Pharma,Medical Equipment Maintenance,Senior,2025-04-24,2025-07-21,Healthcare,Jijel,Doctorat,Stage,2,"Tickets restaurant, Formation continue, Assurance maladie",46000,"Microsoft Office, Team Leadership, Arabic/French Bilingual, Report Writing, Project Management",1,12
Wellsite Manager,Philippe Dias SARL EURL,Drilling Operations,Lead,2025-04-17,2025-07-14,Energy & Petroleum,In Salah,Master,Stage,15,"Voiture de fonction, Télétravail partiel, Tickets restaurant",80000,"Arabic/French Bilingual, Microsoft Office, Team Leadership, Report Writing, Project Management",5,3
Production Supervisor,Lefèvre Couturier S.A.R.L. EURL,Operations,Lead,2025-03-29,2025-06-20,Transport & Logistics,Timimoun,Master,Stage,14,"Formation continue, Crèche d'entreprise, Épargne entreprise",141000,"Project Management, Team Leadership, Report Writing, Microsoft Office, Arabic/French Bilingual",0,11
Department Director,Pichon Maury S.A.S. SPA,General Management,Lead,2025-04-12,2025-06-03,Fisheries,Naama,Master,Freelance,5,"Prime de performance, Tickets restaurant, Crèche d'entreprise",50000,"Microsoft Office, Team Leadership, Project Management, Arabic/French Bilingual, Report Writing",5,13
Team Leader,Camus S.A.R.L. SARL,Food Processing,Senior,2025-04-08,2025-06-13,Agriculture,M'sila,Bac,Alternance,2,"Voiture de fonction, Assurance maladie, Tickets restaurant",62000,"Arabic/French Bilingual, Project Management, Team Leadership, Microsoft Office, Report Writing",1,7
Production Supervisor,Bertrand Caron SA SPA,Operations,Mid,2025-04-05,2025-06-18,Fisheries,El Oued,Licence,Alternance,1,"Tickets restaurant, Formation continue, Épargne entreprise",81000,"Project Management, Arabic/French Bilingual, Team Leadership, Report Writing, Microsoft Office",3,10
Supply Chain Manager,Ooredoo Algeria,Operations,Mid,2025-04-05,2025-05-28,Public Sector,Tlemcen,Doctorat,Stage,4,"Crèche d'entreprise, Tickets restaurant, Épargne entreprise",61000,"Team Leadership, Project Management, Microsoft Office, Report Writing, Arabic/French Bilingual",4,6
Operations Manager,Air Algérie,Clinical Operations,Junior,2025-03-30,2025-06-11,Healthcare,Batna,Master,CDD,4,"Formation continue, Tickets restaurant, Assurance maladie",45000,"Microsoft Office, Team Leadership, Report Writing, Project Management, Arabic/French Bilingual",3,11
Mobile UX Designer,Lefèvre Couturier S.A.R.L. EURL,Mobile Development,Chief,2025-04-23,2025-07-10,Information Technology,Chlef,Ingénieur d'État,CDI,9,"Voiture de fonction, Crèche d'entreprise, Télétravail partiel",94000,"Microsoft Office, Arabic/French Bilingual, Project Management, Report Writing, Team Leadership",4,9
Production Supervisor,Loiseau et Fils EURL,Operations,Chief,2025-04-17,2025-06-08,Tourism & Hospitality,Saïda,Licence,CDD,5,"Formation continue, Prime de performance, Voiture de fonction",103000,"Microsoft Office, Report Writing, Arabic/French Bilingual, Project Management, Team Leadership",5,10
AI Researcher,Lévêque SARL,Data Science & AI,Junior,2025-03-31,2025-06-25,Information Technology,Constantine,Doctorat,CDI,8,"Voiture de fonction, Assurance maladie, Formation continue",97000,"Team Leadership, Report Writing, Project Management, Arabic/French Bilingual, Microsoft Office",2,10
Supply Chain Manager,Bigot Henry SARL EURL,Operations,Mid,2025-03-28,2025-06-02,Aerospace & Defense,Timimoun,Master,Stage,4,"Prime de performance, Télétravail partiel, Tickets restaurant",26000,"Project Management, Microsoft Office, Report Writing, Arabic/French Bilingual, Team Leadership",2,7
Supply Chain Manager,Duhamel S.A.R.L. SPA,Operations,Chief,2025-04-19,2025-05-28,Tourism & Hospitality,Biskra,Bac,Freelance,1,"Prime de performance, Formation continue, Assurance maladie",47000,"Microsoft Office, Project Management, Team Leadership, Report Writing, Arabic/French Bilingual",4,12
Operations Manager,Pichon Maury S.A.S. SPA,Medical Equipment Maintenance,Chief,2025-04-01,2025-05-15,Healthcare,El Oued,Master,Stage,7,"Crèche d'entreprise, Formation continue, Épargne entreprise",146000,"Report Writing, Team Leadership, Arabic/French Bilingual, Project Management, Microsoft Office",5,10
Mobile App Developer,Sanchez SARL EURL,Mobile Development,Chief,2025-03-26,2025-06-19,Information Technology,Tlemcen,Doctorat,CDD,1,"Formation continue, Assurance maladie, Prime de performance",129000,"Team Leadership, Arabic/French Bilingual, Project Management, Microsoft Office, Report Writing",5,11
Supply Chain Manager,Sauvage SARL,Operations,Lead,2025-04-03,2025-06-14,Fisheries,Constantine,Doctorat,Stage,11,"Épargne entreprise, Voiture de fonction, Formation continue",56000,"Project Management, Team Leadership, Report Writing, Arabic/French Bilingual, Microsoft Office",5,4
Administrative Manager,Batimétal,Risk Analysis,Chief,2025-04-23,2025-06-30,Banking & Finance,Tamanrasset,Bac,CDD,13,"Crèche d'entreprise, Formation continue, Télétravail partiel",136000,"Microsoft Office, Arabic/French Bilingual, Team Leadership, Project Management, Report Writing",1,5
Department Director,Cevital Agro-Industry,General Management,Lead,2025-04-10,2025-07-01,E-Commerce,Timimoun,Master,Alternance,12,"Épargne entreprise, Voiture de fonction, Assurance maladie",52000,"Team Leadership, Report Writing, Microsoft Office, Project Management, Arabic/French Bilingual",0,3
Production Supervisor,Maurice EURL,Operations,Lead,2025-04-18,2025-06-19,Pharmaceuticals,Algiers,Ingénieur d'État,Stage,15,"Télétravail partiel, Formation continue, Crèche d'entreprise",91000,"Team Leadership, Project Management, Report Writing, Arabic/French Bilingual, Microsoft Office",4,7
Team Leader,Duhamel S.A.R.L. SPA,General Management,Junior,2025-03-30,2025-05-30,Renewable Energy,Tizi Ouzou,Bac,CDI,4,"Voiture de fonction, Crèche d'entreprise, Télétravail partiel",119000,"Team Leadership, Report Writing, Microsoft Office, Arabic/French Bilingual, Project Management",4,5
Operations Manager,Sonatrach,Agronomy Research,Junior,2025-03-30,2025-06-20,Agriculture,Ouargla,Licence,Alternance,3,"Prime de performance, Voiture de fonction, Épargne entreprise",124000,"Arabic/French Bilingual, Report Writing, Project Management, Team Leadership, Microsoft Office",0,9
Operations Manager,Camus S.A.R.L. SARL,Operations,Lead,2025-04-14,2025-06-08,Fisheries,Tindouf,Bac,Alternance,4,"Formation continue, Prime de performance, Voiture de fonction",137000,"Project Management, Arabic/French Bilingual, Team Leadership, Microsoft Office, Report Writing",0,11
Administrative Manager,Manadjim El Djazaïr,Risk Analysis,Senior,2025-03-26,2025-05-20,Banking & Finance,Timimoun,Licence,Alternance,6,"Télétravail partiel, Assurance maladie, Tickets restaurant",42000,"Team Leadership, Project Management, Arabic/French Bilingual, Report Writing, Microsoft Office",3,15
Logistics Coordinator,Gilbert SA SPA,Operations,Chief,2025-04-10,2025-07-01,Mining,Blida,Doctorat,Stage,4,"Prime de performance, Épargne entreprise, Assurance maladie",43000,"Microsoft Office, Arabic/French Bilingual, Report Writing, Project Management, Team Leadership",2,3
Operations Manager,Leclercq SPA,General Management,Junior,2025-04-01,2025-05-19,Construction,Skikda,Licence,Freelance,15,"Voiture de fonction, Épargne entreprise, Prime de performance",101000,"Arabic/French Bilingual, Microsoft Office, Project Management, Team Leadership, Report Writing",4,10
Mud Engineer,Duhamel S.A.R.L. SPA,Drilling Operations,Chief,2025-04-11,2025-06-16,Energy & Petroleum,Laghouat,Licence,Stage,6,"Formation continue, Tickets restaurant, Crèche d'entreprise",69000,"Report Writing, Team Leadership, Arabic/French Bilingual, Microsoft Office, Project Management",2,7
Team Leader,Seguin et Fils EURL,Hospital Administration,Mid,2025-04-04,2025-06-17,Healthcare,Blida,Licence,CDD,13,"Prime de performance, Télétravail partiel, Crèche d'entreprise",61000,"Report Writing, Microsoft Office, Project Management, Arabic/French Bilingual, Team Leadership",2,8
Production Supervisor,ENIE,Operations,Lead,2025-04-08,2025-07-03,Fisheries,El Oued,Master,Alternance,3,"Crèche d'entreprise, Formation continue, Tickets restaurant",99000,"Team Leadership, Project Management, Report Writing, Microsoft Office, Arabic/French Bilingual",4,3
Production Supervisor,Ruiz SARL,Operations,Mid,2025-04-02,2025-06-05,Transport & Logistics,Ghardaïa,Licence,CDD,2,"Assurance maladie, Prime de performance, Voiture de fonction",71000,"Report Writing, Team Leadership, Arabic/French Bilingual, Microsoft Office, Project Management",1,5
Department Director,Cevital Agro-Industry,E-Learning Platforms,Mid,2025-04-12,2025-06-24,Education,Tébessa,Licence,CDD,8,"Épargne entreprise, Crèche d'entreprise, Voiture de fonction",138000,"Microsoft Office, Arabic/French Bilingual, Report Writing, Team Leadership, Project Management",1,15
Logistics Coordinator,Cevital Agro-Industry,Operations,Junior,2025-04-04,2025-06-13,Retail,Béjaïa,Ingénieur d'État,Alternance,8,"Télétravail partiel, Voiture de fonction, Tickets restaurant",131000,"Arabic/French Bilingual, Microsoft Office, Report Writing, Project Management, Team Leadership",1,15
General Director,Maurice EURL,General Management,Senior,2025-04-19,2025-06-14,Transport & Logistics,Ghardaïa,Bac,CDD,7,"Prime de performance, Voiture de fonction, Assurance maladie",132000,"Arabic/French Bilingual, Microsoft Office, Team Leadership, Report Writing, Project Management",5,5
Supply Chain Manager,Lebreton EURL,Operations,Senior,2025-04-01,2025-06-03,E-Commerce,In Salah,Doctorat,CDD,11,"Voiture de fonction, Crèche d'entreprise, Épargne entreprise",29000,"Team Leadership, Report Writing, Project Management, Microsoft Office, Arabic/French Bilingual",4,3
Team Leader,Gilbert SA SPA,General Management,Lead,2025-04-15,2025-06-01,Transport & Logistics,Laghouat,Bac,CDD,7,"Télétravail partiel, Formation continue, Crèche d'entreprise",48000,"Project Management, Microsoft Office, Arabic/French Bilingual, Report Writing, Team Leadership",3,5
Operations Manager,Ooredoo Algeria,Export Operations,Chief,2025-04-13,2025-05-28,Agriculture,Algiers,Master,CDI,14,"Épargne entreprise, Crèche d'entreprise, Voiture de fonction",75000,"Project Management, Report Writing, Team Leadership, Microsoft Office, Arabic/French Bilingual",5,4
Administrative Manager,Ooredoo Algeria,Sustainable Farming,Lead,2025-04-13,2025-05-27,Agriculture,Béjaïa,Doctorat,Freelance,3,"Formation continue, Tickets restaurant, Voiture de fonction",104000,"Soil Health Management, Organic Certification, Permaculture Design, Water Conservation, Precision Agriculture, Agroecology",1,14
Supply Chain Manager,Gautier SARL,Operations,Mid,2025-04-12,2025-06-07,Retail,Béjaïa,Bac,CDD,15,"Voiture de fonction, Crèche d'entreprise, Prime de performance",101000,"Report Writing, Microsoft Office, Project Management, Arabic/French Bilingual, Team Leadership",4,9
Department Director,Pereira SARL,General Management,Senior,2025-04-07,2025-06-29,Aerospace & Defense,Skikda,Bac,Stage,5,"Formation continue, Crèche d'entreprise, Assurance maladie",85000,"Report Writing, Microsoft Office, Arabic/French Bilingual, Project Management, Team Leadership",4,13
Systems Administrator,Sanchez SARL EURL,Cloud Infrastructure,Junior,2025-04-23,2025-07-09,Information Technology,El Oued,Bac,Alternance,15,"Épargne entreprise, Voiture de fonction, Prime de performance",123000,"Team Leadership, Arabic/French Bilingual, Project Management, Report Writing, Microsoft Office",5,11
Operations Manager,Gomez SARL,Operations,Chief,2025-04-20,2025-07-04,Telecommunications,Naama,Ingénieur d'État,Freelance,6,"Crèche d'entreprise, Télétravail partiel, Assurance maladie",109000,"Project Management, Microsoft Office, Team Leadership, Arabic/French Bilingual, Report Writing",4,4
General Director,Manadjim El Djazaïr,General Management,Junior,2025-04-14,2025-06-14,Telecommunications,Oran,Master,CDD,2,"Crèche d'entreprise, Assurance maladie, Voiture de fonction",75000,"Report Writing, Team Leadership, Microsoft Office, Project Management, Arabic/French Bilingual",0,7
Pipeline Engineer,Ruiz SARL,Pipeline Management,Junior,2025-04-05,2025-06-20,Energy & Petroleum,Tébessa,Ingénieur d'État,Freelance,9,"Crèche d'entreprise, Assurance maladie, Tickets restaurant",41000,"Project Management, Arabic/French Bilingual, Microsoft Office, Team Leadership, Report Writing",4,5
Operations Manager,Olivier SPA,Sustainable Farming,Senior,2025-04-14,2025-06-15,Agriculture,Djanet,Ingénieur d'État,Stage,7,"Tickets restaurant, Crèche d'entreprise, Télétravail partiel",82000,"Precision Agriculture, Organic Certification, Water Conservation, Agroecology, Soil Health Management, Permaculture Design",0,13
Supply Chain Manager,SNVI,Operations,Mid,2025-04-16,2025-06-19,Aerospace & Defense,Algiers,Bac,Alternance,5,"Télétravail partiel, Formation continue, Assurance maladie",140000,"Arabic/French Bilingual, Microsoft Office, Report Writing, Team Leadership, Project Management",3,6
General Director,Algérie Télécom,General Management,Mid,2025-04-20,2025-07-15,Public Sector,M'sila,Ingénieur d'État,Stage,3,"Voiture de fonction, Télétravail partiel, Tickets restaurant",95000,"Report Writing, Arabic/French Bilingual, Microsoft Office, Project Management, Team Leadership",4,12
Department Director,Sonatrach,General Management,Chief,2025-04-20,2025-07-09,Manufacturing,El Oued,Bac,Alternance,11,"Crèche d'entreprise, Prime de performance, Voiture de fonction",108000,"Project Management, Report Writing, Arabic/French Bilingual, Microsoft Office, Team Leadership",0,14
Operations Manager,Philippe Dias SARL EURL,General Management,Lead,2025-04-10,2025-05-31,E-Commerce,Djanet,Ingénieur d'État,Alternance,10,"Voiture de fonction, Assurance maladie, Formation continue",110000,"Report Writing, Team Leadership, Microsoft Office, Arabic/French Bilingual, Project Management",1,11
Project Manager,Sonalgaz,Accounting & Auditing,Lead,2025-04-15,2025-06-23,Banking & Finance,Béchar,Master,Stage,15,"Prime de performance, Épargne entreprise, Crèche d'entreprise",117000,"Microsoft Office, Arabic/French Bilingual, Project Management, Report Writing, Team Leadership",2,12
General Director,Schmitt SARL EURL,General Management,Senior,2025-04-14,2025-06-25,Fisheries,Oran,Doctorat,Alternance,2,"Télétravail partiel, Épargne entreprise, Formation continue",63000,"Microsoft Office, Arabic/French Bilingual, Team Leadership, Report Writing, Project Management",5,3
Production Supervisor,Sonalgaz,Operations,Senior,2025-04-16,2025-07-01,Mining,Tébessa,Master,Alternance,8,"Voiture de fonction, Épargne entreprise, Prime de performance",146000,"Arabic/French Bilingual, Team Leadership, Project Management, Report Writing, Microsoft Office",2,3
Environmental Compliance Officer,Boulanger S.A. SPA,"HSE (Health, Safety, Environment)",Junior,2025-03-31,2025-05-30,Energy & Petroleum,Skikda,Bac,Alternance,1,"Tickets restaurant, Crèche d'entreprise, Prime de performance",104000,"Microsoft Office, Team Leadership, Arabic/French Bilingual, Project Management, Report Writing",2,4
Team Leader,Ruiz SARL,E-Learning Platforms,Mid,2025-04-16,2025-06-22,Education,Aïn Témouchent,Master,Stage,15,"Crèche d'entreprise, Épargne entreprise, Formation continue",73000,"Arabic/French Bilingual, Microsoft Office, Project Management, Team Leadership, Report Writing",4,11
Team Leader,Lebreton EURL,General Management,Chief,2025-04-09,2025-06-07,Aerospace & Defense,Mostaganem,Doctorat,Alternance,6,"Épargne entreprise, Télétravail partiel, Formation continue",57000,"Microsoft Office, Report Writing, Team Leadership, Arabic/French Bilingual, Project Management",4,12
Project Manager,Bigot Henry SARL EURL,Medical Equipment Maintenance,Junior,2025-04-03,2025-06-23,Healthcare,Djanet,Licence,Freelance,14,"Épargne entreprise, Formation continue, Tickets restaurant",39000,"Report Writing, Microsoft Office, Arabic/French Bilingual, Team Leadership, Project Management",1,15
Facilities Manager,BNA,Operations,Lead,2025-04-16,2025-06-27,Pharmaceuticals,Blida,Ingénieur d'État,Alternance,12,"Épargne entreprise, Télétravail partiel, Assurance maladie",27000,"Microsoft Office, Report Writing, Project Management, Team Leadership, Arabic/French Bilingual",1,6
General Director,Gauthier SARL,General Management,Junior,2025-04-05,2025-05-27,Renewable Energy,Jijel,Bac,CDI,10,"Formation continue, Tickets restaurant, Assurance maladie",90000,"Project Management, Arabic/French Bilingual, Team Leadership, Microsoft Office, Report Writing",2,9
Operations Manager,Seguin et Fils EURL,General Management,Lead,2025-03-28,2025-06-16,Mining,Algiers,Doctorat,Freelance,8,"Voiture de fonction, Épargne entreprise, Crèche d'entreprise",82000,"Team Leadership, Project Management, Arabic/French Bilingual, Microsoft Office, Report Writing",3,7
Team Leader,Mendès EURL,General Management,Senior,2025-04-14,2025-05-31,Pharmaceuticals,Tamanrasset,Licence,CDI,2,"Crèche d'entreprise, Télétravail partiel, Formation continue",115000,"Team Leadership, Project Management, Report Writing, Arabic/French Bilingual, Microsoft Office",1,8
Administrative Manager,Pereira SARL,Irrigation Technology,Senior,2025-03-31,2025-06-23,Agriculture,Aïn Témouchent,Doctorat,Freelance,12,"Télétravail partiel, Prime de performance, Formation continue",135000,"Report Writing, Team Leadership, Arabic/French Bilingual, Project Management, Microsoft Office",5,4
Production Supervisor,Buisson SPA,Operations,Lead,2025-04-10,2025-07-06,Manufacturing,Skikda,Ingénieur d'État,Alternance,3,"Tickets restaurant, Formation continue, Assurance maladie",119000,"Arabic/French Bilingual, Microsoft Office, Report Writing, Project Management, Team Leadership",3,14
General Director,Sonalgaz,Investment Management,Mid,2025-03-30,2025-06-07,Banking & Finance,El Tarf,Doctorat,Alternance,14,"Prime de performance, Formation continue, Télétravail partiel",103000,"Arabic/French Bilingual, Microsoft Office, Report Writing, Project Management, Team Leadership",2,14
Project Manager,Algérie Télécom,General Management,Senior,2025-03-28,2025-06-07,Tourism & Hospitality,Mostaganem,Bac,Freelance,7,"Voiture de fonction, Épargne entreprise, Crèche d'entreprise",97000,"Arabic/French Bilingual, Microsoft Office, Team Leadership, Report Writing, Project Management",3,4
Operations Manager,Sonalgaz,Operations,Chief,2025-04-14,2025-06-30,Pharmaceuticals,El Oued,Doctorat,CDD,10,"Prime de performance, Formation continue, Voiture de fonction",97000,"Team Leadership, Project Management, Report Writing, Arabic/French Bilingual, Microsoft Office",5,10
Project Manager,Marchal S.A.S. SPA,Pipeline Management,Mid,2025-04-15,2025-06-06,Energy & Petroleum,Skikda,Ingénieur d'État,Stage,4,"Formation continue, Prime de performance, Assurance maladie",65000,"Report Writing, Microsoft Office, Arabic/French Bilingual, Team Leadership, Project Management",0,13
Operations Manager,Olivier SPA,Operations,Junior,2025-04-14,2025-06-08,Tourism & Hospitality,Skikda,Doctorat,CDI,1,"Voiture de fonction, Tickets restaurant, Télétravail partiel",138000,"Microsoft Office, Report Writing, Team Leadership, Arabic/French Bilingual, Project Management",2,10
Facilities Manager,Pascal EURL,Operations,Lead,2025-04-08,2025-05-22,Renewable Energy,Annaba,Licence,CDI,12,"Prime de performance, Tickets restaurant, Voiture de fonction",77000,"Microsoft Office, Arabic/French Bilingual, Report Writing, Team Leadership, Project Management",1,7
Operations Manager,Boutin S.A. SARL,General Management,Junior,2025-04-10,2025-07-06,Telecommunications,Tiaret,Master,Stage,10,"Crèche d'entreprise, Voiture de fonction, Assurance maladie",142000,"Project Management, Arabic/French Bilingual, Report Writing, Microsoft Office, Team Leadership",2,9
Administrative Manager,Bertrand Caron SA SPA,Clinical Operations,Chief,2025-04-15,2025-07-13,Healthcare,Timimoun,Doctorat,Freelance,2,"Formation continue, Crèche d'entreprise, Assurance maladie",47000,"Project Management, Team Leadership, Arabic/French Bilingual, Report Writing, Microsoft Office",2,6
Logistics Coordinator,Schmitt SARL EURL,Operations,Mid,2025-04-02,2025-05-29,Mining,Laghouat,Bac,CDI,4,"Télétravail partiel, Épargne entreprise, Prime de performance",53000,"Arabic/French Bilingual, Team Leadership, Report Writing, Microsoft Office, Project Management",4,14
Security Operations Specialist,Blanchard SPA,Cybersecurity,Lead,2025-04-10,2025-06-09,Information Technology,Timimoun,Doctorat,Alternance,3,"Prime de performance, Formation continue, Crèche d'entreprise",45000,"Firewall Configuration, GDPR Compliance, Incident Response, Cryptography, SIEM Tools, Network Security, Ethical Hacking, SOC Operations",0,12
Operations Manager,Olivier SPA,General Management,Lead,2025-04-18,2025-05-25,Pharmaceuticals,Laghouat,Licence,CDI,15,"Prime de performance, Voiture de fonction, Télétravail partiel",52000,"Project Management, Microsoft Office, Arabic/French Bilingual, Team Leadership, Report Writing",4,9
Administrative Manager,Air Algérie,General Management,Senior,2025-04-13,2025-05-21,E-Commerce,Timimoun,Master,CDD,2,"Télétravail partiel, Voiture de fonction, Assurance maladie",39000,"Team Leadership, Project Management, Arabic/French Bilingual, Report Writing, Microsoft Office",5,6
Supply Chain Manager,Naftal,Operations,Mid,2025-04-11,2025-06-10,Renewable Energy,Jijel,Bac,Freelance,7,"Crèche d'entreprise, Télétravail partiel, Épargne entreprise",95000,"Arabic/French Bilingual, Report Writing, Microsoft Office, Team Leadership, Project Management",4,3
Operations Manager,Schmitt SARL EURL,General Management,Mid,2025-04-20,2025-05-30,Telecommunications,Biskra,Master,CDI,7,"Prime de performance, Épargne entreprise, Télétravail partiel",53000,"Team Leadership, Project Management, Report Writing, Microsoft Office, Arabic/French Bilingual",3,11
Production Supervisor,Delmas S.A. EURL,Operations,Lead,2025-03-27,2025-06-06,Media & Entertainment,Aïn Témouchent,Master,Stage,13,"Assurance maladie, Voiture de fonction, Prime de performance",48000,"Arabic/French Bilingual, Project Management, Team Leadership, Report Writing, Microsoft Office",4,14
Supply Chain Manager,Duhamel S.A.R.L. SPA,Operations,Junior,2025-04-05,2025-05-18,Public Sector,Chlef,Bac,CDD,4,"Voiture de fonction, Assurance maladie, Tickets restaurant",34000,"Arabic/French Bilingual, Report Writing, Team Leadership, Project Management, Microsoft Office",2,10
Team Leader,Lefèvre Couturier S.A.R.L. EURL,FinTech Innovation,Chief,2025-04-05,2025-05-20,Banking & Finance,Ouargla,Doctorat,Stage,5,"Assurance maladie, Voiture de fonction, Télétravail partiel",73000,"Microsoft Office, Team Leadership, Project Management, Arabic/French Bilingual, Report Writing",3,3
Project Manager,Lucas SPA,Export Operations,Lead,2025-04-18,2025-06-02,Agriculture,Annaba,Licence,Alternance,8,"Télétravail partiel, Tickets restaurant, Assurance maladie",133000,"Project Management, Microsoft Office, Report Writing, Arabic/French Bilingual, Team Leadership",4,7
Operations Manager,Gomez SARL,Operations,Senior,2025-03-26,2025-05-03,Tourism & Hospitality,Tiaret,Bac,Freelance,9,"Crèche d'entreprise, Assurance maladie, Formation continue",105000,"Microsoft Office, Arabic/French Bilingual, Project Management, Report Writing, Team Leadership",4,15
Operations Manager,Loiseau et Fils EURL,E-Learning Platforms,Senior,2025-04-14,2025-06-14,Education,El Tarf,Bac,CDD,6,"Crèche d'entreprise, Prime de performance, Télétravail partiel",39000,"Report Writing, Team Leadership, Arabic/French Bilingual, Microsoft Office, Project Management",0,14
Administrative Manager,Manadjim El Djazaïr,General Management,Junior,2025-03-30,2025-06-25,Transport & Logistics,Djanet,Ingénieur d'État,Alternance,8,"Voiture de fonction, Crèche d'entreprise, Télétravail partiel",84000,"Microsoft Office, Arabic/French Bilingual, Project Management, Report Writing, Team Leadership",3,12
General Director,Sanchez SARL EURL,General Management,Senior,2025-04-10,2025-07-03,Fisheries,Laghouat,Master,CDI,11,"Formation continue, Crèche d'entreprise, Télétravail partiel",53000,"Arabic/French Bilingual, Project Management, Team Leadership, Report Writing, Microsoft Office",5,14
Facilities Manager,Joseph SARL,Operations,Chief,2025-04-03,2025-06-10,Fisheries,Oran,Licence,CDD,13,"Assurance maladie, Télétravail partiel, Voiture de fonction",49000,"Microsoft Office, Report Writing, Team Leadership, Project Management, Arabic/French Bilingual",4,4
Logistics Coordinator,Lucas EURL,Operations,Mid,2025-04-18,2025-07-04,Transport & Logistics,Tlemcen,Doctorat,Stage,6,"Voiture de fonction, Assurance maladie, Télétravail partiel",142000,"Microsoft Office, Team Leadership, Arabic/French Bilingual, Report Writing, Project Management",0,8
Administrative Manager,Pascal EURL,General Management,Mid,2025-04-20,2025-06-01,E-Commerce,Tiaret,Doctorat,Freelance,12,"Prime de performance, Formation continue, Voiture de fonction",106000,"Team Leadership, Arabic/French Bilingual, Microsoft Office, Project Management, Report Writing",2,8
General Director,Boulanger S.A. SPA,International Relations,Mid,2025-04-10,2025-05-24,Education,Chlef,Master,Freelance,3,"Épargne entreprise, Tickets restaurant, Télétravail partiel",90000,"Team Leadership, Project Management, Microsoft Office, Arabic/French Bilingual, Report Writing",5,12
Production Supervisor,Boulanger S.A. SPA,Operations,Lead,2025-04-05,2025-06-15,Public Sector,Blida,Bac,Alternance,5,"Prime de performance, Tickets restaurant, Crèche d'entreprise",70000,"Microsoft Office, Arabic/French Bilingual, Team Leadership, Project Management, Report Writing",0,3
Team Leader,Barbier SPA,General Management,Senior,2025-04-06,2025-05-23,Public Sector,El Oued,Licence,Freelance,2,"Prime de performance, Tickets restaurant, Épargne entreprise",131000,"Team Leadership, Arabic/French Bilingual, Report Writing, Project Management, Microsoft Office",5,5
Administrative Manager,Sofiane Pharma,General Management,Mid,2025-04-07,2025-06-29,Transport & Logistics,Tiaret,Licence,Freelance,12,"Assurance maladie, Tickets restaurant, Prime de performance",104000,"Team Leadership, Project Management, Arabic/French Bilingual, Microsoft Office, Report Writing",4,14
Team Leader,Sanchez SARL EURL,General Management,Junior,2025-04-01,2025-05-08,Transport & Logistics,Ghardaïa,Ingénieur d'État,Freelance,13,"Formation continue, Épargne entreprise, Crèche d'entreprise",134000,"Report Writing, Project Management, Arabic/French Bilingual, Team Leadership, Microsoft Office",3,9
Project Manager,Leclercq SPA,General Management,Chief,2025-04-16,2025-07-13,Fisheries,El Tarf,Doctorat,Alternance,10,"Voiture de fonction, Assurance maladie, Tickets restaurant",139000,"Team Leadership, Report Writing, Project Management, Microsoft Office, Arabic/French Bilingual",3,15
General Director,Marchal S.A.S. SPA,General Management,Senior,2025-04-11,2025-06-30,Pharmaceuticals,Illizi,Licence,Freelance,5,"Prime de performance, Télétravail partiel, Assurance maladie",41000,"Microsoft Office, Team Leadership, Report Writing, Project Management, Arabic/French Bilingual",3,11
Project Manager,Boulanger S.A. SPA,Export Operations,Chief,2025-04-14,2025-05-23,Agriculture,Tébessa,Ingénieur d'État,Alternance,14,"Épargne entreprise, Voiture de fonction, Formation continue",142000,"Report Writing, Arabic/French Bilingual, Project Management, Team Leadership, Microsoft Office",0,13
Geophysicist,Joseph SARL,Exploration & Production,Chief,2025-03-27,2025-05-16,Energy & Petroleum,Biskra,Ingénieur d'État,Freelance,6,"Tickets restaurant, Crèche d'entreprise, Assurance maladie",133000,"Petrel Software, Enhanced Oil Recovery, Well Logging, HYSYS, Reservoir Simulation, Geological Modeling, Drilling Optimization",0,13
Administrative Manager,SNVI,Sustainable Farming,Chief,2025-03-26,2025-06-14,Agriculture,In Salah,Bac,Alternance,13,"Épargne entreprise, Crèche d'entreprise, Tickets restaurant",103000,"Agroecology, Organic Certification, Permaculture Design, Soil Health Management, Water Conservation, Precision Agriculture",3,14
Administrative Manager,Air Algérie,General Management,Mid,2025-03-30,2025-05-22,Media & Entertainment,Tébessa,Master,CDD,11,"Crèche d'entreprise, Télétravail partiel, Formation continue",142000,"Report Writing, Microsoft Office, Arabic/French Bilingual, Team Leadership, Project Management",3,12
Production Supervisor,Mobilis,Operations,Mid,2025-03-29,2025-05-29,Retail,Constantine,Ingénieur d'État,CDI,14,"Télétravail partiel, Voiture de fonction, Formation continue",125000,"Arabic/French Bilingual, Microsoft Office, Team Leadership, Project Management, Report Writing",5,12
Project Manager,Batimétal,General Management,Mid,2025-04-11,2025-06-11,Construction,Illizi,Bac,CDD,3,"Crèche d'entreprise, Formation continue, Télétravail partiel",86000,"Microsoft Office, Report Writing, Project Management, Team Leadership, Arabic/French Bilingual",5,13
Operations Manager,Barbier Guillot S.A.R.L. SPA,Operations,Chief,2025-03-26,2025-05-29,Transport & Logistics,Batna,Ingénieur d'État,Freelance,9,"Formation continue, Assurance maladie, Prime de performance",134000,"Microsoft Office, Team Leadership, Report Writing, Project Management, Arabic/French Bilingual",3,5
Administrative Manager,Maurice Hoareau et Fils SPA,Agronomy Research,Mid,2025-04-02,2025-06-21,Agriculture,Mostaganem,Doctorat,Stage,10,"Prime de performance, Formation continue, Épargne entreprise",76000,"Arabic/French Bilingual, Microsoft Office, Project Management, Team Leadership, Report Writing",3,15
Administrative Manager,Mahe Boyer S.A.R.L. SARL,Export Operations,Senior,2025-04-24,2025-06-13,Agriculture,Constantine,Doctorat,Stage,4,"Télétravail partiel, Crèche d'entreprise, Prime de performance",81000,"Microsoft Office, Arabic/French Bilingual, Team Leadership, Report Writing, Project Management",0,7
Department Director,Sofiane Pharma,General Management,Senior,2025-04-11,2025-07-09,Telecommunications,Timimoun,Master,CDI,13,"Voiture de fonction, Assurance maladie, Formation continue",92000,"Team Leadership, Report Writing, Arabic/French Bilingual, Project Management, Microsoft Office",1,5
Administrative Manager,Maillard S.A. SPA,General Management,Senior,2025-04-04,2025-06-03,Fisheries,Illizi,Doctorat,Alternance,6,"Tickets restaurant, Prime de performance, Assurance maladie",28000,"Team Leadership, Microsoft Office, Arabic/French Bilingual, Project Management, Report Writing",5,14
Operations Manager,SNVI,Operations,Lead,2025-04-20,2025-07-08,Transport & Logistics,Tizi Ouzou,Master,CDD,2,"Épargne entreprise, Tickets restaurant, Télétravail partiel",73000,"Team Leadership, Microsoft Office, Report Writing, Arabic/French Bilingual, Project Management",5,11
Administrative Manager,Maillard S.A. SPA,Accounting & Auditing,Junior,2025-04-07,2025-05-25,Banking & Finance,Mostaganem,Licence,Freelance,15,"Prime de performance, Épargne entreprise, Formation continue",73000,"Project Management, Team Leadership, Arabic/French Bilingual, Report Writing, Microsoft Office",3,8
General Director,Philippe Dias SARL EURL,General Management,Lead,2025-04-05,2025-07-03,Public Sector,Tizi Ouzou,Licence,Alternance,3,"Prime de performance, Assurance maladie, Épargne entreprise",141000,"Arabic/French Bilingual, Project Management, Report Writing, Team Leadership, Microsoft Office",3,8
Team Leader,Pichon Maury S.A.S. SPA,General Management,Lead,2025-04-11,2025-05-29,Manufacturing,Aïn Témouchent,Doctorat,CDI,13,"Tickets restaurant, Formation continue, Voiture de fonction",42000,"Microsoft Office, Arabic/French Bilingual, Team Leadership, Project Management, Report Writing",4,15
Production Supervisor,CEVITAL,Operations,Senior,2025-04-08,2025-05-23,Fisheries,Naama,Ingénieur d'État,Alternance,10,"Crèche d'entreprise, Voiture de fonction, Épargne entreprise",112000,"Report Writing, Team Leadership, Arabic/French Bilingual, Project Management, Microsoft Office",1,6
Logistics Coordinator,Barbier Guillot S.A.R.L. SPA,Operations,Senior,2025-04-22,2025-07-07,Retail,Mostaganem,Ingénieur d'État,Stage,10,"Épargne entreprise, Voiture de fonction, Crèche d'entreprise",39000,"Arabic/French Bilingual, Team Leadership, Report Writing, Microsoft Office, Project Management",2,15
Operations Manager,SNVI,Operations,Senior,2025-04-04,2025-06-19,Pharmaceuticals,Adrar,Bac,Alternance,3,"Formation continue, Tickets restaurant, Crèche d'entreprise",81000,"Microsoft Office, Project Management, Report Writing, Team Leadership, Arabic/French Bilingual",4,12
Operations Manager,Gautier SARL,Operations,Lead,2025-04-23,2025-06-18,Retail,Aïn Témouchent,Doctorat,CDD,6,"Tickets restaurant, Épargne entreprise, Prime de performance",125000,"Team Leadership, Arabic/French Bilingual, Project Management, Report Writing, Microsoft Office",4,13
Operations Manager,Guérin Dumas S.A. SPA,Operations,Senior,2025-04-10,2025-07-05,Transport & Logistics,Biskra,Master,Alternance,1,"Voiture de fonction, Épargne entreprise, Crèche d'entreprise",72000,"Microsoft Office, Arabic/French Bilingual, Team Leadership, Report Writing, Project Management",2,3
General Director,Bernard Petitjean SA SPA,Food Processing,Senior,2025-04-02,2025-06-10,Agriculture,Tizi Ouzou,Licence,CDI,2,"Prime de performance, Crèche d'entreprise, Assurance maladie",48000,"Microsoft Office, Project Management, Team Leadership, Arabic/French Bilingual, Report Writing",5,9
Department Director,Maurice EURL,Pharmaceutical Development,Chief,2025-04-16,2025-06-07,Healthcare,Mostaganem,Master,CDI,11,"Formation continue, Voiture de fonction, Assurance maladie",29000,"Project Management, Team Leadership, Arabic/French Bilingual, Microsoft Office, Report Writing",5,13
Operations Manager,Pascal EURL,Operations,Chief,2025-04-05,2025-05-28,Pharmaceuticals,Béjaïa,Bac,Stage,9,"Assurance maladie, Épargne entreprise, Crèche d'entreprise",63000,"Microsoft Office, Report Writing, Project Management, Arabic/French Bilingual, Team Leadership",1,15
Team Leader,Louis SARL,General Management,Junior,2025-04-02,2025-07-01,Telecommunications,Jijel,Master,Alternance,14,"Voiture de fonction, Télétravail partiel, Assurance maladie",60000,"Microsoft Office, Project Management, Report Writing, Arabic/French Bilingual, Team Leadership",4,3
Production Supervisor,Barbier SPA,Operations,Chief,2025-04-06,2025-07-05,Mining,El Tarf,Doctorat,CDD,5,"Formation continue, Crèche d'entreprise, Télétravail partiel",108000,"Team Leadership, Report Writing, Arabic/French Bilingual, Project Management, Microsoft Office",3,6
Administrative Manager,Lebreton EURL,Irrigation Technology,Lead,2025-04-16,2025-06-15,Agriculture,Illizi,Bac,Alternance,3,"Tickets restaurant, Formation continue, Assurance maladie",104000,"Team Leadership, Project Management, Microsoft Office, Report Writing, Arabic/French Bilingual",2,6
Team Leader,Naftal,General Management,Lead,2025-04-03,2025-05-25,Aerospace & Defense,Tébessa,Master,CDD,2,"Prime de performance, Crèche d'entreprise, Épargne entreprise",146000,"Team Leadership, Microsoft Office, Arabic/French Bilingual, Report Writing, Project Management",0,9
Logistics Coordinator,Sofiane Pharma,Operations,Chief,2025-03-27,2025-06-13,Manufacturing,Saïda,Master,CDD,5,"Épargne entreprise, Télétravail partiel, Tickets restaurant",81000,"Project Management, Report Writing, Microsoft Office, Arabic/French Bilingual, Team Leadership",5,6
Project Manager,Boutin S.A. SARL,Pharmaceutical Development,Mid,2025-04-22,2025-06-24,Healthcare,Constantine,Master,CDI,1,"Épargne entreprise, Tickets restaurant, Télétravail partiel",107000,"Team Leadership, Project Management, Microsoft Office, Report Writing, Arabic/French Bilingual",2,6
Logistics Coordinator,Lucas EURL,Operations,Mid,2025-04-19,2025-07-06,Tourism & Hospitality,Djanet,Doctorat,CDI,5,"Formation continue, Assurance maladie, Épargne entreprise",98000,"Team Leadership, Arabic/French Bilingual, Report Writing, Project Management, Microsoft Office",5,12
Facilities Manager,Schmitt SARL EURL,Operations,Junior,2025-04-23,2025-07-01,Fisheries,Annaba,Doctorat,CDI,11,"Épargne entreprise, Assurance maladie, Prime de performance",131000,"Microsoft Office, Arabic/French Bilingual, Project Management, Report Writing, Team Leadership",0,7
Team Leader,Lefèvre Couturier S.A.R.L. EURL,Investment Management,Senior,2025-04-12,2025-05-25,Banking & Finance,M'sila,Master,CDI,3,"Assurance maladie, Formation continue, Prime de performance",69000,"Team Leadership, Report Writing, Project Management, Arabic/French Bilingual, Microsoft Office",4,7
Team Leader,Lucas SPA,General Management,Senior,2025-04-05,2025-07-04,Manufacturing,Chlef,Doctorat,Freelance,5,"Épargne entreprise, Crèche d'entreprise, Tickets restaurant",26000,"Microsoft Office, Report Writing, Project Management, Arabic/French Bilingual, Team Leadership",4,12
Department Director,Cosider,Research & Development,Mid,2025-04-09,2025-07-06,Education,Timimoun,Ingénieur d'État,CDI,15,"Télétravail partiel, Formation continue, Crèche d'entreprise",150000,"Arabic/French Bilingual, Report Writing, Team Leadership, Project Management, Microsoft Office",5,15
General Director,Roux SARL SPA,General Management,Lead,2025-04-18,2025-07-08,Construction,Mostaganem,Ingénieur d'État,Stage,11,"Prime de performance, Télétravail partiel, Voiture de fonction",129000,"Microsoft Office, Team Leadership, Arabic/French Bilingual, Project Management, Report Writing",4,14
Team Leader,Bernard Petitjean SA SPA,General Management,Senior,2025-04-07,2025-05-15,Retail,Batna,Ingénieur d'État,Freelance,1,"Tickets restaurant, Épargne entreprise, Télétravail partiel",150000,"Microsoft Office, Team Leadership, Report Writing, Arabic/French Bilingual, Project Management",4,6
General Director,Blanchard SPA,General Management,Chief,2025-04-11,2025-06-08,Fisheries,In Salah,Ingénieur d'État,Freelance,2,"Voiture de fonction, Assurance maladie, Tickets restaurant",46000,"Team Leadership, Project Management, Report Writing, Arabic/French Bilingual, Microsoft Office",3,7
Project Manager,Mobilis,General Management,Lead,2025-04-23,2025-06-10,Construction,Tizi Ouzou,Doctorat,Alternance,8,"Voiture de fonction, Tickets restaurant, Télétravail partiel",33000,"Arabic/French Bilingual, Report Writing, Project Management, Team Leadership, Microsoft Office",3,13
Project Manager,Boutin S.A. SARL,General Management,Mid,2025-04-16,2025-05-29,Telecommunications,El Tarf,Master,Stage,15,"Prime de performance, Crèche d'entreprise, Épargne entreprise",139000,"Microsoft Office, Project Management, Arabic/French Bilingual, Team Leadership, Report Writing",5,4
Department Director,Maurice EURL,General Management,Chief,2025-04-15,2025-06-21,Renewable Energy,Algiers,Bac,Alternance,13,"Voiture de fonction, Télétravail partiel, Épargne entreprise",65000,"Microsoft Office, Report Writing, Team Leadership, Arabic/French Bilingual, Project Management",5,11
Facilities Manager,Seguin et Fils EURL,Operations,Mid,2025-04-04,2025-07-02,E-Commerce,Annaba,Ingénieur d'État,Alternance,14,"Prime de performance, Tickets restaurant, Crèche d'entreprise",74000,"Team Leadership, Project Management, Arabic/French Bilingual, Microsoft Office, Report Writing",5,3
Facilities Manager,ENIE,Operations,Junior,2025-03-27,2025-06-01,Retail,Tindouf,Ingénieur d'État,Alternance,15,"Télétravail partiel, Voiture de fonction, Assurance maladie",61000,"Report Writing, Project Management, Team Leadership, Arabic/French Bilingual, Microsoft Office",1,10
Production Supervisor,Rodrigues EURL,Operations,Chief,2025-04-24,2025-06-23,Media & Entertainment,Laghouat,Ingénieur d'État,CDI,11,"Épargne entreprise, Prime de performance, Formation continue",95000,"Report Writing, Team Leadership, Project Management, Arabic/French Bilingual, Microsoft Office",5,9
IT Support Specialist,Cosider,IT Support,Chief,2025-04-17,2025-06-25,Information Technology,Chlef,Bac,CDD,5,"Tickets restaurant, Télétravail partiel, Prime de performance",127000,"Arabic/French Bilingual, Microsoft Office, Team Leadership, Report Writing, Project Management",4,3
Operations Manager,Gomez SARL,Operations,Lead,2025-04-24,2025-06-14,Retail,Skikda,Doctorat,Alternance,7,"Télétravail partiel, Voiture de fonction, Prime de performance",148000,"Report Writing, Arabic/French Bilingual, Microsoft Office, Project Management, Team Leadership",4,12
Operations Supervisor,Cosider,Refining & Processing,Chief,2025-03-30,2025-06-24,Energy & Petroleum,In Salah,Ingénieur d'État,Freelance,15,"Crèche d'entreprise, Tickets restaurant, Voiture de fonction",70000,"Team Leadership, Microsoft Office, Report Writing, Arabic/French Bilingual, Project Management",5,10
Project Manager,Roux SARL SPA,General Management,Senior,2025-04-05,2025-05-27,Pharmaceuticals,Naama,Ingénieur d'État,Alternance,11,"Télétravail partiel, Crèche d'entreprise, Assurance maladie",144000,"Project Management, Arabic/French Bilingual, Team Leadership, Report Writing, Microsoft Office",0,13
Department Director,Pichon Maury S.A.S. SPA,General Management,Junior,2025-04-17,2025-06-13,Mining,Skikda,Licence,Alternance,10,"Voiture de fonction, Télétravail partiel, Assurance maladie",81000,"Arabic/French Bilingual, Report Writing, Team Leadership, Project Management, Microsoft Office",1,12
Project Manager,Lucas SPA,General Management,Mid,2025-04-20,2025-05-29,Telecommunications,Algiers,Licence,Freelance,7,"Formation continue, Épargne entreprise, Télétravail partiel",57000,"Team Leadership, Microsoft Office, Project Management, Arabic/French Bilingual, Report Writing",2,4
Operations Manager,Roux SARL SPA,Operations,Mid,2025-04-05,2025-06-29,Fisheries,Aïn Témouchent,Bac,CDI,8,"Épargne entreprise, Assurance maladie, Prime de performance",102000,"Report Writing, Arabic/French Bilingual, Project Management, Microsoft Office, Team Leadership",3,10
Facilities Manager,Duhamel S.A.R.L. SPA,Operations,Senior,2025-04-07,2025-06-15,Renewable Energy,Tébessa,Ingénieur d'État,Freelance,1,"Prime de performance, Formation continue, Crèche d'entreprise",63000,"Arabic/French Bilingual, Project Management, Microsoft Office, Report Writing, Team Leadership",4,8
Operations Manager,Cevital Agro-Industry,General Management,Lead,2025-04-08,2025-06-01,Retail,Tindouf,Master,CDI,13,"Tickets restaurant, Formation continue, Crèche d'entreprise",60000,"Team Leadership, Microsoft Office, Project Management, Arabic/French Bilingual, Report Writing",4,12
Team Leader,Olivier SPA,General Management,Junior,2025-04-15,2025-06-12,Tourism & Hospitality,Saïda,Licence,Freelance,3,"Tickets restaurant, Formation continue, Crèche d'entreprise",112000,"Project Management, Microsoft Office, Report Writing, Team Leadership, Arabic/French Bilingual",0,3
Facilities Manager,Gilbert SA SPA,Operations,Lead,2025-04-22,2025-06-25,Tourism & Hospitality,Batna,Bac,CDD,3,"Tickets restaurant, Voiture de fonction, Prime de performance",52000,"Report Writing, Arabic/French Bilingual, Project Management, Microsoft Office, Team Leadership",3,6
Logistics Coordinator,Lucas EURL,Operations,Junior,2025-04-24,2025-06-23,Fisheries,El Tarf,Licence,Freelance,13,"Épargne entreprise, Crèche d'entreprise, Formation continue",42000,"Team Leadership, Arabic/French Bilingual, Report Writing, Project Management, Microsoft Office",0,5
Production Supervisor,Loiseau et Fils EURL,Operations,Lead,2025-04-15,2025-05-28,E-Commerce,Illizi,Ingénieur d'État,Alternance,2,"Prime de performance, Crèche d'entreprise, Voiture de fonction",95000,"Microsoft Office, Project Management, Arabic/French Bilingual, Team Leadership, Report Writing",3,13
Supply Chain Manager,Sauvage SARL,Operations,Lead,2025-04-19,2025-05-31,Media & Entertainment,Jijel,Licence,CDD,11,"Crèche d'entreprise, Voiture de fonction, Tickets restaurant",68000,"Report Writing, Team Leadership, Microsoft Office, Project Management, Arabic/French Bilingual",2,10
General Director,Loiseau et Fils EURL,Clinical Operations,Mid,2025-04-22,2025-05-29,Healthcare,Illizi,Licence,Freelance,14,"Assurance maladie, Tickets restaurant, Formation continue",38000,"Project Management, Report Writing, Team Leadership, Microsoft Office, Arabic/French Bilingual",5,14
Administrative Manager,Sonalgaz,General Management,Chief,2025-03-31,2025-05-20,Mining,Timimoun,Master,CDD,5,"Télétravail partiel, Assurance maladie, Voiture de fonction",135000,"Microsoft Office, Report Writing, Team Leadership, Arabic/French Bilingual, Project Management",0,12
Department Director,Mobilis,Hospital Administration,Chief,2025-03-29,2025-06-11,Healthcare,Annaba,Licence,Alternance,1,"Tickets restaurant, Assurance maladie, Épargne entreprise",52000,"Report Writing, Project Management, Arabic/French Bilingual, Team Leadership, Microsoft Office",4,5
Department Director,Loiseau et Fils EURL,General Management,Chief,2025-04-08,2025-06-04,Fisheries,Adrar,Bac,CDI,5,"Tickets restaurant, Épargne entreprise, Assurance maladie",71000,"Team Leadership, Arabic/French Bilingual, Project Management, Report Writing, Microsoft Office",5,13
Administrative Manager,Philippe Dias SARL EURL,General Management,Junior,2025-03-31,2025-06-07,Mining,El Tarf,Ingénieur d'État,CDI,10,"Tickets restaurant, Prime de performance, Formation continue",113000,"Microsoft Office, Arabic/French Bilingual, Project Management, Report Writing, Team Leadership",4,5
Operations Manager,Sonalgaz,Research & Development,Chief,2025-04-16,2025-05-27,Education,El Oued,Bac,Stage,6,"Voiture de fonction, Assurance maladie, Formation continue",104000,"Arabic/French Bilingual, Project Management, Microsoft Office, Team Leadership, Report Writing",3,5
Wellsite Manager,Air Algérie,Drilling Operations,Mid,2025-03-29,2025-05-28,Energy & Petroleum,Tamanrasset,Ingénieur d'État,CDI,14,"Épargne entreprise, Télétravail partiel, Crèche d'entreprise",120000,"Report Writing, Arabic/French Bilingual, Microsoft Office, Team Leadership, Project Management",2,8
Administrative Manager,Bigot Henry SARL EURL,General Management,Mid,2025-04-05,2025-06-20,Aerospace & Defense,Batna,Bac,Stage,10,"Télétravail partiel, Voiture de fonction, Épargne entreprise",36000,"Project Management, Microsoft Office, Team Leadership, Report Writing, Arabic/French Bilingual",5,3
Production Supervisor,CEVITAL,Operations,Senior,2025-03-28,2025-06-06,Retail,Timimoun,Doctorat,Alternance,15,"Prime de performance, Crèche d'entreprise, Assurance maladie",143000,"Project Management, Team Leadership, Report Writing, Microsoft Office, Arabic/French Bilingual",3,9
Logistics Coordinator,Philippe Dias SARL EURL,Operations,Chief,2025-04-10,2025-05-23,Construction,El Oued,Licence,Stage,7,"Assurance maladie, Épargne entreprise, Crèche d'entreprise",142000,"Team Leadership, Report Writing, Arabic/French Bilingual, Microsoft Office, Project Management",3,13
Team Leader,CEVITAL,E-Learning Platforms,Junior,2025-04-15,2025-06-06,Education,Ouargla,Ingénieur d'État,Stage,1,"Assurance maladie, Voiture de fonction, Tickets restaurant",74000,"Project Management, Arabic/French Bilingual, Microsoft Office, Report Writing, Team Leadership",3,7
Department Director,Bertrand Caron SA SPA,General Management,Senior,2025-04-24,2025-05-31,Retail,Laghouat,Licence,Alternance,11,"Crèche d'entreprise, Voiture de fonction, Formation continue",36000,"Microsoft Office, Team Leadership, Arabic/French Bilingual, Report Writing, Project Management",5,11
Pipeline Engineer,Cosider,Pipeline Management,Chief,2025-04-15,2025-06-15,Energy & Petroleum,El Oued,Master,Stage,14,"Voiture de fonction, Télétravail partiel, Épargne entreprise",141000,"Arabic/French Bilingual, Microsoft Office, Report Writing, Team Leadership, Project Management",3,6
Pipeline Engineer,Gomez SARL,Pipeline Management,Lead,2025-04-09,2025-07-05,Energy & Petroleum,Aïn Témouchent,Doctorat,Stage,7,"Formation continue, Prime de performance, Tickets restaurant",43000,"Arabic/French Bilingual, Project Management, Report Writing, Team Leadership, Microsoft Office",3,4
Team Leader,Barbier SPA,General Management,Junior,2025-03-30,2025-05-19,Aerospace & Defense,Chlef,Ingénieur d'État,Alternance,6,"Crèche d'entreprise, Prime de performance, Formation continue",45000,"Microsoft Office, Project Management, Report Writing, Arabic/French Bilingual, Team Leadership",4,3
Project Manager,Delmas et Fils EURL,General Management,Senior,2025-04-13,2025-06-06,Media & Entertainment,Tébessa,Ingénieur d'État,Stage,3,"Crèche d'entreprise, Voiture de fonction, Formation continue",74000,"Team Leadership, Report Writing, Arabic/French Bilingual, Project Management, Microsoft Office",0,11
Supply Chain Manager,Lévêque SARL,Operations,Chief,2025-04-19,2025-06-01,Media & Entertainment,Chlef,Ingénieur d'État,Freelance,5,"Crèche d'entreprise, Télétravail partiel, Prime de performance",46000,"Project Management, Microsoft Office, Team Leadership, Report Writing, Arabic/French Bilingual",5,11
Operations Manager,CEVITAL,General Management,Mid,2025-04-06,2025-05-18,Renewable Energy,Annaba,Ingénieur d'État,CDD,12,"Épargne entreprise, Télétravail partiel, Crèche d'entreprise",102000,"Report Writing, Project Management, Microsoft Office, Arabic/French Bilingual, Team Leadership",3,8
Team Leader,Maillard S.A. SPA,Retail Banking,Senior,2025-04-23,2025-06-15,Banking & Finance,Ouargla,Licence,Stage,2,"Voiture de fonction, Crèche d'entreprise, Prime de performance",117000,"Microsoft Office, Report Writing, Arabic/French Bilingual, Team Leadership, Project Management",2,11
Production Supervisor,Barbier Guillot S.A.R.L. SPA,Operations,Senior,2025-04-12,2025-05-30,E-Commerce,Skikda,Doctorat,Alternance,14,"Crèche d'entreprise, Assurance maladie, Formation continue",89000,"Project Management, Microsoft Office, Team Leadership, Report Writing, Arabic/French Bilingual",5,12
Project Manager,Maillard S.A. SPA,General Management,Junior,2025-04-20,2025-07-02,Renewable Energy,Tiaret,Bac,Alternance,7,"Formation continue, Crèche d'entreprise, Prime de performance",51000,"Arabic/French Bilingual, Team Leadership, Project Management, Report Writing, Microsoft Office",1,13
Operations Manager,Guérin Dumas S.A. SPA,General Management,Mid,2025-03-28,2025-05-15,Manufacturing,El Oued,Licence,CDI,11,"Épargne entreprise, Tickets restaurant, Prime de performance",121000,"Microsoft Office, Team Leadership, Arabic/French Bilingual, Project Management, Report Writing",3,14
General Director,Lucas EURL,Research & Development,Senior,2025-04-23,2025-07-21,Education,Béjaïa,Ingénieur d'État,Alternance,11,"Prime de performance, Voiture de fonction, Épargne entreprise",98000,"Project Management, Microsoft Office, Arabic/French Bilingual, Report Writing, Team Leadership",1,10
Operations Manager,Garcia EURL,Operations,Junior,2025-04-09,2025-06-24,Fisheries,Ghardaïa,Ingénieur d'État,Alternance,8,"Assurance maladie, Formation continue, Télétravail partiel",143000,"Microsoft Office, Team Leadership, Arabic/French Bilingual, Report Writing, Project Management",0,14
Project Manager,Buisson SPA,Agronomy Research,Junior,2025-03-28,2025-05-24,Agriculture,Béjaïa,Ingénieur d'État,Stage,11,"Voiture de fonction, Tickets restaurant, Télétravail partiel",71000,"Team Leadership, Report Writing, Project Management, Microsoft Office, Arabic/French Bilingual",1,15
Supply Chain Manager,Bertrand Caron SA SPA,Operations,Junior,2025-03-28,2025-05-17,Construction,Tizi Ouzou,Bac,Alternance,11,"Assurance maladie, Formation continue, Tickets restaurant",87000,"Project Management, Report Writing, Team Leadership, Arabic/French Bilingual, Microsoft Office",4,7
Production Supervisor,Loiseau et Fils EURL,Operations,Lead,2025-04-13,2025-06-10,Telecommunications,Naama,Doctorat,Alternance,7,"Crèche d'entreprise, Formation continue, Prime de performance",68000,"Project Management, Team Leadership, Arabic/French Bilingual, Report Writing, Microsoft Office",5,15
Department Director,Gautier SARL,General Management,Chief,2025-03-30,2025-06-24,Telecommunications,Timimoun,Doctorat,Alternance,7,"Épargne entreprise, Voiture de fonction, Crèche d'entreprise",130000,"Project Management, Arabic/French Bilingual, Report Writing, Microsoft Office, Team Leadership",2,6
Supply Chain Manager,Gilbert SA SPA,Operations,Senior,2025-04-13,2025-06-12,Media & Entertainment,Batna,Master,Alternance,3,"Assurance maladie, Formation continue, Crèche d'entreprise",135000,"Arabic/French Bilingual, Project Management, Team Leadership, Report Writing, Microsoft Office",5,14
Team Leader,Algérie Télécom,Medical Equipment Maintenance,Junior,2025-04-07,2025-06-29,Healthcare,Tizi Ouzou,Bac,Freelance,11,"Épargne entreprise, Crèche d'entreprise, Formation continue",32000,"Team Leadership, Microsoft Office, Project Management, Report Writing, Arabic/French Bilingual",3,8
Operations Manager,Sofiane Pharma,Operations,Lead,2025-04-04,2025-05-28,Renewable Energy,Djanet,Licence,Freelance,5,"Tickets restaurant, Crèche d'entreprise, Formation continue",55000,"Microsoft Office, Project Management, Team Leadership, Report Writing, Arabic/French Bilingual",3,3
Operations Manager,Ollivier Becker S.A.R.L. SPA,Operations,Lead,2025-04-15,2025-07-10,Tourism & Hospitality,Annaba,Master,CDD,5,"Télétravail partiel, Prime de performance, Crèche d'entreprise",39000,"Arabic/French Bilingual, Project Management, Report Writing, Team Leadership, Microsoft Office",5,12
Operations Manager,ENIE,General Management,Lead,2025-04-09,2025-05-28,Renewable Energy,Béjaïa,Bac,Alternance,8,"Télétravail partiel, Épargne entreprise, Crèche d'entreprise",64000,"Team Leadership, Microsoft Office, Arabic/French Bilingual, Report Writing, Project Management",1,3
Project Manager,Bigot Henry SARL EURL,General Management,Mid,2025-04-23,2025-06-03,Retail,El Oued,Bac,Freelance,14,"Formation continue, Tickets restaurant, Voiture de fonction",89000,"Team Leadership, Arabic/French Bilingual, Report Writing, Microsoft Office, Project Management",3,7
Logistics Coordinator,Pascal EURL,Operations,Mid,2025-04-04,2025-06-21,Renewable Energy,Béjaïa,Bac,Alternance,8,"Prime de performance, Épargne entreprise, Formation continue",129000,"Microsoft Office, Arabic/French Bilingual, Team Leadership, Project Management, Report Writing",2,10
Supply Chain Manager,Mobilis,Operations,Lead,2025-04-19,2025-06-10,Construction,El Tarf,Bac,CDI,11,"Prime de performance, Télétravail partiel, Assurance maladie",60000,"Project Management, Team Leadership, Microsoft Office, Report Writing, Arabic/French Bilingual",0,7
Project Manager,Gomez SARL,Accounting & Auditing,Mid,2025-04-05,2025-05-14,Banking & Finance,Adrar,Bac,CDD,2,"Assurance maladie, Tickets restaurant, Voiture de fonction",34000,"Report Writing, Microsoft Office, Project Management, Arabic/French Bilingual, Team Leadership",0,7
Supply Chain Manager,Gauthier SARL,Operations,Senior,2025-04-18,2025-07-07,Fisheries,Annaba,Ingénieur d'État,CDI,15,"Voiture de fonction, Épargne entreprise, Prime de performance",127000,"Report Writing, Microsoft Office, Arabic/French Bilingual, Team Leadership, Project Management",3,12
Administrative Manager,Maurice EURL,General Management,Lead,2025-04-16,2025-07-12,Retail,Adrar,Ingénieur d'État,Stage,8,"Crèche d'entreprise, Prime de performance, Formation continue",90000,"Project Management, Report Writing, Arabic/French Bilingual, Microsoft Office, Team Leadership",4,4
Logistics Coordinator,Leclercq SPA,Operations,Senior,2025-04-03,2025-05-15,Retail,El Tarf,Master,Alternance,10,"Prime de performance, Épargne entreprise, Formation continue",116000,"Arabic/French Bilingual, Report Writing, Microsoft Office, Team Leadership, Project Management",0,11
Team Leader,Sauvage SARL,E-Learning Platforms,Junior,2025-04-01,2025-06-29,Education,Biskra,Bac,Alternance,12,"Assurance maladie, Télétravail partiel, Tickets restaurant",140000,"Microsoft Office, Report Writing, Project Management, Team Leadership, Arabic/French Bilingual",5,12
iOS Developer,Sanchez SARL EURL,Mobile Development,Junior,2025-03-27,2025-06-10,Information Technology,Chlef,Bac,Stage,15,"Crèche d'entreprise, Tickets restaurant, Formation continue",55000,"Arabic/French Bilingual, Report Writing, Microsoft Office, Project Management, Team Leadership",0,4
AI Researcher,Bigot Henry SARL EURL,Data Science & AI,Lead,2025-04-15,2025-05-31,Information Technology,Naama,Licence,Alternance,6,"Tickets restaurant, Assurance maladie, Voiture de fonction",47000,"Team Leadership, Report Writing, Arabic/French Bilingual, Microsoft Office, Project Management",5,12
Team Leader,Besnard SARL SPA,Higher Education,Junior,2025-04-10,2025-07-04,Education,Béjaïa,Doctorat,Stage,3,"Assurance maladie, Tickets restaurant, Prime de performance",148000,"Team Leadership, Report Writing, Arabic/French Bilingual, Project Management, Microsoft Office",1,12
Supply Chain Manager,Lévêque SARL,Operations,Senior,2025-04-21,2025-07-14,Media & Entertainment,In Salah,Doctorat,CDD,12,"Assurance maladie, Épargne entreprise, Prime de performance",124000,"Report Writing, Arabic/French Bilingual, Project Management, Team Leadership, Microsoft Office",2,8
Operations Manager,Air Algérie,International Relations,Senior,2025-04-15,2025-06-04,Education,Skikda,Bac,Alternance,6,"Épargne entreprise, Formation continue, Télétravail partiel",94000,"Project Management, Team Leadership, Microsoft Office, Arabic/French Bilingual, Report Writing",5,12
Department Director,Joseph SARL,Vocational Training,Senior,2025-04-05,2025-05-16,Education,Béjaïa,Doctorat,Stage,11,"Épargne entreprise, Crèche d'entreprise, Télétravail partiel",68000,"Project Management, Report Writing, Team Leadership, Microsoft Office, Arabic/French Bilingual",1,8
Production Supervisor,Maillard S.A. SPA,Operations,Senior,2025-04-06,2025-05-28,Fisheries,Saïda,Master,Alternance,8,"Télétravail partiel, Voiture de fonction, Crèche d'entreprise",106000,"Report Writing, Team Leadership, Microsoft Office, Project Management, Arabic/French Bilingual",2,3
Team Leader,Gauthier SARL,General Management,Senior,2025-04-08,2025-06-05,Tourism & Hospitality,Djanet,Master,Stage,13,"Crèche d'entreprise, Formation continue, Prime de performance",87000,"Microsoft Office, Team Leadership, Report Writing, Arabic/French Bilingual, Project Management",3,10
Operations Manager,Seguin et Fils EURL,General Management,Mid,2025-04-17,2025-07-14,Telecommunications,Naama,Bac,Stage,4,"Épargne entreprise, Prime de performance, Voiture de fonction",51000,"Microsoft Office, Team Leadership, Project Management, Report Writing, Arabic/French Bilingual",2,4
Department Director,Sonalgaz,Pharmaceutical Development,Junior,2025-04-05,2025-06-08,Healthcare,Tamanrasset,Licence,CDD,5,"Épargne entreprise, Voiture de fonction, Formation continue",45000,"Arabic/French Bilingual, Microsoft Office, Report Writing, Project Management, Team Leadership",1,8
Team Leader,Boulanger S.A. SPA,Medical Equipment Maintenance,Senior,2025-04-08,2025-07-07,Healthcare,Ghardaïa,Master,Alternance,4,"Crèche d'entreprise, Formation continue, Télétravail partiel",149000,"Microsoft Office, Report Writing, Arabic/French Bilingual, Project Management, Team Leadership",4,11
Team Leader,Maillard S.A. SPA,General Management,Junior,2025-03-29,2025-05-25,Public Sector,M'sila,Ingénieur d'État,Freelance,10,"Voiture de fonction, Assurance maladie, Tickets restaurant",65000,"Team Leadership, Arabic/French Bilingual, Project Management, Report Writing, Microsoft Office",0,15
Logistics Coordinator,Manadjim El Djazaïr,Operations,Lead,2025-04-04,2025-07-03,Transport & Logistics,Annaba,Doctorat,Alternance,1,"Épargne entreprise, Crèche d'entreprise, Assurance maladie",130000,"Report Writing, Microsoft Office, Arabic/French Bilingual, Team Leadership, Project Management",1,7
Administrative Manager,Roux SARL SPA,General Management,Senior,2025-04-08,2025-07-01,E-Commerce,Laghouat,Master,Freelance,14,"Télétravail partiel, Prime de performance, Formation continue",69000,"Team Leadership, Arabic/French Bilingual, Microsoft Office, Project Management, Report Writing",1,8
Administrative Manager,Sonatrach,General Management,Senior,2025-03-29,2025-05-25,Aerospace & Defense,Batna,Ingénieur d'État,Alternance,3,"Crèche d'entreprise, Épargne entreprise, Assurance maladie",92000,"Project Management, Microsoft Office, Report Writing, Team Leadership, Arabic/French Bilingual",0,6
Administrative Manager,Blanchard SPA,General Management,Junior,2025-04-18,2025-06-24,Public Sector,Ouargla,Licence,Alternance,12,"Télétravail partiel, Voiture de fonction, Tickets restaurant",28000,"Team Leadership, Microsoft Office, Arabic/French Bilingual, Project Management, Report Writing",4,10
Project Manager,Guérin Dumas S.A. SPA,General Management,Chief,2025-04-02,2025-05-10,Tourism & Hospitality,Biskra,Doctorat,Alternance,3,"Formation continue, Télétravail partiel, Tickets restaurant",50000,"Team Leadership, Project Management, Report Writing, Microsoft Office, Arabic/French Bilingual",0,5
Administrative Manager,Joseph SARL,Export Operations,Chief,2025-04-12,2025-05-19,Agriculture,Adrar,Ingénieur d'État,Freelance,6,"Crèche d'entreprise, Épargne entreprise, Tickets restaurant",99000,"Microsoft Office, Arabic/French Bilingual, Team Leadership, Report Writing, Project Management",1,3
Department Director,Camus S.A.R.L. SARL,General Management,Junior,2025-04-10,2025-06-02,Construction,Laghouat,Master,CDD,7,"Épargne entreprise, Tickets restaurant, Télétravail partiel",64000,"Team Leadership, Project Management, Arabic/French Bilingual, Report Writing, Microsoft Office",1,7
Administrative Manager,Pichon Maury S.A.S. SPA,Medical Equipment Maintenance,Junior,2025-04-15,2025-06-18,Healthcare,Mostaganem,Doctorat,Alternance,1,"Voiture de fonction, Télétravail partiel, Épargne entreprise",37000,"Arabic/French Bilingual, Microsoft Office, Project Management, Report Writing, Team Leadership",4,10
Production Supervisor,Boutin S.A. SARL,Operations,Junior,2025-04-20,2025-06-11,Aerospace & Defense,Béjaïa,Licence,CDI,15,"Crèche d'entreprise, Assurance maladie, Formation continue",30000,"Project Management, Report Writing, Arabic/French Bilingual, Team Leadership, Microsoft Office",5,10
Help Desk Analyst,Besnard SARL SPA,IT Support,Mid,2025-03-28,2025-06-06,Information Technology,Chlef,Licence,Stage,12,"Formation continue, Prime de performance, Voiture de fonction",36000,"Microsoft Office, Project Management, Arabic/French Bilingual, Report Writing, Team Leadership",3,13
Team Leader,Djezzy,International Relations,Senior,2025-04-07,2025-06-09,Education,Ghardaïa,Bac,Alternance,13,"Assurance maladie, Crèche d'entreprise, Formation continue",40000,"Report Writing, Microsoft Office, Team Leadership, Arabic/French Bilingual, Project Management",1,15
Production Supervisor,Schmitt SARL EURL,Operations,Chief,2025-04-20,2025-07-10,Fisheries,Timimoun,Bac,CDI,13,"Voiture de fonction, Épargne entreprise, Télétravail partiel",85000,"Microsoft Office, Report Writing, Project Management, Arabic/French Bilingual, Team Leadership",0,10
Logistics Coordinator,Rodrigues EURL,Operations,Senior,2025-04-23,2025-06-06,Tourism & Hospitality,Jijel,Licence,Stage,3,"Tickets restaurant, Assurance maladie, Télétravail partiel",73000,"Team Leadership, Arabic/French Bilingual, Microsoft Office, Report Writing, Project Management",5,15
Project Manager,Algérie Télécom,Export Operations,Junior,2025-04-04,2025-06-18,Agriculture,El Oued,Licence,CDD,2,"Épargne entreprise, Formation continue, Assurance maladie",84000,"Project Management, Arabic/French Bilingual, Report Writing, Microsoft Office, Team Leadership",4,6
Production Engineer,Mahe Boyer S.A.R.L. SARL,Exploration & Production,Senior,2025-04-17,2025-06-09,Energy & Petroleum,Ouargla,Licence,Alternance,1,"Prime de performance, Voiture de fonction, Épargne entreprise",59000,"Geological Modeling, Enhanced Oil Recovery, Reservoir Simulation, Well Logging, Drilling Optimization, Petrel Software, HYSYS",1,4
General Director,Bernard Petitjean SA SPA,General Management,Lead,2025-03-30,2025-05-08,Aerospace & Defense,Constantine,Doctorat,Freelance,13,"Épargne entreprise, Prime de performance, Assurance maladie",132000,"Arabic/French Bilingual, Report Writing, Microsoft Office, Project Management, Team Leadership",0,14
Project Manager,Sauvage SARL,Pediatric Care,Lead,2025-04-24,2025-06-10,Healthcare,Annaba,Doctorat,Stage,11,"Crèche d'entreprise, Formation continue, Télétravail partiel",38000,"Arabic/French Bilingual, Microsoft Office, Report Writing, Project Management, Team Leadership",3,4
Team Leader,Pichon Maury S.A.S. SPA,General Management,Senior,2025-03-26,2025-05-28,Construction,Tébessa,Doctorat,CDD,6,"Télétravail partiel, Prime de performance, Tickets restaurant",108000,"Team Leadership, Project Management, Microsoft Office, Report Writing, Arabic/French Bilingual",5,14
General Director,Sofiane Pharma,Higher Education,Mid,2025-04-19,2025-06-30,Education,Blida,Doctorat,CDD,10,"Voiture de fonction, Formation continue, Assurance maladie",51000,"Report Writing, Microsoft Office, Arabic/French Bilingual, Team Leadership, Project Management",5,10
General Director,Philippe Dias SARL EURL,General Management,Senior,2025-03-27,2025-05-23,Public Sector,Tiaret,Doctorat,CDI,4,"Prime de performance, Crèche d'entreprise, Assurance maladie",49000,"Microsoft Office, Team Leadership, Project Management, Arabic/French Bilingual, Report Writing",5,6
Operations Manager,Cosider,General Management,Chief,2025-03-27,2025-06-24,Media & Entertainment,Constantine,Doctorat,Freelance,14,"Tickets restaurant, Prime de performance, Assurance maladie",124000,"Arabic/French Bilingual, Team Leadership, Microsoft Office, Project Management, Report Writing",3,9
General Director,Maurice EURL,General Management,Mid,2025-04-22,2025-06-16,Mining,Béjaïa,Bac,CDI,2,"Voiture de fonction, Assurance maladie, Épargne entreprise",37000,"Arabic/French Bilingual, Microsoft Office, Project Management, Report Writing, Team Leadership",1,12
iOS Developer,Blanchard SPA,Mobile Development,Junior,2025-04-15,2025-06-18,Information Technology,Annaba,Bac,Stage,14,"Voiture de fonction, Formation continue, Prime de performance",77000,"Team Leadership, Project Management, Arabic/French Bilingual, Microsoft Office, Report Writing",3,4
General Director,Camus S.A.R.L. SARL,Medical Equipment Maintenance,Senior,2025-04-11,2025-06-21,Healthcare,Jijel,Ingénieur d'État,Alternance,3,"Crèche d'entreprise, Assurance maladie, Formation continue",87000,"Project Management, Microsoft Office, Report Writing, Team Leadership, Arabic/French Bilingual",0,15
General Director,Lucas EURL,General Management,Junior,2025-04-08,2025-06-23,Tourism & Hospitality,Illizi,Ingénieur d'État,CDD,11,"Assurance maladie, Voiture de fonction, Prime de performance",101000,"Project Management, Arabic/French Bilingual, Team Leadership, Microsoft Office, Report Writing",2,3
Project Manager,Marchal S.A.S. SPA,Pipeline Management,Chief,2025-04-04,2025-05-16,Energy & Petroleum,El Tarf,Master,Alternance,15,"Télétravail partiel, Voiture de fonction, Prime de performance",138000,"Report Writing, Team Leadership, Project Management, Arabic/French Bilingual, Microsoft Office",3,10
Production Supervisor,Maurice EURL,Operations,Lead,2025-04-08,2025-06-12,Aerospace & Defense,Constantine,Bac,CDD,13,"Voiture de fonction, Assurance maladie, Prime de performance",32000,"Microsoft Office, Project Management, Arabic/French Bilingual, Report Writing, Team Leadership",3,5
Project Manager,Maurice EURL,General Management,Senior,2025-03-30,2025-05-24,Mining,Aïn Témouchent,Licence,CDD,7,"Tickets restaurant, Assurance maladie, Formation continue",35000,"Report Writing, Project Management, Microsoft Office, Team Leadership, Arabic/French Bilingual",3,8
Team Leader,Lefèvre Couturier S.A.R.L. EURL,Medical Equipment Maintenance,Senior,2025-04-07,2025-06-01,Healthcare,Jijel,Bac,Stage,10,"Crèche d'entreprise, Tickets restaurant, Prime de performance",62000,"Project Management, Report Writing, Microsoft Office, Arabic/French Bilingual, Team Leadership",5,3
Operations Manager,Duhamel S.A.R.L. SPA,E-Learning Platforms,Lead,2025-04-01,2025-05-25,Education,Algiers,Licence,Stage,15,"Voiture de fonction, Prime de performance, Formation continue",104000,"Project Management, Team Leadership, Microsoft Office, Arabic/French Bilingual, Report Writing",5,6
Facilities Manager,Blanchard SPA,Operations,Lead,2025-04-11,2025-05-30,Tourism & Hospitality,Oran,Bac,CDD,4,"Formation continue, Épargne entreprise, Télétravail partiel",102000,"Team Leadership, Arabic/French Bilingual, Microsoft Office, Project Management, Report Writing",5,15
Administrative Manager,Gérard S.A.S. SARL,General Management,Chief,2025-04-11,2025-06-18,Pharmaceuticals,Biskra,Bac,CDD,8,"Voiture de fonction, Prime de performance, Télétravail partiel",116000,"Team Leadership, Arabic/French Bilingual, Microsoft Office, Report Writing, Project Management",2,7
Supply Chain Manager,Camus S.A.R.L. SARL,Operations,Mid,2025-04-14,2025-07-02,E-Commerce,Chlef,Master,Stage,9,"Voiture de fonction, Tickets restaurant, Crèche d'entreprise",87000,"Project Management, Team Leadership, Report Writing, Arabic/French Bilingual, Microsoft Office",4,15
Operations Manager,Loiseau et Fils EURL,FinTech Innovation,Chief,2025-03-26,2025-05-26,Banking & Finance,Naama,Ingénieur d'État,CDI,13,"Tickets restaurant, Voiture de fonction, Télétravail partiel",48000,"Microsoft Office, Arabic/French Bilingual, Team Leadership, Project Management, Report Writing",2,4
AI Researcher,Buisson SPA,Data Science & AI,Mid,2025-03-30,2025-06-20,Information Technology,Blida,Doctorat,Freelance,11,"Prime de performance, Épargne entreprise, Voiture de fonction",27000,"Team Leadership, Project Management, Microsoft Office, Arabic/French Bilingual, Report Writing",1,15
Facilities Manager,Ollivier Becker S.A.R.L. SPA,Operations,Lead,2025-04-04,2025-06-28,Pharmaceuticals,In Salah,Ingénieur d'État,Freelance,1,"Télétravail partiel, Épargne entreprise, Voiture de fonction",81000,"Team Leadership, Project Management, Microsoft Office, Report Writing, Arabic/French Bilingual",3,15
Operations Manager,Delmas et Fils EURL,General Management,Senior,2025-04-07,2025-05-15,Aerospace & Defense,Skikda,Master,Freelance,6,"Formation continue, Crèche d'entreprise, Assurance maladie",124000,"Arabic/French Bilingual, Microsoft Office, Team Leadership, Project Management, Report Writing",0,8
Team Leader,Sanchez SARL EURL,General Management,Chief,2025-04-03,2025-05-16,Aerospace & Defense,Adrar,Bac,Stage,13,"Prime de performance, Assurance maladie, Épargne entreprise",45000,"Arabic/French Bilingual, Microsoft Office, Report Writing, Project Management, Team Leadership",1,11
Administrative Manager,Schmitt SARL EURL,General Management,Chief,2025-04-23,2025-06-15,Renewable Energy,Illizi,Ingénieur d'État,CDI,1,"Formation continue, Épargne entreprise, Tickets restaurant",115000,"Team Leadership, Project Management, Microsoft Office, Arabic/French Bilingual, Report Writing",3,15
Project Manager,Louis SARL,General Management,Lead,2025-04-13,2025-06-13,Transport & Logistics,Laghouat,Licence,CDI,3,"Formation continue, Tickets restaurant, Télétravail partiel",70000,"Project Management, Microsoft Office, Report Writing, Arabic/French Bilingual, Team Leadership",0,5
Project Manager,Sonatrach,General Management,Mid,2025-04-02,2025-05-15,Mining,Ouargla,Ingénieur d'État,Freelance,6,"Crèche d'entreprise, Épargne entreprise, Tickets restaurant",102000,"Microsoft Office, Team Leadership, Project Management, Arabic/French Bilingual, Report Writing",4,6
Operations Manager,SNVI,Operations,Senior,2025-04-02,2025-05-17,Transport & Logistics,El Tarf,Master,Freelance,12,"Assurance maladie, Formation continue, Tickets restaurant",130000,"Project Management, Microsoft Office, Team Leadership, Report Writing, Arabic/French Bilingual",0,8
Operations Manager,Manadjim El Djazaïr,Operations,Mid,2025-04-06,2025-06-27,Aerospace & Defense,Annaba,Bac,Stage,6,"Épargne entreprise, Crèche d'entreprise, Formation continue",33000,"Project Management, Team Leadership, Arabic/French Bilingual, Microsoft Office, Report Writing",1,13
General Director,Condor Electronics,General Management,Senior,2025-04-01,2025-05-11,Manufacturing,Béjaïa,Licence,Freelance,5,"Épargne entreprise, Assurance maladie, Prime de performance",149000,"Arabic/French Bilingual, Team Leadership, Project Management, Microsoft Office, Report Writing",2,11
Production Supervisor,Gomez SARL,Operations,Mid,2025-03-28,2025-06-24,Retail,Oran,Doctorat,Freelance,1,"Formation continue, Épargne entreprise, Voiture de fonction",44000,"Arabic/French Bilingual, Report Writing, Microsoft Office, Project Management, Team Leadership",2,5
Facilities Manager,Duhamel S.A.R.L. SPA,Operations,Senior,2025-04-11,2025-06-10,Mining,Tindouf,Doctorat,CDD,13,"Formation continue, Voiture de fonction, Épargne entreprise",45000,"Team Leadership, Report Writing, Microsoft Office, Project Management, Arabic/French Bilingual",2,14
Operations Manager,Mendès EURL,Operations,Lead,2025-03-30,2025-05-09,Pharmaceuticals,Laghouat,Bac,CDI,4,"Crèche d'entreprise, Prime de performance, Épargne entreprise",98000,"Arabic/French Bilingual, Project Management, Report Writing, Team Leadership, Microsoft Office",0,9
Administrative Manager,Leclercq SPA,Sustainable Farming,Junior,2025-04-07,2025-07-02,Agriculture,Naama,Bac,Freelance,6,"Voiture de fonction, Télétravail partiel, Épargne entreprise",66000,"Precision Agriculture, Agroecology, Organic Certification, Water Conservation, Soil Health Management, Permaculture Design",1,9
Team Leader,Maillard S.A. SPA,General Management,Senior,2025-04-04,2025-05-23,Fisheries,In Salah,Doctorat,CDI,8,"Formation continue, Assurance maladie, Épargne entreprise",54000,"Report Writing, Arabic/French Bilingual, Team Leadership, Microsoft Office, Project Management",1,9
Production Supervisor,Roux SARL SPA,Operations,Senior,2025-03-27,2025-05-09,Aerospace & Defense,Illizi,Bac,Freelance,6,"Télétravail partiel, Tickets restaurant, Voiture de fonction",140000,"Report Writing, Arabic/French Bilingual, Team Leadership, Project Management, Microsoft Office",1,11
Production Supervisor,Boutin S.A. SARL,Operations,Senior,2025-03-29,2025-06-13,Fisheries,Sétif,Licence,Freelance,3,"Assurance maladie, Prime de performance, Tickets restaurant",137000,"Arabic/French Bilingual, Microsoft Office, Team Leadership, Project Management, Report Writing",1,8
Production Supervisor,Algérie Télécom,Operations,Junior,2025-04-24,2025-06-20,Renewable Energy,Naama,Bac,Freelance,4,"Formation continue, Tickets restaurant, Télétravail partiel",145000,"Team Leadership, Report Writing, Project Management, Arabic/French Bilingual, Microsoft Office",1,13
Project Manager,Schmitt SARL EURL,General Management,Senior,2025-04-16,2025-06-13,Aerospace & Defense,Tamanrasset,Licence,Stage,15,"Formation continue, Télétravail partiel, Voiture de fonction",117000,"Report Writing, Team Leadership, Microsoft Office, Project Management, Arabic/French Bilingual",1,11
Team Leader,Djezzy,Export Operations,Lead,2025-03-30,2025-06-19,Agriculture,Blida,Bac,Freelance,5,"Tickets restaurant, Crèche d'entreprise, Assurance maladie",97000,"Report Writing, Arabic/French Bilingual, Project Management, Team Leadership, Microsoft Office",4,5
Administrative Manager,Barbier Guillot S.A.R.L. SPA,Higher Education,Mid,2025-04-23,2025-07-13,Education,Saïda,Master,CDI,5,"Tickets restaurant, Prime de performance, Voiture de fonction",148000,"Microsoft Office, Team Leadership, Project Management, Report Writing, Arabic/French Bilingual",0,7
Operations Manager,Boulanger S.A. SPA,Operations,Chief,2025-04-02,2025-06-14,Public Sector,Djanet,Master,Alternance,11,"Voiture de fonction, Tickets restaurant, Épargne entreprise",27000,"Arabic/French Bilingual, Microsoft Office, Report Writing, Team Leadership, Project Management",3,10
Project Manager,Buisson SPA,General Management,Mid,2025-04-08,2025-06-20,Renewable Energy,Skikda,Master,CDD,7,"Épargne entreprise, Crèche d'entreprise, Prime de performance",149000,"Microsoft Office, Team Leadership, Report Writing, Project Management, Arabic/French Bilingual",1,11
General Director,Roux SARL SPA,General Management,Lead,2025-04-19,2025-06-14,Public Sector,Tindouf,Licence,Alternance,4,"Tickets restaurant, Épargne entreprise, Voiture de fonction",116000,"Microsoft Office, Arabic/French Bilingual, Team Leadership, Project Management, Report Writing",4,8
Operations Manager,Sonatrach,Operations,Junior,2025-04-11,2025-06-27,Construction,Oran,Bac,CDI,13,"Tickets restaurant, Prime de performance, Voiture de fonction",61000,"Report Writing, Microsoft Office, Team Leadership, Project Management, Arabic/French Bilingual",3,5
Logistics Coordinator,Maillard S.A. SPA,Operations,Senior,2025-04-22,2025-06-13,Public Sector,Batna,Bac,Freelance,10,"Assurance maladie, Épargne entreprise, Prime de performance",122000,"Team Leadership, Report Writing, Arabic/French Bilingual, Microsoft Office, Project Management",3,5
Facilities Manager,Ooredoo Algeria,Operations,Senior,2025-03-30,2025-05-30,Media & Entertainment,Oran,Licence,CDI,8,"Assurance maladie, Épargne entreprise, Tickets restaurant",92000,"Report Writing, Team Leadership, Project Management, Arabic/French Bilingual, Microsoft Office",1,14
Team Leader,Ooredoo Algeria,General Management,Junior,2025-04-06,2025-06-13,E-Commerce,Tamanrasset,Doctorat,CDI,5,"Prime de performance, Assurance maladie, Tickets restaurant",49000,"Microsoft Office, Report Writing, Arabic/French Bilingual, Team Leadership, Project Management",4,7
Supply Chain Manager,Mahe Boyer S.A.R.L. SARL,Operations,Lead,2025-04-08,2025-05-21,Tourism & Hospitality,El Tarf,Bac,CDI,14,"Épargne entreprise, Télétravail partiel, Prime de performance",148000,"Team Leadership, Arabic/French Bilingual, Project Management, Microsoft Office, Report Writing",3,5
Production Supervisor,Buisson SPA,Operations,Lead,2025-04-06,2025-06-20,E-Commerce,M'sila,Master,Alternance,9,"Voiture de fonction, Crèche d'entreprise, Prime de performance",82000,"Team Leadership, Project Management, Arabic/French Bilingual, Report Writing, Microsoft Office",4,15
Administrative Manager,Philippe Dias SARL EURL,General Management,Chief,2025-04-13,2025-06-11,Manufacturing,Naama,Bac,Alternance,10,"Assurance maladie, Tickets restaurant, Voiture de fonction",138000,"Project Management, Report Writing, Team Leadership, Microsoft Office, Arabic/French Bilingual",1,13
Department Director,Mobilis,Investment Management,Chief,2025-04-07,2025-05-26,Banking & Finance,Ouargla,Licence,Alternance,9,"Crèche d'entreprise, Épargne entreprise, Tickets restaurant",96000,"Microsoft Office, Team Leadership, Arabic/French Bilingual, Report Writing, Project Management",2,13
Operations Manager,Buisson SPA,Operations,Chief,2025-04-16,2025-06-01,Tourism & Hospitality,Jijel,Bac,Alternance,10,"Tickets restaurant, Formation continue, Assurance maladie",29000,"Report Writing, Team Leadership, Arabic/French Bilingual, Microsoft Office, Project Management",2,13
Logistics Coordinator,Gautier SARL,Operations,Senior,2025-04-05,2025-06-18,E-Commerce,Tlemcen,Licence,CDD,2,"Assurance maladie, Formation continue, Épargne entreprise",129000,"Project Management, Report Writing, Team Leadership, Arabic/French Bilingual, Microsoft Office",3,3
Logistics Coordinator,Schmitt SARL EURL,Operations,Junior,2025-04-20,2025-05-30,Telecommunications,Laghouat,Ingénieur d'État,Alternance,10,"Voiture de fonction, Crèche d'entreprise, Prime de performance",45000,"Team Leadership, Project Management, Report Writing, Arabic/French Bilingual, Microsoft Office",2,5
Logistics Coordinator,Gomez SARL,Operations,Senior,2025-04-09,2025-06-16,Telecommunications,Blida,Ingénieur d'État,Stage,6,"Assurance maladie, Télétravail partiel, Formation continue",107000,"Arabic/French Bilingual, Team Leadership, Microsoft Office, Report Writing, Project Management",4,4
Supply Chain Manager,SNVI,Operations,Senior,2025-04-01,2025-05-26,Renewable Energy,Timimoun,Doctorat,CDD,8,"Prime de performance, Télétravail partiel, Formation continue",143000,"Microsoft Office, Team Leadership, Project Management, Report Writing, Arabic/French Bilingual",4,11
Logistics Coordinator,Manadjim El Djazaïr,Operations,Junior,2025-04-10,2025-07-01,Telecommunications,Constantine,Licence,Alternance,14,"Crèche d'entreprise, Tickets restaurant, Voiture de fonction",98000,"Project Management, Microsoft Office, Arabic/French Bilingual, Report Writing, Team Leadership",1,8
Team Leader,Joseph SARL,General Management,Lead,2025-04-14,2025-05-31,Fisheries,Saïda,Bac,CDI,13,"Formation continue, Prime de performance, Assurance maladie",81000,"Arabic/French Bilingual, Report Writing, Team Leadership, Microsoft Office, Project Management",0,5
Team Leader,Sonalgaz,General Management,Mid,2025-04-23,2025-06-13,Mining,In Salah,Ingénieur d'État,Freelance,1,"Tickets restaurant, Télétravail partiel, Voiture de fonction",29000,"Project Management, Report Writing, Arabic/French Bilingual, Microsoft Office, Team Leadership",5,12
Supply Chain Manager,Bernard Petitjean SA SPA,Operations,Junior,2025-04-20,2025-07-02,Aerospace & Defense,Saïda,Bac,CDI,13,"Télétravail partiel, Assurance maladie, Formation continue",99000,"Arabic/French Bilingual, Team Leadership, Report Writing, Project Management, Microsoft Office",2,10
Logistics Coordinator,Sanchez SARL EURL,Operations,Junior,2025-04-23,2025-06-17,Manufacturing,In Salah,Licence,CDI,12,"Assurance maladie, Formation continue, Prime de performance",102000,"Project Management, Microsoft Office, Team Leadership, Report Writing, Arabic/French Bilingual",0,14
Supply Chain Manager,Mendès EURL,Operations,Chief,2025-04-01,2025-06-10,Aerospace & Defense,Tébessa,Bac,Alternance,15,"Épargne entreprise, Assurance maladie, Tickets restaurant",37000,"Project Management, Team Leadership, Microsoft Office, Arabic/French Bilingual, Report Writing",2,11
Project Manager,Cevital Agro-Industry,Pediatric Care,Chief,2025-04-14,2025-07-04,Healthcare,Illizi,Doctorat,CDD,9,"Télétravail partiel, Prime de performance, Formation continue",65000,"Report Writing, Arabic/French Bilingual, Project Management, Team Leadership, Microsoft Office",4,11
Administrative Manager,Guérin Dumas S.A. SPA,General Management,Senior,2025-03-31,2025-06-07,Mining,Laghouat,Licence,Alternance,3,"Assurance maladie, Épargne entreprise, Voiture de fonction",56000,"Team Leadership, Report Writing, Project Management, Arabic/French Bilingual, Microsoft Office",5,8
Supply Chain Manager,Bernard Petitjean SA SPA,Operations,Chief,2025-04-17,2025-06-14,Renewable Energy,Béjaïa,Doctorat,Alternance,14,"Formation continue, Épargne entreprise, Assurance maladie",137000,"Project Management, Arabic/French Bilingual, Microsoft Office, Team Leadership, Report Writing",1,5
Project Manager,Pereira SARL,General Management,Junior,2025-04-11,2025-06-27,Telecommunications,Illizi,Master,CDD,6,"Formation continue, Prime de performance, Épargne entreprise",127000,"Project Management, Team Leadership, Arabic/French Bilingual, Report Writing, Microsoft Office",5,3
Team Leader,Pichon Maury S.A.S. SPA,General Management,Junior,2025-04-08,2025-07-04,Mining,In Salah,Ingénieur d'État,Stage,2,"Épargne entreprise, Prime de performance, Crèche d'entreprise",96000,"Team Leadership, Project Management, Arabic/French Bilingual, Microsoft Office, Report Writing",5,7
iOS Developer,Lefèvre Couturier S.A.R.L. EURL,Mobile Development,Mid,2025-04-03,2025-06-04,Information Technology,Mostaganem,Ingénieur d'État,Alternance,12,"Voiture de fonction, Épargne entreprise, Assurance maladie",28000,"Report Writing, Microsoft Office, Arabic/French Bilingual, Team Leadership, Project Management",5,15
Operations Manager,Guérin Dumas S.A. SPA,Medical Equipment Maintenance,Senior,2025-03-30,2025-06-17,Healthcare,Béjaïa,Bac,Stage,12,"Voiture de fonction, Tickets restaurant, Télétravail partiel",89000,"Microsoft Office, Report Writing, Arabic/French Bilingual, Team Leadership, Project Management",4,5
Production Supervisor,Seguin et Fils EURL,Operations,Chief,2025-04-17,2025-06-02,Public Sector,Jijel,Bac,Freelance,3,"Assurance maladie, Voiture de fonction, Formation continue",52000,"Arabic/French Bilingual, Report Writing, Project Management, Team Leadership, Microsoft Office",4,11
Operations Manager,Sonatrach,Operations,Lead,2025-04-06,2025-06-13,Aerospace & Defense,Constantine,Bac,CDI,13,"Crèche d'entreprise, Épargne entreprise, Assurance maladie",94000,"Team Leadership, Report Writing, Microsoft Office, Arabic/French Bilingual, Project Management",1,10
Operations Manager,Lebreton EURL,Sustainable Farming,Junior,2025-04-20,2025-05-31,Agriculture,Batna,Master,Stage,10,"Tickets restaurant, Télétravail partiel, Crèche d'entreprise",119000,"Permaculture Design, Precision Agriculture, Organic Certification, Soil Health Management, Agroecology, Water Conservation",3,6
Project Manager,Naftal,Investment Management,Chief,2025-04-19,2025-06-20,Banking & Finance,Oran,Licence,Stage,7,"Formation continue, Tickets restaurant, Voiture de fonction",78000,"Arabic/French Bilingual, Report Writing, Project Management, Team Leadership, Microsoft Office",0,3
Process Engineer,Lucas EURL,Refining & Processing,Lead,2025-04-16,2025-06-29,Energy & Petroleum,Oran,Doctorat,CDD,6,"Tickets restaurant, Assurance maladie, Télétravail partiel",113000,"Project Management, Team Leadership, Microsoft Office, Report Writing, Arabic/French Bilingual",0,4
IT Support Specialist,Olivier SPA,IT Support,Mid,2025-04-04,2025-06-05,Information Technology,Annaba,Doctorat,Stage,1,"Assurance maladie, Crèche d'entreprise, Voiture de fonction",109000,"Report Writing, Microsoft Office, Team Leadership, Arabic/French Bilingual, Project Management",1,4
Operations Manager,Bertrand Caron SA SPA,Operations,Mid,2025-04-23,2025-06-12,Public Sector,Blida,Licence,CDI,14,"Voiture de fonction, Télétravail partiel, Prime de performance",78000,"Team Leadership, Report Writing, Arabic/French Bilingual, Microsoft Office, Project Management",3,10
Facilities Manager,Cosider,Operations,Senior,2025-03-29,2025-06-13,Telecommunications,Sétif,Doctorat,CDD,7,"Crèche d'entreprise, Tickets restaurant, Voiture de fonction",142000,"Project Management, Arabic/French Bilingual, Report Writing, Team Leadership, Microsoft Office",0,5
Team Leader,Garcia EURL,General Management,Chief,2025-04-15,2025-05-30,Transport & Logistics,Constantine,Ingénieur d'État,Freelance,4,"Formation continue, Assurance maladie, Épargne entreprise",140000,"Arabic/French Bilingual, Report Writing, Team Leadership, Microsoft Office, Project Management",3,6
Logistics Coordinator,Sanchez SARL EURL,Operations,Senior,2025-04-19,2025-06-19,Manufacturing,Constantine,Licence,CDI,14,"Épargne entreprise, Formation continue, Assurance maladie",34000,"Report Writing, Microsoft Office, Project Management, Team Leadership, Arabic/French Bilingual",4,11
General Director,Gauthier SARL,General Management,Chief,2025-04-12,2025-06-30,Construction,Tamanrasset,Bac,Stage,8,"Voiture de fonction, Prime de performance, Tickets restaurant",26000,"Microsoft Office, Arabic/French Bilingual, Project Management, Team Leadership, Report Writing",0,10
Operations Manager,Condor Electronics,Operations,Junior,2025-03-27,2025-05-22,Public Sector,Timimoun,Bac,CDD,4,"Crèche d'entreprise, Tickets restaurant, Formation continue",76000,"Project Management, Report Writing, Microsoft Office, Arabic/French Bilingual, Team Leadership",3,6
Project Manager,CEVITAL,General Management,Senior,2025-04-09,2025-06-11,Renewable Energy,El Oued,Bac,CDD,9,"Télétravail partiel, Crèche d'entreprise, Prime de performance",62000,"Arabic/French Bilingual, Microsoft Office, Team Leadership, Report Writing, Project Management",0,3
Process Engineer,Pascal EURL,Refining & Processing,Senior,2025-04-13,2025-07-04,Energy & Petroleum,In Salah,Bac,Freelance,9,"Épargne entreprise, Assurance maladie, Crèche d'entreprise",99000,"Arabic/French Bilingual, Team Leadership, Microsoft Office, Project Management, Report Writing",4,3
Department Director,Camus S.A.R.L. SARL,FinTech Innovation,Senior,2025-03-30,2025-05-14,Banking & Finance,Sétif,Ingénieur d'État,CDD,10,"Formation continue, Épargne entreprise, Prime de performance",45000,"Microsoft Office, Team Leadership, Report Writing, Project Management, Arabic/French Bilingual",3,6
Facilities Manager,Schmitt SARL EURL,Operations,Chief,2025-04-19,2025-06-28,Mining,Djanet,Licence,Freelance,1,"Assurance maladie, Prime de performance, Formation continue",58000,"Project Management, Team Leadership, Arabic/French Bilingual, Microsoft Office, Report Writing",5,8
Operations Manager,Algérie Télécom,General Management,Junior,2025-04-11,2025-06-12,Tourism & Hospitality,Illizi,Licence,Freelance,7,"Voiture de fonction, Épargne entreprise, Télétravail partiel",35000,"Team Leadership, Project Management, Report Writing, Microsoft Office, Arabic/French Bilingual",0,12
General Director,Joseph SARL,General Management,Junior,2025-04-07,2025-05-14,E-Commerce,Saïda,Master,CDI,10,"Tickets restaurant, Voiture de fonction, Formation continue",27000,"Team Leadership, Report Writing, Arabic/French Bilingual, Microsoft Office, Project Management",1,8
Department Director,Ooredoo Algeria,General Management,Junior,2025-04-04,2025-05-16,Pharmaceuticals,Algiers,Doctorat,Alternance,3,"Prime de performance, Voiture de fonction, Formation continue",87000,"Arabic/French Bilingual, Report Writing, Project Management, Microsoft Office, Team Leadership",3,8
Team Leader,Mobilis,General Management,Chief,2025-03-26,2025-06-15,Retail,Sétif,Master,CDD,11,"Tickets restaurant, Formation continue, Assurance maladie",129000,"Arabic/French Bilingual, Project Management, Report Writing, Team Leadership, Microsoft Office",4,10
Department Director,Barbier Guillot S.A.R.L. SPA,General Management,Lead,2025-04-01,2025-06-07,Retail,Tamanrasset,Ingénieur d'État,Alternance,9,"Tickets restaurant, Voiture de fonction, Prime de performance",83000,"Project Management, Microsoft Office, Arabic/French Bilingual, Team Leadership, Report Writing",0,9
Security Operations Specialist,Barbier SPA,Cybersecurity,Mid,2025-04-07,2025-05-23,Information Technology,Tiaret,Master,Alternance,13,"Voiture de fonction, Crèche d'entreprise, Épargne entreprise",113000,"Ethical Hacking, SIEM Tools, Incident Response, Network Security, Firewall Configuration, GDPR Compliance, SOC Operations, Cryptography",2,13
Supply Chain Manager,SNVI,Operations,Senior,2025-04-14,2025-06-10,Tourism & Hospitality,Jijel,Ingénieur d'État,Alternance,4,"Crèche d'entreprise, Prime de performance, Épargne entreprise",147000,"Report Writing, Project Management, Microsoft Office, Team Leadership, Arabic/French Bilingual",2,4
General Director,Sofiane Pharma,General Management,Senior,2025-04-20,2025-06-07,Fisheries,Blida,Bac,Alternance,5,"Tickets restaurant, Crèche d'entreprise, Épargne entreprise",106000,"Arabic/French Bilingual, Project Management, Team Leadership, Microsoft Office, Report Writing",5,11
Process Engineer,Barbier SPA,Refining & Processing,Junior,2025-04-14,2025-05-27,Energy & Petroleum,El Oued,Bac,Freelance,12,"Télétravail partiel, Crèche d'entreprise, Voiture de fonction",138000,"Team Leadership, Arabic/French Bilingual, Project Management, Microsoft Office, Report Writing",5,11
Team Leader,Algérie Télécom,General Management,Junior,2025-03-28,2025-06-11,Tourism & Hospitality,Tizi Ouzou,Master,Stage,3,"Crèche d'entreprise, Voiture de fonction, Prime de performance",30000,"Report Writing, Arabic/French Bilingual, Project Management, Microsoft Office, Team Leadership",0,9
General Director,Camus S.A.R.L. SARL,Higher Education,Chief,2025-04-11,2025-05-25,Education,Algiers,Licence,Freelance,1,"Formation continue, Crèche d'entreprise, Voiture de fonction",84000,"Microsoft Office, Arabic/French Bilingual, Project Management, Team Leadership, Report Writing",2,10
Department Director,Lebreton EURL,International Relations,Chief,2025-04-09,2025-06-26,Education,Algiers,Licence,Alternance,10,"Épargne entreprise, Télétravail partiel, Assurance maladie",51000,"Arabic/French Bilingual, Team Leadership, Project Management, Microsoft Office, Report Writing",0,5
Team Leader,ENIE,General Management,Mid,2025-03-28,2025-06-06,Public Sector,Batna,Master,Alternance,15,"Télétravail partiel, Voiture de fonction, Épargne entreprise",102000,"Arabic/French Bilingual, Project Management, Team Leadership, Microsoft Office, Report Writing",0,7
Facilities Manager,CNAN,Operations,Senior,2025-03-29,2025-06-02,Construction,Skikda,Doctorat,CDD,7,"Prime de performance, Tickets restaurant, Voiture de fonction",122000,"Microsoft Office, Team Leadership, Report Writing, Project Management, Arabic/French Bilingual",5,8
Department Director,Sofiane Pharma,General Management,Senior,2025-04-10,2025-06-06,Renewable Energy,Illizi,Master,CDD,5,"Tickets restaurant, Télétravail partiel, Formation continue",65000,"Report Writing, Team Leadership, Project Management, Arabic/French Bilingual, Microsoft Office",2,6
Department Director,Mahe Boyer S.A.R.L. SARL,General Management,Junior,2025-04-24,2025-06-03,Tourism & Hospitality,Djanet,Master,CDI,1,"Crèche d'entreprise, Épargne entreprise, Voiture de fonction",54000,"Report Writing, Team Leadership, Arabic/French Bilingual, Project Management, Microsoft Office",5,4
Team Leader,Bernard Petitjean SA SPA,Risk Analysis,Senior,2025-04-04,2025-06-05,Banking & Finance,Tindouf,Bac,CDI,4,"Assurance maladie, Tickets restaurant, Télétravail partiel",142000,"Microsoft Office, Report Writing, Arabic/French Bilingual, Team Leadership, Project Management",5,3
General Director,Sonalgaz,Research & Development,Senior,2025-04-13,2025-05-30,Education,Béjaïa,Ingénieur d'État,CDD,13,"Tickets restaurant, Épargne entreprise, Télétravail partiel",149000,"Microsoft Office, Project Management, Report Writing, Team Leadership, Arabic/French Bilingual",1,3
Supply Chain Manager,Boulanger S.A. SPA,Operations,Junior,2025-04-23,2025-06-07,Fisheries,Ouargla,Bac,Alternance,13,"Épargne entreprise, Tickets restaurant, Prime de performance",93000,"Arabic/French Bilingual, Report Writing, Project Management, Team Leadership, Microsoft Office",1,14
Production Supervisor,Sofiane Pharma,Operations,Chief,2025-04-06,2025-06-20,Media & Entertainment,Illizi,Bac,Freelance,9,"Tickets restaurant, Crèche d'entreprise, Télétravail partiel",65000,"Microsoft Office, Project Management, Report Writing, Arabic/French Bilingual, Team Leadership",2,14
General Director,Camus S.A.R.L. SARL,General Management,Lead,2025-04-08,2025-06-13,Media & Entertainment,Batna,Doctorat,Stage,6,"Épargne entreprise, Télétravail partiel, Assurance maladie",38000,"Team Leadership, Microsoft Office, Project Management, Report Writing, Arabic/French Bilingual",1,9
Facilities Manager,Barbier SPA,Operations,Chief,2025-04-10,2025-07-09,E-Commerce,Batna,Licence,Alternance,1,"Crèche d'entreprise, Prime de performance, Épargne entreprise",51000,"Report Writing, Project Management, Microsoft Office, Arabic/French Bilingual, Team Leadership",1,8
Team Leader,Mendès EURL,General Management,Senior,2025-04-17,2025-07-05,Pharmaceuticals,Ouargla,Licence,Alternance,10,"Prime de performance, Assurance maladie, Formation continue",41000,"Project Management, Team Leadership, Arabic/French Bilingual, Report Writing, Microsoft Office",1,4
Logistics Coordinator,Roux SARL SPA,Operations,Lead,2025-03-27,2025-06-20,Renewable Energy,Tlemcen,Doctorat,Stage,11,"Épargne entreprise, Assurance maladie, Crèche d'entreprise",80000,"Team Leadership, Arabic/French Bilingual, Project Management, Microsoft Office, Report Writing",4,10
General Director,Djezzy,General Management,Lead,2025-04-02,2025-06-05,Manufacturing,M'sila,Ingénieur d'État,Alternance,5,"Prime de performance, Formation continue, Assurance maladie",143000,"Microsoft Office, Project Management, Arabic/French Bilingual, Team Leadership, Report Writing",3,15
Operations Manager,CEVITAL,Operations,Senior,2025-04-18,2025-07-02,Mining,Batna,Licence,Freelance,11,"Télétravail partiel, Voiture de fonction, Formation continue",108000,"Arabic/French Bilingual, Report Writing, Team Leadership, Microsoft Office, Project Management",2,8
Production Supervisor,Maurice Hoareau et Fils SPA,Operations,Junior,2025-04-02,2025-05-10,Transport & Logistics,Djanet,Licence,Freelance,9,"Voiture de fonction, Épargne entreprise, Prime de performance",106000,"Report Writing, Project Management, Arabic/French Bilingual, Team Leadership, Microsoft Office",3,12
Department Director,Ollivier Becker S.A.R.L. SPA,Sustainable Farming,Junior,2025-03-27,2025-06-06,Agriculture,Saïda,Ingénieur d'État,Stage,11,"Télétravail partiel, Formation continue, Tickets restaurant",62000,"Water Conservation, Soil Health Management, Organic Certification, Precision Agriculture, Agroecology, Permaculture Design",0,11
Supply Chain Manager,Gautier SARL,Operations,Mid,2025-04-12,2025-05-29,Pharmaceuticals,Chlef,Licence,CDI,3,"Tickets restaurant, Épargne entreprise, Prime de performance",44000,"Project Management, Arabic/French Bilingual, Microsoft Office, Team Leadership, Report Writing",4,9
Administrative Manager,Sofiane Pharma,Irrigation Technology,Mid,2025-04-02,2025-05-30,Agriculture,Béchar,Doctorat,Stage,6,"Tickets restaurant, Épargne entreprise, Assurance maladie",114000,"Microsoft Office, Project Management, Report Writing, Team Leadership, Arabic/French Bilingual",5,6
Facilities Manager,Djezzy,Operations,Chief,2025-04-09,2025-06-07,Transport & Logistics,Béchar,Bac,Stage,15,"Crèche d'entreprise, Épargne entreprise, Voiture de fonction",148000,"Team Leadership, Report Writing, Project Management, Microsoft Office, Arabic/French Bilingual",0,13
Supply Chain Manager,Pascal EURL,Operations,Mid,2025-04-19,2025-07-01,Fisheries,Naama,Bac,Stage,10,"Télétravail partiel, Tickets restaurant, Prime de performance",135000,"Project Management, Microsoft Office, Report Writing, Team Leadership, Arabic/French Bilingual",3,7
Logistics Coordinator,Philippe Dias SARL EURL,Operations,Chief,2025-04-14,2025-06-28,Telecommunications,Béjaïa,Master,CDD,12,"Voiture de fonction, Épargne entreprise, Crèche d'entreprise",33000,"Report Writing, Microsoft Office, Team Leadership, Project Management, Arabic/French Bilingual",3,9
Team Leader,Delmas et Fils EURL,General Management,Chief,2025-04-15,2025-05-25,Tourism & Hospitality,Saïda,Bac,Freelance,5,"Voiture de fonction, Assurance maladie, Tickets restaurant",62000,"Arabic/French Bilingual, Microsoft Office, Report Writing, Project Management, Team Leadership",1,7
Operations Manager,CNAN,General Management,Junior,2025-04-14,2025-06-19,Retail,In Salah,Master,Alternance,6,"Voiture de fonction, Crèche d'entreprise, Tickets restaurant",119000,"Team Leadership, Project Management, Arabic/French Bilingual, Microsoft Office, Report Writing",1,15
General Director,Camus S.A.R.L. SARL,General Management,Senior,2025-04-23,2025-06-04,Mining,Chlef,Licence,Freelance,11,"Crèche d'entreprise, Télétravail partiel, Épargne entreprise",147000,"Arabic/French Bilingual, Project Management, Report Writing, Microsoft Office, Team Leadership",2,3
Department Director,Ollivier Becker S.A.R.L. SPA,General Management,Mid,2025-03-26,2025-06-21,Mining,Adrar,Doctorat,CDD,13,"Télétravail partiel, Assurance maladie, Voiture de fonction",67000,"Arabic/French Bilingual, Project Management, Microsoft Office, Report Writing, Team Leadership",4,4
Facilities Manager,Marchal S.A.S. SPA,Operations,Lead,2025-03-26,2025-06-19,Retail,Mostaganem,Doctorat,CDD,11,"Télétravail partiel, Tickets restaurant, Assurance maladie",46000,"Report Writing, Arabic/French Bilingual, Microsoft Office, Team Leadership, Project Management",5,15
Team Leader,Cosider,General Management,Chief,2025-04-18,2025-07-06,Media & Entertainment,El Tarf,Doctorat,CDD,13,"Crèche d'entreprise, Prime de performance, Voiture de fonction",33000,"Team Leadership, Arabic/French Bilingual, Report Writing, Project Management, Microsoft Office",1,8
Project Manager,Barbier SPA,General Management,Mid,2025-03-28,2025-06-08,Aerospace & Defense,El Oued,Licence,Alternance,15,"Assurance maladie, Prime de performance, Formation continue",61000,"Arabic/French Bilingual, Project Management, Team Leadership, Microsoft Office, Report Writing",1,13
Production Supervisor,Besnard SARL SPA,Operations,Lead,2025-04-13,2025-06-19,Transport & Logistics,Oran,Ingénieur d'État,CDI,6,"Assurance maladie, Épargne entreprise, Tickets restaurant",27000,"Arabic/French Bilingual, Project Management, Team Leadership, Report Writing, Microsoft Office",2,9
Supply Chain Manager,Barbier SPA,Operations,Junior,2025-04-05,2025-05-27,Manufacturing,Tébessa,Master,Stage,4,"Formation continue, Prime de performance, Assurance maladie",127000,"Report Writing, Project Management, Team Leadership, Arabic/French Bilingual, Microsoft Office",3,14
Logistics Coordinator,Mendès EURL,Operations,Mid,2025-04-19,2025-05-31,Public Sector,Mostaganem,Bac,Stage,14,"Assurance maladie, Formation continue, Épargne entreprise",35000,"Report Writing, Microsoft Office, Team Leadership, Arabic/French Bilingual, Project Management",4,6
Administrative Manager,Seguin et Fils EURL,International Relations,Junior,2025-04-01,2025-05-27,Education,Illizi,Master,Freelance,9,"Voiture de fonction, Assurance maladie, Prime de performance",123000,"Report Writing, Arabic/French Bilingual, Team Leadership, Microsoft Office, Project Management",5,5
Facilities Manager,Gautier SARL,Operations,Senior,2025-03-26,2025-05-14,Media & Entertainment,Tébessa,Bac,Freelance,1,"Épargne entreprise, Assurance maladie, Voiture de fonction",55000,"Arabic/French Bilingual, Team Leadership, Microsoft Office, Project Management, Report Writing",3,11
Operations Manager,Leclercq SPA,General Management,Mid,2025-04-01,2025-05-29,E-Commerce,Aïn Témouchent,Ingénieur d'État,Stage,6,"Assurance maladie, Épargne entreprise, Formation continue",125000,"Project Management, Report Writing, Microsoft Office, Arabic/French Bilingual, Team Leadership",1,3
Supply Chain Manager,Duhamel S.A.R.L. SPA,Operations,Chief,2025-04-08,2025-05-21,E-Commerce,Timimoun,Ingénieur d'État,CDD,14,"Prime de performance, Voiture de fonction, Crèche d'entreprise",87000,"Team Leadership, Arabic/French Bilingual, Report Writing, Microsoft Office, Project Management",2,11
Team Leader,Cosider,Irrigation Technology,Lead,2025-04-14,2025-06-14,Agriculture,Timimoun,Ingénieur d'État,Freelance,2,"Épargne entreprise, Assurance maladie, Formation continue",88000,"Project Management, Microsoft Office, Team Leadership, Report Writing, Arabic/French Bilingual",3,4
Project Manager,Garcia EURL,General Management,Senior,2025-04-21,2025-06-16,Renewable Energy,Adrar,Bac,Stage,12,"Tickets restaurant, Prime de performance, Assurance maladie",111000,"Project Management, Arabic/French Bilingual, Report Writing, Team Leadership, Microsoft Office",1,5
Team Leader,Gilbert SA SPA,General Management,Lead,2025-04-02,2025-06-08,Pharmaceuticals,Annaba,Licence,CDI,14,"Tickets restaurant, Télétravail partiel, Voiture de fonction",148000,"Microsoft Office, Arabic/French Bilingual, Team Leadership, Report Writing, Project Management",2,7
Operations Manager,Ruiz SARL,Operations,Lead,2025-04-16,2025-07-02,Retail,Ouargla,Doctorat,CDD,7,"Télétravail partiel, Voiture de fonction, Épargne entreprise",88000,"Project Management, Team Leadership, Microsoft Office, Report Writing, Arabic/French Bilingual",1,9
Administrative Manager,Pereira SARL,General Management,Senior,2025-04-22,2025-07-11,Public Sector,Béchar,Ingénieur d'État,Alternance,5,"Télétravail partiel, Prime de performance, Tickets restaurant",105000,"Arabic/French Bilingual, Team Leadership, Report Writing, Microsoft Office, Project Management",1,7
Project Manager,Roux SARL SPA,Export Operations,Lead,2025-03-30,2025-06-14,Agriculture,Naama,Ingénieur d'État,Alternance,13,"Assurance maladie, Prime de performance, Formation continue",97000,"Report Writing, Arabic/French Bilingual, Team Leadership, Project Management, Microsoft Office",3,3
Project Manager,Garcia EURL,General Management,Junior,2025-04-20,2025-06-25,Pharmaceuticals,Constantine,Doctorat,Stage,11,"Épargne entreprise, Tickets restaurant, Assurance maladie",115000,"Report Writing, Microsoft Office, Arabic/French Bilingual, Team Leadership, Project Management",3,11
Team Leader,Pereira SARL,General Management,Chief,2025-03-28,2025-05-10,Media & Entertainment,El Tarf,Doctorat,CDD,3,"Télétravail partiel, Assurance maladie, Épargne entreprise",139000,"Team Leadership, Microsoft Office, Project Management, Arabic/French Bilingual, Report Writing",2,11
Android Developer,Maurice Hoareau et Fils SPA,Mobile Development,Mid,2025-03-31,2025-06-05,Information Technology,Béchar,Doctorat,Stage,3,"Prime de performance, Formation continue, Voiture de fonction",122000,"Project Management, Microsoft Office, Team Leadership, Arabic/French Bilingual, Report Writing",5,5
General Director,Gérard S.A.S. SARL,International Relations,Chief,2025-04-19,2025-07-14,Education,Blida,Doctorat,CDI,2,"Crèche d'entreprise, Formation continue, Voiture de fonction",142000,"Project Management, Team Leadership, Report Writing, Arabic/French Bilingual, Microsoft Office",1,5
Department Director,Gilbert SA SPA,Pediatric Care,Mid,2025-03-31,2025-05-21,Healthcare,Adrar,Ingénieur d'État,CDI,5,"Télétravail partiel, Crèche d'entreprise, Prime de performance",115000,"Project Management, Report Writing, Arabic/French Bilingual, Microsoft Office, Team Leadership",5,15
Logistics Coordinator,Pichon Maury S.A.S. SPA,Operations,Chief,2025-03-26,2025-05-27,Aerospace & Defense,Aïn Témouchent,Ingénieur d'État,Freelance,3,"Tickets restaurant, Télétravail partiel, Formation continue",109000,"Project Management, Arabic/French Bilingual, Team Leadership, Microsoft Office, Report Writing",0,7
Administrative Manager,Garcia EURL,Export Operations,Junior,2025-04-11,2025-06-08,Agriculture,Mostaganem,Licence,CDI,9,"Assurance maladie, Crèche d'entreprise, Formation continue",93000,"Microsoft Office, Arabic/French Bilingual, Report Writing, Team Leadership, Project Management",0,15
Logistics Coordinator,Lévêque SARL,Operations,Chief,2025-04-07,2025-06-23,Tourism & Hospitality,El Tarf,Master,Freelance,5,"Assurance maladie, Télétravail partiel, Prime de performance",27000,"Team Leadership, Microsoft Office, Report Writing, Project Management, Arabic/French Bilingual",2,12
Safety Training Coordinator,Seguin et Fils EURL,"HSE (Health, Safety, Environment)",Lead,2025-04-06,2025-07-05,Energy & Petroleum,Annaba,Doctorat,Freelance,1,"Prime de performance, Tickets restaurant, Assurance maladie",135000,"Arabic/French Bilingual, Project Management, Microsoft Office, Report Writing, Team Leadership",2,14
Project Manager,Pereira SARL,Medical Research,Lead,2025-03-26,2025-05-10,Healthcare,Aïn Témouchent,Master,Freelance,15,"Épargne entreprise, Tickets restaurant, Voiture de fonction",89000,"Research Ethics, Regulatory Affairs, Epidemiology, Biostatistics, Laboratory Management, Medical Writing, Clinical Trials",0,10
Team Leader,CNAN,Food Processing,Junior,2025-04-13,2025-07-07,Agriculture,Ouargla,Doctorat,CDD,3,"Crèche d'entreprise, Prime de performance, Assurance maladie",26000,"Project Management, Microsoft Office, Team Leadership, Arabic/French Bilingual, Report Writing",2,11
Penetration Tester,Besnard SARL SPA,Cybersecurity,Lead,2025-03-31,2025-05-17,Information Technology,M'sila,Licence,Freelance,13,"Télétravail partiel, Épargne entreprise, Assurance maladie",134000,"Incident Response, SIEM Tools, Cryptography, Network Security, SOC Operations, Ethical Hacking, GDPR Compliance, Firewall Configuration",2,5
Project Manager,Boutin S.A. SARL,General Management,Mid,2025-04-23,2025-06-02,Aerospace & Defense,Timimoun,Doctorat,CDI,12,"Prime de performance, Épargne entreprise, Tickets restaurant",132000,"Arabic/French Bilingual, Microsoft Office, Report Writing, Project Management, Team Leadership",2,6
Supply Chain Manager,Sonalgaz,Operations,Mid,2025-04-04,2025-06-25,Manufacturing,Skikda,Licence,Alternance,5,"Épargne entreprise, Voiture de fonction, Crèche d'entreprise",64000,"Project Management, Microsoft Office, Team Leadership, Arabic/French Bilingual, Report Writing",0,13
Department Director,Maurice EURL,General Management,Mid,2025-04-13,2025-05-26,Fisheries,Chlef,Ingénieur d'État,CDI,2,"Télétravail partiel, Voiture de fonction, Crèche d'entreprise",66000,"Project Management, Microsoft Office, Arabic/French Bilingual, Report Writing, Team Leadership",0,7
Project Manager,Batimétal,Hospital Administration,Lead,2025-04-08,2025-06-30,Healthcare,Skikda,Bac,Stage,1,"Formation continue, Crèche d'entreprise, Tickets restaurant",135000,"Team Leadership, Project Management, Microsoft Office, Report Writing, Arabic/French Bilingual",2,4
Operations Manager,Diaz SARL SARL,Operations,Senior,2025-04-01,2025-06-21,Pharmaceuticals,Illizi,Licence,Stage,7,"Assurance maladie, Formation continue, Épargne entreprise",56000,"Arabic/French Bilingual, Report Writing, Microsoft Office, Project Management, Team Leadership",2,11
Production Supervisor,Cosider,Operations,Lead,2025-04-17,2025-06-07,Telecommunications,Blida,Bac,CDI,7,"Tickets restaurant, Voiture de fonction, Prime de performance",85000,"Project Management, Microsoft Office, Team Leadership, Arabic/French Bilingual, Report Writing",0,8
Logistics Coordinator,Garcia EURL,Operations,Junior,2025-03-28,2025-05-19,E-Commerce,El Oued,Ingénieur d'État,CDD,8,"Prime de performance, Formation continue, Crèche d'entreprise",66000,"Team Leadership, Microsoft Office, Arabic/French Bilingual, Report Writing, Project Management",5,7
Department Director,CNAN,General Management,Senior,2025-04-24,2025-06-21,Mining,Aïn Témouchent,Master,CDD,9,"Formation continue, Télétravail partiel, Prime de performance",39000,"Team Leadership, Microsoft Office, Arabic/French Bilingual, Project Management, Report Writing",4,14
Supply Chain Manager,Mendès EURL,Operations,Senior,2025-03-29,2025-06-04,Fisheries,In Salah,Master,Stage,1,"Voiture de fonction, Crèche d'entreprise, Télétravail partiel",139000,"Project Management, Microsoft Office, Report Writing, Team Leadership, Arabic/French Bilingual",4,8
Department Director,BNA,General Management,Senior,2025-04-23,2025-07-01,Mining,Oran,Licence,CDI,12,"Tickets restaurant, Prime de performance, Formation continue",105000,"Arabic/French Bilingual, Project Management, Team Leadership, Report Writing, Microsoft Office",1,13
Administrative Manager,BNA,General Management,Senior,2025-04-24,2025-06-11,Telecommunications,Biskra,Bac,CDI,4,"Télétravail partiel, Formation continue, Assurance maladie",103000,"Microsoft Office, Report Writing, Team Leadership, Arabic/French Bilingual, Project Management",4,7
Operations Manager,Lebreton EURL,Operations,Lead,2025-04-06,2025-06-22,Pharmaceuticals,Batna,Licence,Alternance,12,"Télétravail partiel, Épargne entreprise, Assurance maladie",138000,"Report Writing, Arabic/French Bilingual, Microsoft Office, Project Management, Team Leadership",5,14
Team Leader,Condor Electronics,General Management,Lead,2025-03-26,2025-05-20,Manufacturing,El Tarf,Doctorat,CDI,9,"Crèche d'entreprise, Voiture de fonction, Tickets restaurant",101000,"Report Writing, Microsoft Office, Project Management, Arabic/French Bilingual, Team Leadership",3,13
Logistics Coordinator,Guérin Dumas S.A. SPA,Operations,Mid,2025-03-30,2025-05-07,Pharmaceuticals,Mostaganem,Ingénieur d'État,Stage,13,"Épargne entreprise, Voiture de fonction, Tickets restaurant",112000,"Microsoft Office, Report Writing, Team Leadership, Project Management, Arabic/French Bilingual",4,6
Administrative Manager,CEVITAL,Medical Equipment Maintenance,Junior,2025-04-02,2025-05-20,Healthcare,Annaba,Bac,CDI,5,"Épargne entreprise, Crèche d'entreprise, Télétravail partiel",42000,"Project Management, Arabic/French Bilingual, Report Writing, Team Leadership, Microsoft Office",5,7
Petroleum Engineer,Pichon Maury S.A.S. SPA,Exploration & Production,Senior,2025-04-13,2025-05-24,Energy & Petroleum,Tamanrasset,Doctorat,Freelance,5,"Voiture de fonction, Assurance maladie, Télétravail partiel",73000,"Reservoir Simulation, Petrel Software, Geological Modeling, Enhanced Oil Recovery, Well Logging, HYSYS, Drilling Optimization",5,14
Safety Inspector,Ruiz SARL,"HSE (Health, Safety, Environment)",Junior,2025-03-29,2025-05-31,Energy & Petroleum,El Tarf,Bac,Stage,8,"Formation continue, Voiture de fonction, Crèche d'entreprise",68000,"Team Leadership, Project Management, Microsoft Office, Report Writing, Arabic/French Bilingual",4,12
Facilities Manager,Garcia EURL,Operations,Senior,2025-04-11,2025-05-29,Renewable Energy,Béchar,Master,CDD,8,"Formation continue, Télétravail partiel, Épargne entreprise",150000,"Microsoft Office, Arabic/French Bilingual, Report Writing, Team Leadership, Project Management",5,8
Administrative Manager,Delmas et Fils EURL,General Management,Senior,2025-04-01,2025-05-13,Transport & Logistics,Jijel,Licence,Alternance,1,"Épargne entreprise, Formation continue, Voiture de fonction",150000,"Team Leadership, Project Management, Microsoft Office, Report Writing, Arabic/French Bilingual",3,15
Department Director,Lucas EURL,General Management,Junior,2025-04-16,2025-06-01,Telecommunications,Tizi Ouzou,Bac,CDD,3,"Formation continue, Assurance maladie, Prime de performance",31000,"Arabic/French Bilingual, Team Leadership, Report Writing, Microsoft Office, Project Management",4,13
Project Manager,Guérin Dumas S.A. SPA,Pediatric Care,Junior,2025-04-17,2025-06-04,Healthcare,Tlemcen,Ingénieur d'État,CDD,8,"Formation continue, Prime de performance, Télétravail partiel",29000,"Report Writing, Microsoft Office, Project Management, Team Leadership, Arabic/French Bilingual",5,6
Operations Manager,Loiseau et Fils EURL,Operations,Lead,2025-04-08,2025-05-22,Media & Entertainment,Jijel,Doctorat,Freelance,7,"Assurance maladie, Tickets restaurant, Formation continue",77000,"Team Leadership, Project Management, Arabic/French Bilingual, Microsoft Office, Report Writing",4,3
Department Director,Olivier SPA,Research & Development,Senior,2025-04-14,2025-07-08,Education,El Tarf,Master,CDI,4,"Voiture de fonction, Assurance maladie, Formation continue",25000,"Arabic/French Bilingual, Team Leadership, Report Writing, Microsoft Office, Project Management",1,8
Team Leader,Air Algérie,General Management,Mid,2025-03-26,2025-06-14,Telecommunications,Oran,Master,CDD,15,"Voiture de fonction, Tickets restaurant, Crèche d'entreprise",114000,"Report Writing, Arabic/French Bilingual, Team Leadership, Project Management, Microsoft Office",5,6
Administrative Manager,BNA,General Management,Lead,2025-03-29,2025-06-27,Public Sector,Tébessa,Bac,CDI,11,"Épargne entreprise, Assurance maladie, Prime de performance",144000,"Team Leadership, Arabic/French Bilingual, Microsoft Office, Report Writing, Project Management",2,3
Business Intelligence Analyst,Gilbert SA SPA,Data Science & AI,Junior,2025-04-22,2025-06-22,Information Technology,Naama,Ingénieur d'État,Alternance,1,"Prime de performance, Assurance maladie, Tickets restaurant",100000,"Team Leadership, Microsoft Office, Report Writing, Arabic/French Bilingual, Project Management",0,3
Team Leader,Rodrigues EURL,General Management,Senior,2025-04-21,2025-06-25,Fisheries,In Salah,Ingénieur d'État,Stage,5,"Tickets restaurant, Épargne entreprise, Assurance maladie",132000,"Project Management, Arabic/French Bilingual, Report Writing, Team Leadership, Microsoft Office",2,11
Department Director,Maurice Hoareau et Fils SPA,Clinical Operations,Senior,2025-03-28,2025-06-10,Healthcare,Jijel,Doctorat,CDD,14,"Formation continue, Assurance maladie, Télétravail partiel",134000,"Team Leadership, Project Management, Microsoft Office, Report Writing, Arabic/French Bilingual",3,5
Logistics Coordinator,Algérie Télécom,Operations,Mid,2025-04-22,2025-06-24,Transport & Logistics,Biskra,Doctorat,CDD,7,"Assurance maladie, Crèche d'entreprise, Formation continue",142000,"Arabic/French Bilingual, Team Leadership, Microsoft Office, Project Management, Report Writing",5,13
Network Engineer,Djezzy,Cloud Infrastructure,Chief,2025-04-21,2025-05-31,Information Technology,Annaba,Ingénieur d'État,CDD,13,"Crèche d'entreprise, Télétravail partiel, Assurance maladie",45000,"Microsoft Office, Report Writing, Team Leadership, Arabic/French Bilingual, Project Management",0,11
General Director,Sauvage SARL,Investment Management,Senior,2025-04-21,2025-06-22,Banking & Finance,Tébessa,Licence,Alternance,3,"Assurance maladie, Voiture de fonction, Épargne entreprise",134000,"Arabic/French Bilingual, Report Writing, Microsoft Office, Project Management, Team Leadership",0,7
HSE Manager,Batimétal,"HSE (Health, Safety, Environment)",Junior,2025-04-04,2025-06-11,Energy & Petroleum,Laghouat,Licence,CDD,11,"Voiture de fonction, Prime de performance, Assurance maladie",138000,"Project Management, Arabic/French Bilingual, Team Leadership, Report Writing, Microsoft Office",0,11
Facilities Manager,Schmitt SARL EURL,Operations,Lead,2025-04-20,2025-06-23,Renewable Energy,Constantine,Bac,CDI,15,"Formation continue, Crèche d'entreprise, Prime de performance",85000,"Report Writing, Project Management, Team Leadership, Arabic/French Bilingual, Microsoft Office",1,11
Department Director,Delmas et Fils EURL,General Management,Junior,2025-04-21,2025-05-30,Tourism & Hospitality,Tébessa,Licence,Alternance,2,"Assurance maladie, Télétravail partiel, Crèche d'entreprise",103000,"Project Management, Team Leadership, Report Writing, Arabic/French Bilingual, Microsoft Office",1,4
Operations Manager,Maurice EURL,Operations,Senior,2025-03-30,2025-06-23,Aerospace & Defense,Constantine,Ingénieur d'État,Alternance,8,"Tickets restaurant, Assurance maladie, Voiture de fonction",130000,"Team Leadership, Microsoft Office, Arabic/French Bilingual, Report Writing, Project Management",4,12
Logistics Coordinator,Ruiz SARL,Operations,Lead,2025-04-21,2025-06-14,Mining,Skikda,Ingénieur d'État,CDD,2,"Formation continue, Assurance maladie, Télétravail partiel",73000,"Team Leadership, Report Writing, Microsoft Office, Arabic/French Bilingual, Project Management",1,14
Production Supervisor,Guérin Dumas S.A. SPA,Operations,Junior,2025-03-29,2025-06-27,Pharmaceuticals,M'sila,Doctorat,Stage,1,"Prime de performance, Formation continue, Tickets restaurant",105000,"Microsoft Office, Project Management, Team Leadership, Report Writing, Arabic/French Bilingual",3,14
Department Director,Mendès EURL,International Relations,Lead,2025-04-01,2025-05-28,Education,Jijel,Ingénieur d'État,Stage,4,"Voiture de fonction, Télétravail partiel, Assurance maladie",58000,"Project Management, Team Leadership, Report Writing, Arabic/French Bilingual, Microsoft Office",0,14
Reservoir Engineer,Lefèvre Couturier S.A.R.L. EURL,Exploration & Production,Mid,2025-04-17,2025-07-14,Energy & Petroleum,Illizi,Master,CDI,2,"Formation continue, Épargne entreprise, Télétravail partiel",78000,"Drilling Optimization, Well Logging, Reservoir Simulation, Petrel Software, HYSYS, Geological Modeling, Enhanced Oil Recovery",2,13
Infrastructure Manager,Manadjim El Djazaïr,Cloud Infrastructure,Lead,2025-04-15,2025-05-26,Information Technology,Naama,Bac,Freelance,8,"Assurance maladie, Crèche d'entreprise, Voiture de fonction",56000,"Microsoft Office, Team Leadership, Arabic/French Bilingual, Report Writing, Project Management",5,8
Logistics Coordinator,CEVITAL,Operations,Chief,2025-04-06,2025-06-27,Retail,Constantine,Bac,CDI,11,"Épargne entreprise, Voiture de fonction, Formation continue",139000,"Team Leadership, Project Management, Report Writing, Arabic/French Bilingual, Microsoft Office",1,15
Project Manager,Maillard S.A. SPA,General Management,Senior,2025-04-18,2025-06-30,Media & Entertainment,Laghouat,Doctorat,CDD,15,"Tickets restaurant, Crèche d'entreprise, Télétravail partiel",78000,"Arabic/French Bilingual, Microsoft Office, Project Management, Report Writing, Team Leadership",4,13
Team Leader,Boutin S.A. SARL,International Relations,Mid,2025-04-15,2025-07-05,Education,Tébessa,Licence,Freelance,5,"Télétravail partiel, Crèche d'entreprise, Assurance maladie",134000,"Project Management, Microsoft Office, Arabic/French Bilingual, Report Writing, Team Leadership",5,9
Operations Manager,Sonatrach,Retail Banking,Senior,2025-04-14,2025-06-18,Banking & Finance,Tindouf,Master,CDD,7,"Formation continue, Crèche d'entreprise, Télétravail partiel",37000,"Report Writing, Team Leadership, Microsoft Office, Arabic/French Bilingual, Project Management",3,15
Logistics Coordinator,Rodrigues EURL,Operations,Mid,2025-04-09,2025-06-14,Construction,Ghardaïa,Ingénieur d'État,Stage,5,"Épargne entreprise, Assurance maladie, Voiture de fonction",81000,"Report Writing, Arabic/French Bilingual, Team Leadership, Project Management, Microsoft Office",2,6
Project Manager,Leclercq SPA,General Management,Chief,2025-04-08,2025-06-04,Media & Entertainment,Batna,Ingénieur d'État,Alternance,14,"Tickets restaurant, Formation continue, Prime de performance",34000,"Microsoft Office, Team Leadership, Project Management, Report Writing, Arabic/French Bilingual",4,3
Logistics Coordinator,Manadjim El Djazaïr,Operations,Mid,2025-04-16,2025-07-14,Transport & Logistics,Laghouat,Ingénieur d'État,Freelance,8,"Prime de performance, Assurance maladie, Tickets restaurant",37000,"Arabic/French Bilingual, Project Management, Report Writing, Team Leadership, Microsoft Office",4,10
Facilities Manager,Boulanger S.A. SPA,Operations,Chief,2025-03-29,2025-06-26,Retail,Tiaret,Doctorat,Alternance,10,"Assurance maladie, Voiture de fonction, Crèche d'entreprise",126000,"Project Management, Team Leadership, Arabic/French Bilingual, Report Writing, Microsoft Office",1,8
Administrative Manager,Air Algérie,General Management,Chief,2025-04-02,2025-06-09,Public Sector,Tamanrasset,Ingénieur d'État,Alternance,13,"Épargne entreprise, Crèche d'entreprise, Formation continue",128000,"Microsoft Office, Project Management, Team Leadership, Report Writing, Arabic/French Bilingual",2,6
Administrative Manager,Loiseau et Fils EURL,Medical Equipment Maintenance,Lead,2025-04-04,2025-06-30,Healthcare,Ouargla,Doctorat,Freelance,9,"Crèche d'entreprise, Épargne entreprise, Assurance maladie",77000,"Team Leadership, Project Management, Arabic/French Bilingual, Report Writing, Microsoft Office",5,6
Facilities Manager,Pichon Maury S.A.S. SPA,Operations,Mid,2025-04-04,2025-06-20,Construction,Béjaïa,Doctorat,CDI,1,"Télétravail partiel, Prime de performance, Formation continue",147000,"Report Writing, Microsoft Office, Arabic/French Bilingual, Team Leadership, Project Management",0,9
Production Supervisor,Sonalgaz,Operations,Lead,2025-03-26,2025-05-29,Construction,M'sila,Doctorat,Alternance,4,"Prime de performance, Assurance maladie, Tickets restaurant",120000,"Microsoft Office, Project Management, Report Writing, Team Leadership, Arabic/French Bilingual",1,3
Supply Chain Manager,Lucas SPA,Operations,Lead,2025-03-26,2025-06-21,Transport & Logistics,M'sila,Ingénieur d'État,CDI,1,"Prime de performance, Formation continue, Tickets restaurant",117000,"Microsoft Office, Arabic/French Bilingual, Team Leadership, Project Management, Report Writing",1,3
Department Director,Schmitt SARL EURL,General Management,Lead,2025-04-07,2025-06-29,Construction,Batna,Master,Alternance,14,"Tickets restaurant, Épargne entreprise, Prime de performance",26000,"Report Writing, Project Management, Team Leadership, Microsoft Office, Arabic/French Bilingual",2,4
Facilities Manager,BNA,Operations,Senior,2025-04-09,2025-06-30,Fisheries,Mostaganem,Bac,Freelance,5,"Crèche d'entreprise, Prime de performance, Télétravail partiel",82000,"Microsoft Office, Report Writing, Arabic/French Bilingual, Team Leadership, Project Management",3,3
Administrative Manager,Marchal S.A.S. SPA,General Management,Mid,2025-04-18,2025-06-16,Manufacturing,Batna,Licence,Freelance,15,"Crèche d'entreprise, Voiture de fonction, Prime de performance",51000,"Team Leadership, Project Management, Microsoft Office, Report Writing, Arabic/French Bilingual",0,7
Team Leader,Bigot Henry SARL EURL,General Management,Chief,2025-04-13,2025-07-05,Fisheries,Biskra,Ingénieur d'État,CDD,1,"Formation continue, Voiture de fonction, Épargne entreprise",70000,"Microsoft Office, Report Writing, Team Leadership, Project Management, Arabic/French Bilingual",5,7
Production Supervisor,Maurice Hoareau et Fils SPA,Operations,Junior,2025-04-15,2025-06-09,Construction,Batna,Bac,CDI,2,"Tickets restaurant, Télétravail partiel, Formation continue",115000,"Team Leadership, Microsoft Office, Project Management, Arabic/French Bilingual, Report Writing",4,4
Project Manager,Marchal S.A.S. SPA,FinTech Innovation,Mid,2025-04-02,2025-06-28,Banking & Finance,El Oued,Master,CDD,3,"Formation continue, Tickets restaurant, Épargne entreprise",83000,"Microsoft Office, Arabic/French Bilingual, Project Management, Report Writing, Team Leadership",3,3
Team Leader,SNVI,Sustainable Farming,Senior,2025-04-13,2025-05-28,Agriculture,Tébessa,Bac,CDD,8,"Épargne entreprise, Assurance maladie, Tickets restaurant",125000,"Precision Agriculture, Soil Health Management, Organic Certification, Water Conservation, Permaculture Design, Agroecology",4,7
Supply Chain Manager,Naftal,Operations,Junior,2025-04-03,2025-06-29,Transport & Logistics,Saïda,Licence,CDD,9,"Tickets restaurant, Prime de performance, Voiture de fonction",106000,"Microsoft Office, Report Writing, Project Management, Arabic/French Bilingual, Team Leadership",5,3
