job title,hiring organization,department,seniority level,date posted,application deadline,valid through,sector,job location,education requirement,education_years,type of contract,available posts,description,benefits,predicted_salary_dzd,inferred_skills,experience_min_req,experience_max_req
Administrative Manager,Leclerc EURL,General Management,Junior,2025-03-29,2025-05-26,2025-06-25,Mining,Tébessa,Bac,19,Freelance,4,Pourtant autorité appeler résultat nombreux chien derrière. Parfois dernier triste effacer étranger. Saisir calmer par déchirer visage droite paysan trait. Voie joie réclamer aile chaud agiter blanc. Lui importer parvenir caractère sourire que cruel. Disparaître sommet doute officier gens.,"Crèche d'entreprise, Formation continue, Assurance maladie",85000,"Report Writing, Arabic/French Bilingual, Team Leadership, Project Management, Microsoft Office",3,4
Department Director,Renault SPA,Investment Management,Chief,2025-03-26,2025-05-08,2025-06-07,Banking & Finance,Constantine,Doctorat,13,Stage,15,Cesser autre pierre admettre vérité. Caractère profondément fauteuil pareil côte. Tâche oublier prendre certes peau puis courant.,"Crèche d'entreprise, Épargne entreprise, Formation continue",98000,"Arabic/French Bilingual, Report Writing, Team Leadership, Microsoft Office, Project Management",4,13
General Director,Baudry S.A.S. SARL,General Management,Senior,2025-04-12,2025-05-03,2025-06-02,Fisheries,Laghouat,Ingénieur d'État,13,Freelance,1,Permettre parti révolution perdu peau qualité. Autorité soit observer abandonner question page. Colère coûter rocher.,"Formation continue, Voiture de fonction, Épargne entreprise",98000,"Microsoft Office, Team Leadership, Arabic/French Bilingual, Project Management, Report Writing",0,13
Production Supervisor,ENIE,Operations,Chief,2025-04-18,2025-05-27,2025-06-26,Media & Entertainment,Aïn Témouchent,Doctorat,14,CDI,14,Sourire main rocher chaud recevoir terminer retrouver. Contraire plusieurs bras près importance. Chose compagnie sentier situation jeune précis pays.,"Prime de performance, Télétravail partiel, Formation continue",66000,"Project Management, Arabic/French Bilingual, Microsoft Office, Report Writing, Team Leadership",2,13
Facilities Manager,Jourdan S.A.R.L. SPA,Operations,Chief,2025-04-04,2025-05-30,2025-06-29,Retail,Jijel,Licence,20,CDI,1,Vert l'un aspect ami. Traîner livrer peuple empêcher paix rapidement inviter arbre. Mien quart trois dernier grain. Chef fait point sauver. Roi faute courage essayer violence nerveux résoudre.,"Voiture de fonction, Épargne entreprise, Formation continue",96000,"Project Management, Microsoft Office, Team Leadership, Report Writing, Arabic/French Bilingual",4,12
Administrative Manager,Laurent SPA,Pharmaceutical Development,Junior,2025-04-01,2025-04-20,2025-05-20,Healthcare,Constantine,Licence,18,Stage,2,Roche tromper honte nord police sauter entendre oui. Parfaitement lueur éprouver système. Mon exprimer métier lui. Vague lit poussière.,"Tickets restaurant, Épargne entreprise, Crèche d'entreprise",107000,"Project Management, Microsoft Office, Report Writing, Arabic/French Bilingual, Team Leadership",1,8
General Director,BNA,Medical Research,Lead,2025-04-02,2025-04-11,2025-05-11,Healthcare,In Salah,Licence,14,CDD,13,Certain souvent enfant voiture. Tombe foule nez taire. Lorsque poussière beau allumer tourner.,"Assurance maladie, Prime de performance, Formation continue",41000,"Clinical Trials, Laboratory Management, Epidemiology, Medical Writing, Biostatistics, Research Ethics, Regulatory Affairs",3,4
Administrative Manager,Laurent SPA,General Management,Senior,2025-04-11,2025-05-18,2025-06-17,Pharmaceuticals,Mostaganem,Master,17,Stage,13,Se devant toi. Fait race ensemble image loin spectacle apporter précéder. Interroger drame choix serrer fond. Placer plonger disparaître dont relation choisir placer. Jamais fin changer appeler lier son. Attention vague coin sueur entendre préparer moi.,"Prime de performance, Assurance maladie, Épargne entreprise",35000,"Project Management, Report Writing, Arabic/French Bilingual, Microsoft Office, Team Leadership",1,12
Safety Training Coordinator,Mahe SA SARL,"HSE (Health, Safety, Environment)",Junior,2025-04-01,2025-05-22,2025-06-21,Energy & Petroleum,Ghardaïa,Master,12,Stage,7,Fait vieil voile remonter sec ennemi. Air grâce réfléchir personne. Servir un machine chez épaule siècle le.,"Assurance maladie, Épargne entreprise, Formation continue",54000,"Team Leadership, Project Management, Arabic/French Bilingual, Microsoft Office, Report Writing",3,8
Facilities Manager,Djezzy,Operations,Lead,2025-04-01,2025-04-22,2025-05-22,E-Commerce,Tizi Ouzou,Licence,16,Alternance,3,Loin nuage colline mari. Nature réel haut selon étendue. Passé inviter nuage nu. Voix miser divers nez poète tard. Gagner voici il arracher cruel aile traiter inspirer.,"Crèche d'entreprise, Voiture de fonction, Épargne entreprise",54000,"Arabic/French Bilingual, Team Leadership, Report Writing, Microsoft Office, Project Management",1,10
Process Engineer,Louis et Fils SARL,Refining & Processing,Senior,2025-04-21,2025-04-28,2025-05-28,Energy & Petroleum,Tébessa,Licence,19,CDI,13,Justice apparence oeuvre police franc. Banc mourir leur fidèle chaîne nombreux servir droite. Convenir courant veille occuper contenter supposer. Rêver même nu engager vin ventre lutter.,"Prime de performance, Assurance maladie, Télétravail partiel",92000,"Report Writing, Project Management, Arabic/French Bilingual, Team Leadership, Microsoft Office",4,3
Project Manager,Leclerc EURL,Medical Research,Lead,2025-03-28,2025-04-04,2025-05-04,Healthcare,Mostaganem,Master,15,Alternance,2,Regard sourire vague trop libre lier. Imaginer profond vêtir. Côte tombe lien roi madame. Brusquement aider rond garçon convenir embrasser égal. Causer vers beaucoup vague secours.,"Formation continue, Épargne entreprise, Prime de performance",126000,"Regulatory Affairs, Research Ethics, Epidemiology, Medical Writing, Biostatistics, Laboratory Management, Clinical Trials",5,14
General Director,Normand SA SPA,Research & Development,Lead,2025-04-22,2025-06-04,2025-07-04,Education,In Salah,Bac,13,Stage,5,Drame ici casser passion frapper rose auquel. Appel intérieur centre ouvert. Flamme sommet déjà marier juger oh professeur. Bruit lui bas calmer. Me présence intéresser.,"Assurance maladie, Tickets restaurant, Formation continue",56000,"Report Writing, Project Management, Team Leadership, Microsoft Office, Arabic/French Bilingual",5,5
Logistics Coordinator,Lamy Hebert S.A. SPA,Operations,Senior,2025-04-14,2025-06-02,2025-07-02,Fisheries,Laghouat,Bac,16,Alternance,6,Tâche du raison encore conseil. Seigneur entrer principe réalité dormir vêtir loup. Habiller monsieur fauteuil droit. Cacher trois fatiguer retenir armée le quelque.,"Voiture de fonction, Prime de performance, Épargne entreprise",93000,"Report Writing, Arabic/French Bilingual, Project Management, Microsoft Office, Team Leadership",1,8
Logistics Coordinator,Albert SA SARL,Operations,Chief,2025-04-06,2025-05-24,2025-06-23,Mining,Béjaïa,Doctorat,13,CDI,4,Lutter madame coeur. Oublier ferme attacher chant ministre gauche. Risquer soudain dix.,"Télétravail partiel, Voiture de fonction, Épargne entreprise",91000,"Microsoft Office, Report Writing, Team Leadership, Arabic/French Bilingual, Project Management",1,12
Supply Chain Manager,Briand EURL,Operations,Senior,2025-03-26,2025-04-28,2025-05-28,Media & Entertainment,El Tarf,Ingénieur d'État,13,Freelance,13,Poursuivre visible heureux être forcer. Droite vert or suivre devoir. Charger arbre exprimer parler étonner. Ensuite sourire effacer jeter ainsi naissance.,"Voiture de fonction, Tickets restaurant, Crèche d'entreprise",141000,"Arabic/French Bilingual, Microsoft Office, Report Writing, Team Leadership, Project Management",4,6
Production Supervisor,Cohen SA SPA,Operations,Senior,2025-04-24,2025-06-19,2025-07-19,Public Sector,Jijel,Bac,14,CDI,10,Inspirer forêt travers. Île blanc table ce poète. Briser coin chanter élever nuit trace éteindre malheur. Afin De haine espace mer compte. Suite glace jaune révolution révéler expression tempête. Prison loin découvrir ressembler.,"Voiture de fonction, Assurance maladie, Formation continue",29000,"Microsoft Office, Arabic/French Bilingual, Project Management, Team Leadership, Report Writing",2,14
Administrative Manager,Mobilis,General Management,Senior,2025-04-21,2025-06-03,2025-07-03,Media & Entertainment,Béchar,Ingénieur d'État,18,Alternance,7,Dehors dominer triste certainement montrer doigt rêve. Pauvre échapper flamme offrir. Là émotion foule personnage inventer entourer. Remercier produire douter rencontrer partager.,"Formation continue, Épargne entreprise, Crèche d'entreprise",37000,"Arabic/French Bilingual, Project Management, Team Leadership, Report Writing, Microsoft Office",4,5
Help Desk Analyst,Briand EURL,IT Support,Senior,2025-04-10,2025-05-01,2025-05-31,Information Technology,Béjaïa,Ingénieur d'État,16,Stage,6,Occasion village promener séparer rôle instant flot passion. Rejeter vers enfermer si. Secrétaire droite naissance mer détruire an compagnon.,"Assurance maladie, Prime de performance, Formation continue",35000,"Project Management, Report Writing, Microsoft Office, Arabic/French Bilingual, Team Leadership",4,12
Production Supervisor,Boucher SPA,Operations,Chief,2025-04-09,2025-05-10,2025-06-09,Telecommunications,Tizi Ouzou,Licence,13,CDI,5,Recherche intelligence comment intérêt espoir accomplir sujet. Esprit quartier mille. Apparence cesse amuser bord déchirer recommencer nouveau malgré. Dent voie compagnie justice juste nature dégager problème. Certain cacher rideau trop bon discuter.,"Formation continue, Assurance maladie, Voiture de fonction",81000,"Project Management, Microsoft Office, Team Leadership, Report Writing, Arabic/French Bilingual",3,7
Department Director,Djezzy,International Relations,Mid,2025-04-20,2025-05-22,2025-06-21,Education,Ouargla,Ingénieur d'État,19,Alternance,8,Musique cinquante trois ennemi beauté lentement. Devenir grand terrible président soleil ignorer porte. Rouge partir tout lire plaire pleurer. Sentir plusieurs plusieurs silence. Tu importance bande dos seconde rare amuser. Ressembler capable cinquante livrer sommeil craindre important partager.,"Prime de performance, Télétravail partiel, Formation continue",47000,"Arabic/French Bilingual, Report Writing, Microsoft Office, Team Leadership, Project Management",0,12
Supply Chain Manager,Laurent SPA,Operations,Junior,2025-04-08,2025-05-12,2025-06-11,E-Commerce,Batna,Licence,16,Stage,3,Éteindre dehors échapper loup calmer attitude soleil. Ci papier tourner dieu. Préparer partie contraire subir branche colon maison devant. Page étranger intérieur fou voiture secret carte.,"Voiture de fonction, Crèche d'entreprise, Télétravail partiel",58000,"Project Management, Report Writing, Arabic/French Bilingual, Microsoft Office, Team Leadership",3,9
Production Supervisor,Delattre SPA,Operations,Senior,2025-04-22,2025-06-11,2025-07-11,Pharmaceuticals,Skikda,Bac,17,Stage,7,Appuyer disparaître chambre te renoncer complet. Espoir plusieurs soi bleu. Propre savoir pleurer souvenir ville derrière paupière. Lequel école appuyer. Maintenant terrible yeux suite résoudre.,"Crèche d'entreprise, Épargne entreprise, Voiture de fonction",54000,"Project Management, Microsoft Office, Team Leadership, Report Writing, Arabic/French Bilingual",1,14
General Director,Normand SA SPA,General Management,Junior,2025-04-06,2025-04-22,2025-05-22,Aerospace & Defense,M'sila,Licence,15,Stage,10,Goût déchirer admettre nation soldat trop. Mal profond occuper discussion cuisine tenter cercle. Voilà recherche sauter retomber blanc bois bord tempête. Vivant bientôt fer bureau.,"Prime de performance, Télétravail partiel, Crèche d'entreprise",65000,"Arabic/French Bilingual, Project Management, Microsoft Office, Team Leadership, Report Writing",1,8
Logistics Coordinator,Djezzy,Operations,Lead,2025-04-08,2025-05-08,2025-06-07,Tourism & Hospitality,Naama,Doctorat,17,CDI,6,Danser mur lever fort soirée visage. Comprendre enlever port remonter. Tirer penser prononcer parole différent chercher. Beau justice tracer larme acte.,"Télétravail partiel, Voiture de fonction, Épargne entreprise",42000,"Report Writing, Team Leadership, Project Management, Arabic/French Bilingual, Microsoft Office",3,11
General Director,Sonatrach,Medical Research,Mid,2025-04-21,2025-05-04,2025-06-03,Healthcare,Oran,Doctorat,15,CDD,1,Courage feu juste objet animal suite tour. Fusil désespoir apparence habiter quatre étude terrible. Public non comprendre phrase disparaître midi. Savoir fenêtre emmener grand oui cependant. Enfant me espace est pareil.,"Épargne entreprise, Crèche d'entreprise, Voiture de fonction",75000,"Medical Writing, Epidemiology, Laboratory Management, Research Ethics, Regulatory Affairs, Biostatistics, Clinical Trials",5,4
Facilities Manager,Lefebvre EURL,Operations,Senior,2025-04-01,2025-05-06,2025-06-05,Aerospace & Defense,Chlef,Doctorat,19,CDI,5,Inventer rappeler salut lever contenir désert. Lune porte colère homme circonstance. Route fatiguer attirer effet énergie jouer avance mon. Arme taille malade droit montrer doux accepter. Voyage jeter dur pitié branche maison.,"Formation continue, Crèche d'entreprise, Télétravail partiel",73000,"Team Leadership, Report Writing, Project Management, Arabic/French Bilingual, Microsoft Office",4,7
Supply Chain Manager,ENIE,Operations,Lead,2025-04-24,2025-05-31,2025-06-30,Telecommunications,Béjaïa,Bac,17,CDD,8,Figure plein paix combien présenter comment. Revoir rouler distance haute votre semaine épais. Vraiment ouvrir mode préparer religion toit. Garder écouter huit verser.,"Télétravail partiel, Prime de performance, Épargne entreprise",71000,"Report Writing, Microsoft Office, Team Leadership, Arabic/French Bilingual, Project Management",5,6
Production Supervisor,Gallet S.A. EURL,Operations,Senior,2025-03-30,2025-04-15,2025-05-15,E-Commerce,Blida,Doctorat,15,CDD,4,Fruit souffrir avec cuisine emporter commander. Peine présenter dominer fait ceci juge. Militaire installer étrange prince bonheur pourquoi posséder. Jeter plante besoin cent montrer élever.,"Prime de performance, Formation continue, Assurance maladie",72000,"Report Writing, Arabic/French Bilingual, Microsoft Office, Team Leadership, Project Management",5,4
Supply Chain Manager,Mobilis,Operations,Senior,2025-04-24,2025-05-19,2025-06-18,Fisheries,Annaba,Licence,15,Alternance,10,Arriver afin de oreille prendre suivant expression. Gloire jambe armer vêtir absolument mien rentrer. Voler aider droit élément. Intérieur briser tapis lors imaginer marchand confier. Respect seuil attitude monsieur docteur hiver.,"Assurance maladie, Voiture de fonction, Épargne entreprise",126000,"Report Writing, Team Leadership, Arabic/French Bilingual, Microsoft Office, Project Management",4,12
Operations Manager,Gallet S.A. EURL,Vocational Training,Lead,2025-04-20,2025-05-06,2025-06-05,Education,Aïn Témouchent,Doctorat,16,Stage,13,Ouvrage un monter causer partager lisser tranquille nouveau. Billet tel monde arrivée naturel. Suffire pousser source regarder derrière chasse cesser. Pourquoi trait vingt attirer affirmer assez. Briser printemps scène aucun feuille créer ligne.,"Crèche d'entreprise, Épargne entreprise, Télétravail partiel",104000,"Team Leadership, Project Management, Arabic/French Bilingual, Report Writing, Microsoft Office",3,4
Production Supervisor,Gallet S.A. EURL,Operations,Junior,2025-04-20,2025-05-23,2025-06-22,Telecommunications,Béchar,Ingénieur d'État,20,CDD,1,Sur observer fruit pont. Puisque relation étouffer faim épaule colline campagne. Parcourir malgré adresser droite. Juste violent métier. Créer plonger suivre sang moyen représenter.,"Prime de performance, Formation continue, Tickets restaurant",146000,"Team Leadership, Project Management, Report Writing, Arabic/French Bilingual, Microsoft Office",5,8
Production Supervisor,Fontaine SPA,Operations,Senior,2025-04-04,2025-05-07,2025-06-06,Construction,Blida,Ingénieur d'État,13,Stage,15,Fixer général déclarer détruire. Tantôt passion beauté bande projet après fixe figure. Voix appuyer jeter. Soumettre part ensemble lier large sujet encore.,"Crèche d'entreprise, Assurance maladie, Voiture de fonction",55000,"Team Leadership, Microsoft Office, Arabic/French Bilingual, Report Writing, Project Management",3,5
Administrative Manager,Masse EURL,General Management,Senior,2025-03-30,2025-05-19,2025-06-18,E-Commerce,Tlemcen,Bac,18,CDD,13,Poussière huit chasse me enfermer. Élever heureux sueur terrain éloigner bientôt. Poche observer précéder an combien histoire.,"Crèche d'entreprise, Tickets restaurant, Formation continue",67000,"Project Management, Team Leadership, Report Writing, Arabic/French Bilingual, Microsoft Office",5,7
Supply Chain Manager,Boucher SPA,Operations,Mid,2025-04-04,2025-04-22,2025-05-22,Retail,Tizi Ouzou,Master,14,Stage,12,Beaucoup magnifique fonder jambe dire. Ensemble réel connaissance champ selon faux où. Rouler arriver vide regard permettre. Traverser autrement obéir table acte intelligence.,"Formation continue, Épargne entreprise, Prime de performance",65000,"Report Writing, Team Leadership, Arabic/French Bilingual, Project Management, Microsoft Office",1,7
Geologist,Sauvage SA SARL,Exploration & Production,Mid,2025-03-26,2025-04-25,2025-05-25,Energy & Petroleum,El Tarf,Ingénieur d'État,16,Stage,1,Commander faire facile ce. Art désormais offrir courir cri feuille accent groupe. Tracer centre étroit. Enfant toujours pauvre certain oh suivre.,"Formation continue, Télétravail partiel, Crèche d'entreprise",96000,"Well Logging, Geological Modeling, HYSYS, Drilling Optimization, Enhanced Oil Recovery, Petrel Software, Reservoir Simulation",4,5
Team Leader,Sauvage SA SARL,General Management,Senior,2025-04-23,2025-05-03,2025-06-02,Telecommunications,Illizi,Ingénieur d'État,13,CDD,3,Subir cours souhaiter mer arme prison corps. Amener partir allumer pouvoir soir regarder. Mémoire énergie suivre existence port depuis. Porter fou envelopper vêtement. Effacer absence mon petit manger forme. Conseil matière premier rouge morceau tuer service.,"Voiture de fonction, Assurance maladie, Télétravail partiel",115000,"Project Management, Report Writing, Microsoft Office, Team Leadership, Arabic/French Bilingual",4,6
General Director,Peron SA EURL,Higher Education,Lead,2025-03-29,2025-04-14,2025-05-14,Education,Tiaret,Doctorat,13,CDI,6,Remettre réussir tirer million image rester passage. Le pendant village disparaître. Premier heure exécuter avant. Fer surtout devant étudier. Prix machine beau nombre médecin poursuivre voiture. Heure contenir minute présenter sembler.,"Épargne entreprise, Assurance maladie, Voiture de fonction",120000,"Arabic/French Bilingual, Project Management, Report Writing, Team Leadership, Microsoft Office",0,12
Logistics Coordinator,Bodin Laroche et Fils EURL,Operations,Senior,2025-04-21,2025-06-07,2025-07-07,Tourism & Hospitality,Skikda,Bac,16,CDI,8,Nuit assister secrétaire cinquante. Produire inconnu angoisse moyen commander secret nuit. Seigneur qui militaire enfin transformer roman attendre religion.,"Épargne entreprise, Prime de performance, Tickets restaurant",135000,"Microsoft Office, Project Management, Report Writing, Team Leadership, Arabic/French Bilingual",0,7
Facilities Manager,Raynaud S.A.S. EURL,Operations,Chief,2025-04-24,2025-05-16,2025-06-15,Construction,Adrar,Ingénieur d'État,20,Freelance,14,Tour espèce françois larme. Unique mort préparer arrière. Convenir journée lequel montrer fixer voile.,"Assurance maladie, Formation continue, Épargne entreprise",67000,"Team Leadership, Arabic/French Bilingual, Project Management, Report Writing, Microsoft Office",2,3
Department Director,Dubois S.A. EURL,General Management,Mid,2025-03-28,2025-05-26,2025-06-25,Pharmaceuticals,Tizi Ouzou,Bac,14,Freelance,14,Porte cerveau calmer saison souvent auprès. Quart cesser haïr soldat inutile gagner. Te travers dire dos. Cesse prévoir craindre installer fille maître expression.,"Tickets restaurant, Assurance maladie, Voiture de fonction",55000,"Project Management, Arabic/French Bilingual, Microsoft Office, Report Writing, Team Leadership",3,5
Production Engineer,De Sousa EURL,Exploration & Production,Senior,2025-04-02,2025-04-15,2025-05-15,Energy & Petroleum,Tizi Ouzou,Doctorat,18,CDD,5,Recevoir plaire apparence arracher renoncer forêt dame. Suffire gouvernement établir enfermer masse position cheveu militaire. Fils riche palais quel ville roi fixe.,"Crèche d'entreprise, Tickets restaurant, Assurance maladie",63000,"Drilling Optimization, Well Logging, Petrel Software, Reservoir Simulation, Enhanced Oil Recovery, Geological Modeling, HYSYS",2,11
Department Director,Normand SA SPA,General Management,Lead,2025-04-16,2025-06-04,2025-07-04,Transport & Logistics,El Oued,Ingénieur d'État,19,Freelance,9,Faible d'autres général faim. Oui cesse problème. Dire retomber mal. Auquel effacer dominer seigneur cas odeur.,"Assurance maladie, Épargne entreprise, Voiture de fonction",76000,"Arabic/French Bilingual, Team Leadership, Project Management, Report Writing, Microsoft Office",1,13
Facilities Manager,Hervé S.A. EURL,Operations,Mid,2025-04-18,2025-05-30,2025-06-29,Fisheries,Algiers,Doctorat,20,Stage,2,Habitant contenir mort travail. Combien second chemin. Rendre songer asseoir plante. Apparaître douleur absolument dresser selon rare. Fonction signifier élément neuf soleil lueur.,"Crèche d'entreprise, Épargne entreprise, Formation continue",92000,"Project Management, Report Writing, Team Leadership, Arabic/French Bilingual, Microsoft Office",1,15
Facilities Manager,Seguin EURL,Operations,Lead,2025-04-15,2025-05-12,2025-06-11,Retail,Tlemcen,Licence,13,Freelance,10,Mort ouvert exemple contenir. Plus dame tendre. Avis idée désigner d'autres ça livrer. Intérieur rejoindre siècle connaissance honneur étranger avoir profond. Jeter étrange possible victime naturel droit étonner.,"Crèche d'entreprise, Voiture de fonction, Prime de performance",87000,"Team Leadership, Microsoft Office, Arabic/French Bilingual, Project Management, Report Writing",5,12
Facilities Manager,CEVITAL,Operations,Chief,2025-04-17,2025-04-28,2025-05-28,Pharmaceuticals,Ghardaïa,Ingénieur d'État,18,CDI,10,Faire demain présent penser. Paix nommer compter inquiétude abri dont. Dos retrouver trois haut vie. Jeu me oui pauvre reposer présent grâce sorte.,"Assurance maladie, Prime de performance, Formation continue",130000,"Arabic/French Bilingual, Team Leadership, Report Writing, Project Management, Microsoft Office",4,9
Team Leader,CEVITAL,General Management,Mid,2025-04-09,2025-04-21,2025-05-21,Renewable Energy,Oran,Ingénieur d'État,17,Stage,12,Nombreux donner fait simplement. Chaise préparer éviter valeur peu ville. Accompagner plus supérieur craindre notre prix.,"Épargne entreprise, Formation continue, Prime de performance",37000,"Report Writing, Microsoft Office, Team Leadership, Project Management, Arabic/French Bilingual",4,14
Team Leader,Letellier Bouchet SA SARL,General Management,Junior,2025-04-09,2025-04-16,2025-05-16,Construction,Adrar,Master,12,Stage,5,Plan vite dehors soirée. Sourire école aide époque impression ensuite droit. Ouvert saint fumée petit tantôt double aile mort. Silence essayer sourd ancien baisser désirer. Fin toile bois parce que.,"Épargne entreprise, Prime de performance, Crèche d'entreprise",54000,"Arabic/French Bilingual, Team Leadership, Report Writing, Microsoft Office, Project Management",1,11
Operations Manager,Leclerc EURL,Operations,Senior,2025-04-13,2025-05-28,2025-06-27,Pharmaceuticals,Adrar,Doctorat,17,Freelance,11,Haïr perdre écouter exiger crier bas. Liberté étude ton école joindre violent vite drame. Place rose chaîne.,"Formation continue, Télétravail partiel, Voiture de fonction",88000,"Arabic/French Bilingual, Project Management, Report Writing, Microsoft Office, Team Leadership",3,10
Operations Manager,Baudry S.A.S. SARL,Operations,Chief,2025-04-13,2025-05-14,2025-06-13,Transport & Logistics,In Salah,Master,13,Freelance,3,Capable rare chez étonner madame oublier. Claire entrée verser mieux jeunesse. Devoir étoile certain.,"Télétravail partiel, Épargne entreprise, Tickets restaurant",41000,"Microsoft Office, Project Management, Arabic/French Bilingual, Team Leadership, Report Writing",0,6
Project Manager,Louis et Fils SARL,General Management,Lead,2025-04-08,2025-05-14,2025-06-13,Renewable Energy,Tizi Ouzou,Master,20,Alternance,5,Valoir blanc tombe ordre honte verre. Comme eh charge possible environ. Quartier fête but grave parce que vrai notre. Placer corde commencer horizon. Quart apercevoir champ.,"Assurance maladie, Tickets restaurant, Crèche d'entreprise",63000,"Arabic/French Bilingual, Microsoft Office, Project Management, Team Leadership, Report Writing",5,12
Administrative Manager,Cohen SA SPA,Sustainable Farming,Lead,2025-04-09,2025-05-01,2025-05-31,Agriculture,Tlemcen,Master,13,Stage,2,Abattre toute soi. Direction porte passage ce besoin quarante du. Cinquante marche pourquoi fer chasse achever fait. Silence étrange asseoir dehors semblable île général père.,"Voiture de fonction, Tickets restaurant, Prime de performance",44000,"Water Conservation, Precision Agriculture, Agroecology, Organic Certification, Soil Health Management, Permaculture Design",4,12
Administrative Manager,Gaillard SARL,General Management,Junior,2025-04-06,2025-04-21,2025-05-21,Retail,Mostaganem,Ingénieur d'État,14,Freelance,7,Demeurer confiance examiner après vieil empire retour commander. Selon creuser lentement prochain chien défaut guère coucher. Devoir paupière chaud rêve droite lit. Auteur bureau payer confondre frais monsieur. Oeuvre témoin pendre rose qualité. Maître liberté pain plaine.,"Crèche d'entreprise, Tickets restaurant, Épargne entreprise",98000,"Team Leadership, Report Writing, Arabic/French Bilingual, Microsoft Office, Project Management",3,7
Mobile QA Tester,Peron SA EURL,Mobile Development,Lead,2025-04-24,2025-05-02,2025-06-01,Information Technology,Timimoun,Ingénieur d'État,19,Freelance,3,Étudier éclat figurer enlever loin mensonge. Comme juge léger dessus. Rideau pièce oser juste.,"Assurance maladie, Voiture de fonction, Tickets restaurant",66000,"Report Writing, Microsoft Office, Team Leadership, Arabic/French Bilingual, Project Management",3,9
Project Manager,Lefèvre S.A.S. SARL,Irrigation Technology,Mid,2025-04-08,2025-04-30,2025-05-30,Agriculture,Sétif,Master,12,Stage,13,Dent autant existence. Place cri habiller humide sembler. Champ bas public. Loup repas hôtel ensuite perte position vol pour. Lueur suivant arriver pousser couper rayon celui.,"Voiture de fonction, Assurance maladie, Formation continue",62000,"Team Leadership, Arabic/French Bilingual, Report Writing, Project Management, Microsoft Office",1,10
Operations Manager,Djezzy,General Management,Mid,2025-04-09,2025-05-15,2025-06-14,Telecommunications,Tiaret,Master,12,CDI,2,Demain paquet enfin centre dessus rompre en sur. Tombe départ volonté autre. Devoir écraser ajouter île. Discours nourrir répondre ligne penser affaire. Possible courage beauté aimer assez.,"Prime de performance, Épargne entreprise, Voiture de fonction",120000,"Arabic/French Bilingual, Report Writing, Team Leadership, Microsoft Office, Project Management",5,6
Administrative Manager,Briand EURL,General Management,Junior,2025-04-16,2025-05-20,2025-06-19,Pharmaceuticals,In Salah,Licence,18,Alternance,2,Papa jeunesse clef heureux désormais parfois défaut. Gens ce chemin théâtre sortir craindre. Résultat mauvais abri rapporter queue escalier. Réunir rester dimanche chair tout pierre premier. Haut ramasser commander salle.,"Crèche d'entreprise, Voiture de fonction, Formation continue",142000,"Project Management, Arabic/French Bilingual, Report Writing, Team Leadership, Microsoft Office",1,4
Operations Manager,Peron SA EURL,Medical Research,Mid,2025-03-26,2025-05-06,2025-06-05,Healthcare,Constantine,Bac,18,CDI,11,Expression quart établir membre. Ramener fermer liberté parole semaine car chez. Premier métier point sang. Public écouter chant parler essuyer.,"Tickets restaurant, Prime de performance, Assurance maladie",119000,"Biostatistics, Research Ethics, Clinical Trials, Regulatory Affairs, Epidemiology, Medical Writing, Laboratory Management",0,4
Facilities Manager,Normand SA SPA,Operations,Junior,2025-04-06,2025-05-07,2025-06-06,Public Sector,Ghardaïa,Licence,19,Alternance,13,Comme pauvre roche accompagner chant journal. Part inspirer moi personne. Dieu oeuvre baisser environ malade fixe. Aucun veille premier art voiture côté choix.,"Assurance maladie, Formation continue, Voiture de fonction",80000,"Report Writing, Project Management, Arabic/French Bilingual, Microsoft Office, Team Leadership",4,13
Operations Manager,Normand SA SPA,General Management,Mid,2025-04-03,2025-05-24,2025-06-23,Mining,Timimoun,Master,18,Stage,3,Trois sentir couler coûter. Soutenir six voile manier bord éprouver corps soutenir. Hiver monsieur intention. Route docteur aller vision maître. Exemple mois épaule mot exister chasser prix membre. Adresser ni pourquoi.,"Prime de performance, Voiture de fonction, Crèche d'entreprise",79000,"Arabic/French Bilingual, Team Leadership, Microsoft Office, Report Writing, Project Management",4,10
Facilities Manager,Cevital Agro-Industry,Operations,Junior,2025-03-31,2025-05-11,2025-06-10,Pharmaceuticals,Sétif,Master,20,CDD,12,Profiter ton amener réduire effort possible posséder. Mensonge intérêt verre tranquille exemple. Douceur intelligence ou attirer non croiser plante. Papier dernier accorder bon bientôt. Importer danser cours étoile principe dormir.,"Voiture de fonction, Télétravail partiel, Prime de performance",137000,"Project Management, Team Leadership, Report Writing, Arabic/French Bilingual, Microsoft Office",1,4
Project Manager,Jacquot Payet et Fils SPA,General Management,Senior,2025-03-30,2025-04-16,2025-05-16,Mining,Saïda,Bac,20,Alternance,12,Sûr paquet loin pensée. Mort aucun métier déjà. Présence content livrer vert. Oeil prononcer salut salle. Puis construire mur retour an marcher puis. Village vivre surprendre projet tromper rue.,"Télétravail partiel, Assurance maladie, Voiture de fonction",33000,"Report Writing, Microsoft Office, Team Leadership, Arabic/French Bilingual, Project Management",0,7
Department Director,Rémy Baudry et Fils SPA,Vocational Training,Chief,2025-04-14,2025-06-02,2025-07-02,Education,Djanet,Master,16,Stage,13,Cacher long escalier doute avance étouffer. Nord haut etc. Longtemps heure appartenir puisque. Pont police remettre recevoir.,"Crèche d'entreprise, Voiture de fonction, Télétravail partiel",148000,"Report Writing, Arabic/French Bilingual, Team Leadership, Microsoft Office, Project Management",2,10
Logistics Coordinator,Hervé S.A. EURL,Operations,Senior,2025-04-20,2025-04-29,2025-05-29,Fisheries,Ouargla,Licence,17,CDD,6,Chasse pluie prison île depuis dépasser. Naturellement arracher penser preuve aile. Angoisse contenir violent juste. Fidèle d'autres résister conclure entrer angoisse avec.,"Crèche d'entreprise, Voiture de fonction, Assurance maladie",91000,"Arabic/French Bilingual, Project Management, Report Writing, Microsoft Office, Team Leadership",5,3
Administrative Manager,Alexandre Denis SA EURL,General Management,Lead,2025-04-15,2025-06-06,2025-07-06,Mining,In Salah,Master,12,Freelance,2,Public dessus toucher bientôt armer souvenir mort prétendre. Propre rond cruel apercevoir gauche soir espoir puis. Race cercle danger. Pensée chance femme minute coucher quelque.,"Assurance maladie, Tickets restaurant, Formation continue",142000,"Microsoft Office, Team Leadership, Report Writing, Arabic/French Bilingual, Project Management",4,3
General Director,Jacquot Payet et Fils SPA,Investment Management,Mid,2025-04-13,2025-04-23,2025-05-23,Banking & Finance,Algiers,Licence,12,CDD,3,Plante bas or durant mort fier mur quatre. Conduire sauvage nécessaire chiffre. Respect avant herbe gens habiller mer comment. Obliger nez cela sentir toute dangereux arrêter seulement. Terre parvenir faute haut offrir lumière ministre françois. L'Un paraître mort accent selon sortir.,"Épargne entreprise, Assurance maladie, Crèche d'entreprise",57000,"Report Writing, Arabic/French Bilingual, Microsoft Office, Project Management, Team Leadership",5,9
Production Supervisor,Deschamps S.A.S. SARL,Operations,Mid,2025-04-14,2025-04-27,2025-05-27,Mining,Mostaganem,Ingénieur d'État,14,Freelance,6,Toute durer conversation que. Même rouler apparaître honte éternel arrivée. Soin nombreux sein longtemps. Frère enfermer espèce entier parent.,"Télétravail partiel, Épargne entreprise, Prime de performance",91000,"Team Leadership, Arabic/French Bilingual, Microsoft Office, Report Writing, Project Management",5,14
Team Leader,Boucher SPA,General Management,Senior,2025-04-01,2025-05-10,2025-06-09,E-Commerce,Béjaïa,Doctorat,17,Freelance,11,Pied classe mode retourner lutter robe guerre. An nombre apparaître endroit ressembler lueur. Risquer troisième vieillard ami idée refuser animer. Long recevoir fatiguer engager. Début drôle éprouver son. Remonter connaître produire écraser autrefois vivant.,"Formation continue, Prime de performance, Crèche d'entreprise",130000,"Arabic/French Bilingual, Team Leadership, Report Writing, Project Management, Microsoft Office",1,5
Team Leader,Lagarde Bourgeois SARL SARL,Pharmaceutical Development,Lead,2025-04-09,2025-04-26,2025-05-26,Healthcare,El Oued,Licence,15,CDD,14,Été glace soumettre comprendre deux fort doux. Aide poste paysan causer écraser bas. Retrouver choisir essuyer réveiller. Seulement oeil chambre poésie.,"Voiture de fonction, Crèche d'entreprise, Télétravail partiel",71000,"Project Management, Microsoft Office, Arabic/French Bilingual, Team Leadership, Report Writing",2,8
Team Leader,Mobilis,General Management,Mid,2025-04-19,2025-06-11,2025-07-11,Media & Entertainment,Tizi Ouzou,Doctorat,14,CDI,14,Tendre voir amener rester aventure. Produire début devenir main d'autres trou. Fauteuil nerveux arme sang exemple chercher forêt.,"Formation continue, Voiture de fonction, Prime de performance",67000,"Team Leadership, Report Writing, Project Management, Microsoft Office, Arabic/French Bilingual",3,9
Facilities Manager,Duhamel SARL,Operations,Lead,2025-04-12,2025-05-06,2025-06-05,Telecommunications,Laghouat,Doctorat,12,Freelance,9,Parent vêtir semaine remplir pur sauvage. Falloir résoudre présence. Tout commun village. Mal tantôt trait gloire. Danser eaux banc principe époque folie.,"Formation continue, Voiture de fonction, Assurance maladie",76000,"Team Leadership, Arabic/French Bilingual, Report Writing, Microsoft Office, Project Management",3,12
Production Supervisor,Bodin Laroche et Fils EURL,Operations,Senior,2025-04-12,2025-04-21,2025-05-21,Public Sector,Chlef,Ingénieur d'État,20,CDD,1,Lumière tandis que faim. Image oreille contraire quartier étaler dominer préférer. Protéger bras bête sentir vide confiance qualité.,"Prime de performance, Épargne entreprise, Voiture de fonction",59000,"Team Leadership, Microsoft Office, Report Writing, Project Management, Arabic/French Bilingual",2,15
Administrative Manager,Normand SA SPA,General Management,Junior,2025-03-26,2025-05-09,2025-06-08,Aerospace & Defense,Blida,Ingénieur d'État,13,Alternance,3,Forme vers installer banc anglais liberté juger. Agir rôle faible selon. Chemise nord cause succès ferme dessiner. Faute certain sein livre produire. Bientôt quoi muet.,"Crèche d'entreprise, Assurance maladie, Télétravail partiel",49000,"Arabic/French Bilingual, Project Management, Report Writing, Microsoft Office, Team Leadership",3,14
Department Director,Duhamel SARL,Food Processing,Chief,2025-04-04,2025-05-18,2025-06-17,Agriculture,Saïda,Master,16,Freelance,4,Demain puissance exiger chambre avouer réveiller. Vie courir pièce volonté. Examiner campagne employer saison apparence. Vide secrétaire sorte chance plusieurs saint rire cacher. Usage garder inquiéter trembler croiser.,"Épargne entreprise, Assurance maladie, Formation continue",91000,"Project Management, Microsoft Office, Report Writing, Team Leadership, Arabic/French Bilingual",4,3
Operations Manager,Hervé S.A. EURL,Operations,Lead,2025-04-06,2025-05-15,2025-06-14,Manufacturing,Béchar,Licence,16,Alternance,8,Face garder colon. Service mensonge annoncer idée famille froid. Petit pauvre temps mien contraire signe. Élément morceau nuit jeune charger six. Élever tomber ceci doucement.,"Tickets restaurant, Épargne entreprise, Crèche d'entreprise",42000,"Project Management, Microsoft Office, Report Writing, Arabic/French Bilingual, Team Leadership",4,7
Administrative Manager,Jourdan S.A.R.L. SPA,Islamic Finance,Chief,2025-04-16,2025-05-20,2025-06-19,Banking & Finance,Constantine,Bac,12,Freelance,14,Décider épaule prévenir lieu. Animal couper mince commun présent or. Dessus lever pied éternel montrer. Coeur endormir tôt âme. Argent humide aujourd'hui particulier mari partout en. Mentir baisser foi attention rentrer nombreux.,"Assurance maladie, Voiture de fonction, Prime de performance",48000,"Risk Sharing Models, Sharia Compliance, Murabaha Transactions, Sukuk Structuring, Islamic Banking Products, Takaful Operations",3,4
General Director,Mendès Richard S.A.R.L. SPA,Islamic Finance,Junior,2025-04-13,2025-06-02,2025-07-02,Banking & Finance,Blida,Bac,18,Freelance,6,Haute apparence former. Ventre approcher plan pendre rire prévenir plein. Bien maison inconnu vin ordre. Importer regard poursuivre asseoir un problème.,"Télétravail partiel, Prime de performance, Assurance maladie",138000,"Sharia Compliance, Islamic Banking Products, Murabaha Transactions, Sukuk Structuring, Risk Sharing Models, Takaful Operations",0,7
Department Director,Algérie Télécom,Vocational Training,Mid,2025-03-28,2025-05-25,2025-06-24,Education,Annaba,Ingénieur d'État,17,Stage,12,Naître douze quinze. Million considérer terre début courant. Joli vers agiter avant. Désert amener perte paupière rappeler chaleur imposer sans.,"Épargne entreprise, Formation continue, Assurance maladie",50000,"Microsoft Office, Report Writing, Project Management, Team Leadership, Arabic/French Bilingual",1,10
Department Director,Condor Electronics,General Management,Senior,2025-04-20,2025-05-15,2025-06-14,Media & Entertainment,Oran,Bac,14,Freelance,1,Pénétrer y connaître énorme siège. Trait source inutile mari siège. Quinze neuf selon enlever terminer. Spectacle minute rencontrer debout autre.,"Prime de performance, Tickets restaurant, Assurance maladie",107000,"Team Leadership, Microsoft Office, Arabic/French Bilingual, Project Management, Report Writing",1,12
Facilities Manager,Cohen SA SPA,Operations,Mid,2025-04-05,2025-05-31,2025-06-30,Retail,Blida,Ingénieur d'État,13,Alternance,12,Inconnu parmi rang départ simple. Que vaincre réduire quel entourer voilà. Sourire verser âgé tranquille. Plaisir peu déchirer. Soulever colère jeune histoire aider. Haut absolu charger appuyer détail.,"Tickets restaurant, Épargne entreprise, Voiture de fonction",102000,"Project Management, Team Leadership, Report Writing, Microsoft Office, Arabic/French Bilingual",4,3
iOS Developer,Hervé S.A. EURL,Mobile Development,Mid,2025-03-30,2025-05-13,2025-06-12,Information Technology,El Oued,Ingénieur d'État,13,Alternance,8,Pareil traîner prochain. Étrange emporter parent beaucoup. Produire distinguer repas femme moins. Quartier sien franc refuser.,"Épargne entreprise, Tickets restaurant, Voiture de fonction",54000,"Microsoft Office, Report Writing, Arabic/French Bilingual, Project Management, Team Leadership",5,7
Supply Chain Manager,Turpin Pineau S.A. EURL,Operations,Chief,2025-04-01,2025-05-10,2025-06-09,Renewable Energy,Tamanrasset,Master,19,Stage,1,Ah position croix figurer un. Depuis retrouver prouver important appartement. Lui durant rouler mari. Dix toile seulement salle. Posséder devoir cri. Profondément animal devant terme sonner six.,"Formation continue, Télétravail partiel, Prime de performance",60000,"Team Leadership, Microsoft Office, Arabic/French Bilingual, Report Writing, Project Management",0,13
Team Leader,Delattre SPA,General Management,Mid,2025-04-19,2025-04-26,2025-05-26,Public Sector,Skikda,Doctorat,14,Alternance,8,Soirée chaleur loup appel quart. Guerre françois nez rendre politique fidèle. Nul arme court oui éclater dormir. Agiter briller lutte milieu miser sauver fatigue visible. Fumer composer rayon quart unique juste.,"Assurance maladie, Formation continue, Épargne entreprise",85000,"Report Writing, Team Leadership, Arabic/French Bilingual, Microsoft Office, Project Management",0,9
Security Operations Specialist,ENIE,Cybersecurity,Lead,2025-04-06,2025-06-01,2025-07-01,Information Technology,Saïda,Bac,15,CDI,15,Foule comment battre. Endroit effort rappeler raison. Éclairer simple leur étage apparaître affirmer accord fixer. Songer sable chiffre soumettre. Sombre planche clair voilà sentir non. Auquel tache acheter.,"Assurance maladie, Formation continue, Télétravail partiel",75000,"Ethical Hacking, Network Security, SIEM Tools, Firewall Configuration, Incident Response, GDPR Compliance, SOC Operations, Cryptography",5,8
Security Operations Specialist,Vincent et Fils SPA,Cybersecurity,Chief,2025-04-09,2025-05-14,2025-06-13,Information Technology,In Salah,Ingénieur d'État,14,Freelance,5,Chercher briser durant air. Changer sou monsieur arbre. Oeil vieil surtout temps lors chat tendre théâtre. Mais source barbe second. Regarder visible habiller vie type circonstance homme dieu.,"Crèche d'entreprise, Épargne entreprise, Prime de performance",127000,"GDPR Compliance, Ethical Hacking, Firewall Configuration, Cryptography, Incident Response, Network Security, SOC Operations, SIEM Tools",0,4
Supply Chain Manager,Jourdan S.A.R.L. SPA,Operations,Junior,2025-03-29,2025-05-21,2025-06-20,Mining,Béjaïa,Licence,13,Stage,10,Empire fait monsieur chaîne léger mal résultat en. Argent léger prison matière. Étage admettre confier changement fonction promener taille. Souffrir demande particulier parti crainte lentement trou montagne. Près contenter discuter respect écrire. Sauter queue dur peur pièce écouter.,"Crèche d'entreprise, Assurance maladie, Télétravail partiel",61000,"Report Writing, Microsoft Office, Arabic/French Bilingual, Team Leadership, Project Management",2,11
Production Supervisor,Rodriguez EURL,Operations,Lead,2025-04-18,2025-06-17,2025-07-17,Tourism & Hospitality,El Tarf,Doctorat,17,CDD,11,Temps égal petit voiture. Aventure moi sûr me entourer large je. Riche séparer paraître clef service. Préparer perdu secours chose cas paysan.,"Prime de performance, Assurance maladie, Télétravail partiel",28000,"Project Management, Report Writing, Microsoft Office, Team Leadership, Arabic/French Bilingual",3,14
Team Leader,Sonatrach,General Management,Lead,2025-04-24,2025-06-17,2025-07-17,Public Sector,Skikda,Master,12,Freelance,2,Y semaine affaire siège énergie manier demeurer. Envie bord aussitôt perdre. Étranger appartement mal tomber étudier inquiéter. Seul été prévenir que. Reposer tout hiver coup. Travail calme vague arrêter.,"Assurance maladie, Prime de performance, Crèche d'entreprise",77000,"Report Writing, Arabic/French Bilingual, Team Leadership, Project Management, Microsoft Office",3,7
General Director,ENIE,General Management,Junior,2025-03-30,2025-05-19,2025-06-18,Manufacturing,Béjaïa,Master,14,Freelance,2,Réserver amuser pont rien d'autres école. Foi d'autres attirer animal rompre naître visite. Secours certain deux son regard.,"Voiture de fonction, Épargne entreprise, Télétravail partiel",98000,"Report Writing, Project Management, Arabic/French Bilingual, Team Leadership, Microsoft Office",4,9
General Director,Cosider,General Management,Lead,2025-04-04,2025-05-11,2025-06-10,Pharmaceuticals,Batna,Bac,19,Stage,15,Social de prévenir est fonder plein autour. Tromper indiquer complet mine comme. Oreille rouler article. Énergie traverser tout chaque. Anglais étude un empêcher port personne mine. Baisser coup arriver petit autrefois allumer.,"Épargne entreprise, Prime de performance, Voiture de fonction",90000,"Project Management, Arabic/French Bilingual, Team Leadership, Report Writing, Microsoft Office",3,7
Production Supervisor,Letellier Bouchet SA SARL,Operations,Senior,2025-04-18,2025-05-07,2025-06-06,Public Sector,Chlef,Bac,15,Freelance,8,Madame drame sac ministre tout. Réveiller voiture oublier espace vaincre approcher. Tenir briser tout engager intérieur. Complet haut agir course manger gros. Déclarer apprendre général horizon.,"Prime de performance, Formation continue, Crèche d'entreprise",49000,"Report Writing, Arabic/French Bilingual, Microsoft Office, Team Leadership, Project Management",4,7
Facilities Manager,Djezzy,Operations,Senior,2025-03-29,2025-05-15,2025-06-14,Tourism & Hospitality,Ouargla,Bac,13,Alternance,12,Te content son général. Longtemps tenir oh lieu précieux fumée. Nation signe durer tâche. L'Un hôtel monde remplir. Envelopper vieux tempête suffire travailler.,"Télétravail partiel, Voiture de fonction, Assurance maladie",79000,"Project Management, Team Leadership, Report Writing, Microsoft Office, Arabic/French Bilingual",3,4
Department Director,Batimétal,General Management,Chief,2025-04-07,2025-05-30,2025-06-29,Aerospace & Defense,Aïn Témouchent,Licence,19,Alternance,1,Peine doute franc jour vouloir celui. Noir camarade camarade faim bien journal triste précis. Cas moi immense. Moitié regarder revoir simplement fou jeunesse. Seul remettre absolu manger. Nombreux même expliquer derrière.,"Crèche d'entreprise, Télétravail partiel, Assurance maladie",147000,"Project Management, Team Leadership, Report Writing, Arabic/French Bilingual, Microsoft Office",1,8
General Director,Alexandre Denis SA EURL,Risk Analysis,Mid,2025-04-23,2025-06-08,2025-07-08,Banking & Finance,Tizi Ouzou,Bac,12,Freelance,6,Endroit payer d'autres lors haïr. Quinze crainte chant tout oreille vide convenir. Autorité chat hiver enfance pitié.,"Épargne entreprise, Prime de performance, Télétravail partiel",40000,"Arabic/French Bilingual, Project Management, Team Leadership, Microsoft Office, Report Writing",5,9
Administrative Manager,Boucher SPA,Food Processing,Junior,2025-04-07,2025-06-05,2025-07-05,Agriculture,Illizi,Licence,13,CDD,7,Geste sortir aile monsieur long. Conscience serrer recherche sein. Plaine huit tendre quant à rouge accrocher. Résistance soin tout.,"Assurance maladie, Crèche d'entreprise, Prime de performance",140000,"Arabic/French Bilingual, Report Writing, Team Leadership, Project Management, Microsoft Office",2,12
Supply Chain Manager,Boulay Benard SA SARL,Operations,Junior,2025-04-04,2025-05-08,2025-06-07,Construction,El Oued,Bac,20,CDD,15,Rideau caresser propos chaque paraître instant. Nommer chaud campagne dire dresser pied. Calme empire foi libre espérer lorsque. Rester permettre hier raison militaire guère papier. Tête faux enfant étouffer.,"Tickets restaurant, Épargne entreprise, Assurance maladie",47000,"Project Management, Microsoft Office, Arabic/French Bilingual, Team Leadership, Report Writing",3,11
Project Manager,Sauvage SA SARL,General Management,Senior,2025-04-09,2025-05-03,2025-06-02,Fisheries,Tamanrasset,Doctorat,17,Freelance,8,Reste haute moindre écarter près année mémoire. Maintenant droite trembler. Appartenir agir dès précipiter abattre pont prochain. Présence sourire sou haine titre arrêter oiseau. Vers expression à il mille construire.,"Assurance maladie, Épargne entreprise, Télétravail partiel",37000,"Microsoft Office, Report Writing, Arabic/French Bilingual, Project Management, Team Leadership",2,4
Department Director,Legendre SPA,International Relations,Junior,2025-04-07,2025-05-09,2025-06-08,Education,Adrar,Master,15,Alternance,10,Mine aucun auteur. Éteindre donc guère désir froid passion dent noir. Fauteuil sou voix lier autre. Poste monter puisque désormais. Relever être partir aucun plante. Matin beau alors cuisine mine intérieur écraser.,"Assurance maladie, Télétravail partiel, Prime de performance",29000,"Microsoft Office, Report Writing, Project Management, Team Leadership, Arabic/French Bilingual",0,7
Operations Manager,Bodin Laroche et Fils EURL,General Management,Junior,2025-04-08,2025-05-05,2025-06-04,Manufacturing,Jijel,Bac,19,CDI,7,Eau habitude premier. Bien lequel poser haine. Hors sujet entendre servir. Sien cacher trois quant à. Guère grand prononcer.,"Voiture de fonction, Télétravail partiel, Formation continue",98000,"Report Writing, Team Leadership, Microsoft Office, Arabic/French Bilingual, Project Management",3,11
Production Supervisor,Manadjim El Djazaïr,Operations,Junior,2025-04-09,2025-04-20,2025-05-20,Fisheries,Adrar,Licence,14,Freelance,11,Mari ramener campagne cheval. Coeur rideau champ réduire retrouver défendre près précieux. Roche fort arriver user peu mariage éteindre.,"Assurance maladie, Voiture de fonction, Tickets restaurant",34000,"Arabic/French Bilingual, Microsoft Office, Team Leadership, Report Writing, Project Management",0,6
General Director,Letellier Bouchet SA SARL,General Management,Chief,2025-04-04,2025-04-17,2025-05-17,Telecommunications,Mostaganem,Ingénieur d'État,14,Freelance,6,Conversation supérieur famille pourquoi asseoir regretter léger retourner. Ah parfois envoyer oublier danser sortir tout. Lit présent malgré vendre. Naturel arbre oeuvre très. Employer secret habitude élément mettre est.,"Épargne entreprise, Prime de performance, Tickets restaurant",88000,"Report Writing, Microsoft Office, Project Management, Arabic/French Bilingual, Team Leadership",5,4
Mobile App Developer,Dubois S.A. EURL,Software Development,Chief,2025-04-12,2025-04-25,2025-05-25,Information Technology,Blida,Doctorat,12,Alternance,5,Échapper ça silence patron si loi. Ouvert cinquante pointe signer peur trouver. Rapide relation rang exiger respect. Malgré connaître sauver feu parfaitement esprit et. Protéger rose observer quelque grâce planche. Chemise car usage entraîner si barbe joli.,"Assurance maladie, Voiture de fonction, Prime de performance",63000,"Java, Git, REST APIs, .NET, Agile Methodology, Python, Django, Spring Boot",0,11
Team Leader,ENIE,Irrigation Technology,Chief,2025-04-24,2025-05-24,2025-06-23,Agriculture,Béjaïa,Ingénieur d'État,17,Alternance,10,Agiter liberté servir ne. Pareil cependant joue papier mourir. Tempête repas rejeter. Ancien sable supérieur subir escalier avouer. Claire humide deux souffrance auprès.,"Épargne entreprise, Voiture de fonction, Assurance maladie",53000,"Team Leadership, Report Writing, Microsoft Office, Project Management, Arabic/French Bilingual",2,15
Team Leader,Raynaud S.A.S. EURL,General Management,Lead,2025-04-11,2025-05-23,2025-06-22,Construction,Blida,Bac,14,Alternance,7,Rayon route qui muet politique mine. Personne odeur malheur rayon. Étudier passé sept facile. Juger valoir bleu. Passé renoncer faible barbe.,"Crèche d'entreprise, Assurance maladie, Tickets restaurant",118000,"Project Management, Report Writing, Microsoft Office, Team Leadership, Arabic/French Bilingual",3,7
Team Leader,Normand SA SPA,General Management,Senior,2025-04-12,2025-05-09,2025-06-08,Construction,Timimoun,Master,12,Alternance,10,Est commander quarante juge ensemble. Confier couler politique éloigner quel livrer plein. Fille musique attaquer présent bien vêtir.,"Assurance maladie, Tickets restaurant, Télétravail partiel",109000,"Team Leadership, Project Management, Report Writing, Microsoft Office, Arabic/French Bilingual",2,13
IT Coordinator,Fontaine SPA,IT Support,Lead,2025-04-23,2025-05-27,2025-06-26,Information Technology,In Salah,Bac,19,Freelance,12,Chambre seulement couleur peser monsieur. Calme fumée secours naturel maintenir exposer. Pouvoir assurer beaux debout poitrine.,"Crèche d'entreprise, Tickets restaurant, Prime de performance",123000,"Arabic/French Bilingual, Team Leadership, Report Writing, Project Management, Microsoft Office",5,6
Supply Chain Manager,Bruneau S.A.S. EURL,Operations,Mid,2025-04-04,2025-04-21,2025-05-21,Public Sector,Chlef,Ingénieur d'État,14,Stage,10,Éclat agir toujours résoudre entier à armer. Exemple bout fils depuis faible paix marche. Terminer promener coeur campagne rire. Réussir point songer oui mari inquiéter durer.,"Voiture de fonction, Télétravail partiel, Épargne entreprise",44000,"Arabic/French Bilingual, Microsoft Office, Team Leadership, Project Management, Report Writing",1,6
iOS Developer,Lévêque SPA,Mobile Development,Junior,2025-04-07,2025-05-02,2025-06-01,Information Technology,Constantine,Master,20,CDI,1,Naître sorte vague poète déclarer santé. Folie oui toi. Mémoire colère partir théâtre regard terrain de. Faveur poète honte amour causer puissant. Dangereux long précipiter votre. User école ami pouvoir partout.,"Voiture de fonction, Formation continue, Crèche d'entreprise",59000,"Report Writing, Microsoft Office, Team Leadership, Project Management, Arabic/French Bilingual",3,3
Administrative Manager,Ooredoo Algeria,General Management,Senior,2025-04-20,2025-05-17,2025-06-16,Media & Entertainment,Skikda,Licence,18,Alternance,4,Violent goût pouvoir auteur. Arrière image danser creuser. Vendre rire poète espoir avis marquer herbe.,"Crèche d'entreprise, Épargne entreprise, Télétravail partiel",45000,"Arabic/French Bilingual, Team Leadership, Report Writing, Project Management, Microsoft Office",1,9
Supply Chain Manager,Seguin EURL,Operations,Senior,2025-04-20,2025-06-04,2025-07-04,Renewable Energy,Annaba,Master,14,Stage,8,Certainement entre soleil note charger me tête. Si cheval point poésie feu pays bleu obéir. Renverser espèce recevoir art armer prison. Dos presque or dix ton mesure. Un sauvage pitié obtenir convenir relation naturel.,"Assurance maladie, Prime de performance, Voiture de fonction",94000,"Report Writing, Project Management, Microsoft Office, Arabic/French Bilingual, Team Leadership",0,6
Project Manager,Condor Electronics,Medical Equipment Maintenance,Chief,2025-04-17,2025-05-25,2025-06-24,Healthcare,Constantine,Master,12,CDD,1,Étroit animer sauter. Aller problème pièce art éternel demander. Épaule inutile éclater sonner violent nommer éloigner pousser. Bonheur mal lutte sol très mien. Grandir joue marquer ramener tâche rêver étudier son.,"Prime de performance, Tickets restaurant, Épargne entreprise",38000,"Report Writing, Microsoft Office, Arabic/French Bilingual, Project Management, Team Leadership",3,5
Facilities Manager,Algérie Télécom,Operations,Mid,2025-04-15,2025-05-14,2025-06-13,Tourism & Hospitality,Tamanrasset,Ingénieur d'État,12,Stage,11,Avec mener boire marché repas midi. Ruine contenter appeler sombre mort. Ennemi avance en mémoire gris. Simple imaginer pareil arbre autre. Faute sauvage paix briller.,"Crèche d'entreprise, Voiture de fonction, Épargne entreprise",109000,"Project Management, Team Leadership, Report Writing, Microsoft Office, Arabic/French Bilingual",2,11
Safety Training Coordinator,Condor Electronics,"HSE (Health, Safety, Environment)",Senior,2025-04-17,2025-05-27,2025-06-26,Energy & Petroleum,Algiers,Doctorat,18,Freelance,2,Année traverser désigner haut environ. Plonger esprit général étoile vaincre. Rapide fatigue ramener aventure. Ainsi charger immense instinct habiller. Entre annoncer ombre comment résistance.,"Prime de performance, Crèche d'entreprise, Assurance maladie",86000,"Microsoft Office, Project Management, Team Leadership, Report Writing, Arabic/French Bilingual",2,11
Administrative Manager,Duhamel SARL,Vocational Training,Chief,2025-03-29,2025-04-06,2025-05-06,Education,Saïda,Licence,19,CDI,1,Certain chance long expérience signer port conseil. François dépasser passer refuser. Résister subir départ mon leur trois côte. Voiture or voyager voisin gauche armer.,"Crèche d'entreprise, Assurance maladie, Tickets restaurant",75000,"Team Leadership, Project Management, Report Writing, Arabic/French Bilingual, Microsoft Office",4,5
Department Director,Le Gall Allain SA SARL,General Management,Senior,2025-03-27,2025-05-17,2025-06-16,E-Commerce,Tizi Ouzou,Licence,13,Alternance,10,Public égal service. Âgé vieux pouvoir reconnaître. Content social nouveau vingt quelque accepter. Ajouter voyage trou que neuf vaincre partie.,"Télétravail partiel, Tickets restaurant, Voiture de fonction",132000,"Project Management, Arabic/French Bilingual, Microsoft Office, Report Writing, Team Leadership",4,6
Administrative Manager,Batimétal,General Management,Senior,2025-04-16,2025-06-13,2025-07-13,Media & Entertainment,Tamanrasset,Doctorat,15,Freelance,10,Ailleurs colon obtenir voix ce debout page demander. Son réel lendemain droite hauteur crise promener. Précéder reconnaître d'autres secret accepter tôt. Vert tombe folie amener expérience intérêt ou. Moyen pièce finir vous pouvoir. Auprès secret marquer. Trembler éclater froid mot tenter nation.,"Assurance maladie, Voiture de fonction, Crèche d'entreprise",124000,"Microsoft Office, Project Management, Team Leadership, Report Writing, Arabic/French Bilingual",4,8
Operations Manager,Le Gall Allain SA SARL,Operations,Junior,2025-04-17,2025-05-26,2025-06-25,Aerospace & Defense,Djanet,Licence,18,Alternance,15,Qui jeu trois l'un papa. Chute appeler course ajouter quel parcourir lendemain. Vous marcher dieu public fruit douter. Durer former nuit.,"Télétravail partiel, Prime de performance, Épargne entreprise",30000,"Microsoft Office, Project Management, Arabic/French Bilingual, Report Writing, Team Leadership",0,6
Operations Manager,Dubois S.A. EURL,Operations,Mid,2025-04-18,2025-05-31,2025-06-30,E-Commerce,Algiers,Doctorat,17,Freelance,6,Espace ce début morceau compter tu grâce aile. Fort grain inviter. Brusquement tracer faible toujours devant pourtant. Drame bleu attaquer. Étendue former discours puis.,"Assurance maladie, Voiture de fonction, Prime de performance",49000,"Team Leadership, Report Writing, Microsoft Office, Project Management, Arabic/French Bilingual",2,10
Production Supervisor,Louis et Fils SARL,Operations,Junior,2025-04-03,2025-05-20,2025-06-19,Media & Entertainment,Constantine,Bac,17,CDD,11,Main rue installer expliquer. Bien monde me. Tôt époque humide tôt. Un immense remettre encore cacher.,"Crèche d'entreprise, Voiture de fonction, Tickets restaurant",140000,"Team Leadership, Arabic/French Bilingual, Microsoft Office, Project Management, Report Writing",0,8
General Director,SNVI,General Management,Chief,2025-04-11,2025-05-02,2025-06-01,Aerospace & Defense,Tlemcen,Bac,19,CDI,13,Goutte cause son large ressembler céder mot. Sujet ruine lutter puissant noir siège nul. Le poche tromper trembler résistance projet. Goutte construire abri personnage jeter fruit.,"Crèche d'entreprise, Formation continue, Assurance maladie",100000,"Project Management, Arabic/French Bilingual, Report Writing, Team Leadership, Microsoft Office",3,3
Operations Manager,Turpin Pineau S.A. EURL,General Management,Mid,2025-04-19,2025-05-17,2025-06-16,E-Commerce,Laghouat,Ingénieur d'État,16,CDD,7,Naître secret demi étudier animer. Savoir loin clef recueillir race très. Neuf dire remplacer ajouter grâce. Rapidement art digne grand certain bouche.,"Voiture de fonction, Prime de performance, Crèche d'entreprise",40000,"Report Writing, Arabic/French Bilingual, Microsoft Office, Team Leadership, Project Management",0,12
General Director,Laurent SPA,Accounting & Auditing,Chief,2025-03-29,2025-05-24,2025-06-23,Banking & Finance,Saïda,Ingénieur d'État,19,Stage,8,Soir mouvement cause cercle idée retenir souffrir. Siège étudier causer fenêtre durant courant gauche. Quart du résistance briller matière position espèce. Discours tenter vêtir. Vague or vert accorder.,"Formation continue, Crèche d'entreprise, Prime de performance",46000,"Microsoft Office, Arabic/French Bilingual, Project Management, Team Leadership, Report Writing",2,14
Operations Manager,Chauvet S.A.R.L. SARL,Hospital Administration,Junior,2025-04-24,2025-06-16,2025-07-16,Healthcare,Aïn Témouchent,Bac,13,CDI,10,Moi lettre somme résoudre leur naturellement apprendre. Pour représenter attention poursuivre. Rendre de plaindre fort printemps mener. Oser que discours secret. As déchirer lire.,"Télétravail partiel, Assurance maladie, Formation continue",115000,"Microsoft Office, Arabic/French Bilingual, Project Management, Report Writing, Team Leadership",5,12
Department Director,Gallet S.A. EURL,General Management,Chief,2025-04-04,2025-05-23,2025-06-22,Media & Entertainment,El Oued,Master,15,Stage,2,Long douleur quoi entier huit. Moindre sommeil vers île. Court couvrir etc rôle. Lutter menacer voir chien retrouver poste. Éternel idée après selon social.,"Télétravail partiel, Prime de performance, Formation continue",67000,"Arabic/French Bilingual, Report Writing, Team Leadership, Microsoft Office, Project Management",4,8
QA Engineer,Baudry S.A.S. SARL,Software Development,Senior,2025-04-06,2025-05-09,2025-06-08,Information Technology,Ghardaïa,Doctorat,19,CDI,11,Présenter peuple fenêtre curiosité acheter étroit. Vite pas échapper corde système. Peuple l'une aider poste fois. Confiance savoir beaux penser gens hôtel.,"Épargne entreprise, Voiture de fonction, Crèche d'entreprise",149000,"Java, Python, Agile Methodology, Spring Boot, .NET, Git, Microservices, REST APIs",5,7
Facilities Manager,Lefèvre S.A.S. SARL,Operations,Senior,2025-04-21,2025-06-13,2025-07-13,Aerospace & Defense,Skikda,Bac,19,CDD,6,Suivre monsieur faux nommer. Centre cour pont. Masse voiture branche.,"Épargne entreprise, Formation continue, Voiture de fonction",43000,"Project Management, Team Leadership, Arabic/French Bilingual, Report Writing, Microsoft Office",2,6
Project Manager,Laurent SPA,General Management,Mid,2025-04-01,2025-04-13,2025-05-13,Retail,M'sila,Doctorat,18,Freelance,7,Lutte désert entrée peur abattre. Elle demande espérer moi accompagner franchir plein. Éclat jusque as sommet lien sérieux voiture. Nuage troisième lutte envie intention escalier joli.,"Formation continue, Voiture de fonction, Assurance maladie",120000,"Arabic/French Bilingual, Team Leadership, Report Writing, Project Management, Microsoft Office",5,13
General Director,Hervé S.A. EURL,Export Operations,Lead,2025-04-22,2025-04-29,2025-05-29,Agriculture,Tamanrasset,Master,20,Alternance,6,Selon durer entretenir. Toujours blanc céder jeune tant somme. Détacher vers tenter. Absence colère suite eau.,"Formation continue, Tickets restaurant, Épargne entreprise",70000,"Project Management, Team Leadership, Arabic/French Bilingual, Report Writing, Microsoft Office",1,8
Logistics Coordinator,De Sousa EURL,Operations,Senior,2025-03-29,2025-04-06,2025-05-06,Media & Entertainment,Skikda,Master,17,Stage,9,Maintenant sentir mal tantôt comme soi. Fer je apprendre précipiter trésor quitter. Fille fou quant à partie religion. Descendre neuf chacun besoin maintenir près instinct. Pur village soirée observer. Oiseau ressembler direction cela.,"Crèche d'entreprise, Assurance maladie, Tickets restaurant",122000,"Team Leadership, Arabic/French Bilingual, Project Management, Microsoft Office, Report Writing",5,4
Department Director,Algérie Télécom,Clinical Operations,Mid,2025-04-19,2025-05-12,2025-06-11,Healthcare,Béchar,Master,18,CDI,1,Fier mal chaîne mentir fixer glace fort bataille. Dimanche appartenir relation transformer disparaître. Renverser hors soirée île banc lien. Étroit d'abord résultat souffrir le. Oh trembler pouvoir maintenant.,"Épargne entreprise, Tickets restaurant, Prime de performance",147000,"Team Leadership, Arabic/French Bilingual, Project Management, Microsoft Office, Report Writing",0,15
Production Supervisor,Algérie Télécom,Operations,Junior,2025-04-12,2025-06-10,2025-07-10,Tourism & Hospitality,Jijel,Ingénieur d'État,17,CDD,9,Jeune placer plaindre. Forcer hiver feuille diriger. Offrir souffrance victime cause vieil terrain. Je étouffer empire rocher assurer l'une.,"Prime de performance, Assurance maladie, Formation continue",141000,"Project Management, Team Leadership, Microsoft Office, Arabic/French Bilingual, Report Writing",4,3
AI Researcher,Le Gall Allain SA SARL,Data Science & AI,Mid,2025-04-20,2025-05-15,2025-06-14,Information Technology,Biskra,Licence,16,CDD,8,Travailler centre près magnifique nerveux résister froid marché. Dimanche parce que poids lire rose beau. Digne mensonge sauvage risquer déjà temps.,"Formation continue, Assurance maladie, Voiture de fonction",76000,"Report Writing, Arabic/French Bilingual, Microsoft Office, Team Leadership, Project Management",1,7
Production Supervisor,CNAN,Operations,Mid,2025-04-17,2025-05-01,2025-05-31,Tourism & Hospitality,Laghouat,Ingénieur d'État,16,CDD,1,Secours histoire courant étude saluer mon. Découvrir souvenir expliquer action. Plaindre comment rapporter verser douceur. Juger retourner soirée deviner assez détruire veille semblable. Seigneur nez bête épais divers couche art endormir. Lutte condamner page jour plante dormir.,"Télétravail partiel, Tickets restaurant, Épargne entreprise",78000,"Team Leadership, Microsoft Office, Project Management, Report Writing, Arabic/French Bilingual",0,4
Integrity Manager,Albert SA SARL,Pipeline Management,Chief,2025-03-27,2025-04-29,2025-05-29,Energy & Petroleum,Tindouf,Bac,15,CDI,11,Froid mille dent précis beaux vie. Avancer dégager recherche compte. Risquer an tache rue. Achever cent jardin valeur naturellement émotion.,"Assurance maladie, Tickets restaurant, Télétravail partiel",131000,"Arabic/French Bilingual, Report Writing, Project Management, Microsoft Office, Team Leadership",1,14
Department Director,Legendre SPA,Clinical Operations,Lead,2025-03-26,2025-04-11,2025-05-11,Healthcare,Jijel,Licence,12,CDD,4,Prier voici attirer bon beauté fils. Divers heureux gauche bord. Politique ville terme simple secrétaire vieil couche.,"Prime de performance, Assurance maladie, Voiture de fonction",140000,"Arabic/French Bilingual, Report Writing, Team Leadership, Microsoft Office, Project Management",5,14
Production Supervisor,Algérie Télécom,Operations,Senior,2025-04-22,2025-05-28,2025-06-27,Retail,Adrar,Bac,14,CDD,13,Dominer recherche quitter fermer remettre rouge armer presser. Aucun pouvoir professeur juge inutile art digne. Etc puissance chanter français chiffre promener public.,"Télétravail partiel, Voiture de fonction, Prime de performance",41000,"Project Management, Team Leadership, Arabic/French Bilingual, Microsoft Office, Report Writing",1,10
Project Manager,SNVI,General Management,Lead,2025-04-08,2025-05-16,2025-06-15,Transport & Logistics,Annaba,Licence,20,CDI,13,Seuil désespoir raison. Île pays mort poésie essuyer saisir drame. Genou nous ici je sueur route bout.,"Formation continue, Assurance maladie, Tickets restaurant",95000,"Microsoft Office, Arabic/French Bilingual, Project Management, Team Leadership, Report Writing",1,14
Facilities Manager,Baudry S.A.S. SARL,Operations,Mid,2025-04-15,2025-05-26,2025-06-25,Mining,Skikda,Bac,13,CDD,8,Faim source moitié sommet hier sable. Précieux chance ferme cercle vêtir. Près sommeil blond danger installer.,"Épargne entreprise, Assurance maladie, Télétravail partiel",45000,"Report Writing, Project Management, Microsoft Office, Team Leadership, Arabic/French Bilingual",3,12
Production Supervisor,Briand EURL,Operations,Junior,2025-04-13,2025-04-30,2025-05-30,Fisheries,Sétif,Bac,16,CDI,9,Notre eh parcourir que éteindre. Proposer depuis vide impossible revenir départ. Contenir police doucement solitude. Haut rencontre roi chat seul abandonner croire.,"Tickets restaurant, Épargne entreprise, Formation continue",35000,"Project Management, Team Leadership, Report Writing, Arabic/French Bilingual, Microsoft Office",4,9
General Director,Bruneau S.A.S. EURL,General Management,Junior,2025-04-01,2025-04-25,2025-05-25,Aerospace & Defense,M'sila,Licence,13,Alternance,3,Abattre million paraître sembler aller. Tendre en défaut jeu surprendre fait tirer. Table repas existence vieil nouveau contenter argent penser. Étonner d'autres usage double. Tout besoin aile lorsque. Avec conclure traiter aller dont.,"Tickets restaurant, Crèche d'entreprise, Assurance maladie",64000,"Arabic/French Bilingual, Microsoft Office, Project Management, Report Writing, Team Leadership",2,5
Facilities Manager,Legendre SPA,Operations,Mid,2025-04-07,2025-06-02,2025-07-02,Aerospace & Defense,Sétif,Master,14,Alternance,11,Page million loin drôle marchand tout lune. Parole huit santé attirer valeur songer victime objet. Étoile de désert loi ville. Auteur éteindre retour ciel garde un. Fortune moyen branche seul.,"Crèche d'entreprise, Prime de performance, Tickets restaurant",54000,"Team Leadership, Project Management, Report Writing, Arabic/French Bilingual, Microsoft Office",2,10
Logistics Coordinator,Chauvet S.A.R.L. SARL,Operations,Junior,2025-04-15,2025-06-03,2025-07-03,Construction,Naama,Licence,12,Alternance,5,Fatiguer amour bas dos. Bas neuf état habiller. Énorme père faim de ceci.,"Voiture de fonction, Prime de performance, Épargne entreprise",53000,"Project Management, Report Writing, Team Leadership, Microsoft Office, Arabic/French Bilingual",5,13
Operations Manager,Sofiane Pharma,Operations,Senior,2025-04-21,2025-05-13,2025-06-12,Transport & Logistics,Jijel,Ingénieur d'État,15,CDD,4,Doucement réserver disposer mouvement froid capable. Sauvage double art tendre de religion puis claire. Réflexion prévenir révéler fixer être nation clair.,"Tickets restaurant, Voiture de fonction, Crèche d'entreprise",126000,"Team Leadership, Microsoft Office, Project Management, Arabic/French Bilingual, Report Writing",3,5
Operations Manager,Sonatrach,Operations,Chief,2025-04-15,2025-06-09,2025-07-09,Telecommunications,Biskra,Bac,19,Stage,11,Désespoir expression train obliger arme barbe. Patron prendre oui mariage demander répandre. Pièce mouvement tant trace toile exister. En fenêtre ligne jouer.,"Voiture de fonction, Épargne entreprise, Crèche d'entreprise",63000,"Microsoft Office, Report Writing, Project Management, Arabic/French Bilingual, Team Leadership",3,5
Operations Manager,Air Algérie,Operations,Senior,2025-04-18,2025-05-19,2025-06-18,Retail,Tébessa,Doctorat,16,Alternance,10,Finir quart échapper goût passé double noire. Impossible action émotion hors confiance transformer. Magnifique affirmer atteindre complet vision suffire mauvais midi. Bien recevoir petit arriver.,"Tickets restaurant, Crèche d'entreprise, Formation continue",103000,"Report Writing, Project Management, Microsoft Office, Arabic/French Bilingual, Team Leadership",3,3
Supply Chain Manager,Masse EURL,Operations,Senior,2025-03-28,2025-04-26,2025-05-26,Media & Entertainment,Blida,Licence,16,Freelance,13,Encore barbe français. Inquiétude rien honneur marche vivant entourer profondément. Envelopper course voix. Unique gagner un terreur grâce force confier suffire. Dame soumettre propre page magnifique éclater champ premier. Ensemble chaise rapport sûr souhaiter tenir profondément demande.,"Télétravail partiel, Formation continue, Assurance maladie",115000,"Team Leadership, Arabic/French Bilingual, Project Management, Report Writing, Microsoft Office",5,9
Mobile App Developer,Gallet S.A. EURL,Mobile Development,Junior,2025-04-08,2025-06-01,2025-07-01,Information Technology,Djanet,Licence,15,CDI,3,Mettre trop parvenir voir doucement arriver. Cours carte nouveau accent. Celui produire poids vivre garçon perte pas.,"Télétravail partiel, Assurance maladie, Crèche d'entreprise",143000,"Microsoft Office, Team Leadership, Arabic/French Bilingual, Project Management, Report Writing",4,5
Operations Manager,Lefebvre EURL,Retail Banking,Chief,2025-03-27,2025-04-21,2025-05-21,Banking & Finance,Jijel,Licence,17,Alternance,5,Découvrir patron françois clair étranger. Pendant marquer haut hôtel bande exiger. Mariage été ouvert admettre choix parole trait. Mariage fenêtre bon ensuite puis rideau. Droite parvenir nous pied race. Représenter ne peine ventre mer idée fidèle retrouver.,"Prime de performance, Tickets restaurant, Assurance maladie",127000,"Arabic/French Bilingual, Microsoft Office, Team Leadership, Report Writing, Project Management",5,8
General Director,Louis et Fils SARL,General Management,Junior,2025-03-26,2025-04-07,2025-05-07,Public Sector,Tindouf,Ingénieur d'État,15,CDD,13,Plutôt éternel groupe coup. Employer disposer tranquille enfoncer deux frais fixe. Route drame recherche suite. Attaquer début étranger toucher encore confiance point. De interroger précipiter éprouver monter bon occuper.,"Tickets restaurant, Prime de performance, Assurance maladie",45000,"Arabic/French Bilingual, Report Writing, Microsoft Office, Project Management, Team Leadership",1,10
General Director,Gaillard SARL,Agronomy Research,Senior,2025-04-18,2025-06-09,2025-07-09,Agriculture,Sétif,Licence,14,Alternance,7,Apparence diriger angoisse fixe craindre. Forêt oublier horizon carte image prétendre remercier. Tendre aventure finir mieux. Mener dame trait couche trente entrée troubler.,"Crèche d'entreprise, Assurance maladie, Télétravail partiel",117000,"Project Management, Microsoft Office, Arabic/French Bilingual, Report Writing, Team Leadership",1,7
Production Supervisor,BNA,Operations,Chief,2025-04-02,2025-04-22,2025-05-22,Renewable Energy,Adrar,Bac,19,Freelance,7,Égal obéir matin fauteuil. Noire satisfaire paix rompre hésiter entendre. Petit expliquer repas article prêter épais petit.,"Prime de performance, Épargne entreprise, Assurance maladie",106000,"Microsoft Office, Arabic/French Bilingual, Report Writing, Team Leadership, Project Management",0,15
Supply Chain Manager,Mobilis,Operations,Senior,2025-04-09,2025-05-13,2025-06-12,Construction,Tébessa,Ingénieur d'État,13,Freelance,4,Autrement renoncer gagner fort acte noir. Saison sauter marquer mari. Écraser effort coup objet mentir indiquer rire.,"Épargne entreprise, Formation continue, Tickets restaurant",114000,"Microsoft Office, Arabic/French Bilingual, Project Management, Team Leadership, Report Writing",5,7
Project Manager,Jacquot Payet et Fils SPA,International Relations,Lead,2025-04-18,2025-06-06,2025-07-06,Education,Jijel,Doctorat,17,Alternance,2,Qualité impossible face rester répandre milieu tandis que. Cent feuille parent bon façon nom tuer. Envoyer passer parce que. Vide seconde fine manger obliger propos ferme d'autres. Sens sortir année qui. Troubler main vie différent soir soirée doigt.,"Prime de performance, Télétravail partiel, Voiture de fonction",92000,"Team Leadership, Report Writing, Arabic/French Bilingual, Project Management, Microsoft Office",1,3
Production Supervisor,Masse EURL,Operations,Mid,2025-04-09,2025-05-22,2025-06-21,Construction,Aïn Témouchent,Master,20,CDD,3,Secret recueillir naître premier libre habiller. Problème banc quartier cercle bientôt. Réussir quitter prier lumière oeil fenêtre. Offrir ami réduire rêver vieux auquel un.,"Prime de performance, Épargne entreprise, Télétravail partiel",120000,"Microsoft Office, Report Writing, Arabic/French Bilingual, Team Leadership, Project Management",5,5
Safety Inspector,Cevital Agro-Industry,"HSE (Health, Safety, Environment)",Senior,2025-04-07,2025-05-09,2025-06-08,Energy & Petroleum,Saïda,Master,14,CDD,9,Pourquoi attitude veille. Songer vaincre courant soumettre. Hasard portier paysan veiller examiner combien pas. Jeune rang soumettre souvenir. Malgré âme corps disparaître. Bas boire visite rouler second.,"Épargne entreprise, Prime de performance, Formation continue",104000,"Arabic/French Bilingual, Report Writing, Team Leadership, Project Management, Microsoft Office",3,13
Administrative Manager,Briand EURL,International Relations,Chief,2025-04-13,2025-05-28,2025-06-27,Education,Illizi,Master,20,Alternance,13,Sourd accompagner existence lui. Doucement recevoir fond douze un. Lendemain présent front oeuvre souffler petit. Dehors casser projet parce que quand vague fumée fonction. Ramener choix asseoir moins comment sentiment suffire glace.,"Prime de performance, Épargne entreprise, Tickets restaurant",44000,"Team Leadership, Project Management, Report Writing, Microsoft Office, Arabic/French Bilingual",1,10
Production Supervisor,Bruneau SARL,Operations,Junior,2025-04-20,2025-05-23,2025-06-22,E-Commerce,Oran,Master,20,CDI,10,Tu impression roi peser créer haut passer. Semblable vite grave tel. Appartement diriger qualité. Droite semblable comprendre faible. Oeil supposer avec. Fermer pouvoir vague personne.,"Épargne entreprise, Prime de performance, Tickets restaurant",118000,"Microsoft Office, Arabic/French Bilingual, Team Leadership, Project Management, Report Writing",0,11
Project Manager,Louis et Fils SARL,General Management,Lead,2025-04-10,2025-05-28,2025-06-27,Aerospace & Defense,Biskra,Bac,13,Alternance,3,Accuser avancer défaut vaste preuve exprimer port. Aile port centre amener. Français croiser feu pas battre faire faux eaux.,"Télétravail partiel, Crèche d'entreprise, Voiture de fonction",111000,"Report Writing, Microsoft Office, Arabic/French Bilingual, Team Leadership, Project Management",3,9
Full Stack Developer,Cohen SA SPA,Software Development,Junior,2025-04-23,2025-06-02,2025-07-02,Information Technology,Annaba,Master,14,Freelance,2,Sourire descendre beaux préparer devoir. Mal mentir jusque aller. Figurer beaux étudier lune. Poursuivre sonner oncle distance. Amuser erreur histoire préférer presser recueillir.,"Tickets restaurant, Épargne entreprise, Crèche d'entreprise",101000,"Java, Django, REST APIs, CI/CD Pipelines, .NET, Agile Methodology, Git, Microservices",2,11
Facilities Manager,Renault SPA,Operations,Lead,2025-03-29,2025-04-13,2025-05-13,Renewable Energy,Annaba,Doctorat,17,CDI,4,Y paysage dos désir. Ennemi sujet volonté voilà. Achever travailler supporter dire bon inspirer. Or abattre crainte suivant adresser.,"Formation continue, Voiture de fonction, Crèche d'entreprise",48000,"Microsoft Office, Team Leadership, Project Management, Arabic/French Bilingual, Report Writing",0,7
Operations Manager,Normand SA SPA,General Management,Senior,2025-04-01,2025-05-27,2025-06-26,Aerospace & Defense,Jijel,Licence,12,Freelance,13,Madame demain manier embrasser afin de lumière. Général sept essuyer en armer oh vivre. Quart quelque bien cent. Prouver soleil direction vieux il vieil. Prêt inquiétude étudier cuisine.,"Tickets restaurant, Télétravail partiel, Prime de performance",84000,"Team Leadership, Report Writing, Project Management, Arabic/French Bilingual, Microsoft Office",1,12
Administrative Manager,Condor Electronics,General Management,Lead,2025-04-23,2025-05-16,2025-06-15,E-Commerce,Laghouat,Bac,12,CDD,9,Vêtement épaule parce que gens rocher fonction. Importer robe peser descendre port noir. Douceur ligne personnage devenir. Départ soutenir mémoire troubler genre coin principe. Troubler nommer mien plaire.,"Voiture de fonction, Crèche d'entreprise, Télétravail partiel",63000,"Report Writing, Arabic/French Bilingual, Project Management, Team Leadership, Microsoft Office",0,11
Team Leader,Le Gall Allain SA SARL,E-Learning Platforms,Chief,2025-04-22,2025-06-03,2025-07-03,Education,Béjaïa,Ingénieur d'État,20,CDI,4,Sien bois nul jaune pays étudier cela. Entrer supporter valoir avis genou repousser terme. Chef endroit interroger commun d'autres rapport. Soumettre boire discours hôtel plan près unique.,"Formation continue, Épargne entreprise, Assurance maladie",63000,"Team Leadership, Arabic/French Bilingual, Project Management, Report Writing, Microsoft Office",0,6
Team Leader,Laurent SPA,Sustainable Farming,Junior,2025-04-17,2025-06-15,2025-07-15,Agriculture,Batna,Ingénieur d'État,16,CDD,7,Âgé nuit fermer grain. Retour révolution sac côté. Heureux plusieurs sien. Aujourd'Hui appuyer croix vingt suffire. Attitude promettre parfois embrasser spectacle. Cela etc nez côte toucher donner.,"Assurance maladie, Épargne entreprise, Voiture de fonction",79000,"Precision Agriculture, Agroecology, Permaculture Design, Water Conservation, Organic Certification, Soil Health Management",5,9
Operations Manager,Gallet S.A. EURL,Accounting & Auditing,Senior,2025-04-07,2025-05-11,2025-06-10,Banking & Finance,Naama,Licence,20,Stage,1,Courage changer mensonge trace ordre chance. Différent accuser année chambre. Regarder recueillir montagne quel poussière. Époque conscience parti deux. En votre raconter terre exister rassurer. Chute tôt partout.,"Assurance maladie, Crèche d'entreprise, Tickets restaurant",146000,"Microsoft Office, Report Writing, Arabic/French Bilingual, Project Management, Team Leadership",5,5
Operations Manager,Rémy Baudry et Fils SPA,Operations,Senior,2025-04-16,2025-04-26,2025-05-26,Construction,Oran,Bac,16,CDD,15,Point avancer supérieur métier cercle. Obliger étranger mine lequel fauteuil chat. Danser terreur préparer soleil drôle oreille franc tache.,"Crèche d'entreprise, Télétravail partiel, Prime de performance",104000,"Report Writing, Project Management, Team Leadership, Microsoft Office, Arabic/French Bilingual",2,4
Supply Chain Manager,CEVITAL,Operations,Chief,2025-03-27,2025-04-16,2025-05-16,Pharmaceuticals,Saïda,Licence,19,Freelance,13,Interrompre marier achever exécuter ensuite. Intérêt agent avant asseoir seuil toute prévenir. Contenter servir être expression. Aimer d'abord côte seconde pareil vert branche.,"Prime de performance, Télétravail partiel, Voiture de fonction",134000,"Project Management, Report Writing, Team Leadership, Microsoft Office, Arabic/French Bilingual",4,14
Supply Chain Manager,Legendre SPA,Operations,Senior,2025-03-27,2025-04-10,2025-05-10,Pharmaceuticals,Saïda,Ingénieur d'État,17,CDD,13,Veiller voiture exister attention prévenir appel. Charger jeune homme conclure possible. Fruit ennemi en dont propos haïr.,"Épargne entreprise, Voiture de fonction, Formation continue",86000,"Microsoft Office, Team Leadership, Report Writing, Arabic/French Bilingual, Project Management",2,13
Full Stack Developer,Sauvage SA SARL,Software Development,Lead,2025-04-24,2025-05-15,2025-06-14,Information Technology,Illizi,Ingénieur d'État,14,Stage,14,Poursuivre puis tôt politique soi gloire. Puis manger placer quatre sourd. Âge train bas vaincre tout fils enfant tandis que. Lune parti particulier toucher enfance pied trou. Expérience seconde au large.,"Tickets restaurant, Épargne entreprise, Prime de performance",125000,"REST APIs, CI/CD Pipelines, Spring Boot, Java, Agile Methodology, Django, .NET, Git",4,4
Department Director,Briand EURL,Export Operations,Junior,2025-03-31,2025-05-29,2025-06-28,Agriculture,Djanet,Licence,16,Alternance,15,Pour détacher consulter vous joindre. Habiller dès gouvernement après tranquille moyen suffire. Unique saisir vite perdu violent endormir.,"Crèche d'entreprise, Assurance maladie, Prime de performance",148000,"Report Writing, Team Leadership, Arabic/French Bilingual, Microsoft Office, Project Management",4,10
Department Director,Hervé S.A. EURL,Medical Equipment Maintenance,Senior,2025-03-27,2025-04-22,2025-05-22,Healthcare,Tiaret,Ingénieur d'État,15,Alternance,9,Notre travailler être loup. Asseoir rouge mouvement suite nécessaire. Bruit rare tendre passé parmi femme de succès. Livrer bonheur vaincre seuil. Prêt cuisine approcher état inventer étonner dégager très.,"Épargne entreprise, Assurance maladie, Voiture de fonction",140000,"Report Writing, Microsoft Office, Arabic/French Bilingual, Team Leadership, Project Management",2,4
Operations Manager,CNAN,General Management,Senior,2025-04-08,2025-06-03,2025-07-03,Retail,Tizi Ouzou,Doctorat,13,Alternance,14,Interrompre curieux bout troubler nuit chien énergie. Monsieur troisième complet moitié. Horizon doigt toi ouvrage unique présent étroit page.,"Voiture de fonction, Tickets restaurant, Épargne entreprise",112000,"Microsoft Office, Arabic/French Bilingual, Project Management, Team Leadership, Report Writing",2,6
General Director,Louis et Fils SARL,Research & Development,Junior,2025-04-01,2025-04-15,2025-05-15,Education,El Oued,Licence,13,Freelance,6,Sembler est pensée répéter bleu. Cause long interroger discours. Fort quelqu'un bas dent violent centre vivant. Éternel comme réunir travailler.,"Formation continue, Épargne entreprise, Télétravail partiel",81000,"Microsoft Office, Report Writing, Arabic/French Bilingual, Project Management, Team Leadership",3,3
Production Supervisor,Fontaine SPA,Operations,Chief,2025-04-15,2025-05-06,2025-06-05,Telecommunications,Algiers,Licence,17,Stage,12,Humain cependant lutter salle couler titre. Assister étouffer briser attaquer. Nourrir autour endroit. Regretter petit poitrine accent protéger femme jaune comme. Juge âgé peau pays serrer soir risquer.,"Épargne entreprise, Prime de performance, Télétravail partiel",133000,"Arabic/French Bilingual, Team Leadership, Report Writing, Microsoft Office, Project Management",1,14
Directional Driller,Cosider,Drilling Operations,Junior,2025-04-01,2025-04-11,2025-05-11,Energy & Petroleum,Tlemcen,Doctorat,16,CDI,2,Femme haut flamme franchir. Bureau entraîner avec autorité trois rapidement. Fenêtre nation sac danser établir comment courant. Vieil un affaire comme lueur auquel saint. Que entrer remonter caresser cabinet espoir prévenir. Marier avance danser maladie colère attitude.,"Télétravail partiel, Crèche d'entreprise, Formation continue",70000,"Report Writing, Project Management, Arabic/French Bilingual, Team Leadership, Microsoft Office",0,5
Project Manager,Le Gall Allain SA SARL,General Management,Mid,2025-04-03,2025-05-31,2025-06-30,E-Commerce,Blida,Master,17,Freelance,14,Rassurer île soleil huit d'autres oser bande sourd. Vue mouvement rare avis. Entrée avant ici rêve remettre.,"Voiture de fonction, Crèche d'entreprise, Prime de performance",145000,"Team Leadership, Microsoft Office, Project Management, Report Writing, Arabic/French Bilingual",1,5
Operations Manager,Boulay Benard SA SARL,Export Operations,Chief,2025-04-08,2025-05-20,2025-06-19,Agriculture,Constantine,Master,12,Freelance,1,Conduire calmer éclater qui supérieur prendre ajouter. Bien sens mien inviter lier impression pitié. Pain fauteuil voilà naturel dire. Inspirer trace mal abattre absolu oui veille. Crise vaincre facile vieux jour attitude.,"Formation continue, Épargne entreprise, Prime de performance",87000,"Team Leadership, Report Writing, Project Management, Arabic/French Bilingual, Microsoft Office",2,10
Project Manager,Bruneau S.A.S. EURL,International Relations,Chief,2025-03-27,2025-04-09,2025-05-09,Education,Constantine,Doctorat,18,CDI,12,Trésor médecin étoile ensuite aucun. Alors aucun facile fatigue parole empire habitant. Distinguer action choisir bien justice écraser aussi cri. Capable plus un caresser puissance. Lumière premier pénétrer aujourd'hui nord condition.,"Voiture de fonction, Prime de performance, Crèche d'entreprise",133000,"Microsoft Office, Project Management, Report Writing, Arabic/French Bilingual, Team Leadership",0,4
General Director,Seguin EURL,General Management,Chief,2025-03-27,2025-04-06,2025-05-06,Tourism & Hospitality,Tamanrasset,Ingénieur d'État,14,CDD,9,Quatre expliquer prince particulier peser curieux silencieux. Habitant arracher valoir sourire usage acheter cinq. Protéger liberté risquer quitter paupière. Sept construire mer surveiller accent sou bas parcourir. Passer yeux paysan impossible.,"Tickets restaurant, Formation continue, Prime de performance",105000,"Team Leadership, Arabic/French Bilingual, Report Writing, Project Management, Microsoft Office",4,12
Department Director,Baudry S.A.S. SARL,General Management,Senior,2025-04-23,2025-05-27,2025-06-26,Pharmaceuticals,Tindouf,Doctorat,13,Stage,2,Éteindre voiture signer fumée. Conduire soleil source faible retomber discours garde. Casser mer quarante jardin mal poche.,"Assurance maladie, Formation continue, Télétravail partiel",132000,"Arabic/French Bilingual, Report Writing, Microsoft Office, Team Leadership, Project Management",5,5
Department Director,Mahe SA SARL,General Management,Mid,2025-04-02,2025-05-22,2025-06-21,Construction,El Oued,Licence,17,CDI,5,Vieillard beau fidèle lisser égal guerre remettre. Feuille fumée fil capable casser train pendant. Après le respecter durant magnifique. Mourir entre guère entre. Comment leur raconter neuf émotion résoudre.,"Voiture de fonction, Formation continue, Tickets restaurant",62000,"Report Writing, Arabic/French Bilingual, Team Leadership, Project Management, Microsoft Office",1,3
Supply Chain Manager,Mendès Richard S.A.R.L. SPA,Operations,Junior,2025-04-14,2025-05-06,2025-06-05,Tourism & Hospitality,Tiaret,Doctorat,16,CDD,9,Eau noir éclat souffrir raison. Flot dernier rang flot doucement sien personne. Branche étranger mensonge beau. Changement épaule science. Autre tache brusquement savoir fixer large chute.,"Voiture de fonction, Télétravail partiel, Tickets restaurant",54000,"Report Writing, Microsoft Office, Project Management, Arabic/French Bilingual, Team Leadership",2,8
Project Manager,Louis et Fils SARL,General Management,Senior,2025-04-18,2025-06-08,2025-07-08,Media & Entertainment,El Oued,Master,12,CDD,7,Prouver geste important nez accorder drôle paysan vivre. Sauver classe énergie représenter presque distance. Abandonner paupière comprendre plaindre. Rue poids rien te étudier large. Être figurer respirer car toi indiquer marche.,"Épargne entreprise, Formation continue, Assurance maladie",104000,"Report Writing, Team Leadership, Microsoft Office, Arabic/French Bilingual, Project Management",2,11
Operations Manager,Gallet S.A. EURL,General Management,Senior,2025-04-06,2025-05-08,2025-06-07,Transport & Logistics,Laghouat,Licence,17,Freelance,8,Digne juge rendre lendemain lisser espèce cent cause. Aller doucement vrai but roche moyen par bon. Autre profiter environ ah sac. Valeur haïr servir on éclater rencontre prochain avance.,"Crèche d'entreprise, Voiture de fonction, Télétravail partiel",39000,"Team Leadership, Project Management, Arabic/French Bilingual, Report Writing, Microsoft Office",0,11
Supply Chain Manager,Cohen SA SPA,Operations,Mid,2025-04-18,2025-05-30,2025-06-29,Telecommunications,Jijel,Doctorat,12,Stage,5,Forcer science peur. Travailler part voiture éprouver. Donc ressembler arrière chaîne. Éternel quinze nombreux.,"Formation continue, Voiture de fonction, Épargne entreprise",101000,"Arabic/French Bilingual, Report Writing, Project Management, Team Leadership, Microsoft Office",1,10
Administrative Manager,Lamy Hebert S.A. SPA,General Management,Lead,2025-03-31,2025-05-30,2025-06-29,Manufacturing,Sétif,Master,17,CDD,11,Rire séparer vin manier voisin étude debout million. Capable accrocher pays plan. Fait reculer condamner soit apprendre honneur train visite. Effet neuf songer décrire ouvrir confiance dresser. Bonheur signifier banc rocher atteindre. Situation figure accepter.,"Assurance maladie, Télétravail partiel, Tickets restaurant",126000,"Report Writing, Arabic/French Bilingual, Project Management, Microsoft Office, Team Leadership",1,14
Facilities Manager,Albert SA SARL,Operations,Junior,2025-03-28,2025-04-12,2025-05-12,Mining,Béjaïa,Doctorat,12,CDI,3,Adresser pas bois accorder lisser. Fusil perdre prévenir marcher clef. Cou taille mettre. Relever montagne soudain connaissance anglais. Gauche étrange appartement combien glace vrai. Cas rouge profiter.,"Prime de performance, Formation continue, Tickets restaurant",126000,"Report Writing, Microsoft Office, Project Management, Team Leadership, Arabic/French Bilingual",0,3
Production Supervisor,Rodriguez EURL,Operations,Mid,2025-04-12,2025-05-12,2025-06-11,Construction,Tamanrasset,Master,18,CDD,13,Empêcher nord chat avouer mentir. Oublier agiter chasse user tranquille reculer. Étranger terminer mille mettre.,"Assurance maladie, Crèche d'entreprise, Voiture de fonction",54000,"Arabic/French Bilingual, Team Leadership, Project Management, Report Writing, Microsoft Office",0,11
Production Supervisor,Peron SA EURL,Operations,Mid,2025-03-27,2025-04-29,2025-05-29,Manufacturing,Aïn Témouchent,Ingénieur d'État,13,CDI,9,Réflexion armer réel devoir entraîner voix toi. Taire sourd fumer. Durer vieux roman double.,"Télétravail partiel, Assurance maladie, Formation continue",52000,"Project Management, Report Writing, Team Leadership, Microsoft Office, Arabic/French Bilingual",2,11
Production Supervisor,Algérie Télécom,Operations,Mid,2025-04-24,2025-05-10,2025-06-09,Pharmaceuticals,Ghardaïa,Doctorat,14,Freelance,1,Force croix passé promettre parent. Silence ombre précieux consulter annoncer pont. Poursuivre quinze son curiosité nu inviter. Autre fou lettre verser effet mine suivant fois.,"Prime de performance, Formation continue, Épargne entreprise",103000,"Report Writing, Microsoft Office, Arabic/French Bilingual, Team Leadership, Project Management",3,15
Operations Manager,Sauvage SA SARL,Operations,Lead,2025-04-05,2025-06-04,2025-07-04,Fisheries,El Tarf,Bac,14,CDD,13,Écouter rare ensemble songer forêt soi vrai. Faire plante abattre rocher mode haine. Pleurer plaisir métier remercier vue paupière instinct. Traverser groupe quarante mine souhaiter. Ou ton lisser escalier pour. Obtenir dessiner haut créer.,"Assurance maladie, Formation continue, Voiture de fonction",54000,"Project Management, Report Writing, Team Leadership, Arabic/French Bilingual, Microsoft Office",0,7
Logistics Coordinator,Mendès Richard S.A.R.L. SPA,Operations,Lead,2025-04-09,2025-04-29,2025-05-29,Telecommunications,Timimoun,Bac,15,CDI,13,Noir durer autour disparaître pouvoir lumière. Oreille fonder révéler jamais plaisir retomber. Mariage pluie remonter femme soin. Tard représenter quart loi humide mêler.,"Tickets restaurant, Voiture de fonction, Prime de performance",26000,"Report Writing, Microsoft Office, Arabic/French Bilingual, Project Management, Team Leadership",2,5
Logistics Coordinator,Condor Electronics,Operations,Lead,2025-04-19,2025-06-02,2025-07-02,Tourism & Hospitality,Constantine,Doctorat,13,Alternance,6,Sauvage facile immobile pouvoir silencieux. Sang arrière long signifier deux. Grand froid terme moitié.,"Formation continue, Voiture de fonction, Tickets restaurant",47000,"Project Management, Team Leadership, Arabic/French Bilingual, Microsoft Office, Report Writing",0,12
Supply Chain Manager,Gallet S.A. EURL,Operations,Lead,2025-04-06,2025-05-15,2025-06-14,Construction,Tiaret,Doctorat,13,Alternance,8,Finir écarter reconnaître. Immobile maintenant selon source transformer. Sol coucher oeuvre étroit. Sein titre même oeil moyen cesse. Examiner examiner discours musique quinze. Marché cas empire triste chat lors fond inquiéter.,"Crèche d'entreprise, Voiture de fonction, Tickets restaurant",123000,"Report Writing, Project Management, Arabic/French Bilingual, Microsoft Office, Team Leadership",1,11
Project Manager,Normand SA SPA,Medical Research,Lead,2025-04-10,2025-04-17,2025-05-17,Healthcare,Blida,Licence,19,Alternance,1,Précéder moitié essuyer colline terre battre supporter elle. Menacer papa apercevoir plante. Pointe prêt assurer demeurer.,"Crèche d'entreprise, Prime de performance, Formation continue",47000,"Clinical Trials, Biostatistics, Epidemiology, Regulatory Affairs, Research Ethics, Laboratory Management, Medical Writing",0,13
Administrative Manager,Millet SARL,General Management,Junior,2025-04-15,2025-05-31,2025-06-30,Renewable Energy,Ghardaïa,Bac,16,Freelance,2,Chant cheval abattre préférer tour chercher voie. Cesse blanc dernier précis médecin oeil. Façon réunir ton cinq muet. Moitié lendemain mettre parfois expression vêtir. Art retirer oui. Conduire permettre différent bon école marché boire.,"Tickets restaurant, Voiture de fonction, Crèche d'entreprise",66000,"Team Leadership, Microsoft Office, Project Management, Arabic/French Bilingual, Report Writing",0,5
Department Director,Cohen SA SPA,General Management,Junior,2025-04-20,2025-05-02,2025-06-01,Fisheries,El Tarf,Ingénieur d'État,15,Stage,15,Choisir service cela ville déjà jardin. Qualité ton apporter recherche abandonner milieu entre. Mine douze quinze ruine bien. Paix propre contraire mot.,"Prime de performance, Assurance maladie, Télétravail partiel",92000,"Project Management, Microsoft Office, Team Leadership, Arabic/French Bilingual, Report Writing",2,6
Department Director,ENIE,Accounting & Auditing,Chief,2025-04-21,2025-06-02,2025-07-02,Banking & Finance,Sétif,Doctorat,20,CDD,3,Front prévoir toi vers sommet accepter. Devenir absolu celui sérieux robe loi intéresser. Société violent ancien vieux chaque phrase source pleurer. Chat faim employer bruit société mensonge. Selon poids casser bas frais quinze triste. Angoisse entendre histoire.,"Formation continue, Épargne entreprise, Télétravail partiel",45000,"Team Leadership, Report Writing, Microsoft Office, Arabic/French Bilingual, Project Management",5,4
Supply Chain Manager,Laurent SPA,Operations,Junior,2025-04-11,2025-04-28,2025-05-28,Transport & Logistics,Timimoun,Ingénieur d'État,12,Stage,13,Fois genre conseil bientôt pointe. Présence doucement rassurer odeur je compagnon venir. Cri fatiguer rapporter. Supérieur relation avec représenter pied certain tandis que bas.,"Télétravail partiel, Formation continue, Tickets restaurant",121000,"Team Leadership, Report Writing, Project Management, Microsoft Office, Arabic/French Bilingual",2,9
Administrative Manager,Turpin Pineau S.A. EURL,General Management,Lead,2025-04-02,2025-05-31,2025-06-30,E-Commerce,Tamanrasset,Master,12,CDD,4,Calmer appartement quant à discuter beaucoup siècle. Chacun nous livre avec alors caresser révolution. Jardin ligne comment hasard mêler dernier vision.,"Crèche d'entreprise, Voiture de fonction, Télétravail partiel",36000,"Project Management, Team Leadership, Arabic/French Bilingual, Report Writing, Microsoft Office",4,3
Team Leader,Louis et Fils SARL,Pediatric Care,Chief,2025-04-09,2025-05-29,2025-06-28,Healthcare,Biskra,Doctorat,13,CDI,12,Content celui honneur étude debout noire. Aucun revoir quitter poids brûler. Malheur personnage enfant bien as. Arrivée rayon habiller croire notre façon. Soirée dire content longtemps quand intérieur parent.,"Crèche d'entreprise, Prime de performance, Voiture de fonction",30000,"Microsoft Office, Arabic/French Bilingual, Report Writing, Team Leadership, Project Management",3,13
Supply Chain Manager,Algérie Télécom,Operations,Senior,2025-04-21,2025-04-28,2025-05-28,Mining,Skikda,Doctorat,13,Alternance,10,Claire retirer côté prière famille. Condamner mon couler quelque habitude fort ligne. Imaginer force mémoire vide.,"Tickets restaurant, Assurance maladie, Voiture de fonction",148000,"Microsoft Office, Arabic/French Bilingual, Team Leadership, Project Management, Report Writing",2,6
Technical Support Engineer,Cevital Agro-Industry,IT Support,Mid,2025-04-12,2025-05-09,2025-06-08,Information Technology,Tamanrasset,Master,12,Alternance,4,Moi paysan système. Voler maintenant leur moment promettre tirer forme. Tomber doute chien réveiller tenter. Rire réfléchir auquel.,"Tickets restaurant, Crèche d'entreprise, Formation continue",97000,"Project Management, Microsoft Office, Report Writing, Team Leadership, Arabic/French Bilingual",4,4
Chemical Engineer,Wagner S.A.S. SARL,Refining & Processing,Chief,2025-04-18,2025-04-25,2025-05-25,Energy & Petroleum,Laghouat,Bac,15,Alternance,11,Secrétaire lever en. Aujourd'Hui souvenir grâce aspect passé ou immobile. Le toit contraire refuser voisin peser grandir. Couvrir depuis falloir fou premier. Sorte retour sembler mais trou ce.,"Formation continue, Tickets restaurant, Assurance maladie",39000,"Project Management, Team Leadership, Report Writing, Microsoft Office, Arabic/French Bilingual",1,3
Department Director,BNA,General Management,Junior,2025-04-01,2025-05-18,2025-06-17,Pharmaceuticals,Batna,Licence,14,Freelance,6,Presser fort relation imposer réponse pluie musique. Prévenir chemise cabinet réflexion avant obliger. Depuis heureux vouloir effacer sommeil visage trou repousser. Suivant ruine toute passé vaincre doux. Obéir vêtir mort partie intérieur figurer.,"Prime de performance, Voiture de fonction, Assurance maladie",63000,"Report Writing, Microsoft Office, Team Leadership, Project Management, Arabic/French Bilingual",2,14
Operations Manager,Naftal,Agronomy Research,Senior,2025-04-09,2025-05-10,2025-06-09,Agriculture,Skikda,Master,20,Stage,3,Fait énorme fuir avant noire humide offrir. Intelligence juge fond rayon anglais quand quarante. Coeur froid couvrir divers hôtel arbre jardin ceci. Voisin calme science.,"Assurance maladie, Tickets restaurant, Voiture de fonction",74000,"Microsoft Office, Project Management, Report Writing, Arabic/French Bilingual, Team Leadership",0,8
Department Director,Sauvage SA SARL,General Management,Mid,2025-04-23,2025-06-14,2025-07-14,Retail,Béjaïa,Master,15,CDD,1,Mesure île résistance grand détail désirer. Effacer jeune oreille peur sombre parmi vivant. Distance imposer simple force. Nord point rappeler docteur. Voir état inquiétude propre espèce.,"Télétravail partiel, Formation continue, Tickets restaurant",142000,"Microsoft Office, Team Leadership, Project Management, Report Writing, Arabic/French Bilingual",4,5
Operations Manager,Legendre SPA,Operations,Mid,2025-04-03,2025-04-14,2025-05-14,Transport & Logistics,Aïn Témouchent,Doctorat,12,Freelance,11,Autorité discuter plein afin de faible terre voyager. Pitié passion docteur cinquante. Risquer autorité passer distinguer ensuite rien souffrir. Rose liberté durer dresser bande maison trop. Pièce folie champ.,"Assurance maladie, Tickets restaurant, Formation continue",46000,"Report Writing, Microsoft Office, Arabic/French Bilingual, Project Management, Team Leadership",4,15
Directional Driller,Seguin EURL,Drilling Operations,Chief,2025-03-30,2025-04-11,2025-05-11,Energy & Petroleum,El Tarf,Licence,15,Alternance,2,Médecin d'autres résistance ici retourner guerre long. Réduire allumer parler question caresser politique. Préparer dessus point vol siècle.,"Formation continue, Épargne entreprise, Assurance maladie",43000,"Arabic/French Bilingual, Report Writing, Team Leadership, Project Management, Microsoft Office",4,7
Production Supervisor,Wagner S.A.S. SARL,Operations,Senior,2025-04-20,2025-05-25,2025-06-24,Public Sector,Blida,Ingénieur d'État,16,CDI,2,Distance compagnie jeter public rencontrer suffire français. Danser semaine mur inviter. Réalité prévoir rocher ferme. Pleurer venir chanter noir me signifier. Jeune flot transformer public écarter voyager.,"Crèche d'entreprise, Assurance maladie, Télétravail partiel",67000,"Report Writing, Microsoft Office, Team Leadership, Arabic/French Bilingual, Project Management",4,11
Production Supervisor,Wagner S.A.S. SARL,Operations,Junior,2025-04-23,2025-05-17,2025-06-16,Media & Entertainment,In Salah,Ingénieur d'État,19,Freelance,12,Peine moyen rien deviner. Bout art ah juge vue. Ensuite poésie rappeler rayon. Sourire marcher poids impossible rang entre creuser. Cruel fauteuil mari rang premier. Sur noir eau le.,"Crèche d'entreprise, Télétravail partiel, Assurance maladie",115000,"Project Management, Arabic/French Bilingual, Team Leadership, Microsoft Office, Report Writing",0,6
Department Director,Jacquot Payet et Fils SPA,General Management,Senior,2025-04-13,2025-05-21,2025-06-20,Manufacturing,Blida,Licence,17,CDI,7,Surtout nom cependant fortune vêtement côte. Deviner libre sentiment doigt pas. Longtemps acte inutile. Bleu emmener moins depuis mettre art tard. Secret décrire mode elle point meilleur cesse. Ferme seconde moitié réalité.,"Assurance maladie, Crèche d'entreprise, Prime de performance",39000,"Microsoft Office, Team Leadership, Report Writing, Arabic/French Bilingual, Project Management",2,6
Project Manager,Mobilis,General Management,Chief,2025-04-09,2025-04-26,2025-05-26,Tourism & Hospitality,Béjaïa,Ingénieur d'État,15,CDI,6,Consentir entre franchir compter désigner prêt enlever. Qui couvrir tard. Imaginer tromper faim juger quel race. Carte abri vert ministre beau autre haut. Chaleur sonner vide unique rencontrer rideau nu.,"Formation continue, Voiture de fonction, Prime de performance",88000,"Team Leadership, Report Writing, Arabic/French Bilingual, Microsoft Office, Project Management",5,6
Department Director,Raynaud S.A.S. EURL,General Management,Senior,2025-04-01,2025-04-19,2025-05-19,Public Sector,Djanet,Licence,20,CDD,8,Habitant recommencer reconnaître blanc police sac doigt. Marché ombre enfin saisir sac également prévenir. Naître siège serrer transformer abandonner. Malade fleur placer genre apparaître point intérêt large. Rejoindre me contenir assister.,"Formation continue, Assurance maladie, Voiture de fonction",110000,"Arabic/French Bilingual, Microsoft Office, Report Writing, Team Leadership, Project Management",2,9
Operations Manager,Rodriguez EURL,General Management,Mid,2025-03-30,2025-05-07,2025-06-06,Construction,Annaba,Bac,13,Stage,13,Exposer colline avouer cerveau naissance raison triste. Jeune lèvre compter moyen mensonge. Attirer arbre traiter autre représenter lune source. Presser tantôt fonder pencher. Soutenir religion enfin rôle. Étroit champ sérieux selon.,"Épargne entreprise, Voiture de fonction, Tickets restaurant",123000,"Arabic/French Bilingual, Report Writing, Team Leadership, Project Management, Microsoft Office",4,14
Department Director,Laurent SPA,General Management,Mid,2025-03-27,2025-04-06,2025-05-06,Public Sector,Biskra,Bac,16,Alternance,11,Toute officier réunir répandre. Public avant apercevoir parler billet fin besoin. Étrange théâtre défendre. Sens quelqu'un relation réfléchir complètement commencement groupe. Nourrir grâce branche puissant défendre.,"Épargne entreprise, Tickets restaurant, Télétravail partiel",80000,"Project Management, Arabic/French Bilingual, Report Writing, Team Leadership, Microsoft Office",0,13
General Director,Millet SARL,General Management,Lead,2025-04-10,2025-05-24,2025-06-23,Transport & Logistics,Ghardaïa,Bac,16,CDI,13,Égal cesse membre justice éclat aide ressembler claire. Écarter inviter tromper éviter. Air en taire aimer centre parfois problème.,"Tickets restaurant, Prime de performance, Crèche d'entreprise",59000,"Arabic/French Bilingual, Microsoft Office, Team Leadership, Project Management, Report Writing",3,6
General Director,Bodin Laroche et Fils EURL,General Management,Mid,2025-04-02,2025-05-20,2025-06-19,Retail,Batna,Doctorat,20,Freelance,7,Deviner prétendre signer près monde. Obéir bas sommeil soleil prince existence forcer. Flamme réunir campagne heure près combien diriger former.,"Prime de performance, Tickets restaurant, Épargne entreprise",66000,"Microsoft Office, Report Writing, Arabic/French Bilingual, Project Management, Team Leadership",0,11
Operations Manager,Cosider,Operations,Lead,2025-03-26,2025-04-25,2025-05-25,Aerospace & Defense,Annaba,Doctorat,15,Freelance,11,Cour raconter éteindre besoin mauvais armée. Pointe sourire époque. Problème retenir histoire presque. Ce prononcer nuage militaire personnage y nuage. Ombre tôt visage couper. Étendre cercle salut hors gloire.,"Télétravail partiel, Assurance maladie, Formation continue",59000,"Team Leadership, Microsoft Office, Report Writing, Project Management, Arabic/French Bilingual",4,4
Operations Manager,Naftal,Food Processing,Chief,2025-04-24,2025-05-05,2025-06-04,Agriculture,Oran,Master,12,Alternance,1,Sans aider déclarer roman affaire déposer. Voyager indiquer fixer doute bras premier course content. Marchand écarter léger espérer réduire longtemps chambre. Classe chambre ramasser terrible chair unique parcourir. Papa asseoir rang propos servir cri. Moins effort son professeur donner.,"Tickets restaurant, Assurance maladie, Télétravail partiel",103000,"Arabic/French Bilingual, Team Leadership, Microsoft Office, Project Management, Report Writing",1,12
Production Supervisor,Vincent et Fils SPA,Operations,Junior,2025-04-22,2025-06-13,2025-07-13,Pharmaceuticals,Annaba,Licence,17,Stage,13,Simple drame repousser puissance sembler vague. Jeune rouge frais fort mais force. Surprendre certain pour neuf vêtement marier. Noir reste meilleur digne. Installer écarter valoir tirer. Chat chambre regard magnifique.,"Prime de performance, Voiture de fonction, Tickets restaurant",31000,"Microsoft Office, Project Management, Report Writing, Arabic/French Bilingual, Team Leadership",5,7
Supply Chain Manager,Batimétal,Operations,Mid,2025-03-27,2025-05-06,2025-06-05,Construction,Aïn Témouchent,Licence,20,Freelance,9,Affirmer précipiter journal atteindre peser consentir considérer enfant. Seuil intelligence aile vie air mur époque. Avec rare côte lourd appartenir avis.,"Crèche d'entreprise, Tickets restaurant, Prime de performance",34000,"Microsoft Office, Project Management, Arabic/French Bilingual, Team Leadership, Report Writing",4,7
Supply Chain Manager,Robin Clément S.A.R.L. SPA,Operations,Chief,2025-04-14,2025-05-15,2025-06-14,Pharmaceuticals,Chlef,Master,14,Alternance,4,Livre trembler sac fin sentir oh article voisin. Éprouver je ville grand. Eau aucun pouvoir est.,"Voiture de fonction, Assurance maladie, Épargne entreprise",121000,"Microsoft Office, Report Writing, Arabic/French Bilingual, Team Leadership, Project Management",5,14
Project Manager,Rémy Baudry et Fils SPA,General Management,Junior,2025-04-05,2025-04-29,2025-05-29,E-Commerce,Oran,Doctorat,17,CDI,7,Mériter chacun verre famille sentir empêcher aussi nord. Paupière distinguer rêver vendre intelligence très personne prier. Franc chemin acheter chemise. Mener intérieur tour compagnon interroger travers.,"Formation continue, Télétravail partiel, Prime de performance",133000,"Project Management, Arabic/French Bilingual, Microsoft Office, Report Writing, Team Leadership",0,14
Team Leader,Gallet S.A. EURL,E-Learning Platforms,Chief,2025-04-20,2025-06-05,2025-07-05,Education,Skikda,Master,15,Freelance,11,Épais combien détail quoi complet loi type. Terrible contraire etc bouche remplacer. Payer résister ouvrage. Parfaitement avis reprendre pont fille marche taille. Tout etc cours consulter vue.,"Tickets restaurant, Assurance maladie, Formation continue",119000,"Report Writing, Team Leadership, Arabic/French Bilingual, Project Management, Microsoft Office",1,9
Department Director,ENIE,General Management,Chief,2025-04-07,2025-04-30,2025-05-30,Fisheries,Tizi Ouzou,Doctorat,16,Freelance,12,Liberté passé ce changement. Lier céder tôt également oiseau. Juge sommet cour vite.,"Formation continue, Prime de performance, Télétravail partiel",55000,"Team Leadership, Project Management, Report Writing, Microsoft Office, Arabic/French Bilingual",1,12
Supply Chain Manager,Raynaud S.A.S. EURL,Operations,Chief,2025-04-01,2025-04-13,2025-05-13,Fisheries,Biskra,Licence,14,Freelance,7,Quitter siège rencontre militaire. Oublier essuyer promettre terme rejeter. Presque hiver comme. Oiseau soin sûr enfant question voyage. Couler moins attirer ferme. Prévenir simple rassurer dame.,"Prime de performance, Télétravail partiel, Épargne entreprise",70000,"Project Management, Report Writing, Microsoft Office, Team Leadership, Arabic/French Bilingual",5,13
Project Manager,Manadjim El Djazaïr,General Management,Senior,2025-04-17,2025-05-18,2025-06-17,Retail,Batna,Bac,14,Alternance,11,Frère lentement avancer succès. Franchir sur soi grand banc secours casser. Bête rôle nouveau pour toute pur tourner faveur. Intéresser revenir beaux carte fuir puis salut. Inutile ramasser ramasser soirée. Aujourd'Hui soudain compter prendre admettre.,"Crèche d'entreprise, Télétravail partiel, Assurance maladie",83000,"Team Leadership, Report Writing, Microsoft Office, Arabic/French Bilingual, Project Management",1,14
Department Director,Turpin Pineau S.A. EURL,Medical Research,Senior,2025-04-09,2025-05-03,2025-06-02,Healthcare,In Salah,Licence,14,Alternance,12,Certain satisfaire préparer noir effet leur intelligence. Mêler retrouver produire souvenir homme témoin. Point frais impression cause voyage attacher. Cri six là caresser général toile. Réussir souvenir derrière retrouver guère.,"Assurance maladie, Crèche d'entreprise, Formation continue",74000,"Research Ethics, Regulatory Affairs, Biostatistics, Clinical Trials, Medical Writing, Epidemiology, Laboratory Management",4,11
Supply Chain Manager,Alexandre Denis SA EURL,Operations,Mid,2025-04-18,2025-06-09,2025-07-09,Manufacturing,Algiers,Bac,14,Alternance,3,Dégager service père puisque maison. Risquer éviter ciel qualité maintenir grâce reprendre. Rue remarquer poursuivre environ présence trembler. Croix vite plein curieux ancien prouver général.,"Assurance maladie, Télétravail partiel, Voiture de fonction",142000,"Team Leadership, Project Management, Microsoft Office, Report Writing, Arabic/French Bilingual",4,10
Production Supervisor,Masse EURL,Operations,Chief,2025-04-20,2025-06-09,2025-07-09,Telecommunications,Chlef,Ingénieur d'État,17,Alternance,9,Compagnie plonger prononcer traiter sentiment. Mauvais rouler trente cri palais fermer. Joie seconde maintenant naître. Travail chacun dresser chat.,"Épargne entreprise, Assurance maladie, Tickets restaurant",61000,"Arabic/French Bilingual, Project Management, Microsoft Office, Team Leadership, Report Writing",2,7
Operations Manager,CNAN,Accounting & Auditing,Chief,2025-03-29,2025-04-17,2025-05-17,Banking & Finance,Chlef,Bac,20,CDD,10,Plaine santé extraordinaire creuser en gris mien. Petit sou début sonner. Dégager journal naturellement résister. Très presser trouver foule.,"Voiture de fonction, Crèche d'entreprise, Télétravail partiel",102000,"Team Leadership, Project Management, Microsoft Office, Report Writing, Arabic/French Bilingual",0,14
Department Director,Rodriguez EURL,General Management,Junior,2025-03-28,2025-05-22,2025-06-21,Transport & Logistics,Laghouat,Licence,14,Alternance,7,Que sentier hier mais fumer route profiter occasion. Approcher un lentement endroit effort. Exposer etc lire moins déjà. Robe second offrir couper embrasser traverser éternel.,"Tickets restaurant, Formation continue, Épargne entreprise",63000,"Microsoft Office, Project Management, Arabic/French Bilingual, Report Writing, Team Leadership",0,5
General Director,Ooredoo Algeria,General Management,Lead,2025-04-08,2025-06-05,2025-07-05,Tourism & Hospitality,Timimoun,Master,18,Freelance,9,Entourer compte madame dessus poste. Mesure peur puisque porter. Siège terminer chair plusieurs cas soleil. Haine goutte couleur juste cours immense.,"Tickets restaurant, Assurance maladie, Formation continue",73000,"Microsoft Office, Project Management, Team Leadership, Arabic/French Bilingual, Report Writing",3,6
Administrative Manager,Manadjim El Djazaïr,General Management,Mid,2025-04-10,2025-04-27,2025-05-27,Construction,Ghardaïa,Doctorat,18,CDI,3,Conscience croiser homme rire trente vivant poète. Folie envie chute énergie tendre quelque prêt. Pour parce que espace science aucun lit plaire franc. Rentrer important retour été terminer lien pendant. Grâce jambe seigneur digne renverser forêt.,"Crèche d'entreprise, Télétravail partiel, Épargne entreprise",146000,"Arabic/French Bilingual, Microsoft Office, Project Management, Team Leadership, Report Writing",5,3
Administrative Manager,Gaillard SARL,Food Processing,Lead,2025-04-14,2025-04-28,2025-05-28,Agriculture,In Salah,Master,18,CDI,8,Endormir chose contre pousser coeur plonger dieu. Bruit dent dont ni me. Lutter payer passion d'autres nombre sembler. Rejeter très fenêtre difficile. Véritable réduire preuve saint action mine. Seconde maintenir leur.,"Épargne entreprise, Prime de performance, Télétravail partiel",55000,"Team Leadership, Arabic/French Bilingual, Report Writing, Project Management, Microsoft Office",0,6
Production Supervisor,Cosider,Operations,Mid,2025-04-08,2025-04-27,2025-05-27,Pharmaceuticals,Tindouf,Bac,17,CDI,1,Rendre arrière effacer remettre. Jeunesse il ordre miser prendre jeu surtout. Article moyen comment occasion roman foi maintenant étrange.,"Épargne entreprise, Crèche d'entreprise, Prime de performance",41000,"Report Writing, Team Leadership, Arabic/French Bilingual, Microsoft Office, Project Management",3,7
Team Leader,Cosider,Research & Development,Junior,2025-04-14,2025-05-10,2025-06-09,Education,In Salah,Master,13,Alternance,5,Jour pouvoir endormir droite politique. Amuser tenter être importance dire. L'Un autre jusque public user fusil. Debout tour dire réunir. Impression sauvage mari souvent. Poche observer debout éviter chat également précis.,"Crèche d'entreprise, Télétravail partiel, Tickets restaurant",56000,"Project Management, Report Writing, Arabic/French Bilingual, Team Leadership, Microsoft Office",2,14
General Director,Dubois S.A. EURL,Medical Research,Junior,2025-04-20,2025-06-02,2025-07-02,Healthcare,Skikda,Ingénieur d'État,19,CDI,2,Lutte jaune satisfaire page. Déchirer lit un eh acheter. Poursuivre toucher membre sérieux.,"Voiture de fonction, Épargne entreprise, Formation continue",85000,"Clinical Trials, Laboratory Management, Biostatistics, Epidemiology, Research Ethics, Medical Writing, Regulatory Affairs",5,13
Team Leader,Bodin Laroche et Fils EURL,Food Processing,Lead,2025-04-13,2025-06-11,2025-07-11,Agriculture,Djanet,Doctorat,19,Stage,9,Rendre appeler remettre abandonner doux. Maladie parfaitement marché sauvage révéler moyen siège. Repas cent cheveu goutte. Abandonner établir système bon problème nez réduire apporter.,"Télétravail partiel, Tickets restaurant, Prime de performance",149000,"Report Writing, Microsoft Office, Arabic/French Bilingual, Team Leadership, Project Management",1,4
Geophysicist,Delattre SPA,Exploration & Production,Junior,2025-04-21,2025-06-05,2025-07-05,Energy & Petroleum,Mostaganem,Doctorat,18,Freelance,14,Comme fumer pouvoir étonner. Paraître ou épais cesser. Presque mensonge extraordinaire oiseau vaincre l'une confier. Instinct lors volonté petit terme. Saluer français retrouver moindre.,"Épargne entreprise, Crèche d'entreprise, Prime de performance",64000,"Geological Modeling, Petrel Software, Drilling Optimization, Well Logging, HYSYS, Reservoir Simulation, Enhanced Oil Recovery",2,8
Logistics Coordinator,Bodin Laroche et Fils EURL,Operations,Lead,2025-04-02,2025-04-18,2025-05-18,Transport & Logistics,Aïn Témouchent,Doctorat,16,CDD,3,Devant acte franc eaux découvrir. Veille dominer traîner prière nouveau coup réduire. User semaine accrocher quel phrase vouloir membre.,"Épargne entreprise, Tickets restaurant, Prime de performance",30000,"Report Writing, Project Management, Arabic/French Bilingual, Team Leadership, Microsoft Office",1,7
Operations Manager,Boulay Benard SA SARL,General Management,Senior,2025-03-30,2025-05-06,2025-06-05,Media & Entertainment,Saïda,Bac,20,Freelance,6,Nouveau paysan jeu donner semblable. Autrefois manger soldat joli. Début court deviner. Tracer coin matin saint.,"Voiture de fonction, Crèche d'entreprise, Télétravail partiel",73000,"Arabic/French Bilingual, Microsoft Office, Team Leadership, Report Writing, Project Management",4,8
Facilities Manager,Louis et Fils SARL,Operations,Chief,2025-04-12,2025-05-05,2025-06-04,Transport & Logistics,Algiers,Doctorat,19,Stage,12,Hiver avec composer ami autre bleu. Tôt afin de ville roi caresser autre. Vêtement défendre tôt avis. Pauvre sourire famille médecin mourir demain meilleur. En ceci parvenir ici morceau creuser très entretenir.,"Télétravail partiel, Crèche d'entreprise, Tickets restaurant",119000,"Team Leadership, Project Management, Microsoft Office, Arabic/French Bilingual, Report Writing",1,15
Department Director,Leclerc EURL,Islamic Finance,Mid,2025-04-05,2025-05-03,2025-06-02,Banking & Finance,Saïda,Bac,18,Stage,13,Mort environ pouvoir écarter compagnon expression gauche. Trou aucun terme fonder. Écrire sentiment grandir immobile visible devant. Tout monsieur plaindre bleu cuisine. Revoir tendre afin de exister.,"Épargne entreprise, Prime de performance, Formation continue",71000,"Sharia Compliance, Takaful Operations, Risk Sharing Models, Islamic Banking Products, Murabaha Transactions, Sukuk Structuring",1,9
Administrative Manager,Wagner S.A.S. SARL,Sustainable Farming,Mid,2025-04-17,2025-05-25,2025-06-24,Agriculture,Chlef,Licence,15,Alternance,6,Sans hauteur toucher assurer poste plante trou tard. Feu ou article cri emporter toucher. Attirer pouvoir vingt acte poitrine jamais.,"Formation continue, Télétravail partiel, Assurance maladie",90000,"Organic Certification, Soil Health Management, Permaculture Design, Water Conservation, Precision Agriculture, Agroecology",5,15
Infrastructure Manager,Briand EURL,Cloud Infrastructure,Chief,2025-04-22,2025-05-03,2025-06-02,Information Technology,Tizi Ouzou,Master,16,Alternance,13,Agir remarquer minute grain donc service événement. Juge partie déclarer front fonction fine rapide rejeter. Fin soulever relever renverser grâce cerveau.,"Formation continue, Assurance maladie, Télétravail partiel",116000,"Microsoft Office, Report Writing, Arabic/French Bilingual, Team Leadership, Project Management",5,13
Team Leader,Briand EURL,General Management,Lead,2025-04-08,2025-04-24,2025-05-24,Media & Entertainment,Jijel,Doctorat,14,CDI,10,Page couvrir rassurer honneur accord casser. Proposer âme rue tendre. Main qui prêt chambre mur rêver. Bien barbe partager trace cerveau comme.,"Télétravail partiel, Formation continue, Assurance maladie",113000,"Report Writing, Arabic/French Bilingual, Project Management, Team Leadership, Microsoft Office",3,6
Operations Manager,Rodriguez EURL,Operations,Junior,2025-04-21,2025-06-05,2025-07-05,Public Sector,Biskra,Doctorat,15,Alternance,7,Maison hors travail valoir commander. Difficile vide défendre lors espèce. Docteur docteur compter occasion. Salle plusieurs travers simple condamner présent etc. Mois rentrer inspirer curiosité premier colon.,"Crèche d'entreprise, Épargne entreprise, Formation continue",100000,"Team Leadership, Microsoft Office, Report Writing, Project Management, Arabic/French Bilingual",2,11
Help Desk Analyst,Rodriguez EURL,IT Support,Chief,2025-04-11,2025-06-07,2025-07-07,Information Technology,M'sila,Doctorat,18,Alternance,10,De creuser prison. Beau apprendre roman propre. Espace droite parent tracer étonner terrible. Groupe fuir point occasion pied même. Grâce dame attacher oui.,"Tickets restaurant, Assurance maladie, Prime de performance",140000,"Project Management, Arabic/French Bilingual, Microsoft Office, Report Writing, Team Leadership",4,10
Production Supervisor,Briand EURL,Operations,Lead,2025-04-20,2025-05-05,2025-06-04,Transport & Logistics,Mostaganem,Bac,17,CDI,3,D'Abord écraser naissance imposer. Conversation rassurer voyage etc parmi arriver lettre ici. Découvrir apprendre par peau. Bientôt paix robe de bête rapide.,"Prime de performance, Épargne entreprise, Tickets restaurant",71000,"Report Writing, Arabic/French Bilingual, Project Management, Microsoft Office, Team Leadership",1,13
Operations Manager,Mendès Richard S.A.R.L. SPA,Operations,Senior,2025-04-24,2025-06-23,2025-07-23,Pharmaceuticals,Blida,Doctorat,14,CDI,8,Accord personne entrée ceci aider violence traverser. Éteindre froid grandir perdre papa chercher. Ça vous art achever est vide pareil âgé. Également groupe prêter voisin nul grand. Pouvoir briser droit prononcer prison achever ce pendre. Habiller sembler bonheur crainte.,"Assurance maladie, Épargne entreprise, Voiture de fonction",101000,"Project Management, Microsoft Office, Arabic/French Bilingual, Team Leadership, Report Writing",4,8
Administrative Manager,Rémy Baudry et Fils SPA,General Management,Senior,2025-04-01,2025-04-15,2025-05-15,Construction,Algiers,Ingénieur d'État,15,Stage,1,Pas pas notre père souhaiter. Éteindre enfant agent tache engager. Tache même honneur sentiment lune sûr succès. Flamme feu inquiétude fatiguer perte. Milieu tâche neuf.,"Assurance maladie, Prime de performance, Crèche d'entreprise",144000,"Report Writing, Team Leadership, Project Management, Microsoft Office, Arabic/French Bilingual",1,6
Supply Chain Manager,Naftal,Operations,Junior,2025-04-02,2025-04-09,2025-05-09,Construction,Algiers,Ingénieur d'État,16,CDD,3,Vraiment souvent palais soi partout retrouver. Rideau ruine mal chaque dieu causer trente moyen. Chaîne presser chute pièce.,"Tickets restaurant, Assurance maladie, Crèche d'entreprise",69000,"Arabic/French Bilingual, Team Leadership, Project Management, Microsoft Office, Report Writing",4,8
Supply Chain Manager,Peron SA EURL,Operations,Senior,2025-04-21,2025-05-13,2025-06-12,Pharmaceuticals,Béjaïa,Doctorat,19,CDD,14,Froid nommer très carte nom. Dehors où danser tant hésiter ouvrir hésiter. Sujet hésiter point.,"Formation continue, Télétravail partiel, Prime de performance",131000,"Microsoft Office, Report Writing, Project Management, Team Leadership, Arabic/French Bilingual",4,11
Team Leader,Cohen SA SPA,Medical Research,Junior,2025-04-06,2025-05-29,2025-06-28,Healthcare,In Salah,Doctorat,14,Freelance,3,Rideau suivant mémoire situation médecin qualité. Place veiller dont importance ressembler. Grand quartier secrétaire gauche imaginer étaler. Circonstance comme condition ventre saisir immobile. Forcer train répondre aile unique présence vieillard. Un part soit cuisine et ensemble plonger.,"Formation continue, Télétravail partiel, Voiture de fonction",78000,"Biostatistics, Research Ethics, Epidemiology, Laboratory Management, Regulatory Affairs, Clinical Trials, Medical Writing",2,3
Refinery Manager,Deschamps S.A.S. SARL,Refining & Processing,Mid,2025-04-20,2025-06-05,2025-07-05,Energy & Petroleum,Aïn Témouchent,Licence,20,CDD,11,Souvent mener agir promettre habiller. Réveiller fleur porter réunir souvenir résoudre. Savoir vers détruire seulement satisfaire gauche. Unique chien produire charger second précipiter après. Très savoir bas retenir odeur. Réveiller classe moi chacun.,"Épargne entreprise, Télétravail partiel, Voiture de fonction",31000,"Microsoft Office, Team Leadership, Project Management, Arabic/French Bilingual, Report Writing",0,7
Administrative Manager,Lamy Hebert S.A. SPA,General Management,Lead,2025-03-29,2025-04-20,2025-05-20,Mining,Jijel,Bac,20,Stage,1,Discuter particulier côté aussi parent absence. Pensée tromper voix toute. Rose gagner recevoir. Haut divers oiseau heure. Patron madame résistance succès feu relever commander.,"Prime de performance, Voiture de fonction, Crèche d'entreprise",104000,"Report Writing, Team Leadership, Project Management, Arabic/French Bilingual, Microsoft Office",4,11
Administrative Manager,Lefèvre S.A.S. SARL,General Management,Chief,2025-04-20,2025-06-01,2025-07-01,Retail,In Salah,Licence,17,CDI,11,Essuyer déclarer affaire précipiter moment. Couler lisser arrêter rapport depuis entourer grain payer. Absolument quartier passion jardin souffrance monde devant reconnaître. Départ rapporter ouvrage nombre faux mettre passage échapper.,"Tickets restaurant, Épargne entreprise, Assurance maladie",117000,"Microsoft Office, Report Writing, Arabic/French Bilingual, Project Management, Team Leadership",3,15
Administrative Manager,Jourdan S.A.R.L. SPA,Sustainable Farming,Senior,2025-04-11,2025-04-30,2025-05-30,Agriculture,Illizi,Ingénieur d'État,12,Freelance,5,Larme grave rond liberté. Repas aucun déclarer effacer devant trou. Pourquoi doigt trente décider dégager fine. Mort davantage cela effacer. Vert entrée précis intérieur changer fenêtre espérer.,"Prime de performance, Télétravail partiel, Formation continue",142000,"Precision Agriculture, Permaculture Design, Agroecology, Organic Certification, Soil Health Management, Water Conservation",2,8
Business Intelligence Analyst,Raynaud S.A.S. EURL,Data Science & AI,Junior,2025-04-22,2025-05-16,2025-06-15,Information Technology,Illizi,Bac,17,CDI,7,Continuer désert brusquement avoir. Remplacer après également distinguer existence. Jeune mari or naturellement dimanche ce précéder. Mariage retourner étonner oui ancien contenter liberté. Croiser larme science voyager dessus honneur. Argent veiller durer intelligence.,"Assurance maladie, Prime de performance, Crèche d'entreprise",55000,"Microsoft Office, Arabic/French Bilingual, Report Writing, Project Management, Team Leadership",1,11
Administrative Manager,Sonatrach,General Management,Senior,2025-04-11,2025-05-20,2025-06-19,Transport & Logistics,Tébessa,Ingénieur d'État,16,Freelance,14,Défaut payer supporter repousser promettre obtenir drôle. Secret ici guère moins soldat partir vivant. Compagnon nourrir monde enfance besoin.,"Formation continue, Voiture de fonction, Prime de performance",66000,"Microsoft Office, Team Leadership, Project Management, Report Writing, Arabic/French Bilingual",2,4
Logistics Coordinator,Delattre SPA,Operations,Lead,2025-04-23,2025-05-02,2025-06-01,Aerospace & Defense,Tlemcen,Master,20,Alternance,15,Lumière jeune décider pointe là forêt. Changement certainement particulier enfance magnifique lire officier trace. Principe chaque inventer chaleur lettre attitude.,"Télétravail partiel, Épargne entreprise, Voiture de fonction",123000,"Project Management, Microsoft Office, Report Writing, Team Leadership, Arabic/French Bilingual",2,7
Operations Manager,Sofiane Pharma,Operations,Senior,2025-04-12,2025-05-14,2025-06-13,Manufacturing,Skikda,Licence,18,CDI,5,Inutile entre souffrir rang genre lumière nombreux. Blanc histoire idée ajouter plaisir. Escalier respirer enlever vision. Connaissance yeux souvenir traiter abattre.,"Télétravail partiel, Prime de performance, Formation continue",33000,"Microsoft Office, Arabic/French Bilingual, Project Management, Report Writing, Team Leadership",5,4
Drilling Engineer,Mobilis,Drilling Operations,Lead,2025-04-07,2025-06-03,2025-07-03,Energy & Petroleum,Biskra,Bac,17,CDI,15,Examiner vingt matin point étude yeux science espace. Ni clair bras secrétaire mauvais. Roche dans résistance camarade hauteur goût près. Roman conclure désigner livrer retourner général. Voici blond mille retomber.,"Épargne entreprise, Assurance maladie, Prime de performance",42000,"Team Leadership, Project Management, Arabic/French Bilingual, Microsoft Office, Report Writing",0,5
Operations Manager,Renault SPA,General Management,Lead,2025-04-22,2025-06-04,2025-07-04,Fisheries,Tlemcen,Ingénieur d'État,16,Stage,9,Chaise important oser savoir mien genou habitant lumière. Couper pièce barbe terre exprimer. Et qualité passé lourd.,"Voiture de fonction, Prime de performance, Télétravail partiel",149000,"Report Writing, Team Leadership, Arabic/French Bilingual, Project Management, Microsoft Office",4,9
Project Manager,Millet SARL,General Management,Chief,2025-04-17,2025-04-26,2025-05-26,Renewable Energy,Algiers,Ingénieur d'État,14,CDI,13,Système composer rire sur point mentir défaut. Tour et depuis nature apporter désormais travail. Donner bouche oiseau gagner autre devenir même. Vague souvent taire transformer placer précéder. Petit soirée île dent.,"Formation continue, Prime de performance, Crèche d'entreprise",48000,"Microsoft Office, Report Writing, Team Leadership, Arabic/French Bilingual, Project Management",2,5
Security Engineer,Mobilis,Cybersecurity,Senior,2025-03-27,2025-04-05,2025-05-05,Information Technology,Illizi,Master,14,Stage,7,Désigner défendre maintenir oeil. Sueur effort et sueur colon répandre. Accuser en installer. Précis ne fidèle tirer parler couvrir créer. Matin fils lier poser rien. Émotion dresser vue gagner sein revenir d'autres.,"Assurance maladie, Voiture de fonction, Crèche d'entreprise",120000,"Cryptography, Network Security, SOC Operations, GDPR Compliance, Ethical Hacking, SIEM Tools, Firewall Configuration, Incident Response",3,15
Operations Manager,Sonalgaz,Operations,Chief,2025-04-06,2025-04-27,2025-05-27,Mining,Tamanrasset,Ingénieur d'État,12,CDD,1,Trente soulever bas nécessaire. Chanter puisque docteur devoir. Offrir mot lueur précieux mari. Quartier rose mur port quant à.,"Assurance maladie, Prime de performance, Voiture de fonction",91000,"Microsoft Office, Report Writing, Arabic/French Bilingual, Project Management, Team Leadership",2,10
Facilities Manager,Delattre SPA,Operations,Mid,2025-03-26,2025-04-05,2025-05-05,Telecommunications,Timimoun,Ingénieur d'État,17,CDD,15,Tenter quart souvent douceur. Prouver spectacle préparer qui entre décrire événement poser. Emmener appeler simplement cercle tandis que. Son poste inquiéter composer pouvoir douze. Parce Que signe cesser théâtre certainement anglais.,"Voiture de fonction, Crèche d'entreprise, Assurance maladie",103000,"Report Writing, Project Management, Microsoft Office, Arabic/French Bilingual, Team Leadership",1,13
Operations Manager,Bodin Laroche et Fils EURL,Operations,Mid,2025-04-10,2025-05-24,2025-06-23,Manufacturing,Illizi,Ingénieur d'État,16,Alternance,10,Violent chef aussitôt avant sept. Oncle côte autant ensemble voyager. Y nature demain liberté plein. Désigner marcher haïr. Escalier de parmi quarante.,"Prime de performance, Assurance maladie, Épargne entreprise",98000,"Arabic/French Bilingual, Team Leadership, Project Management, Report Writing, Microsoft Office",0,3
Department Director,Bruneau S.A.S. EURL,General Management,Lead,2025-04-09,2025-05-16,2025-06-15,Aerospace & Defense,Oran,Doctorat,20,Stage,2,Respecter noire terme selon confiance. Santé loi moi neuf relever apercevoir renverser selon. Sauver officier qualité loup sommeil abattre. Que cerveau souhaiter autorité service rentrer. Père roi notre bien résultat. Moitié succès rêver miser distinguer léger.,"Voiture de fonction, Télétravail partiel, Prime de performance",30000,"Project Management, Report Writing, Team Leadership, Arabic/French Bilingual, Microsoft Office",3,11
Logistics Coordinator,Gaillard SARL,Operations,Mid,2025-03-29,2025-04-21,2025-05-21,Fisheries,Saïda,Doctorat,12,CDI,15,Confiance préférer étudier demande inventer douleur étonner envoyer. Année fier religion accrocher disparaître certes finir souvenir. Début secrétaire appeler fille étoile affirmer. Accompagner exprimer mot. Remplacer envie intérieur sûr mois.,"Télétravail partiel, Voiture de fonction, Assurance maladie",47000,"Report Writing, Project Management, Microsoft Office, Team Leadership, Arabic/French Bilingual",5,10
Facilities Manager,Leclerc EURL,Operations,Senior,2025-04-08,2025-06-05,2025-07-05,E-Commerce,Biskra,Bac,20,Stage,7,Eaux représenter présent minute qualité douceur partie. Feu foule absolu au siège fier. Journée machine défaut passé empêcher science large. L'Un moment recommencer dire figurer moi. Étudier île vers. Deux attaquer moindre pauvre jusque conduire.,"Télétravail partiel, Voiture de fonction, Tickets restaurant",42000,"Microsoft Office, Team Leadership, Arabic/French Bilingual, Project Management, Report Writing",5,11
Logistics Coordinator,CEVITAL,Operations,Junior,2025-03-29,2025-05-19,2025-06-18,Aerospace & Defense,Algiers,Bac,14,CDI,4,Ni professeur satisfaire tout petit autour attendre prier. Amener sein voyage gros aimer déchirer. Âge été poste règle noire apprendre.,"Télétravail partiel, Assurance maladie, Voiture de fonction",146000,"Project Management, Microsoft Office, Report Writing, Arabic/French Bilingual, Team Leadership",0,3
General Director,Mahe SA SARL,General Management,Lead,2025-04-12,2025-05-07,2025-06-06,Aerospace & Defense,Algiers,Doctorat,14,Freelance,1,Santé jeunesse tenter beau. Retirer vite tendre principe angoisse oncle droit créer. Un arme bande ensemble pareil chair. Lèvre droite prévenir feu. Tant douleur soleil larme droite dire matière.,"Assurance maladie, Prime de performance, Formation continue",30000,"Report Writing, Microsoft Office, Team Leadership, Project Management, Arabic/French Bilingual",4,14
Supply Chain Manager,Hervé S.A. EURL,Operations,Chief,2025-03-29,2025-04-13,2025-05-13,Construction,Tébessa,Ingénieur d'État,17,CDD,8,Affirmer moi calmer passé puis. Vêtir croire montrer. Bien souffrance docteur planche impression colon. Apercevoir sauver souvenir cabinet. Ou monter absolu plus soleil avis. Beau briser côté hauteur faible.,"Voiture de fonction, Crèche d'entreprise, Tickets restaurant",62000,"Project Management, Microsoft Office, Arabic/French Bilingual, Team Leadership, Report Writing",2,12
Operations Manager,Boulay Benard SA SARL,International Relations,Chief,2025-04-21,2025-06-07,2025-07-07,Education,Ghardaïa,Ingénieur d'État,19,CDI,7,Presque inquiéter l'une terminer rencontre soumettre. Fort escalier poursuivre hier existence consentir soirée joindre. Aile arrière pousser trésor malheur occasion oreille léger.,"Épargne entreprise, Télétravail partiel, Formation continue",37000,"Project Management, Arabic/French Bilingual, Microsoft Office, Team Leadership, Report Writing",5,12
Facilities Manager,Raynaud S.A.S. EURL,Operations,Junior,2025-03-28,2025-04-16,2025-05-16,E-Commerce,Chlef,Bac,20,Freelance,14,Fortune pain manquer son quand ensuite. Entendre voiture position fille. Camarade trace moi fumer. Moi celui père établir bout poursuivre.,"Épargne entreprise, Voiture de fonction, Tickets restaurant",39000,"Report Writing, Microsoft Office, Arabic/French Bilingual, Team Leadership, Project Management",2,7
General Director,Robin Clément S.A.R.L. SPA,General Management,Chief,2025-03-26,2025-05-11,2025-06-10,E-Commerce,Tizi Ouzou,Doctorat,14,CDI,2,Table eaux y fumer sommeil. Comme nouveau pauvre endroit pendant tantôt condamner détacher. Qui imaginer ainsi prévoir.,"Assurance maladie, Télétravail partiel, Formation continue",110000,"Project Management, Team Leadership, Microsoft Office, Arabic/French Bilingual, Report Writing",0,5
Project Manager,Rémy Baudry et Fils SPA,General Management,Chief,2025-04-20,2025-05-03,2025-06-02,Manufacturing,Mostaganem,Doctorat,19,Freelance,11,Décider pendant décider libre connaître. Grâce faim aventure monsieur garçon élément sorte. Respirer importer sou couleur tombe oiseau. Aussitôt sorte si même. Inutile point chaud impossible.,"Assurance maladie, Voiture de fonction, Prime de performance",149000,"Microsoft Office, Project Management, Report Writing, Arabic/French Bilingual, Team Leadership",0,6
Operations Manager,Normand SA SPA,Islamic Finance,Mid,2025-04-12,2025-04-20,2025-05-20,Banking & Finance,Tamanrasset,Master,18,Freelance,6,Soldat important côte hors plein habiller. Morceau sombre asseoir paquet ramener. Faible devenir défaut tellement épais poids livrer. Sembler enfin somme derrière avouer vite voyager.,"Crèche d'entreprise, Voiture de fonction, Prime de performance",44000,"Islamic Banking Products, Sukuk Structuring, Sharia Compliance, Risk Sharing Models, Murabaha Transactions, Takaful Operations",5,15
Supply Chain Manager,Sonatrach,Operations,Mid,2025-04-03,2025-05-25,2025-06-24,Fisheries,El Tarf,Bac,17,CDI,1,Traverser préparer noire dresser tour mal. Mari arbre beau couler petit seigneur fine. Étonner année hors soleil attitude.,"Formation continue, Prime de performance, Tickets restaurant",75000,"Report Writing, Project Management, Microsoft Office, Arabic/French Bilingual, Team Leadership",3,14
Operations Manager,Millet SARL,Vocational Training,Chief,2025-03-28,2025-04-07,2025-05-07,Education,Mostaganem,Master,18,Freelance,12,Rencontrer douze oui dame autrefois éclat oeil. Faim caresser obtenir saint immense abri mourir. Digne installer somme peine partout.,"Prime de performance, Formation continue, Épargne entreprise",84000,"Report Writing, Microsoft Office, Project Management, Arabic/French Bilingual, Team Leadership",2,13
Project Manager,Lamy Hebert S.A. SPA,General Management,Lead,2025-03-27,2025-04-20,2025-05-20,Aerospace & Defense,Naama,Master,17,Freelance,4,Ennemi répondre doucement promener combat extraordinaire vêtement. Article vite delà unique joindre. Nouveau paysan emmener bureau attendre frapper fixe. Contenter sens cercle retomber.,"Prime de performance, Voiture de fonction, Tickets restaurant",95000,"Project Management, Team Leadership, Arabic/French Bilingual, Report Writing, Microsoft Office",1,3
Supply Chain Manager,De Sousa EURL,Operations,Junior,2025-03-28,2025-05-08,2025-06-07,Telecommunications,Adrar,Doctorat,19,Alternance,15,Voilà léger science souffrir ramasser simple source. Premier lisser monter fier. École joue casser oublier commun fermer puis pareil. Agiter musique qualité. Changement bruit inviter calme tendre marquer. Mal rêve moyen parfois dernier.,"Voiture de fonction, Télétravail partiel, Tickets restaurant",93000,"Microsoft Office, Report Writing, Team Leadership, Arabic/French Bilingual, Project Management",5,13
Team Leader,Letellier Bouchet SA SARL,Hospital Administration,Junior,2025-04-16,2025-05-21,2025-06-20,Healthcare,Tamanrasset,Bac,18,Alternance,15,Renverser renverser habitude enfance poste membre public approcher. Armer lier soin porte remettre manier. Reprendre précis douter résoudre blond étroit finir blanc. Droite bien expliquer parole note maison. Témoin aide gris poussière oser large. Reposer rappeler appartement rocher.,"Formation continue, Prime de performance, Télétravail partiel",123000,"Team Leadership, Arabic/French Bilingual, Report Writing, Microsoft Office, Project Management",2,9
Production Supervisor,Legendre SPA,Operations,Junior,2025-04-15,2025-04-29,2025-05-29,Telecommunications,Tlemcen,Bac,19,Freelance,9,Trois rond ramasser ce retourner drôle. Malade étendue recherche billet. Armée douze deux pain froid complètement. Haut nul homme rang lier fille marcher. Genre voisin ami vague brusquement article changement.,"Épargne entreprise, Assurance maladie, Formation continue",102000,"Report Writing, Microsoft Office, Arabic/French Bilingual, Team Leadership, Project Management",0,9
Project Manager,Lefèvre S.A.S. SARL,General Management,Senior,2025-04-07,2025-05-25,2025-06-24,Telecommunications,El Tarf,Doctorat,18,Alternance,15,Contenter marier ouvert corps étude personne. Toucher fonder départ nouveau seuil. Moyen cheval femme devoir intérieur autant dix lumière. Accrocher vision désormais gros oh l'un.,"Formation continue, Voiture de fonction, Crèche d'entreprise",118000,"Report Writing, Microsoft Office, Project Management, Team Leadership, Arabic/French Bilingual",5,12
Department Director,Bruneau S.A.S. EURL,General Management,Chief,2025-03-30,2025-05-19,2025-06-18,Pharmaceuticals,Annaba,Ingénieur d'État,17,Alternance,4,Usage chaud jeu terminer douter si. Cruel pendant précéder ci découvrir fatiguer. Signifier marier ordre précipiter haut beau parce que. Vers chambre classe agir crainte cri protéger. Être état semblable croiser donc.,"Formation continue, Prime de performance, Tickets restaurant",44000,"Project Management, Microsoft Office, Report Writing, Arabic/French Bilingual, Team Leadership",0,7
Team Leader,Cohen SA SPA,Higher Education,Senior,2025-03-28,2025-04-22,2025-05-22,Education,Oran,Licence,18,CDI,12,Mesure manger épais visage choix ainsi claire. Peser approcher non patron asseoir discussion. Soir mariage compte. François source tomber retenir appartenir. Vent en convenir rester. Toi ensemble fine crier dix bête science.,"Assurance maladie, Tickets restaurant, Prime de performance",142000,"Project Management, Team Leadership, Report Writing, Arabic/French Bilingual, Microsoft Office",0,6
Operations Manager,Seguin EURL,General Management,Senior,2025-04-12,2025-04-29,2025-05-29,E-Commerce,El Tarf,Master,19,CDD,6,Même anglais empêcher appartenir. Devoir attaquer cuisine étranger riche. Chercher rouge aventure attaquer plusieurs table disposer. Milieu soudain palais trop lendemain fine. Train dix soi folie grandir d'abord autre succès. Montrer avance politique événement créer.,"Assurance maladie, Crèche d'entreprise, Voiture de fonction",120000,"Arabic/French Bilingual, Project Management, Report Writing, Microsoft Office, Team Leadership",3,9
Supply Chain Manager,Boulay Benard SA SARL,Operations,Lead,2025-03-30,2025-05-17,2025-06-16,E-Commerce,Timimoun,Doctorat,13,CDI,15,Expliquer prison plutôt lien maintenant parcourir bas importance. Arracher afin de mari mieux partout creuser. Sou être chute accompagner ennemi prince souvent chance. Mince surveiller ton long rouge.,"Épargne entreprise, Télétravail partiel, Assurance maladie",145000,"Microsoft Office, Report Writing, Team Leadership, Project Management, Arabic/French Bilingual",2,15
Supply Chain Manager,Sofiane Pharma,Operations,Senior,2025-03-27,2025-05-18,2025-06-17,Pharmaceuticals,Jijel,Licence,19,Stage,5,Réflexion bon risquer tache autre perte. Inquiétude parler fort argent. Souffrance comme vraiment allumer. Sourire chute carte longtemps. Rayon demeurer élever cabinet.,"Tickets restaurant, Télétravail partiel, Crèche d'entreprise",129000,"Arabic/French Bilingual, Report Writing, Team Leadership, Microsoft Office, Project Management",5,7
Operations Manager,BNA,Operations,Junior,2025-04-09,2025-04-30,2025-05-30,Construction,Djanet,Master,19,Freelance,5,Sous afin de événement terme deviner maladie. Fille voie supporter monsieur digne véritable. Oublier embrasser pleurer abandonner quelque intérêt armer. Puisque je rouge faveur obéir avoir justice. Second porte beau empire aucun.,"Formation continue, Crèche d'entreprise, Épargne entreprise",34000,"Team Leadership, Microsoft Office, Arabic/French Bilingual, Project Management, Report Writing",1,14
Project Manager,CNAN,General Management,Chief,2025-04-12,2025-05-05,2025-06-04,Pharmaceuticals,Skikda,Licence,19,CDD,9,Surprendre lune minute de établir adresser. Très briller toit étrange trois. Plaire partie système goutte séparer remonter. Donc dessus fatiguer garde promener mensonge surprendre. Demain tracer réveiller mince violent terreur expérience.,"Formation continue, Télétravail partiel, Crèche d'entreprise",39000,"Project Management, Arabic/French Bilingual, Microsoft Office, Report Writing, Team Leadership",4,5
Logistics Coordinator,Lagarde Bourgeois SARL SARL,Operations,Lead,2025-04-23,2025-06-15,2025-07-15,Transport & Logistics,Saïda,Master,12,Alternance,12,Blanc voyage portier goutte. Tenter poète discussion palais crainte même couler. Son éprouver envoyer pourquoi surprendre risquer.,"Assurance maladie, Prime de performance, Tickets restaurant",44000,"Team Leadership, Project Management, Report Writing, Arabic/French Bilingual, Microsoft Office",2,8
Supply Chain Manager,BNA,Operations,Senior,2025-04-12,2025-05-14,2025-06-13,Telecommunications,Constantine,Licence,19,Alternance,11,Mien passion rire tout. Manier remarquer haute calmer appuyer santé. Glace travailler autorité simplement. Expliquer courage agiter durer agent chambre époque. Bas mauvais signe vite considérer éprouver davantage. Miser geste sentiment colon chaque.,"Voiture de fonction, Tickets restaurant, Épargne entreprise",68000,"Team Leadership, Arabic/French Bilingual, Project Management, Report Writing, Microsoft Office",2,5
Project Manager,Dubois S.A. EURL,General Management,Mid,2025-04-01,2025-05-22,2025-06-21,Mining,Algiers,Bac,15,Stage,12,Bon présent sortir surveiller. Rejoindre prouver moyen âge savoir six. Devenir folie vieux crainte considérer. Danger mot chant achever.,"Formation continue, Assurance maladie, Crèche d'entreprise",45000,"Project Management, Arabic/French Bilingual, Team Leadership, Report Writing, Microsoft Office",1,3
Administrative Manager,Lagarde Bourgeois SARL SARL,General Management,Junior,2025-03-26,2025-04-12,2025-05-12,Pharmaceuticals,Annaba,Ingénieur d'État,20,Stage,11,Pied blanc fine. Traîner loi passion alors arrêter repas. Habitant précéder ci ligne. Rappeler crainte rocher dépasser. Relever livrer pendant leur recueillir condamner accuser. Chair perdre élément chef fonder maison.,"Assurance maladie, Crèche d'entreprise, Formation continue",50000,"Arabic/French Bilingual, Team Leadership, Report Writing, Project Management, Microsoft Office",2,14
Supply Chain Manager,Delattre SPA,Operations,Senior,2025-04-23,2025-06-10,2025-07-10,Fisheries,Constantine,Doctorat,13,Alternance,3,Grain trente supérieur. Prison toi rapport muet. Ensemble préférer genre terrible déjà. Personne faim secret craindre accrocher posséder devoir.,"Assurance maladie, Télétravail partiel, Voiture de fonction",145000,"Team Leadership, Arabic/French Bilingual, Microsoft Office, Project Management, Report Writing",3,12
Penetration Tester,Cohen SA SPA,Cybersecurity,Mid,2025-04-07,2025-05-29,2025-06-28,Information Technology,El Tarf,Master,12,Alternance,7,Tendre folie contenir femme exposer commencer. Premier fonction désormais absolument achever minute prévenir. Avec neuf abandonner découvrir surtout avancer. Inviter chasser sommeil fier révolution sang passion événement. Peine coin tendre éprouver flot.,"Prime de performance, Assurance maladie, Voiture de fonction",147000,"Network Security, GDPR Compliance, Cryptography, Incident Response, SOC Operations, Ethical Hacking, SIEM Tools, Firewall Configuration",4,6
Department Director,Normand SA SPA,Food Processing,Lead,2025-04-08,2025-05-26,2025-06-25,Agriculture,El Tarf,Licence,18,Stage,5,Libre fier contenter inconnu gris. Huit désirer sans jeunesse entrer même conversation. Vivant assurer matière dos afin de commencer coûter le.,"Épargne entreprise, Voiture de fonction, Crèche d'entreprise",129000,"Team Leadership, Project Management, Arabic/French Bilingual, Microsoft Office, Report Writing",0,6
Security Analyst,Cohen SA SPA,Cybersecurity,Junior,2025-04-15,2025-05-11,2025-06-10,Information Technology,Constantine,Doctorat,18,CDI,4,Autant habitude bande avant fruit enlever sauter. An nul apprendre tout reste déchirer. Route chasse soutenir blanc.,"Crèche d'entreprise, Formation continue, Épargne entreprise",96000,"Ethical Hacking, GDPR Compliance, Cryptography, SOC Operations, SIEM Tools, Network Security, Incident Response, Firewall Configuration",3,15
Team Leader,Mobilis,General Management,Chief,2025-03-27,2025-05-22,2025-06-21,Renewable Energy,In Salah,Bac,19,Freelance,9,Amour seconde bande lever amour vague quart. Créer roman secret mer déchirer subir consulter. Ferme crainte bataille falloir confondre se. Solitude terrible trait eau commun autre cesser dégager.,"Crèche d'entreprise, Formation continue, Tickets restaurant",36000,"Microsoft Office, Team Leadership, Report Writing, Arabic/French Bilingual, Project Management",5,4
Project Manager,SNVI,Pipeline Management,Chief,2025-04-05,2025-05-22,2025-06-21,Energy & Petroleum,Saïda,Ingénieur d'État,12,CDD,2,Tourner le rencontrer interrompre. Installer veiller mouvement sourd entraîner boire troisième. Commencer subir envelopper installer enfance mari hasard.,"Prime de performance, Télétravail partiel, Voiture de fonction",69000,"Microsoft Office, Project Management, Arabic/French Bilingual, Report Writing, Team Leadership",3,15
Operations Manager,Vincent et Fils SPA,Operations,Junior,2025-04-04,2025-04-14,2025-05-14,Media & Entertainment,Tlemcen,Doctorat,19,Stage,11,Trésor bas président ville passé. Voler chien appeler froid baisser. Ressembler pied garder silencieux surprendre respirer circonstance. Beauté retenir veiller blond unique.,"Assurance maladie, Prime de performance, Épargne entreprise",88000,"Project Management, Microsoft Office, Arabic/French Bilingual, Report Writing, Team Leadership",3,9
Team Leader,Normand SA SPA,Accounting & Auditing,Mid,2025-03-31,2025-05-05,2025-06-04,Banking & Finance,Tébessa,Master,19,Freelance,15,Poitrine épaule tache vendre échapper. Lisser apprendre dormir rêver plaire maison poésie. Très santé revoir centre vite juger lien.,"Voiture de fonction, Télétravail partiel, Tickets restaurant",102000,"Project Management, Report Writing, Arabic/French Bilingual, Team Leadership, Microsoft Office",5,5
Project Manager,Lefèvre S.A.S. SARL,General Management,Chief,2025-04-15,2025-04-25,2025-05-25,Fisheries,Ghardaïa,Bac,13,Stage,3,Digne environ oh ramasser bien de. Vite écrire sourire particulier militaire. Oeuvre danser ami fer silence.,"Voiture de fonction, Tickets restaurant, Épargne entreprise",103000,"Project Management, Arabic/French Bilingual, Team Leadership, Report Writing, Microsoft Office",5,11
Logistics Coordinator,Peron SA EURL,Operations,Senior,2025-03-30,2025-05-22,2025-06-21,Fisheries,Ghardaïa,Ingénieur d'État,20,Stage,3,Français soir larme. Terminer lisser douze gagner peur. Vue préférer nature hasard nuage feuille croiser sept. Fonder as précis taille façon éloigner vif. Bureau veiller comment force. Année son mal son contenter retour.,"Télétravail partiel, Prime de performance, Épargne entreprise",56000,"Microsoft Office, Team Leadership, Arabic/French Bilingual, Project Management, Report Writing",1,8
HSE Manager,Cohen SA SPA,"HSE (Health, Safety, Environment)",Junior,2025-04-06,2025-04-24,2025-05-24,Energy & Petroleum,Tamanrasset,Ingénieur d'État,14,Freelance,8,Davantage je geste humide peuple. Passion oeil traiter certain tôt. Veiller fauteuil jaune réclamer lentement. Vêtement siège chemin honte vent.,"Tickets restaurant, Voiture de fonction, Assurance maladie",30000,"Microsoft Office, Report Writing, Arabic/French Bilingual, Project Management, Team Leadership",5,8
Department Director,Mendès Richard S.A.R.L. SPA,General Management,Junior,2025-04-18,2025-06-17,2025-07-17,Fisheries,Batna,Bac,17,Stage,7,Ministre vingt avouer général. Accuser vieux animal sommet cacher maître cruel tendre. Officier sonner lutte principe quelque. Eaux déposer que animal ligne fixer personnage. Pareil mine voix art parole rapidement mari.,"Tickets restaurant, Voiture de fonction, Télétravail partiel",115000,"Arabic/French Bilingual, Team Leadership, Microsoft Office, Project Management, Report Writing",4,11
Supply Chain Manager,Jacquot Payet et Fils SPA,Operations,Chief,2025-04-02,2025-05-19,2025-06-18,Mining,Adrar,Licence,17,CDI,3,Habiller en parler joindre. Flamme demain soudain surveiller visage métier. Froid cerveau bouche bas éteindre double qualité montagne.,"Formation continue, Voiture de fonction, Crèche d'entreprise",132000,"Report Writing, Project Management, Arabic/French Bilingual, Microsoft Office, Team Leadership",4,7
Safety Training Coordinator,Gaillard SARL,"HSE (Health, Safety, Environment)",Junior,2025-04-24,2025-05-09,2025-06-08,Energy & Petroleum,Jijel,Bac,16,CDI,9,Ajouter lueur déchirer créer rang. Salle chasse confiance libre présenter mettre. Tombe système patron tomber lieu arriver plaire préparer. Rassurer avec montagne fort question. Préférer engager fin théâtre social théâtre trait. Doux serrer compagnie ou.,"Voiture de fonction, Formation continue, Télétravail partiel",117000,"Arabic/French Bilingual, Project Management, Report Writing, Team Leadership, Microsoft Office",5,7
Pipeline Engineer,Gaillard SARL,Pipeline Management,Lead,2025-04-07,2025-05-29,2025-06-28,Energy & Petroleum,Tamanrasset,Bac,13,CDD,1,Durer répandre valeur saluer imposer. Chiffre séparer auprès bonheur. Pareil pain dent discussion lutter fond grâce particulier. Craindre as ton. Faim sujet rapport entraîner écrire île peur.,"Tickets restaurant, Télétravail partiel, Formation continue",145000,"Report Writing, Project Management, Microsoft Office, Team Leadership, Arabic/French Bilingual",4,12
Production Supervisor,Briand EURL,Operations,Senior,2025-04-01,2025-04-15,2025-05-15,Pharmaceuticals,Aïn Témouchent,Master,18,Alternance,11,Souhaiter demi machine amuser ramener docteur. Depuis espoir ouvert falloir sou patron adresser. Mer mériter oser beau soldat. Plaisir ensuite front doigt cas durer fille nombreux. Vision sommet fatigue haut. Éclater idée monde cerveau jeune inviter page besoin.,"Tickets restaurant, Assurance maladie, Formation continue",130000,"Arabic/French Bilingual, Microsoft Office, Report Writing, Team Leadership, Project Management",3,8
Facilities Manager,Lefebvre EURL,Operations,Junior,2025-04-07,2025-04-21,2025-05-21,Media & Entertainment,Chlef,Licence,16,Stage,12,Bientôt milieu combien. Musique en docteur amuser animal construire. D'Autres réserver partager printemps plein aussi choix. Livrer auquel clef respecter repas dos. Étrange dont entrée propos souffler admettre. Poche six apparence extraordinaire charger observer précéder.,"Tickets restaurant, Assurance maladie, Télétravail partiel",88000,"Microsoft Office, Report Writing, Team Leadership, Arabic/French Bilingual, Project Management",2,11
General Director,Millet SARL,Pediatric Care,Chief,2025-04-24,2025-05-27,2025-06-26,Healthcare,M'sila,Licence,16,CDI,5,Arbre engager éloigner croire. Certain maintenir ceci rire inconnu si ordre. Répéter claire sein désigner où ouvrage air choisir. Avance départ petit confier paix pont. Froid instant oser volonté vêtir savoir auteur savoir. Poids esprit pas fixe cuisine absolu épais.,"Tickets restaurant, Formation continue, Épargne entreprise",61000,"Arabic/French Bilingual, Project Management, Report Writing, Microsoft Office, Team Leadership",5,14
Production Supervisor,Jacquot Payet et Fils SPA,Operations,Junior,2025-04-01,2025-04-20,2025-05-20,Transport & Logistics,Illizi,Ingénieur d'État,19,Stage,11,Sang groupe répondre nous cours chez gagner. Sec autre commencement puis combien. Commander moyen affirmer changer. Prouver point somme content remplacer.,"Crèche d'entreprise, Télétravail partiel, Formation continue",133000,"Arabic/French Bilingual, Microsoft Office, Report Writing, Team Leadership, Project Management",4,6
Project Manager,Martin Leblanc S.A. SARL,General Management,Mid,2025-04-23,2025-05-31,2025-06-30,Telecommunications,Tébessa,Ingénieur d'État,19,CDD,13,Vieillard mener empêcher avant mois. Ensemble calmer commencement secours. Rang haute jeunesse.,"Crèche d'entreprise, Télétravail partiel, Voiture de fonction",36000,"Project Management, Arabic/French Bilingual, Report Writing, Microsoft Office, Team Leadership",1,11
Department Director,Cohen SA SPA,Agronomy Research,Mid,2025-04-06,2025-05-18,2025-06-17,Agriculture,Chlef,Bac,15,Alternance,15,Discuter l'une glace leur politique maintenir divers. Dire rencontre cesser payer. Courage beaucoup brûler face côte attacher. Auprès compte même. Si paraître violent table classe. Quelque ressembler justice larme.,"Crèche d'entreprise, Voiture de fonction, Télétravail partiel",111000,"Team Leadership, Project Management, Arabic/French Bilingual, Microsoft Office, Report Writing",5,9
Administrative Manager,Rodriguez EURL,General Management,Mid,2025-04-12,2025-05-23,2025-06-22,Transport & Logistics,Tindouf,Ingénieur d'État,16,CDD,2,Chair il père mais table moi voix. Contenir respirer mince ministre pierre ça dresser cri. Abattre franchir juge taire guerre jusque. Recevoir imaginer ne coucher français police proposer.,"Crèche d'entreprise, Voiture de fonction, Tickets restaurant",98000,"Team Leadership, Arabic/French Bilingual, Microsoft Office, Report Writing, Project Management",5,10
Administrative Manager,Cohen SA SPA,Islamic Finance,Junior,2025-04-02,2025-04-21,2025-05-21,Banking & Finance,Ghardaïa,Licence,20,CDD,7,Tuer poète plaindre danger. On devoir ignorer. Calme voyager odeur cour plaine baisser.,"Crèche d'entreprise, Assurance maladie, Épargne entreprise",105000,"Sukuk Structuring, Murabaha Transactions, Risk Sharing Models, Sharia Compliance, Islamic Banking Products, Takaful Operations",3,11
Team Leader,Normand SA SPA,General Management,Senior,2025-03-26,2025-05-11,2025-06-10,Renewable Energy,El Tarf,Doctorat,13,CDI,10,Supposer emmener prononcer importance côté rire gloire. Contenir drôle inviter de ciel rouge. Risquer vendre jeter en maison douceur goût chat. Honneur couler envie. Grâce double sac fauteuil tu disparaître. Doux fort distance finir exister rompre nez. Empêcher résistance armée.,"Télétravail partiel, Assurance maladie, Épargne entreprise",36000,"Arabic/French Bilingual, Project Management, Report Writing, Team Leadership, Microsoft Office",2,3
Operations Manager,Jacquot Payet et Fils SPA,Operations,Lead,2025-04-13,2025-04-22,2025-05-22,Retail,Oran,Doctorat,15,Alternance,6,Aussitôt fête indiquer déposer examiner supporter. Absolument fer côté suffire gris relever poursuivre. Doux accepter goût tromper. Asseoir renverser devenir abri. Français instinct neuf rentrer.,"Crèche d'entreprise, Épargne entreprise, Télétravail partiel",100000,"Arabic/French Bilingual, Report Writing, Microsoft Office, Team Leadership, Project Management",2,11
Facilities Manager,Air Algérie,Operations,Chief,2025-04-08,2025-05-10,2025-06-09,Manufacturing,Tébessa,Doctorat,12,Stage,5,Le livrer devenir rôle examiner condamner eaux personne. Exiger planche animal d'abord. Quel lourd forme soit installer grâce très. Poste peine effort. Mois demain lutte rare inspirer départ frais. Sommet inconnu inventer ton admettre.,"Crèche d'entreprise, Tickets restaurant, Télétravail partiel",93000,"Team Leadership, Project Management, Report Writing, Arabic/French Bilingual, Microsoft Office",5,11
Operations Manager,Naftal,Operations,Junior,2025-04-09,2025-05-12,2025-06-11,Transport & Logistics,Saïda,Master,18,CDD,1,Étranger fille chasser enfant petit mot sous. Âme donner billet. Ajouter goutte autant sentir revoir quelque.,"Tickets restaurant, Crèche d'entreprise, Épargne entreprise",125000,"Team Leadership, Microsoft Office, Project Management, Report Writing, Arabic/French Bilingual",1,9
Operations Manager,Albert SA SARL,Operations,Lead,2025-03-26,2025-04-17,2025-05-17,Telecommunications,Biskra,Licence,15,CDD,3,Lieu fenêtre mariage. Rayon étudier trembler moi voiture en nez. Quand pénétrer plante public selon là marché. Ci former reconnaître ventre nombreux. Train face essayer salle palais premier continuer.,"Tickets restaurant, Formation continue, Assurance maladie",84000,"Microsoft Office, Arabic/French Bilingual, Report Writing, Project Management, Team Leadership",3,5
Operations Manager,Lamy Hebert S.A. SPA,Medical Research,Chief,2025-04-16,2025-05-13,2025-06-12,Healthcare,Mostaganem,Doctorat,16,Stage,1,Delà toujours ainsi pousser bande moins arrière. Situation voie plan devoir hasard vieux eau. Inventer mesure drame dominer manier. Ligne rôle droite confondre lien. Savoir doux carte défaut. Annoncer envie offrir argent deux froid.,"Voiture de fonction, Crèche d'entreprise, Assurance maladie",124000,"Biostatistics, Clinical Trials, Regulatory Affairs, Medical Writing, Epidemiology, Laboratory Management, Research Ethics",3,10
Supply Chain Manager,Letellier Bouchet SA SARL,Operations,Lead,2025-03-28,2025-05-05,2025-06-04,Tourism & Hospitality,Adrar,Bac,16,Stage,2,Bande docteur titre alors. Charge saluer dieu paysan coup. Général large simple trente remarquer vêtement premier.,"Épargne entreprise, Crèche d'entreprise, Télétravail partiel",79000,"Microsoft Office, Project Management, Arabic/French Bilingual, Report Writing, Team Leadership",4,7
Operations Manager,Lamy Hebert S.A. SPA,General Management,Senior,2025-04-22,2025-04-29,2025-05-29,Pharmaceuticals,Naama,Master,16,CDI,7,Pareil quel rare regretter. Maître métier compte. Hésiter parce que relation nombreux. Étroit fil beaux rêve. Côté sembler type.,"Prime de performance, Formation continue, Assurance maladie",69000,"Team Leadership, Report Writing, Arabic/French Bilingual, Microsoft Office, Project Management",3,9
Operations Manager,Louis et Fils SARL,General Management,Senior,2025-04-17,2025-06-05,2025-07-05,E-Commerce,Ouargla,Doctorat,19,CDD,9,Toi immense oncle hiver demain autre. Surtout aussi partir court. Escalier engager vingt sentiment emmener. Terme armer madame coûter calmer. Peser cercle mériter âge rompre étude. Prétendre clair coeur scène.,"Voiture de fonction, Épargne entreprise, Crèche d'entreprise",144000,"Arabic/French Bilingual, Project Management, Microsoft Office, Report Writing, Team Leadership",4,6
Supply Chain Manager,Sonalgaz,Operations,Mid,2025-03-31,2025-05-07,2025-06-06,Construction,Aïn Témouchent,Doctorat,12,Alternance,2,Peu figurer ou prendre. Poids vague sembler général assister haut. Début nuage dehors enfin ressembler rire signe. Finir seconde pain nerveux.,"Crèche d'entreprise, Télétravail partiel, Prime de performance",94000,"Microsoft Office, Team Leadership, Arabic/French Bilingual, Report Writing, Project Management",2,5
Project Manager,Lefèvre S.A.S. SARL,Irrigation Technology,Junior,2025-04-21,2025-06-03,2025-07-03,Agriculture,Chlef,Doctorat,16,CDD,8,Et tout composer. Habiter résistance derrière condition. Expression personne bas après rire haut. Clef avouer enfant tôt dent oncle. Scène chaise intérieur vivre rouler.,"Formation continue, Crèche d'entreprise, Télétravail partiel",51000,"Report Writing, Arabic/French Bilingual, Microsoft Office, Team Leadership, Project Management",0,8
Facilities Manager,Duhamel SARL,Operations,Mid,2025-04-08,2025-04-23,2025-05-23,Construction,Laghouat,Ingénieur d'État,16,Alternance,12,Aspect exposer empêcher jeunesse. Étude toucher te lit. Perdu contenter aussitôt placer enfoncer. Terreur supérieur devenir étage sauvage famille.,"Formation continue, Voiture de fonction, Tickets restaurant",41000,"Team Leadership, Arabic/French Bilingual, Report Writing, Microsoft Office, Project Management",3,8
Project Manager,Air Algérie,General Management,Chief,2025-04-15,2025-04-30,2025-05-30,Pharmaceuticals,Skikda,Doctorat,15,Stage,12,Puis pouvoir commencer considérer relation. Retourner fuir maison souffrance champ. Autant vue écrire entendre traverser par ni.,"Crèche d'entreprise, Tickets restaurant, Formation continue",41000,"Report Writing, Arabic/French Bilingual, Project Management, Microsoft Office, Team Leadership",5,9
Facilities Manager,Air Algérie,Operations,Junior,2025-04-06,2025-05-12,2025-06-11,E-Commerce,El Tarf,Ingénieur d'État,14,Freelance,5,Propre course enfoncer approcher revoir. Rencontre lentement juste réveiller porte chemise compter. Bureau assister contenter compter observer retour auquel.,"Formation continue, Tickets restaurant, Crèche d'entreprise",118000,"Arabic/French Bilingual, Team Leadership, Microsoft Office, Project Management, Report Writing",1,14
Petroleum Engineer,CEVITAL,Exploration & Production,Mid,2025-04-02,2025-05-28,2025-06-27,Energy & Petroleum,Aïn Témouchent,Doctorat,19,Alternance,13,Verser un facile chat. Crainte désir rare offrir honneur voir entier. Avouer trésor résultat. Beaucoup désert tombe mois cacher secrétaire.,"Télétravail partiel, Voiture de fonction, Formation continue",73000,"Petrel Software, Reservoir Simulation, Geological Modeling, Enhanced Oil Recovery, Well Logging, HYSYS, Drilling Optimization",0,14
Team Leader,Bruneau S.A.S. EURL,General Management,Junior,2025-03-29,2025-04-28,2025-05-28,Tourism & Hospitality,Illizi,Ingénieur d'État,18,CDI,12,Petit fer docteur conduire rencontre. Homme après vue. Pourtant danser jeu.,"Crèche d'entreprise, Formation continue, Télétravail partiel",53000,"Microsoft Office, Team Leadership, Report Writing, Project Management, Arabic/French Bilingual",1,10
Project Manager,Peron SA EURL,General Management,Lead,2025-03-27,2025-05-19,2025-06-18,Retail,Annaba,Licence,17,CDI,14,Eh mode pluie prévenir accepter suffire certain. Portier intérieur rond ou ruine haïr masse aussitôt. Abandonner frère longtemps réclamer sentir aspect.,"Voiture de fonction, Crèche d'entreprise, Télétravail partiel",80000,"Team Leadership, Microsoft Office, Arabic/French Bilingual, Report Writing, Project Management",2,8
Department Director,Lamy Hebert S.A. SPA,Food Processing,Mid,2025-04-13,2025-06-07,2025-07-07,Agriculture,Blida,Doctorat,14,Stage,10,Projet jardin jamais employer avouer. Odeur vin diriger couper elle. Avant départ fer. Enfoncer créer mort tantôt disposer.,"Formation continue, Épargne entreprise, Crèche d'entreprise",132000,"Report Writing, Arabic/French Bilingual, Team Leadership, Project Management, Microsoft Office",4,3
Department Director,Bruneau SARL,Accounting & Auditing,Junior,2025-03-28,2025-05-14,2025-06-13,Banking & Finance,Timimoun,Bac,12,Freelance,3,Curiosité défaut campagne magnifique lutte. Certain étranger pur. Ouvrir un interrompre absolu bien hasard. Autre recevoir enfermer relever dès deux rayon épais. État étranger sembler vent.,"Tickets restaurant, Crèche d'entreprise, Voiture de fonction",42000,"Team Leadership, Project Management, Arabic/French Bilingual, Microsoft Office, Report Writing",2,3
Logistics Coordinator,Wagner S.A.S. SARL,Operations,Chief,2025-04-23,2025-06-06,2025-07-06,Mining,Annaba,Bac,16,CDD,6,Monde désert même saison humain fatiguer. Malheur amour forêt envelopper arriver sou politique oh. Théâtre eaux écouter chemin nombre enfin.,"Épargne entreprise, Télétravail partiel, Crèche d'entreprise",50000,"Project Management, Report Writing, Team Leadership, Arabic/French Bilingual, Microsoft Office",5,4
Team Leader,Sofiane Pharma,General Management,Lead,2025-04-06,2025-05-13,2025-06-12,Mining,Béchar,Ingénieur d'État,18,Freelance,7,Public d'abord grandir casser là avenir personne. Pareil juste public fil. Terminer au clair douter air début douceur.,"Voiture de fonction, Épargne entreprise, Formation continue",49000,"Team Leadership, Project Management, Microsoft Office, Arabic/French Bilingual, Report Writing",3,4
Administrative Manager,Duhamel SARL,Higher Education,Junior,2025-04-23,2025-05-20,2025-06-19,Education,Mostaganem,Licence,15,Alternance,12,Cheveu contraire vol cesser aide chaîne dangereux. Voyage avancer étonner contenter présenter fille. Regretter discuter pur. Épaule honneur quarante même.,"Crèche d'entreprise, Télétravail partiel, Assurance maladie",63000,"Project Management, Team Leadership, Microsoft Office, Report Writing, Arabic/French Bilingual",5,14
Team Leader,Cevital Agro-Industry,Irrigation Technology,Senior,2025-04-23,2025-06-13,2025-07-13,Agriculture,Constantine,Doctorat,20,Freelance,7,Libre honneur devoir heureux. Puissance allumer danger puis départ réalité. Ici chez recommencer. Pouvoir fusil docteur. Atteindre lèvre vue convenir verser siège corde honte.,"Télétravail partiel, Crèche d'entreprise, Épargne entreprise",30000,"Project Management, Report Writing, Team Leadership, Microsoft Office, Arabic/French Bilingual",1,9
Facilities Manager,Rodriguez EURL,Operations,Junior,2025-04-04,2025-05-23,2025-06-22,Pharmaceuticals,Biskra,Bac,19,Stage,10,Rang livrer affaire guère. Tuer écraser habiller art. Joli animer bois semblable livrer vue grain. Peu même traîner près. Devoir lutte sang animer mari. Heure rocher manquer arrêter emmener.,"Épargne entreprise, Crèche d'entreprise, Télétravail partiel",35000,"Project Management, Arabic/French Bilingual, Report Writing, Microsoft Office, Team Leadership",5,11
Mobile App Developer,Martin Leblanc S.A. SARL,Mobile Development,Junior,2025-04-06,2025-04-20,2025-05-20,Information Technology,In Salah,Doctorat,12,Freelance,3,Vague vue plutôt seuil tandis que difficile prétendre. Prêt naturellement tard crise abri. Rocher aimer triste mort souffrir rester. Chaise projet puisque maître retrouver. Verser bras rire volonté affaire.,"Tickets restaurant, Crèche d'entreprise, Télétravail partiel",33000,"Arabic/French Bilingual, Team Leadership, Report Writing, Microsoft Office, Project Management",1,14
Team Leader,Manadjim El Djazaïr,General Management,Senior,2025-04-15,2025-05-24,2025-06-23,Retail,Tlemcen,Master,20,Alternance,4,Solitude véritable cependant cher geste instant valoir dessus. Fruit chaleur remplir toute mille docteur as plaine. Apparaître attirer colère note. Chasse parfaitement imaginer rentrer distinguer appartenir puissance. Éternel corps gouvernement delà prêter impression expérience autour. Noire facile service dur marcher.,"Prime de performance, Formation continue, Épargne entreprise",44000,"Report Writing, Microsoft Office, Project Management, Arabic/French Bilingual, Team Leadership",2,13
Logistics Coordinator,Peron SA EURL,Operations,Chief,2025-04-17,2025-05-19,2025-06-18,Fisheries,Mostaganem,Ingénieur d'État,13,Stage,13,Fumer souvent recommencer cesse vendre. Maladie énorme imaginer lire part. Journée enfin pas dangereux.,"Crèche d'entreprise, Tickets restaurant, Voiture de fonction",111000,"Microsoft Office, Team Leadership, Arabic/French Bilingual, Report Writing, Project Management",0,13
Pipeline Engineer,Renault SPA,Pipeline Management,Senior,2025-03-27,2025-05-08,2025-06-07,Energy & Petroleum,Sétif,Master,12,Freelance,15,Île sourd suite terreur entrée remonter autant. Avant haut tant changer. Position intelligence couler goutte. Quitter elle compte lutte.,"Épargne entreprise, Prime de performance, Tickets restaurant",55000,"Team Leadership, Report Writing, Arabic/French Bilingual, Microsoft Office, Project Management",4,4
Operations Manager,Le Gall Allain SA SARL,General Management,Senior,2025-04-08,2025-05-01,2025-05-31,Telecommunications,Ouargla,Ingénieur d'État,13,CDD,11,Réserver petit soit certain planche poids. Danser agir fin carte enlever. Chute raison relation loin. Sujet bête bas contre.,"Prime de performance, Assurance maladie, Voiture de fonction",119000,"Arabic/French Bilingual, Report Writing, Team Leadership, Project Management, Microsoft Office",0,14
Facilities Manager,Louis et Fils SARL,Operations,Chief,2025-04-22,2025-05-20,2025-06-19,Telecommunications,El Oued,Licence,16,CDD,1,Autrement changement immobile tôt. Payer retirer liberté appeler. Désirer celui contraire toucher soir occasion précis.,"Tickets restaurant, Voiture de fonction, Formation continue",70000,"Team Leadership, Microsoft Office, Arabic/French Bilingual, Report Writing, Project Management",5,11
General Director,ENIE,General Management,Chief,2025-04-20,2025-06-03,2025-07-03,Fisheries,Illizi,Master,12,CDD,13,Demander milieu avouer noire. Anglais arrivée sujet quart. Construire vert chant rendre. Fixer courir nous ouvrage. Grandir vie mener. Trembler confondre chance milieu avoir cuisine doux.,"Télétravail partiel, Assurance maladie, Épargne entreprise",136000,"Team Leadership, Microsoft Office, Report Writing, Arabic/French Bilingual, Project Management",2,12
Operations Supervisor,Deschamps S.A.S. SARL,Refining & Processing,Chief,2025-03-28,2025-04-21,2025-05-21,Energy & Petroleum,Béchar,Bac,12,Alternance,4,Renoncer déchirer entretenir remplir coucher si exécuter. Guère monde air doute secret papa comment. Anglais croire rayon fumée. Après sauvage scène enlever bientôt. Marquer pauvre fuir saison durer trois. Rideau montagne mort attirer lutte.,"Formation continue, Assurance maladie, Voiture de fonction",32000,"Microsoft Office, Project Management, Report Writing, Arabic/French Bilingual, Team Leadership",4,10
Facilities Manager,Jourdan S.A.R.L. SPA,Operations,Junior,2025-04-06,2025-05-07,2025-06-06,Aerospace & Defense,Tamanrasset,Ingénieur d'État,18,CDD,14,Arbre général charger lèvre maintenir parvenir route. Dessiner servir ou ailleurs plan. Autre soir commander cour. Lourd sec doute là mur côté siège simple.,"Épargne entreprise, Crèche d'entreprise, Tickets restaurant",115000,"Team Leadership, Project Management, Arabic/French Bilingual, Report Writing, Microsoft Office",3,9
Department Director,Sonalgaz,General Management,Senior,2025-03-30,2025-04-29,2025-05-29,Retail,Illizi,Bac,20,CDD,10,Âgé immobile quatre lourd. Étonner entraîner couper habiter nuage lit. Parti avec digne coin transformer feuille dresser d'autres. Voler angoisse branche. Cerveau nombreux leur supposer moins consentir. Famille rien regarder plus an.,"Assurance maladie, Crèche d'entreprise, Télétravail partiel",48000,"Arabic/French Bilingual, Team Leadership, Project Management, Microsoft Office, Report Writing",0,7
Project Manager,Djezzy,General Management,Junior,2025-04-10,2025-04-30,2025-05-30,Renewable Energy,Ouargla,Bac,15,CDI,14,Nature impossible espèce ordre parvenir minute mur fier. Coucher boire éclairer satisfaire tuer quelqu'un. Expliquer rapide asseoir cou matière secret. Satisfaire impression premier.,"Tickets restaurant, Prime de performance, Formation continue",115000,"Team Leadership, Arabic/French Bilingual, Project Management, Microsoft Office, Report Writing",5,9
Logistics Coordinator,Lagarde Bourgeois SARL SARL,Operations,Senior,2025-04-17,2025-05-05,2025-06-04,Pharmaceuticals,Tamanrasset,Ingénieur d'État,15,CDI,3,Croix au heureux ferme lumière court depuis. Recueillir importance puis il changement rejoindre. Visible prix genre. Pauvre grand différent plein.,"Formation continue, Assurance maladie, Épargne entreprise",27000,"Project Management, Arabic/French Bilingual, Report Writing, Team Leadership, Microsoft Office",3,12
Administrative Manager,Dubois S.A. EURL,General Management,Junior,2025-04-20,2025-05-10,2025-06-09,Transport & Logistics,Mostaganem,Master,20,CDI,1,Hauteur absolu travailler parfaitement. Erreur sortir entre baisser faim face fille. Son de grand rencontrer aujourd'hui. Comme fleur également.,"Télétravail partiel, Crèche d'entreprise, Assurance maladie",84000,"Team Leadership, Report Writing, Microsoft Office, Arabic/French Bilingual, Project Management",5,5
Integrity Manager,Chauvet S.A.R.L. SARL,Pipeline Management,Lead,2025-04-20,2025-05-14,2025-06-13,Energy & Petroleum,Béchar,Ingénieur d'État,18,CDD,10,Attirer quelqu'un tout tenter. Salut trop élever fou précis camarade. Fou arriver pas présence. Vent ignorer fumée voie bouche mettre gens. Mêler bout à réussir menacer. Tout large dessus scène soutenir rideau.,"Assurance maladie, Crèche d'entreprise, Prime de performance",144000,"Microsoft Office, Team Leadership, Report Writing, Arabic/French Bilingual, Project Management",1,4
Operations Manager,Sofiane Pharma,Operations,Mid,2025-03-29,2025-05-06,2025-06-05,Manufacturing,Béjaïa,Ingénieur d'État,16,CDI,4,Etc fin puis théâtre tempête dégager page peuple. Saint situation crise cercle sortir autant terminer. Foule raconter surprendre juger attirer. Perdu perdre accomplir marche. Guerre capable avant six marché place blanc. Selon escalier cerveau inviter.,"Épargne entreprise, Télétravail partiel, Prime de performance",60000,"Microsoft Office, Team Leadership, Report Writing, Project Management, Arabic/French Bilingual",0,14
Project Manager,Batimétal,General Management,Mid,2025-03-30,2025-05-03,2025-06-02,Media & Entertainment,Djanet,Doctorat,14,CDD,9,Retourner subir savoir supporter âgé même masse. Agir dur toi consulter reprendre amuser. Oui gros ceci craindre fortune grand habitude.,"Assurance maladie, Télétravail partiel, Tickets restaurant",93000,"Report Writing, Arabic/French Bilingual, Project Management, Team Leadership, Microsoft Office",5,12
Field Operations Manager,Vincent et Fils SPA,Exploration & Production,Chief,2025-03-30,2025-05-08,2025-06-07,Energy & Petroleum,Tizi Ouzou,Doctorat,17,Alternance,11,Vraiment beaucoup âgé nom maître épais pendant. Bande violent sept cas. Élever folie précipiter. Fer arrière marquer rêve. Bruit là ignorer lorsque retrouver.,"Prime de performance, Tickets restaurant, Formation continue",85000,"Reservoir Simulation, Drilling Optimization, Enhanced Oil Recovery, HYSYS, Petrel Software, Well Logging, Geological Modeling",2,3
Team Leader,Hervé S.A. EURL,General Management,Junior,2025-04-05,2025-05-13,2025-06-12,E-Commerce,El Tarf,Master,15,CDI,4,Discours bande espoir. Du signe chute fort. Sou médecin maintenant jour espérer fond supérieur.,"Formation continue, Assurance maladie, Télétravail partiel",126000,"Report Writing, Arabic/French Bilingual, Microsoft Office, Project Management, Team Leadership",4,7
Facilities Manager,Wagner S.A.S. SARL,Operations,Chief,2025-04-03,2025-05-03,2025-06-02,Transport & Logistics,Illizi,Doctorat,16,Stage,1,Histoire jeter relation. Retirer feu départ représenter succès. Achever sueur garde tout en. Énorme celui visage simplement lutter entraîner embrasser éclairer. Complet étouffer sûr public vision auteur. Aucun effort demander ici oeil service.,"Tickets restaurant, Assurance maladie, Crèche d'entreprise",137000,"Report Writing, Project Management, Microsoft Office, Arabic/French Bilingual, Team Leadership",4,13
General Director,Alexandre Denis SA EURL,General Management,Lead,2025-04-08,2025-04-18,2025-05-18,Retail,El Tarf,Master,20,Alternance,2,Promettre nombreux juge bas embrasser. Consentir chambre mon. Rentrer mémoire soleil journée race accorder porte. Chose dessus inspirer avouer.,"Voiture de fonction, Assurance maladie, Crèche d'entreprise",38000,"Report Writing, Microsoft Office, Project Management, Team Leadership, Arabic/French Bilingual",3,4
Department Director,Millet SARL,Hospital Administration,Chief,2025-03-26,2025-04-03,2025-05-03,Healthcare,In Salah,Doctorat,15,Stage,15,Distance larme but accomplir étendue céder. Étaler bas dormir unique. Commun asseoir soulever couche victime.,"Voiture de fonction, Épargne entreprise, Télétravail partiel",96000,"Report Writing, Microsoft Office, Arabic/French Bilingual, Project Management, Team Leadership",5,14
Administrative Manager,De Sousa EURL,Vocational Training,Mid,2025-03-27,2025-05-06,2025-06-05,Education,Tébessa,Licence,12,Stage,12,Siège calme sein projet courir obtenir disparaître. Veiller engager désirer manger retour triste lorsque. Soulever recommencer présent problème aspect accent.,"Crèche d'entreprise, Tickets restaurant, Prime de performance",135000,"Microsoft Office, Project Management, Arabic/French Bilingual, Report Writing, Team Leadership",4,10
Team Leader,Seguin EURL,General Management,Chief,2025-04-18,2025-06-09,2025-07-09,Media & Entertainment,Mostaganem,Bac,18,Freelance,9,Taille homme nombreux françois fer. Énergie lèvre vers retirer maintenir. Comme contenir possible village te objet entre.,"Assurance maladie, Formation continue, Tickets restaurant",87000,"Project Management, Arabic/French Bilingual, Microsoft Office, Team Leadership, Report Writing",2,11
Supply Chain Manager,Batimétal,Operations,Lead,2025-03-31,2025-05-15,2025-06-14,E-Commerce,Annaba,Doctorat,18,CDD,11,Prier écarter le court tombe papa parce que. Général joindre rêver posséder. Quelqu'Un foule ici où cour. Plonger contre changer. Mine rideau prononcer petit lune combien. Air mentir enlever mais sien.,"Assurance maladie, Formation continue, Tickets restaurant",125000,"Project Management, Arabic/French Bilingual, Report Writing, Microsoft Office, Team Leadership",2,9
Facilities Manager,Rodriguez EURL,Operations,Mid,2025-04-02,2025-04-24,2025-05-24,Retail,Algiers,Master,17,CDD,9,Beauté éclairer membre seulement craindre. Silence arrêter blanc plaine chute musique. Ça pur lui ailleurs billet.,"Prime de performance, Formation continue, Crèche d'entreprise",88000,"Project Management, Microsoft Office, Report Writing, Team Leadership, Arabic/French Bilingual",1,13
Team Leader,Wagner S.A.S. SARL,General Management,Junior,2025-04-11,2025-06-01,2025-07-01,E-Commerce,Ghardaïa,Master,13,Stage,8,Inventer absolu posséder oublier fumer garçon. Naissance donc particulier profiter événement. Pareil neuf couler fumée pont prochain servir. Ensemble rideau douter menacer cuisine.,"Voiture de fonction, Formation continue, Épargne entreprise",95000,"Project Management, Report Writing, Team Leadership, Arabic/French Bilingual, Microsoft Office",0,13
Logistics Coordinator,Sofiane Pharma,Operations,Junior,2025-04-14,2025-05-22,2025-06-21,Pharmaceuticals,Naama,Licence,16,CDD,13,Colon éviter grave qualité désir vite composer. Seul mêler âge amour. Court tenter étranger. Agiter presque il vert vouloir.,"Tickets restaurant, Assurance maladie, Épargne entreprise",102000,"Microsoft Office, Team Leadership, Report Writing, Arabic/French Bilingual, Project Management",4,7
Project Manager,Wagner S.A.S. SARL,General Management,Mid,2025-04-02,2025-05-07,2025-06-06,Mining,Jijel,Ingénieur d'État,19,Freelance,9,Accompagner brusquement humide simplement empêcher semaine accepter. Donner contre voilà prix. Sous disposer type ministre rire vie. Haut masse animal bouche tour colline. Libre accepter comment siège l'une. Général que folie.,"Prime de performance, Épargne entreprise, Crèche d'entreprise",52000,"Project Management, Microsoft Office, Team Leadership, Report Writing, Arabic/French Bilingual",5,6
Production Supervisor,Mobilis,Operations,Chief,2025-04-14,2025-05-14,2025-06-13,Fisheries,El Oued,Bac,12,CDD,4,Banc mourir demande écrire quinze. Quatre aucun disparaître complètement mine maintenir commencement. En travailler amuser quoi appartenir. Espace livre droit grave retenir. Ouvert selon déclarer côté premier inquiétude vivre attaquer. Lire grâce hiver quelque.,"Tickets restaurant, Prime de performance, Formation continue",73000,"Project Management, Team Leadership, Arabic/French Bilingual, Microsoft Office, Report Writing",4,8
Operations Manager,Chauvet S.A.R.L. SARL,General Management,Mid,2025-04-02,2025-04-17,2025-05-17,Transport & Logistics,Laghouat,Doctorat,19,Stage,10,Lier aujourd'hui sens banc. Quarante soleil oser politique condition escalier le. Simplement banc valeur.,"Crèche d'entreprise, Formation continue, Assurance maladie",74000,"Microsoft Office, Project Management, Arabic/French Bilingual, Team Leadership, Report Writing",4,7
Team Leader,Lagarde Bourgeois SARL SARL,General Management,Senior,2025-03-31,2025-05-26,2025-06-25,Renewable Energy,Biskra,Ingénieur d'État,15,CDI,8,Fixer d'autres cou malade hasard. Tempête forêt partir profond alors lieu risquer. Ajouter succès parent. Grave chose loi cruel retomber. Gris presque second chien révéler bande. Course proposer fusil ennemi.,"Épargne entreprise, Télétravail partiel, Voiture de fonction",128000,"Project Management, Report Writing, Team Leadership, Arabic/French Bilingual, Microsoft Office",4,11
Supply Chain Manager,Lagarde Bourgeois SARL SARL,Operations,Senior,2025-04-23,2025-05-27,2025-06-26,Manufacturing,El Tarf,Master,18,Freelance,5,Sept condition chanter fumer ça au. Image avis social admettre françois herbe. Robe trois colon conseil baisser.,"Formation continue, Prime de performance, Crèche d'entreprise",70000,"Project Management, Report Writing, Microsoft Office, Arabic/French Bilingual, Team Leadership",1,14
Project Manager,CNAN,General Management,Chief,2025-04-03,2025-04-23,2025-05-23,Public Sector,Biskra,Licence,13,CDI,3,Billet étaler public défaut direction. Verre garçon créer étranger interroger attacher du année. Crainte pauvre poche véritable terreur signe. Mort fier serrer cesser éviter faute. Presser vaste soutenir vaincre rapport obliger réunir éloigner. Y terme place cou content.,"Crèche d'entreprise, Télétravail partiel, Prime de performance",69000,"Report Writing, Arabic/French Bilingual, Microsoft Office, Project Management, Team Leadership",3,7
General Director,Legendre SPA,Clinical Operations,Senior,2025-04-12,2025-06-05,2025-07-05,Healthcare,Biskra,Ingénieur d'État,16,Freelance,1,Douter yeux violent. Hasard question monde président année. Troubler devoir poitrine taire presque triste.,"Épargne entreprise, Télétravail partiel, Formation continue",107000,"Microsoft Office, Arabic/French Bilingual, Team Leadership, Project Management, Report Writing",1,12
Logistics Coordinator,Millet SARL,Operations,Junior,2025-04-05,2025-05-14,2025-06-13,Manufacturing,Mostaganem,Doctorat,17,Stage,4,Lors autour train. Rompre poursuivre moyen pourquoi briser. Le principe place tirer. Complètement fumer nul commencement siècle. Mouvement paysan lever.,"Crèche d'entreprise, Formation continue, Assurance maladie",148000,"Arabic/French Bilingual, Team Leadership, Report Writing, Project Management, Microsoft Office",3,3
Facilities Manager,Delattre SPA,Operations,Chief,2025-04-07,2025-05-07,2025-06-06,Retail,Biskra,Licence,17,Alternance,14,Existence accrocher quant à pont mettre froid ou militaire. Rompre fait douceur casser petit vieil. Terre tourner verre soudain pierre. Solitude fort minute aider saluer neuf.,"Voiture de fonction, Assurance maladie, Formation continue",119000,"Arabic/French Bilingual, Project Management, Microsoft Office, Report Writing, Team Leadership",3,11
Administrative Manager,Boulay Benard SA SARL,Sustainable Farming,Senior,2025-04-05,2025-06-03,2025-07-03,Agriculture,M'sila,Doctorat,19,CDI,8,Long noir loin vin. Épais nouveau bouche lune plan me rond. Sien volonté moi. Pièce effet souffler. Plaisir quant à afin de rentrer.,"Prime de performance, Voiture de fonction, Épargne entreprise",107000,"Agroecology, Soil Health Management, Organic Certification, Precision Agriculture, Water Conservation, Permaculture Design",5,3
Production Supervisor,CEVITAL,Operations,Mid,2025-04-07,2025-04-16,2025-05-16,Public Sector,Tindouf,Master,14,CDI,14,Six occasion rideau public traverser. Quarante toit repousser cher mari. Autre milieu installer santé idée réclamer même neuf. Banc autre continuer calmer encore.,"Assurance maladie, Voiture de fonction, Télétravail partiel",109000,"Microsoft Office, Report Writing, Team Leadership, Project Management, Arabic/French Bilingual",2,15
Operations Manager,Chauvet S.A.R.L. SARL,General Management,Mid,2025-04-24,2025-06-14,2025-07-14,Pharmaceuticals,Blida,Doctorat,18,Stage,15,Comme nez accent ruine. Autre fixe éternel apparence son supérieur. Reprendre rester oublier révolution vague. Séparer chaleur dont mon interroger voile.,"Formation continue, Épargne entreprise, Crèche d'entreprise",95000,"Team Leadership, Microsoft Office, Arabic/French Bilingual, Report Writing, Project Management",0,13
Integrity Manager,Boulay Benard SA SARL,Pipeline Management,Lead,2025-04-03,2025-05-11,2025-06-10,Energy & Petroleum,Illizi,Master,20,Stage,4,Bataille acheter geste. Ou demi fortune examiner. Cent rouge court ici. Passé soit gagner genou réponse. Enfermer continuer habiller parce que article.,"Assurance maladie, Formation continue, Prime de performance",51000,"Report Writing, Project Management, Team Leadership, Microsoft Office, Arabic/French Bilingual",2,7
Project Manager,Duhamel SARL,General Management,Mid,2025-04-16,2025-05-11,2025-06-10,Retail,El Oued,Doctorat,17,Stage,14,Si ensemble couleur inventer. Port joindre midi peuple. Depuis travers réflexion fatiguer plaindre convenir. Delà arracher fleur tuer.,"Formation continue, Tickets restaurant, Crèche d'entreprise",36000,"Project Management, Report Writing, Arabic/French Bilingual, Microsoft Office, Team Leadership",5,4
Production Supervisor,Fontaine SPA,Operations,Senior,2025-04-18,2025-05-11,2025-06-10,Tourism & Hospitality,Mostaganem,Master,14,Alternance,1,Le soit je goût intérieur direction. Doute mort nommer violence profiter nu unique. Ancien comme troubler soldat hier.,"Formation continue, Télétravail partiel, Crèche d'entreprise",136000,"Arabic/French Bilingual, Microsoft Office, Report Writing, Team Leadership, Project Management",3,15
Administrative Manager,SNVI,Accounting & Auditing,Junior,2025-04-04,2025-05-30,2025-06-29,Banking & Finance,Ouargla,Ingénieur d'État,16,Freelance,7,Croire comme champ règle. Étaler mauvais fonction projet. Satisfaire doux écouter désormais voix sept. Sang accepter absolu vue son soirée. Derrière d'autres sombre sauter. Essuyer hésiter pierre.,"Épargne entreprise, Télétravail partiel, Assurance maladie",69000,"Report Writing, Project Management, Arabic/French Bilingual, Team Leadership, Microsoft Office",4,11
Operations Manager,Gaillard SARL,Investment Management,Senior,2025-03-31,2025-05-20,2025-06-19,Banking & Finance,Béchar,Licence,20,Freelance,8,Prouver poste enfant réunir. Eh fois valeur marché joue bientôt fixe. Satisfaire rapport trait principe inconnu perdu. Ouvrage brusquement puis mille perte étroit être.,"Assurance maladie, Prime de performance, Tickets restaurant",150000,"Microsoft Office, Arabic/French Bilingual, Project Management, Team Leadership, Report Writing",0,9
Production Supervisor,Algérie Télécom,Operations,Senior,2025-03-26,2025-04-19,2025-05-19,Renewable Energy,Illizi,Ingénieur d'État,19,Alternance,13,Fin long un pousser. Douze scène joie chasse professeur. Foule établir ruine problème. Impossible réfléchir aucun tel accomplir prince accompagner.,"Assurance maladie, Télétravail partiel, Tickets restaurant",102000,"Report Writing, Team Leadership, Microsoft Office, Project Management, Arabic/French Bilingual",0,14
Department Director,Manadjim El Djazaïr,General Management,Lead,2025-04-23,2025-06-19,2025-07-19,Pharmaceuticals,Annaba,Master,13,Stage,9,Compter occasion changer habiter séparer cent tromper tenter. Dormir armer pencher cacher voix nation. As écarter souhaiter main poitrine.,"Tickets restaurant, Télétravail partiel, Formation continue",102000,"Arabic/French Bilingual, Project Management, Microsoft Office, Team Leadership, Report Writing",2,9
Pipeline Engineer,Laurent SPA,Pipeline Management,Lead,2025-03-30,2025-05-14,2025-06-13,Energy & Petroleum,Chlef,Doctorat,15,Stage,8,Arrière terminer annoncer à rocher race cou. Ramener conversation rare. Situation subir avis étage traîner propos riche. Transformer monter réclamer malade nourrir reculer feuille. Découvrir dimanche politique meilleur chose auteur moi.,"Crèche d'entreprise, Épargne entreprise, Formation continue",127000,"Report Writing, Microsoft Office, Project Management, Team Leadership, Arabic/French Bilingual",4,9
Project Manager,Jacquot Payet et Fils SPA,Higher Education,Junior,2025-04-24,2025-05-01,2025-05-31,Education,Ouargla,Ingénieur d'État,17,Stage,2,Couper appartement soirée ajouter parole user silence défaut. Impossible un retomber deviner gens. Raconter mort angoisse que chez. Fleur commun ancien cri. Temps lettre livre reste fidèle devenir occasion. Examiner saint présent inquiétude façon retourner douter.,"Crèche d'entreprise, Prime de performance, Assurance maladie",129000,"Team Leadership, Report Writing, Microsoft Office, Project Management, Arabic/French Bilingual",3,6
Supply Chain Manager,Raynaud S.A.S. EURL,Operations,Chief,2025-04-24,2025-05-02,2025-06-01,Renewable Energy,In Salah,Master,17,CDI,12,Retomber près aujourd'hui passer quelqu'un moindre chat. Étonner unique terme. Supporter lien dix juger oncle.,"Épargne entreprise, Crèche d'entreprise, Télétravail partiel",103000,"Microsoft Office, Report Writing, Team Leadership, Arabic/French Bilingual, Project Management",2,10
Team Leader,Mobilis,Food Processing,Lead,2025-04-10,2025-04-28,2025-05-28,Agriculture,Annaba,Ingénieur d'État,20,Stage,4,Arme présence or partager en. Discussion été agiter léger. Parfaitement importer tourner tellement mien jusque. Soi unique marche travail courant.,"Formation continue, Épargne entreprise, Assurance maladie",87000,"Project Management, Report Writing, Team Leadership, Microsoft Office, Arabic/French Bilingual",5,6
Department Director,Mobilis,General Management,Junior,2025-04-19,2025-06-11,2025-07-11,Public Sector,Oran,Doctorat,16,Stage,2,Or troubler beauté douze cas soir. Tout quart maladie. Éloigner trouver sérieux. Douze médecin fonction lutte toute condition ouvrir. Marché roi vite professeur rouler.,"Épargne entreprise, Crèche d'entreprise, Formation continue",135000,"Microsoft Office, Report Writing, Project Management, Team Leadership, Arabic/French Bilingual",2,3
Project Manager,Baudry S.A.S. SARL,Agronomy Research,Mid,2025-03-30,2025-04-30,2025-05-30,Agriculture,Laghouat,Master,17,CDD,5,Groupe exposer asseoir leur lui. Pensée ailleurs que pourquoi pas cacher fixe. Acheter pur village. Accent briser précis haut changement surveiller. Décider perdu pousser fonder taille résistance ramener fête. Nuit politique battre vivant force donner travail.,"Télétravail partiel, Épargne entreprise, Assurance maladie",75000,"Team Leadership, Microsoft Office, Project Management, Arabic/French Bilingual, Report Writing",5,11
Department Director,Baudry S.A.S. SARL,General Management,Junior,2025-04-02,2025-05-05,2025-06-04,Aerospace & Defense,Tiaret,Ingénieur d'État,18,Stage,1,Rôle or mer si davantage. Froid répondre poète conseil violence devoir savoir. Rien époque promener juste valeur ou enfermer. Accent colon noir.,"Voiture de fonction, Prime de performance, Assurance maladie",145000,"Team Leadership, Arabic/French Bilingual, Microsoft Office, Report Writing, Project Management",1,4
General Director,Manadjim El Djazaïr,General Management,Chief,2025-04-01,2025-04-26,2025-05-26,Tourism & Hospitality,Saïda,Master,17,Freelance,6,Sourire ignorer toile retrouver manger quant à brûler. Me coin place aujourd'hui. Gouvernement tout céder. Tout éclairer curieux. Tempête retrouver achever conseil moins baisser paraître.,"Tickets restaurant, Crèche d'entreprise, Prime de performance",91000,"Report Writing, Arabic/French Bilingual, Microsoft Office, Team Leadership, Project Management",3,3
Team Leader,Jourdan S.A.R.L. SPA,Hospital Administration,Mid,2025-04-20,2025-06-04,2025-07-04,Healthcare,El Tarf,Bac,14,CDI,10,Elle désir rendre lequel savoir. Loi sol autre aujourd'hui manquer pauvre. Nommer lorsque décrire durer assurer accorder précieux composer. Si voilà horizon afin de.,"Formation continue, Voiture de fonction, Télétravail partiel",39000,"Microsoft Office, Arabic/French Bilingual, Project Management, Team Leadership, Report Writing",3,9
Administrative Manager,Cevital Agro-Industry,General Management,Mid,2025-04-02,2025-05-13,2025-06-12,Mining,Chlef,Bac,20,Stage,5,Saisir nu visite distinguer mari continuer moyen cerveau. Part lien trou petit éloigner. Mince puis rue durant.,"Tickets restaurant, Crèche d'entreprise, Prime de performance",91000,"Arabic/French Bilingual, Microsoft Office, Team Leadership, Report Writing, Project Management",1,4
General Director,Mobilis,General Management,Junior,2025-04-20,2025-05-23,2025-06-22,Renewable Energy,Adrar,Doctorat,13,Stage,15,Voix passer emporter naître haute manquer qui. Français vin montrer page. Mieux fruit convenir pièce retenir valoir d'autres. Vide seigneur voix ça sec lune résultat. Tel regard deux police d'abord accorder reconnaître après.,"Assurance maladie, Crèche d'entreprise, Prime de performance",149000,"Team Leadership, Project Management, Arabic/French Bilingual, Report Writing, Microsoft Office",2,13
General Director,Condor Electronics,General Management,Mid,2025-04-17,2025-05-12,2025-06-11,Renewable Energy,Batna,Bac,19,Stage,14,Découvrir condition subir veille. Miser conscience naturellement beaucoup. Douter circonstance yeux somme sien calme.,"Épargne entreprise, Assurance maladie, Tickets restaurant",117000,"Report Writing, Arabic/French Bilingual, Project Management, Team Leadership, Microsoft Office",3,15
Team Leader,Bruneau SARL,General Management,Mid,2025-03-27,2025-04-27,2025-05-27,Tourism & Hospitality,Tizi Ouzou,Ingénieur d'État,19,Freelance,5,Puissance répéter divers clef entourer découvrir chez. Caresser rouge ombre que effort dieu devant corps. Promener coûter rocher pendre.,"Télétravail partiel, Assurance maladie, Voiture de fonction",85000,"Microsoft Office, Team Leadership, Report Writing, Project Management, Arabic/French Bilingual",0,9
Security Consultant,CEVITAL,Cybersecurity,Senior,2025-04-18,2025-06-06,2025-07-06,Information Technology,M'sila,Master,18,Stage,4,Chien effet faible matin. Même jeu appuyer froid presser. Honneur pendant nez passage cuisine camarade sable. Volonté désir fin menacer. Consulter nul arbre charge. Flot habitude trace lever là attention frais.,"Crèche d'entreprise, Prime de performance, Formation continue",58000,"Firewall Configuration, Cryptography, Incident Response, SIEM Tools, SOC Operations, GDPR Compliance, Network Security, Ethical Hacking",1,9
Operations Manager,Algérie Télécom,General Management,Mid,2025-04-19,2025-05-02,2025-06-01,Tourism & Hospitality,Sétif,Doctorat,18,CDI,3,Nombreux bas simple herbe retirer demain désirer. Allumer oh veiller rappeler question nature blanc. Monde cruel manger employer foule bouche passé métier. Silencieux chasser troisième revenir midi loin.,"Tickets restaurant, Télétravail partiel, Prime de performance",110000,"Project Management, Microsoft Office, Team Leadership, Arabic/French Bilingual, Report Writing",2,15
Production Supervisor,Jacquot Payet et Fils SPA,Operations,Chief,2025-03-26,2025-04-13,2025-05-13,Transport & Logistics,Tamanrasset,Ingénieur d'État,18,Freelance,8,Recherche enfoncer peu commencement avant facile appartenir moi. An pied ni. Portier imposer perdu puis. Silencieux maladie rêver. Ignorer sourire époque. Que horizon endroit source nuage beau personnage.,"Épargne entreprise, Crèche d'entreprise, Télétravail partiel",98000,"Project Management, Arabic/French Bilingual, Microsoft Office, Report Writing, Team Leadership",4,6
Operations Manager,Leclerc EURL,Higher Education,Chief,2025-04-09,2025-04-20,2025-05-20,Education,M'sila,Master,18,Freelance,3,Plan embrasser grâce important. Entrée suivant rencontre élever prière gouvernement mouvement. Du vent inquiéter personne abandonner. Rire sept saint jeune lendemain droite lire. Assurer certes réflexion parce que.,"Voiture de fonction, Épargne entreprise, Crèche d'entreprise",137000,"Project Management, Microsoft Office, Report Writing, Team Leadership, Arabic/French Bilingual",0,3
Administrative Manager,Alexandre Denis SA EURL,General Management,Senior,2025-04-24,2025-05-06,2025-06-05,Public Sector,Biskra,Ingénieur d'État,20,CDI,14,Solitude étendue gauche ramasser pareil. Marchand essuyer rompre vers maison. Caractère présent troisième journal. Rencontre avant demi. Journée léger apporter achever marcher famille lumière.,"Tickets restaurant, Télétravail partiel, Prime de performance",102000,"Team Leadership, Microsoft Office, Arabic/French Bilingual, Report Writing, Project Management",2,13
Operations Manager,CEVITAL,Medical Equipment Maintenance,Lead,2025-04-15,2025-06-08,2025-07-08,Healthcare,Constantine,Licence,15,Alternance,6,Étudier donner marche réserver. Lieu prêt en droit habiller sang côté. Pierre machine toi avoir complètement appeler pendant. Un très petit dessus combat. Demander ça ramasser mieux mêler consulter poésie. Larme silence maître lever saint.,"Crèche d'entreprise, Prime de performance, Formation continue",48000,"Microsoft Office, Report Writing, Arabic/French Bilingual, Team Leadership, Project Management",3,4
General Director,Batimétal,General Management,Junior,2025-04-03,2025-05-18,2025-06-17,Public Sector,Naama,Master,15,CDD,15,Mariage accord juste fleur fil approcher. Pointe depuis lorsque chasse. Puissant vers lendemain fille blanc. Ouvert flot taire peur. Donc puis garçon.,"Voiture de fonction, Tickets restaurant, Épargne entreprise",146000,"Report Writing, Team Leadership, Project Management, Arabic/French Bilingual, Microsoft Office",5,6
Administrative Manager,Dubois S.A. EURL,Retail Banking,Lead,2025-04-18,2025-05-01,2025-05-31,Banking & Finance,Batna,Bac,12,Freelance,10,Détail passé parent. Français événement faim solitude lendemain. Court terme chasser regretter ciel. Coucher fou port interrompre heureux.,"Assurance maladie, Tickets restaurant, Crèche d'entreprise",71000,"Project Management, Team Leadership, Microsoft Office, Arabic/French Bilingual, Report Writing",0,12
Supply Chain Manager,Chauvet S.A.R.L. SARL,Operations,Junior,2025-04-23,2025-05-28,2025-06-27,Aerospace & Defense,Timimoun,Master,19,Stage,10,Agiter franchir prendre. Mur auprès sorte sec apparaître dimanche or indiquer. Vie souffrir âgé réunir commencer politique.,"Assurance maladie, Crèche d'entreprise, Télétravail partiel",96000,"Arabic/French Bilingual, Team Leadership, Microsoft Office, Report Writing, Project Management",4,11
General Director,Air Algérie,General Management,Mid,2025-04-11,2025-05-13,2025-06-12,Fisheries,Tizi Ouzou,Bac,16,Stage,9,Depuis parce que étaler elle compte naître. Plaine accuser courant près. Printemps moindre pourtant objet surprendre. Armée doucement approcher attention. Lendemain juger soit cabinet. Endroit protéger ce refuser descendre tuer gros.,"Épargne entreprise, Voiture de fonction, Prime de performance",88000,"Report Writing, Project Management, Team Leadership, Microsoft Office, Arabic/French Bilingual",2,7
Supply Chain Manager,Louis et Fils SARL,Operations,Mid,2025-04-16,2025-05-23,2025-06-22,Mining,Annaba,Ingénieur d'État,13,Alternance,11,Somme bas soumettre produire derrière fine ouvrir. Rideau honneur chemin naître volonté petit déchirer. Ci quant à simple. Oncle arrêter soumettre. Savoir plaine aussitôt retirer marchand eh.,"Crèche d'entreprise, Voiture de fonction, Prime de performance",116000,"Report Writing, Microsoft Office, Arabic/French Bilingual, Team Leadership, Project Management",4,6
Production Supervisor,CEVITAL,Operations,Mid,2025-04-09,2025-06-02,2025-07-02,Retail,Tizi Ouzou,Master,20,Freelance,10,Ne flamme valeur oncle mort pouvoir supposer. Toute chaîne presque sourd. Davantage ceci demain prince finir risquer admettre pur.,"Prime de performance, Télétravail partiel, Assurance maladie",51000,"Report Writing, Project Management, Microsoft Office, Arabic/French Bilingual, Team Leadership",1,4
Project Manager,Baudry S.A.S. SARL,General Management,Mid,2025-03-31,2025-04-22,2025-05-22,Transport & Logistics,El Oued,Master,16,CDD,12,Justice absence personne complet propre quant à besoin. Plaindre suivre digne théâtre mode. Phrase morceau envelopper expliquer rose tant poste françois. Calmer point repousser intelligence. Toujours étrange plaisir fois partout autour. Eh mort prière inventer aventure.,"Télétravail partiel, Voiture de fonction, Tickets restaurant",76000,"Arabic/French Bilingual, Team Leadership, Project Management, Microsoft Office, Report Writing",1,6
Mobile QA Tester,Boucher SPA,Mobile Development,Chief,2025-03-30,2025-05-18,2025-06-17,Information Technology,Tiaret,Doctorat,12,CDD,4,Rencontrer père ajouter paix aussitôt si. Cheval marcher chez long. Comment intéresser bataille parfois.,"Crèche d'entreprise, Voiture de fonction, Prime de performance",141000,"Arabic/French Bilingual, Microsoft Office, Team Leadership, Report Writing, Project Management",0,10
Operations Manager,Chauvet S.A.R.L. SARL,Operations,Senior,2025-04-01,2025-05-04,2025-06-03,Manufacturing,Béchar,Doctorat,13,Alternance,12,Assister dresser forcer discours bientôt montagne. Oreille compagnon auquel colline remonter toi cinquante. Appartement violence poche sien. Monsieur roman erreur jambe voisin déchirer rayon. Permettre haut fleur valoir.,"Tickets restaurant, Épargne entreprise, Formation continue",94000,"Microsoft Office, Team Leadership, Arabic/French Bilingual, Project Management, Report Writing",2,3
Facilities Manager,Rodriguez EURL,Operations,Senior,2025-03-28,2025-05-12,2025-06-11,Construction,Skikda,Bac,18,CDI,4,Simple livre bleu vert. Souvenir pareil poche traiter repas enfin profond. Recueillir douleur secret pénétrer. Roman pitié paix oh ci préférer. Groupe leur ça sec si mourir. Quinze pleurer désigner réclamer assez.,"Formation continue, Tickets restaurant, Épargne entreprise",62000,"Report Writing, Team Leadership, Arabic/French Bilingual, Project Management, Microsoft Office",0,8
Team Leader,Sonatrach,General Management,Junior,2025-03-27,2025-05-21,2025-06-20,Renewable Energy,Oran,Licence,16,CDD,11,Bataille pourquoi livrer. Dans bas sommet appartement. Céder bas traiter croire vivre.,"Assurance maladie, Épargne entreprise, Tickets restaurant",65000,"Report Writing, Arabic/French Bilingual, Project Management, Microsoft Office, Team Leadership",5,3
Department Director,Turpin Pineau S.A. EURL,General Management,Lead,2025-04-04,2025-05-10,2025-06-09,Tourism & Hospitality,Saïda,Ingénieur d'État,15,Freelance,7,Chaise unique hier avouer travers semaine haine. Dimanche indiquer vieil entre revenir demain. Forcer comment puissant tracer naissance éclat. Séparer leur confier guère. Aimer respect sortir coucher disposer peuple preuve.,"Épargne entreprise, Tickets restaurant, Formation continue",91000,"Project Management, Team Leadership, Arabic/French Bilingual, Microsoft Office, Report Writing",2,10
Administrative Manager,Albert SA SARL,General Management,Senior,2025-03-28,2025-04-11,2025-05-11,Manufacturing,Sétif,Master,19,Stage,13,Nord extraordinaire qualité cependant personnage vite. Accuser premier abattre marier. Reprendre poser goût sorte. Peine approcher succès peur haïr pourquoi.,"Télétravail partiel, Formation continue, Épargne entreprise",82000,"Arabic/French Bilingual, Microsoft Office, Team Leadership, Report Writing, Project Management",2,4
Logistics Coordinator,SNVI,Operations,Junior,2025-04-15,2025-05-15,2025-06-14,Fisheries,Algiers,Ingénieur d'État,18,CDI,9,Cacher rideau événement oiseau silencieux. Ciel eaux verre respecter. Genou nature aimer à. Réserver dès toile quant à jeu. Apparence preuve époque chanter lune avance.,"Crèche d'entreprise, Télétravail partiel, Voiture de fonction",39000,"Project Management, Microsoft Office, Team Leadership, Arabic/French Bilingual, Report Writing",2,13
Project Manager,Wagner S.A.S. SARL,Retail Banking,Junior,2025-04-20,2025-06-01,2025-07-01,Banking & Finance,Timimoun,Ingénieur d'État,18,CDD,13,Quelque changement réflexion par. Douceur compter sorte sourire enfermer. Apercevoir ajouter miser choix soin pur.,"Voiture de fonction, Télétravail partiel, Crèche d'entreprise",108000,"Report Writing, Team Leadership, Arabic/French Bilingual, Microsoft Office, Project Management",0,3
Department Director,Gaillard SARL,General Management,Junior,2025-03-27,2025-04-25,2025-05-25,Media & Entertainment,Ghardaïa,Licence,15,Freelance,13,Après lorsque loi. Avis gouvernement réfléchir mot ailleurs. Durer travailler oui chasse main moins tu dessiner. Saison voici tant convenir puisque voilà. Théâtre tout accuser sommeil rire y. Départ commun rire ancien rôle.,"Tickets restaurant, Formation continue, Prime de performance",99000,"Arabic/French Bilingual, Team Leadership, Microsoft Office, Project Management, Report Writing",3,8
Operations Manager,Martin Leblanc S.A. SARL,General Management,Mid,2025-04-18,2025-06-15,2025-07-15,Retail,Béjaïa,Licence,18,Alternance,12,Examiner car dégager dos jamais propre banc. Tirer cercle souvenir préférer soirée haine place. An amener vision garde. Apparaître couper poitrine partout.,"Formation continue, Épargne entreprise, Voiture de fonction",88000,"Report Writing, Project Management, Microsoft Office, Arabic/French Bilingual, Team Leadership",5,5
Operations Manager,Dubois S.A. EURL,General Management,Mid,2025-04-05,2025-05-29,2025-06-28,Pharmaceuticals,Algiers,Licence,19,Alternance,7,Former rire intention larme plaine bruit. Poche assurer trou bon un. Drame prouver imaginer cesse. Vêtir promettre profond année sauter dehors instinct.,"Formation continue, Épargne entreprise, Tickets restaurant",110000,"Project Management, Microsoft Office, Arabic/French Bilingual, Report Writing, Team Leadership",4,12
Supply Chain Manager,Wagner S.A.S. SARL,Operations,Lead,2025-04-18,2025-05-11,2025-06-10,Aerospace & Defense,Laghouat,Doctorat,12,Stage,1,Terre français jamais annoncer. Tout feuille veille bien plutôt résistance. Bataille long noir presque. But pays commander. Effacer divers mal. Nom boire victime précieux idée leur goût.,"Voiture de fonction, Prime de performance, Télétravail partiel",130000,"Project Management, Arabic/French Bilingual, Team Leadership, Microsoft Office, Report Writing",1,15
Team Leader,Briand EURL,Accounting & Auditing,Chief,2025-04-13,2025-06-07,2025-07-07,Banking & Finance,Skikda,Master,15,Stage,15,Presser dans ceci enfermer jambe mien campagne auteur. Paix pourtant pur mauvais surprendre rideau chercher. Personne spectacle ombre bruit. Craindre plaire argent facile calme mort.,"Formation continue, Épargne entreprise, Télétravail partiel",47000,"Report Writing, Arabic/French Bilingual, Microsoft Office, Team Leadership, Project Management",3,11
Team Leader,Fontaine SPA,General Management,Mid,2025-03-31,2025-04-17,2025-05-17,Construction,Aïn Témouchent,Bac,18,Alternance,11,Répondre âgé croix dangereux oublier toujours. En abandonner asseoir sourd noir contenir lier voici. Acte bureau là mille décider échapper professeur avance. Drôle calme soir garder seconde haut. Tôt mot sorte parfaitement ramener.,"Télétravail partiel, Tickets restaurant, Prime de performance",43000,"Report Writing, Project Management, Microsoft Office, Arabic/French Bilingual, Team Leadership",2,14
Logistics Coordinator,Robin Clément S.A.R.L. SPA,Operations,Mid,2025-04-15,2025-05-30,2025-06-29,Mining,In Salah,Ingénieur d'État,19,Freelance,10,Habitant agent nerveux calme eh coûter chasse mort. Palais tranquille eh sentiment étendue voix. Nouveau admettre sérieux lueur patron. Personne demeurer herbe ainsi derrière afin de prévenir.,"Voiture de fonction, Assurance maladie, Prime de performance",33000,"Arabic/French Bilingual, Project Management, Report Writing, Team Leadership, Microsoft Office",0,14
General Director,CNAN,General Management,Mid,2025-04-03,2025-04-12,2025-05-12,Mining,Béjaïa,Ingénieur d'État,15,Alternance,5,Animal prévoir détacher naissance fonction troisième. Ministre part minute atteindre mur. Naître continuer route. Étendre manquer comme paix journée reculer. Ligne justice bureau préférer.,"Épargne entreprise, Crèche d'entreprise, Voiture de fonction",50000,"Team Leadership, Microsoft Office, Report Writing, Arabic/French Bilingual, Project Management",1,13
Department Director,BNA,General Management,Senior,2025-04-15,2025-05-06,2025-06-05,Aerospace & Defense,Tindouf,Bac,20,Stage,6,Intérieur proposer rose nommer. Réclamer violence jaune été témoin accorder. Mêler saisir courir solitude agent fumer personne. Hiver garçon vin un auprès soirée toile. Moment commander aventure comment au quartier mauvais classe.,"Assurance maladie, Crèche d'entreprise, Prime de performance",113000,"Arabic/French Bilingual, Microsoft Office, Team Leadership, Report Writing, Project Management",3,9
Department Director,Legendre SPA,General Management,Lead,2025-04-11,2025-05-20,2025-06-19,Media & Entertainment,Skikda,Doctorat,12,Stage,15,Pointe tout dès. Vous avec moindre printemps demain refuser. Étage réalité paraître inutile conversation protéger apparence. Fusil vers chat particulier sien tu.,"Tickets restaurant, Voiture de fonction, Épargne entreprise",131000,"Arabic/French Bilingual, Team Leadership, Report Writing, Microsoft Office, Project Management",0,3
Operations Manager,SNVI,International Relations,Senior,2025-04-09,2025-05-02,2025-06-01,Education,M'sila,Ingénieur d'État,14,CDD,10,Grand sentir président social falloir accord. Ton fait vite affirmer siècle. Tranquille oeil vin derrière devoir voici.,"Assurance maladie, Épargne entreprise, Formation continue",86000,"Microsoft Office, Arabic/French Bilingual, Team Leadership, Project Management, Report Writing",4,14
Administrative Manager,Millet SARL,FinTech Innovation,Senior,2025-04-01,2025-04-17,2025-05-17,Banking & Finance,Djanet,Doctorat,16,Alternance,3,Est règle public valeur rideau. Maison proposer projet empire monter terrain. Métier sorte rue fond fond. Charge moyen précéder haïr rire haut parler.,"Épargne entreprise, Crèche d'entreprise, Voiture de fonction",66000,"Arabic/French Bilingual, Project Management, Team Leadership, Report Writing, Microsoft Office",3,10
Field Operations Manager,Legendre SPA,Exploration & Production,Junior,2025-04-19,2025-06-09,2025-07-09,Energy & Petroleum,Mostaganem,Doctorat,15,Freelance,12,Vent de du défaut établir lumière. Obéir santé disposer. Surveiller sentier résistance détail goutte dangereux.,"Assurance maladie, Épargne entreprise, Tickets restaurant",96000,"Reservoir Simulation, Well Logging, Enhanced Oil Recovery, HYSYS, Drilling Optimization, Petrel Software, Geological Modeling",0,5
Production Supervisor,Air Algérie,Operations,Lead,2025-04-10,2025-05-22,2025-06-21,Telecommunications,Tiaret,Doctorat,15,CDD,7,Difficile inviter métier toucher admettre docteur rire doucement. Contenter dès cher horizon posséder lentement. Guerre renverser genre cacher casser souffrir maintenir. Étranger agiter mieux forêt battre parti ressembler ministre. Vendre haut curiosité point île.,"Crèche d'entreprise, Tickets restaurant, Formation continue",29000,"Report Writing, Team Leadership, Microsoft Office, Arabic/French Bilingual, Project Management",3,8
Production Supervisor,Albert SA SARL,Operations,Senior,2025-04-02,2025-04-17,2025-05-17,Construction,Timimoun,Ingénieur d'État,17,Stage,3,Quant À entretenir pauvre. Appel début conscience séparer tombe. Réclamer arrivée demande ancien coup.,"Tickets restaurant, Prime de performance, Télétravail partiel",53000,"Project Management, Microsoft Office, Team Leadership, Arabic/French Bilingual, Report Writing",3,10
Department Director,Boulay Benard SA SARL,General Management,Senior,2025-04-08,2025-04-29,2025-05-29,Tourism & Hospitality,Timimoun,Licence,12,Freelance,14,Sommeil extraordinaire jusque nommer relever douter. Poitrine musique retour bas accord plante divers. Morceau prononcer un gauche oser. Condamner traiter prévenir droit intelligence. Pays former ligne escalier.,"Épargne entreprise, Prime de performance, Voiture de fonction",135000,"Report Writing, Project Management, Team Leadership, Arabic/French Bilingual, Microsoft Office",0,6
Administrative Manager,Raynaud S.A.S. EURL,General Management,Junior,2025-03-29,2025-04-08,2025-05-08,Retail,Saïda,Doctorat,20,Alternance,5,Réponse rouge médecin règle ensemble vêtement. Vers barbe parvenir songer intérieur bas. Violent alors agiter agiter lendemain attaquer signer posséder. Travers autant neuf vivant voisin plante. Ton vert court former quarante choisir dire.,"Assurance maladie, Épargne entreprise, Crèche d'entreprise",54000,"Project Management, Arabic/French Bilingual, Team Leadership, Report Writing, Microsoft Office",2,7
Team Leader,Sonatrach,Pediatric Care,Lead,2025-03-31,2025-05-20,2025-06-19,Healthcare,Illizi,Doctorat,19,CDD,7,Sept brûler voile rire rang humide. Arracher rendre crise oncle installer intérieur dresser. Commander défaut parfois pauvre dos travail conseil. Dernier distinguer battre verser.,"Assurance maladie, Tickets restaurant, Voiture de fonction",137000,"Arabic/French Bilingual, Team Leadership, Microsoft Office, Report Writing, Project Management",2,15
General Director,Boucher SPA,General Management,Chief,2025-04-02,2025-05-01,2025-05-31,Renewable Energy,Saïda,Master,18,Stage,9,Partout verre enfermer exécuter argent. Lettre fumée enfant respirer champ. Famille faveur avance billet passé.,"Formation continue, Voiture de fonction, Assurance maladie",102000,"Microsoft Office, Report Writing, Project Management, Team Leadership, Arabic/French Bilingual",2,6
Supply Chain Manager,Cevital Agro-Industry,Operations,Lead,2025-03-30,2025-04-29,2025-05-29,Transport & Logistics,Oran,Master,16,Alternance,1,Entrée oiseau assurer se envie blanc nul. Nuit dur froid. Long espace prochain printemps compte.,"Assurance maladie, Formation continue, Télétravail partiel",148000,"Team Leadership, Arabic/French Bilingual, Project Management, Microsoft Office, Report Writing",0,15
Department Director,Dubois S.A. EURL,Irrigation Technology,Lead,2025-04-19,2025-04-30,2025-05-30,Agriculture,Adrar,Licence,19,Freelance,8,Défaut nu veiller résoudre avance installer. Terreur leur d'abord mériter. Davantage bois établir pendant expliquer main partie. Désir ramener parti. Mariage veille titre durer science. Bande marchand beaucoup.,"Assurance maladie, Crèche d'entreprise, Télétravail partiel",109000,"Report Writing, Team Leadership, Project Management, Arabic/French Bilingual, Microsoft Office",4,3
General Director,Rémy Baudry et Fils SPA,General Management,Junior,2025-04-03,2025-05-29,2025-06-28,Tourism & Hospitality,Oran,Master,15,Stage,8,Lumière effet réfléchir conscience sourire fidèle. Éviter autrefois cher habiller. Fil ventre grand jeu mémoire endroit champ. Veiller lit observer dangereux non françois quand paquet. Oncle retrouver tranquille dépasser pendant peur. Importer parfaitement désirer jouer valoir rose surtout.,"Prime de performance, Crèche d'entreprise, Tickets restaurant",118000,"Arabic/French Bilingual, Microsoft Office, Report Writing, Project Management, Team Leadership",2,14
Administrative Manager,Martin Leblanc S.A. SARL,General Management,Junior,2025-04-17,2025-05-16,2025-06-15,Retail,In Salah,Doctorat,14,Stage,9,Parti loup dehors éteindre science ligne. Nature par demain condition mentir fer. Assurer attention déjà parent terme.,"Télétravail partiel, Épargne entreprise, Prime de performance",37000,"Project Management, Team Leadership, Report Writing, Arabic/French Bilingual, Microsoft Office",2,13
Refinery Manager,De Sousa EURL,Refining & Processing,Senior,2025-04-02,2025-05-05,2025-06-04,Energy & Petroleum,Tindouf,Licence,19,Alternance,13,Ainsi docteur car mer. Fumée présenter crise imposer traiter terminer quarante. Secret rouge grand en vent atteindre. Fuir fatigue femme sans. Prononcer or folie déclarer fixe.,"Assurance maladie, Prime de performance, Crèche d'entreprise",37000,"Arabic/French Bilingual, Team Leadership, Microsoft Office, Report Writing, Project Management",3,5
Facilities Manager,Peron SA EURL,Operations,Chief,2025-04-16,2025-06-08,2025-07-08,Tourism & Hospitality,Ouargla,Doctorat,17,CDI,13,Importance empire grâce étonner prévoir parvenir animal. Projet aller froid enfant chute chaise robe. Extraordinaire intéresser sourire considérer ensuite. Disparaître conversation désespoir partie pain.,"Voiture de fonction, Épargne entreprise, Formation continue",61000,"Arabic/French Bilingual, Team Leadership, Project Management, Report Writing, Microsoft Office",5,4
DevOps Engineer,Jourdan S.A.R.L. SPA,Software Development,Mid,2025-04-02,2025-05-07,2025-06-06,Information Technology,Batna,Licence,13,Freelance,8,Déclarer instinct tu signifier as. Fermer route demain peine chasse apparence. Réfléchir religion nature terrain lier moyen pareil retomber.,"Épargne entreprise, Crèche d'entreprise, Formation continue",29000,"Django, Java, Git, CI/CD Pipelines, Python, REST APIs, Spring Boot, Agile Methodology",3,8
Operations Manager,Bodin Laroche et Fils EURL,Operations,Junior,2025-04-08,2025-06-06,2025-07-06,E-Commerce,Saïda,Master,20,Stage,9,Dessiner muet ramasser paquet. Vérité sol grâce effort semaine. Trouver ignorer transformer avant train. Charge intention général seconde. Éclat fauteuil mêler lit. Compte nombreux souffler aussitôt parcourir fin chant.,"Assurance maladie, Formation continue, Tickets restaurant",35000,"Project Management, Report Writing, Microsoft Office, Team Leadership, Arabic/French Bilingual",0,9
Production Supervisor,Martin Leblanc S.A. SARL,Operations,Lead,2025-04-15,2025-05-28,2025-06-27,Tourism & Hospitality,Batna,Ingénieur d'État,17,CDI,10,Poids colon social surtout doute conseil aventure. Dangereux transformer supporter par cerveau traiter. Passage bleu etc parler feu hier là.,"Formation continue, Crèche d'entreprise, Tickets restaurant",47000,"Report Writing, Arabic/French Bilingual, Microsoft Office, Project Management, Team Leadership",5,9
Production Supervisor,BNA,Operations,Mid,2025-04-03,2025-05-27,2025-06-26,Media & Entertainment,Adrar,Licence,13,Stage,12,Prêt clair appartement avis commencer transformer vous. Abri obéir prêt payer taille son discuter. Écouter distinguer examiner prêt verser douceur trou conduire. Sorte cacher déposer sauver. Rendre premier autre. Vêtement horizon certainement occuper.,"Crèche d'entreprise, Tickets restaurant, Épargne entreprise",126000,"Arabic/French Bilingual, Report Writing, Microsoft Office, Project Management, Team Leadership",2,8
Logistics Coordinator,Sofiane Pharma,Operations,Senior,2025-04-10,2025-05-13,2025-06-12,Retail,El Oued,Master,13,CDD,2,Corps ou chercher faute poitrine sang occasion poursuivre. Père tendre quelque fusil pas vague clef. Société pénétrer même composer trouver inquiéter. Fine planche préparer reculer annoncer grâce ici. Agiter soumettre couche service condition histoire. Poche coin d'autres.,"Voiture de fonction, Tickets restaurant, Épargne entreprise",111000,"Team Leadership, Report Writing, Arabic/French Bilingual, Project Management, Microsoft Office",5,10
Department Director,CEVITAL,General Management,Chief,2025-04-04,2025-04-21,2025-05-21,Fisheries,Tébessa,Bac,16,Freelance,15,Certainement chambre noire journée françois noire violence. Main père distance présenter faveur. Fleur un jaune plan comment dix. Respect prière colon.,"Épargne entreprise, Télétravail partiel, Prime de performance",82000,"Report Writing, Project Management, Arabic/French Bilingual, Microsoft Office, Team Leadership",0,12
Team Leader,Bodin Laroche et Fils EURL,General Management,Mid,2025-03-28,2025-04-26,2025-05-26,Transport & Logistics,Aïn Témouchent,Bac,13,Stage,3,Course vent crainte devoir faux demande. Avouer précéder présenter car trois argent. Aussi peine haut étouffer.,"Crèche d'entreprise, Formation continue, Assurance maladie",47000,"Arabic/French Bilingual, Team Leadership, Report Writing, Project Management, Microsoft Office",1,8
Facilities Manager,De Sousa EURL,Operations,Senior,2025-04-15,2025-04-29,2025-05-29,Aerospace & Defense,Béjaïa,Bac,17,Stage,1,Rompre tourner silence anglais prêter avenir feuille placer. Coin absolu larme depuis toucher oeil. Immobile boire ci côte ton nombre sauter. Heure former près abandonner.,"Prime de performance, Télétravail partiel, Tickets restaurant",85000,"Project Management, Team Leadership, Microsoft Office, Report Writing, Arabic/French Bilingual",2,14
Security Analyst,Martin Leblanc S.A. SARL,Cybersecurity,Lead,2025-03-26,2025-05-06,2025-06-05,Information Technology,Algiers,Ingénieur d'État,16,CDD,9,Terreur question hauteur. Tâche puissance toi siège intéresser toujours recueillir. Chaise moyen garde important manquer sang. Faible habitude endormir. Effet éteindre coin autrefois.,"Voiture de fonction, Épargne entreprise, Formation continue",118000,"SIEM Tools, Cryptography, SOC Operations, GDPR Compliance, Firewall Configuration, Ethical Hacking, Incident Response, Network Security",0,8
Logistics Coordinator,Turpin Pineau S.A. EURL,Operations,Senior,2025-04-18,2025-05-12,2025-06-11,Retail,Constantine,Licence,12,Freelance,2,Herbe dimanche chambre apparaître sombre perdu. Servir lit désir page. Doigt terrain défendre tellement fonction noire matière. Précéder tombe bande obliger. Herbe colère or petit ville. Enfance continuer peau nous.,"Crèche d'entreprise, Télétravail partiel, Épargne entreprise",70000,"Team Leadership, Arabic/French Bilingual, Microsoft Office, Project Management, Report Writing",3,12
Supply Chain Manager,Turpin Pineau S.A. EURL,Operations,Chief,2025-03-27,2025-05-17,2025-06-16,Fisheries,Saïda,Ingénieur d'État,14,CDI,13,Indiquer rompre grâce lourd côté tranquille. Envelopper trace santé grâce fruit. Un rapport mais extraordinaire. Ceci conseil noire penser autre. Demain protéger figurer dimanche aide. Âme étonner voile bord certes saison changement.,"Télétravail partiel, Formation continue, Assurance maladie",73000,"Team Leadership, Report Writing, Arabic/French Bilingual, Project Management, Microsoft Office",4,3
Operations Manager,Legendre SPA,General Management,Lead,2025-04-01,2025-05-17,2025-06-16,Transport & Logistics,Skikda,Doctorat,18,Stage,4,Ce éternel fonder saint contraire gens déposer. Lentement intérieur contraire. Ouvrage amuser discuter présenter. Craindre enfoncer cesser afin de croiser tour humide. Cuisine combat rompre alors bonheur.,"Voiture de fonction, Assurance maladie, Tickets restaurant",62000,"Team Leadership, Arabic/French Bilingual, Microsoft Office, Report Writing, Project Management",1,15
Administrative Manager,Chauvet S.A.R.L. SARL,FinTech Innovation,Senior,2025-03-28,2025-05-08,2025-06-07,Banking & Finance,Tindouf,Doctorat,13,Alternance,4,Nuit homme prêter vieillard leur point. Militaire premier tel trois. Offrir mari fatigue agent creuser place verser cerveau. Prouver terrain rayon juste étage quel entre. Tandis Que verser réserver mince direction.,"Formation continue, Épargne entreprise, Voiture de fonction",67000,"Report Writing, Team Leadership, Project Management, Arabic/French Bilingual, Microsoft Office",0,8
Wellsite Manager,Millet SARL,Drilling Operations,Junior,2025-04-02,2025-05-18,2025-06-17,Energy & Petroleum,Laghouat,Master,19,CDI,9,Inspirer raconter corde nouveau. Personne par clair plaisir reculer paquet encore. Rêver afin de rompre interroger nerveux déclarer six.,"Prime de performance, Tickets restaurant, Télétravail partiel",51000,"Project Management, Report Writing, Microsoft Office, Arabic/French Bilingual, Team Leadership",0,5
Logistics Coordinator,Lefebvre EURL,Operations,Mid,2025-03-31,2025-04-27,2025-05-27,Fisheries,Chlef,Ingénieur d'État,16,Stage,8,Trait puis devant intelligence religion mentir. Trouver épais que deux roi source. Jambe famille homme voix. Disposer risquer repas venir espoir. Épais dépasser arme bleu emporter fête début. Pourtant huit poste mien hôtel rapporter.,"Tickets restaurant, Formation continue, Assurance maladie",118000,"Microsoft Office, Arabic/French Bilingual, Team Leadership, Report Writing, Project Management",5,10
Operations Manager,Briand EURL,Operations,Chief,2025-04-04,2025-05-16,2025-06-15,Transport & Logistics,Tizi Ouzou,Licence,18,Freelance,10,Médecin général tâche empire sommeil. Appuyer effet donc but bon suivre déchirer. Phrase jeunesse ordre. Cou haute diriger été hésiter. Distance court pont mari séparer. Ignorer danger seul.,"Prime de performance, Voiture de fonction, Assurance maladie",108000,"Microsoft Office, Arabic/French Bilingual, Team Leadership, Project Management, Report Writing",4,10
Drilling Engineer,Delattre SPA,Drilling Operations,Mid,2025-04-02,2025-05-24,2025-06-23,Energy & Petroleum,Tébessa,Licence,16,Alternance,9,Dernier mentir auteur suivant seconde claire. Tache emporter souffler. Expression autre bruit comme recherche or. Appeler patron jambe rayon.,"Assurance maladie, Voiture de fonction, Télétravail partiel",135000,"Report Writing, Team Leadership, Arabic/French Bilingual, Microsoft Office, Project Management",1,12
Department Director,Raynaud S.A.S. EURL,Irrigation Technology,Junior,2025-04-17,2025-05-15,2025-06-14,Agriculture,Ouargla,Master,20,Alternance,11,Rapport parfois commander signe point. Huit être obliger pont chasse briller trouver. Objet proposer égal rêver coeur content apparence. Accrocher malade réfléchir nom.,"Télétravail partiel, Formation continue, Assurance maladie",110000,"Report Writing, Project Management, Team Leadership, Arabic/French Bilingual, Microsoft Office",0,14
Administrative Manager,Normand SA SPA,General Management,Senior,2025-04-16,2025-05-08,2025-06-07,Mining,Constantine,Master,17,Alternance,9,Deviner noir chaque humain muet entre là. Rappeler douleur troubler question bientôt personne absence neuf. Rendre porter point appel révolution ministre. Complet coeur étendre pourtant non apprendre. Voisin énergie vin soi mouvement. Oeuvre lumière neuf jeu blanc veille respirer.,"Épargne entreprise, Télétravail partiel, Voiture de fonction",89000,"Report Writing, Arabic/French Bilingual, Team Leadership, Microsoft Office, Project Management",1,4
Production Supervisor,Rodriguez EURL,Operations,Mid,2025-04-22,2025-05-31,2025-06-30,Mining,In Salah,Master,16,Freelance,1,Vers protéger trois. Pour cabinet clef moins avant selon toi. Avoir dernier remercier.,"Prime de performance, Tickets restaurant, Télétravail partiel",147000,"Project Management, Microsoft Office, Report Writing, Team Leadership, Arabic/French Bilingual",3,3
Operations Manager,Sonalgaz,General Management,Junior,2025-04-24,2025-06-10,2025-07-10,Renewable Energy,Jijel,Licence,15,Stage,4,Vieillard de ombre aujourd'hui gauche rejoindre. Tombe blond semaine briser revoir goutte calme. Devoir nouveau composer fortune race année. Objet tendre aventure calme enlever livre. Créer parti fixe depuis barbe élever.,"Tickets restaurant, Prime de performance, Voiture de fonction",53000,"Team Leadership, Project Management, Arabic/French Bilingual, Report Writing, Microsoft Office",3,10
Mobile UX Designer,SNVI,Mobile Development,Lead,2025-04-15,2025-05-31,2025-06-30,Information Technology,Sétif,Ingénieur d'État,18,Freelance,12,Tout depuis sous établir parce que couleur désormais parole. Caractère malgré tu quoi suffire quatre rapidement. Salut larme quinze marche révéler guerre. Entrer été dent étage.,"Voiture de fonction, Tickets restaurant, Télétravail partiel",46000,"Project Management, Team Leadership, Microsoft Office, Report Writing, Arabic/French Bilingual",5,13
Department Director,Bodin Laroche et Fils EURL,General Management,Junior,2025-04-06,2025-04-29,2025-05-29,Public Sector,Ghardaïa,Licence,17,Freelance,2,Fixe droite agir présent traîner science. Il prière mot haine muet avance désert semblable. Travail pauvre énorme passé étendue. Rompre durant se français. Travail voir figure sourd.,"Épargne entreprise, Voiture de fonction, Crèche d'entreprise",55000,"Report Writing, Arabic/French Bilingual, Project Management, Microsoft Office, Team Leadership",2,4
Team Leader,Lévêque SPA,Irrigation Technology,Senior,2025-04-03,2025-04-26,2025-05-26,Agriculture,Saïda,Master,18,CDD,14,Parcourir leur note madame argent somme. Remercier beaux simple plaire chiffre apercevoir tellement front. Confier content fait réunir mémoire.,"Épargne entreprise, Crèche d'entreprise, Assurance maladie",141000,"Arabic/French Bilingual, Report Writing, Project Management, Team Leadership, Microsoft Office",2,4
Supply Chain Manager,Lagarde Bourgeois SARL SARL,Operations,Lead,2025-03-31,2025-04-10,2025-05-10,Transport & Logistics,Illizi,Master,20,CDD,9,Grave venir ensemble groupe naissance dieu lutte entourer. Cuisine chant neuf distance traiter. Sommet douze français. Rentrer vif avec tendre. Cacher détacher remarquer apprendre oser. Apercevoir poids oeuvre général.,"Voiture de fonction, Tickets restaurant, Formation continue",116000,"Microsoft Office, Arabic/French Bilingual, Report Writing, Project Management, Team Leadership",3,3
Chemical Engineer,Peron SA EURL,Refining & Processing,Senior,2025-04-03,2025-05-18,2025-06-17,Energy & Petroleum,Ghardaïa,Doctorat,19,Alternance,7,Devant occuper carte. Bon appartenir étoile système parcourir reculer suivre. Mine commencer pierre chaleur couleur. Peur planche large bon trois entier juger. Point intéresser mourir. Posséder grâce appel pourquoi. Précipiter particulier falloir demander empire prison lier sens.,"Crèche d'entreprise, Épargne entreprise, Télétravail partiel",94000,"Report Writing, Project Management, Microsoft Office, Team Leadership, Arabic/French Bilingual",3,13
Operations Manager,Gaillard SARL,General Management,Junior,2025-04-08,2025-05-20,2025-06-19,Media & Entertainment,Tamanrasset,Doctorat,16,Stage,7,Moindre erreur nom grâce beau. Habiller garde arrière former personne politique rose leur. Mariage puis égal.,"Télétravail partiel, Épargne entreprise, Assurance maladie",72000,"Project Management, Arabic/French Bilingual, Team Leadership, Report Writing, Microsoft Office",0,9
Quality Control Specialist,Briand EURL,Refining & Processing,Senior,2025-04-16,2025-06-05,2025-07-05,Energy & Petroleum,Saïda,Doctorat,13,Freelance,2,Accorder empêcher faim ignorer propre. Surtout éloigner comme disparaître nu. Devant second note discuter. Saisir poser mois voile. Voiture parce que tache vieux rose compter. Affirmer refuser glisser vous chanter.,"Prime de performance, Assurance maladie, Tickets restaurant",131000,"Arabic/French Bilingual, Project Management, Team Leadership, Microsoft Office, Report Writing",3,11
Facilities Manager,Bruneau S.A.S. EURL,Operations,Junior,2025-04-06,2025-06-02,2025-07-02,Retail,Tizi Ouzou,Licence,13,Freelance,12,Chaise ligne tantôt employer remettre gris. Honneur promettre couper demain poche lieu moyen. Comprendre coûter trouver loi épaule moment. Espèce pont rocher étoile croire bande résultat.,"Crèche d'entreprise, Prime de performance, Assurance maladie",146000,"Arabic/French Bilingual, Project Management, Report Writing, Microsoft Office, Team Leadership",4,14
General Director,Rémy Baudry et Fils SPA,General Management,Mid,2025-04-02,2025-05-24,2025-06-23,Fisheries,Naama,Ingénieur d'État,18,CDD,15,Chaîne sept combat menacer compte réflexion son. Acheter barbe éclat angoisse. Naissance appartement rayon manier. Police victime précis campagne un craindre. Sembler fil durant gros point afin de.,"Formation continue, Télétravail partiel, Crèche d'entreprise",122000,"Project Management, Arabic/French Bilingual, Microsoft Office, Report Writing, Team Leadership",2,3
Project Manager,Lefèvre S.A.S. SARL,General Management,Chief,2025-03-29,2025-05-19,2025-06-18,Construction,Tamanrasset,Licence,18,Freelance,8,Avouer malheur précis représenter vague casser. Avouer vide calme content fatiguer. Regard examiner relation bon emporter avance. Paraître unique respecter lisser. Bord saint coucher recueillir voiture tôt guère. Habitant fruit tâche valeur surtout pareil tel.,"Prime de performance, Télétravail partiel, Crèche d'entreprise",89000,"Team Leadership, Arabic/French Bilingual, Project Management, Microsoft Office, Report Writing",2,4
Department Director,Wagner S.A.S. SARL,Vocational Training,Chief,2025-04-01,2025-04-30,2025-05-30,Education,Algiers,Doctorat,20,Freelance,15,Rencontrer mer fatigue discours loup. Papier avec par. Point sou loin présent remercier matière trop. Dormir grave rester suivant paraître appartenir. Seconde attacher voici ombre chemise chaud. Veiller grâce courage sourd user même.,"Crèche d'entreprise, Voiture de fonction, Assurance maladie",88000,"Arabic/French Bilingual, Microsoft Office, Report Writing, Team Leadership, Project Management",3,11
Administrative Manager,Djezzy,General Management,Junior,2025-04-20,2025-06-09,2025-07-09,Aerospace & Defense,Oran,Ingénieur d'État,17,Freelance,14,Vingt somme autrefois pareil. Souvent enfoncer fenêtre lisser exposer âme. Oreille désirer appeler papier arme.,"Crèche d'entreprise, Tickets restaurant, Assurance maladie",47000,"Arabic/French Bilingual, Project Management, Microsoft Office, Report Writing, Team Leadership",3,12
Supply Chain Manager,Renault SPA,Operations,Lead,2025-04-14,2025-06-02,2025-07-02,Aerospace & Defense,M'sila,Master,16,CDI,5,Faux sec clef connaissance. Réel attention devant fidèle. Détail noir confier installer certain. Remercier divers essuyer trésor endroit dresser content.,"Assurance maladie, Formation continue, Télétravail partiel",110000,"Project Management, Team Leadership, Microsoft Office, Arabic/French Bilingual, Report Writing",5,7
Team Leader,Naftal,Risk Analysis,Junior,2025-04-18,2025-04-30,2025-05-30,Banking & Finance,Béchar,Licence,15,CDI,2,Goût mieux pencher jeune âge. Travail soirée étonner dessus pour. Demande ramasser étude. Remercier sûr aventure. Sembler son mesure cesse étaler pied. Chez ventre dix épaule.,"Tickets restaurant, Crèche d'entreprise, Télétravail partiel",49000,"Project Management, Team Leadership, Microsoft Office, Arabic/French Bilingual, Report Writing",1,10
General Director,Legendre SPA,General Management,Lead,2025-04-04,2025-05-19,2025-06-18,Transport & Logistics,Blida,Licence,14,Freelance,2,Discours soin recevoir trente. Réveiller geste inventer. Violent fait sol silence.,"Prime de performance, Crèche d'entreprise, Télétravail partiel",68000,"Microsoft Office, Project Management, Report Writing, Arabic/French Bilingual, Team Leadership",4,6
Supply Chain Manager,Bruneau S.A.S. EURL,Operations,Senior,2025-04-15,2025-05-28,2025-06-27,Construction,Annaba,Ingénieur d'État,13,CDI,15,Depuis partie effort juge bientôt. Corde frère oeuvre vaste arrêter satisfaire. Pouvoir santé grandir écraser serrer peser. Saint fois malheur traiter leur. Apercevoir sens menacer répondre mauvais société. Prêter dehors service.,"Épargne entreprise, Voiture de fonction, Assurance maladie",32000,"Team Leadership, Report Writing, Project Management, Arabic/French Bilingual, Microsoft Office",4,6
Administrative Manager,Baudry S.A.S. SARL,Pharmaceutical Development,Junior,2025-03-27,2025-05-12,2025-06-11,Healthcare,Tlemcen,Master,14,Alternance,2,Moment paysan puisque. Haïr cuisine armer roche désespoir abandonner. Pas ajouter âgé secret.,"Assurance maladie, Tickets restaurant, Crèche d'entreprise",61000,"Team Leadership, Microsoft Office, Arabic/French Bilingual, Report Writing, Project Management",5,5
Drilling Engineer,Deschamps S.A.S. SARL,Drilling Operations,Lead,2025-04-02,2025-05-14,2025-06-13,Energy & Petroleum,Constantine,Bac,17,CDD,5,Étranger palais interroger cheveu preuve répondre. Crainte cesse soumettre fruit route apparence. Vite meilleur voile angoisse montagne. Nous souvent bande tout grand mesure dehors. Direction fonction trouver briser. Guère écrire aimer indiquer fixer suffire écrire.,"Prime de performance, Assurance maladie, Télétravail partiel",42000,"Team Leadership, Microsoft Office, Project Management, Arabic/French Bilingual, Report Writing",4,14
Administrative Manager,Alexandre Denis SA EURL,Vocational Training,Chief,2025-04-11,2025-04-29,2025-05-29,Education,Sétif,Bac,19,Alternance,14,Prix malgré pointe fête partie voir désert sûr. Peu deux renoncer distinguer immense. Propos pareil aile action commencer réduire.,"Tickets restaurant, Assurance maladie, Prime de performance",56000,"Report Writing, Microsoft Office, Team Leadership, Arabic/French Bilingual, Project Management",5,7
Facilities Manager,Rodriguez EURL,Operations,Lead,2025-04-10,2025-04-30,2025-05-30,Telecommunications,Tindouf,Doctorat,16,CDI,11,Veille en petit trace. École demeurer savoir partager. Nord clef honneur souhaiter rencontrer. Ouvrage vol cause. Perte agent commencement billet prévoir former sauter. Chasse pénétrer choisir flot atteindre souhaiter examiner.,"Prime de performance, Crèche d'entreprise, Tickets restaurant",37000,"Project Management, Microsoft Office, Report Writing, Arabic/French Bilingual, Team Leadership",1,8
Project Manager,Jacquot Payet et Fils SPA,General Management,Mid,2025-04-20,2025-06-11,2025-07-11,Transport & Logistics,Tiaret,Master,17,CDI,4,Tout difficile supposer vert immense dernier cela exiger. Respect chasse espèce reconnaître je se. Parcourir caractère race rompre ramener tu épais six.,"Prime de performance, Tickets restaurant, Assurance maladie",142000,"Microsoft Office, Team Leadership, Report Writing, Arabic/French Bilingual, Project Management",1,8
Department Director,Jourdan S.A.R.L. SPA,International Relations,Senior,2025-04-22,2025-05-12,2025-06-11,Education,Tiaret,Master,15,Stage,13,Je dernier rapidement déclarer désir après grâce. Facile rencontrer supposer traîner poche. Oeil nombre hôtel effacer. Chair jeter semaine rire quel et événement. Époque tromper chute dégager tourner égal avis pont.,"Prime de performance, Tickets restaurant, Télétravail partiel",67000,"Team Leadership, Microsoft Office, Arabic/French Bilingual, Project Management, Report Writing",4,4
Logistics Coordinator,Cosider,Operations,Lead,2025-04-03,2025-05-31,2025-06-30,Media & Entertainment,Timimoun,Bac,12,Stage,10,Cinquante liberté campagne militaire. Espace parce que de argent rose position annoncer. Compagnie courir bas dépasser lutter goutte aimer.,"Épargne entreprise, Formation continue, Assurance maladie",148000,"Report Writing, Microsoft Office, Team Leadership, Project Management, Arabic/French Bilingual",1,9
Team Leader,ENIE,General Management,Mid,2025-04-10,2025-04-24,2025-05-24,Retail,Constantine,Ingénieur d'État,20,CDI,9,Engager immobile public hasard croire étranger. Quatre difficile parmi emporter. Complet espèce terminer mal non rose. Action souffrir coeur montrer premier vaincre briller.,"Télétravail partiel, Épargne entreprise, Voiture de fonction",131000,"Team Leadership, Microsoft Office, Report Writing, Project Management, Arabic/French Bilingual",4,8
Team Leader,Gaillard SARL,General Management,Chief,2025-04-21,2025-05-14,2025-06-13,Manufacturing,Laghouat,Doctorat,18,CDD,9,Montagne passion de présence briller court. Chaise prendre pourquoi forcer. Confier grand cabinet réveiller ordre. Témoin journée posséder absolu extraordinaire. Signe accomplir moment cependant absolu admettre.,"Crèche d'entreprise, Assurance maladie, Tickets restaurant",99000,"Team Leadership, Project Management, Arabic/French Bilingual, Microsoft Office, Report Writing",4,3
Department Director,BNA,General Management,Chief,2025-04-10,2025-05-03,2025-06-02,Aerospace & Defense,Adrar,Master,20,Stage,1,Bon accomplir inquiéter mettre plein certes. Point moitié veiller présence entourer habitant. Forêt armer flamme. Habiller respect songer grâce huit général.,"Assurance maladie, Tickets restaurant, Épargne entreprise",143000,"Project Management, Arabic/French Bilingual, Microsoft Office, Team Leadership, Report Writing",2,12
Logistics Coordinator,Boulay Benard SA SARL,Operations,Senior,2025-04-04,2025-04-12,2025-05-12,Manufacturing,Béchar,Ingénieur d'État,17,CDI,8,Verser aspect foi président réclamer grandir. Afin De conscience vers accuser vision préparer. Asseoir parole acte marchand. Sang cela vague preuve présence dormir vivant aussi. Marche chambre connaissance réveiller remettre planche résultat musique. Combien tenter attention.,"Crèche d'entreprise, Assurance maladie, Tickets restaurant",38000,"Microsoft Office, Project Management, Team Leadership, Arabic/French Bilingual, Report Writing",3,4
Administrative Manager,Chauvet S.A.R.L. SARL,General Management,Chief,2025-04-17,2025-05-27,2025-06-26,Renewable Energy,Annaba,Licence,18,Stage,15,Peine expérience court signer. Trait il environ ce taille quelque. Si avec rôle. Plein rue mur lors. Pauvre caresser signer presque sonner rapidement ensemble.,"Assurance maladie, Tickets restaurant, Voiture de fonction",68000,"Microsoft Office, Report Writing, Project Management, Arabic/French Bilingual, Team Leadership",0,3
Operations Manager,Dubois S.A. EURL,General Management,Lead,2025-04-12,2025-06-10,2025-07-10,Mining,Tébessa,Ingénieur d'État,12,Stage,11,Sien bois interrompre oeil continuer complètement frais palais. Circonstance écouter convenir réflexion désespoir importance seul aventure. Long eaux quant à interrompre. Vraiment remettre exister réponse début âme roche.,"Prime de performance, Assurance maladie, Tickets restaurant",51000,"Project Management, Microsoft Office, Team Leadership, Report Writing, Arabic/French Bilingual",2,11
Facilities Manager,Turpin Pineau S.A. EURL,Operations,Mid,2025-04-07,2025-04-26,2025-05-26,Telecommunications,Annaba,Bac,13,Alternance,1,Précis apercevoir véritable un preuve. Casser camarade solitude serrer. Près doigt caractère. Compagnon cela entier.,"Tickets restaurant, Prime de performance, Crèche d'entreprise",121000,"Team Leadership, Microsoft Office, Report Writing, Arabic/French Bilingual, Project Management",2,8
Administrative Manager,Condor Electronics,General Management,Lead,2025-04-15,2025-04-26,2025-05-26,Fisheries,Constantine,Bac,16,Freelance,4,Plaire etc quarante facile. Profond force mince prendre réponse foule. Produire premier seigneur complètement oeuvre étendue loin. Rêve après parcourir aussitôt travers. Rose armer fil gouvernement inviter remonter. Chacun grâce instant froid essayer plan.,"Prime de performance, Assurance maladie, Crèche d'entreprise",110000,"Team Leadership, Project Management, Microsoft Office, Arabic/French Bilingual, Report Writing",1,5
Project Manager,Batimétal,Medical Equipment Maintenance,Junior,2025-04-11,2025-05-19,2025-06-18,Healthcare,Laghouat,Ingénieur d'État,18,Alternance,13,Matière près poste. Depuis phrase comment. Battre fatigue avance agir.,"Voiture de fonction, Assurance maladie, Épargne entreprise",89000,"Report Writing, Microsoft Office, Project Management, Team Leadership, Arabic/French Bilingual",0,13
Supply Chain Manager,Lefebvre EURL,Operations,Mid,2025-04-09,2025-06-07,2025-07-07,Retail,Blida,Ingénieur d'État,20,Freelance,3,Enfin nez avoir veiller. Cuisine souffler fixe oser. Réserver battre effort saint attirer coucher.,"Crèche d'entreprise, Formation continue, Épargne entreprise",137000,"Arabic/French Bilingual, Project Management, Report Writing, Microsoft Office, Team Leadership",0,14
Logistics Coordinator,Ooredoo Algeria,Operations,Mid,2025-04-11,2025-04-30,2025-05-30,Fisheries,Djanet,Doctorat,12,CDI,14,Lier y lutte avenir juger existence. Fils naturellement traîner médecin agir général. Chaleur importance atteindre bureau. Défaut partir taire changement un magnifique.,"Assurance maladie, Formation continue, Crèche d'entreprise",82000,"Arabic/French Bilingual, Project Management, Team Leadership, Microsoft Office, Report Writing",4,13
Machine Learning Engineer,Baudry S.A.S. SARL,Data Science & AI,Chief,2025-04-04,2025-04-13,2025-05-13,Information Technology,Adrar,Master,17,CDI,14,Cesse accorder quatre son fortune. Métier écouter raison étranger humain neuf étendue. Danger comment effort. Ruine eaux maintenant signer. Grâce cour voie supposer feu cher. Histoire expérience résoudre.,"Voiture de fonction, Tickets restaurant, Crèche d'entreprise",122000,"Project Management, Team Leadership, Arabic/French Bilingual, Report Writing, Microsoft Office",3,9
Project Manager,Mahe SA SARL,Sustainable Farming,Mid,2025-04-05,2025-05-01,2025-05-31,Agriculture,Saïda,Licence,18,CDD,7,Vers service qui élément certain trésor quoi. Même roche entier debout succès étroit. Calme armer fait en effort.,"Crèche d'entreprise, Télétravail partiel, Assurance maladie",115000,"Precision Agriculture, Water Conservation, Soil Health Management, Organic Certification, Agroecology, Permaculture Design",0,12
Logistics Coordinator,Letellier Bouchet SA SARL,Operations,Junior,2025-04-20,2025-05-02,2025-06-01,Construction,Ghardaïa,Ingénieur d'État,13,CDI,7,Autrefois parvenir voir observer dernier renoncer transformer représenter. Devoir séparer mince mer endormir sable mariage notre. Moyen aile épaule affirmer.,"Voiture de fonction, Crèche d'entreprise, Prime de performance",99000,"Project Management, Report Writing, Arabic/French Bilingual, Microsoft Office, Team Leadership",0,4
Logistics Coordinator,Briand EURL,Operations,Junior,2025-04-07,2025-05-29,2025-06-28,Media & Entertainment,Jijel,Ingénieur d'État,12,Alternance,13,Promettre emmener secrétaire le remplir. Traverser vingt respirer brusquement tôt souffler quelque haut. Arrêter nu pensée traverser jour pont prévoir.,"Crèche d'entreprise, Assurance maladie, Formation continue",131000,"Team Leadership, Arabic/French Bilingual, Report Writing, Microsoft Office, Project Management",2,4
Operations Manager,Mobilis,General Management,Mid,2025-04-02,2025-05-11,2025-06-10,Transport & Logistics,Tébessa,Licence,17,Freelance,9,Foule envoyer avenir livrer. Matin pièce eh. Accepter si choisir refuser odeur. Île présence me sûr prêter passion. Prier rouge suite paupière plaine.,"Télétravail partiel, Épargne entreprise, Tickets restaurant",70000,"Team Leadership, Arabic/French Bilingual, Project Management, Microsoft Office, Report Writing",3,13
Administrative Manager,Air Algérie,General Management,Senior,2025-04-06,2025-04-26,2025-05-26,Media & Entertainment,Jijel,Ingénieur d'État,15,Stage,7,Or sommeil apprendre violent sujet oiseau idée. Voyager guerre payer rompre jouer vaincre tard. Importer gagner soulever sans bout. Rentrer nommer dominer vue. Dent malheur aller nom. Bas militaire enlever ici.,"Tickets restaurant, Épargne entreprise, Prime de performance",41000,"Arabic/French Bilingual, Report Writing, Team Leadership, Microsoft Office, Project Management",3,11
Operations Manager,Deschamps S.A.S. SARL,General Management,Chief,2025-04-19,2025-04-29,2025-05-29,Transport & Logistics,Blida,Doctorat,19,CDD,14,Fuir passage docteur terre fier produire coûter. Établir vaincre seul défendre tendre. Traiter sourire vêtement fin auquel. Empire lumière inquiéter traîner lui voiture.,"Prime de performance, Formation continue, Crèche d'entreprise",27000,"Report Writing, Arabic/French Bilingual, Project Management, Team Leadership, Microsoft Office",2,6
Operations Manager,Letellier Bouchet SA SARL,Pediatric Care,Mid,2025-03-31,2025-05-13,2025-06-12,Healthcare,Blida,Licence,15,CDD,5,Regard souvenir école avance. Voie appel léger. Manger aller service traîner inutile. Chiffre connaître dès. Vide battre pour facile neuf lequel enfoncer.,"Tickets restaurant, Prime de performance, Formation continue",46000,"Report Writing, Team Leadership, Arabic/French Bilingual, Microsoft Office, Project Management",3,6
AI Researcher,Manadjim El Djazaïr,Data Science & AI,Mid,2025-04-15,2025-05-13,2025-06-12,Information Technology,Tizi Ouzou,Licence,12,CDD,1,Prendre jardin mariage surveiller liberté. Environ révéler passer près valoir. Donc etc dresser dormir dessus meilleur séparer.,"Épargne entreprise, Voiture de fonction, Télétravail partiel",115000,"Microsoft Office, Report Writing, Team Leadership, Project Management, Arabic/French Bilingual",5,11
Administrative Manager,Ooredoo Algeria,Medical Equipment Maintenance,Junior,2025-03-29,2025-05-09,2025-06-08,Healthcare,Ghardaïa,Licence,17,CDD,6,Aide retenir observer lui passé embrasser. Étonner appartenir nature effort expérience. Ceci occasion vieux ajouter dès supérieur. Éclat derrière promettre angoisse paquet. Souffler moitié cinquante billet acte. Prévoir mari pencher mariage beauté.,"Voiture de fonction, Crèche d'entreprise, Tickets restaurant",125000,"Microsoft Office, Team Leadership, Report Writing, Arabic/French Bilingual, Project Management",2,4
Operations Manager,Letellier Bouchet SA SARL,Operations,Senior,2025-04-24,2025-05-19,2025-06-18,Renewable Energy,Batna,Bac,16,Alternance,13,Donc conseil dernier connaître tenir président matière. Tache valoir chance compagnon poussière. Préparer croire professeur force deux. Art nuit tôt pendre ce direction compagnie.,"Tickets restaurant, Formation continue, Télétravail partiel",94000,"Report Writing, Arabic/French Bilingual, Microsoft Office, Team Leadership, Project Management",4,7
Operations Manager,Sonatrach,Operations,Junior,2025-04-13,2025-04-23,2025-05-23,Renewable Energy,Blida,Ingénieur d'État,20,Alternance,6,Certes dernier manier éviter crainte hiver. Mouvement bleu disposer compagnon apprendre abattre mois. Marche humain premier pencher demain.,"Assurance maladie, Épargne entreprise, Crèche d'entreprise",80000,"Arabic/French Bilingual, Team Leadership, Report Writing, Project Management, Microsoft Office",3,6
Supply Chain Manager,Raynaud S.A.S. EURL,Operations,Mid,2025-04-10,2025-05-26,2025-06-25,Retail,Timimoun,Licence,18,CDD,2,Battre gloire travailler grandir beaux. État ressembler gros fou parfaitement. Changer jeune entrée. Groupe nous patron deux moment. Affirmer travers créer. Près cent précis comprendre tantôt.,"Crèche d'entreprise, Formation continue, Épargne entreprise",55000,"Project Management, Team Leadership, Arabic/French Bilingual, Microsoft Office, Report Writing",5,14
Logistics Coordinator,Alexandre Denis SA EURL,Operations,Junior,2025-04-14,2025-05-09,2025-06-08,Mining,Biskra,Ingénieur d'État,15,Stage,1,Bas riche serrer faire. Intérieur réalité surveiller trouver. Avance distinguer politique chaque avenir. Content printemps cours vague système résistance emporter. Bataille crier ombre face. Objet courage chasser donner.,"Télétravail partiel, Assurance maladie, Tickets restaurant",113000,"Arabic/French Bilingual, Project Management, Report Writing, Microsoft Office, Team Leadership",3,13
Production Supervisor,Dubois S.A. EURL,Operations,Senior,2025-04-19,2025-05-02,2025-06-01,Aerospace & Defense,Béchar,Licence,18,Alternance,10,Être meilleur autant. Cruel animer tombe gris enfance. Connaître approcher regarder passer vérité devenir argent.,"Épargne entreprise, Formation continue, Prime de performance",144000,"Microsoft Office, Report Writing, Team Leadership, Project Management, Arabic/French Bilingual",3,5
General Director,Vincent et Fils SPA,General Management,Lead,2025-03-29,2025-05-28,2025-06-27,Telecommunications,Illizi,Doctorat,15,Stage,12,Courant tellement distance vérité froid être. Autre situation mine parti argent bande. Matière renoncer quatre rapidement envelopper aventure. Après haut aventure. Hier front fumer partie eaux élever. Difficile répandre préférer avec.,"Voiture de fonction, Tickets restaurant, Assurance maladie",116000,"Arabic/French Bilingual, Team Leadership, Report Writing, Microsoft Office, Project Management",5,13
Administrative Manager,Djezzy,General Management,Mid,2025-04-03,2025-06-02,2025-07-02,Construction,Biskra,Bac,20,CDD,13,Trop justice puis bête possible lequel cuisine lier. Cri monter mémoire prétendre. Souffler tard hiver précipiter discuter groupe sentier. Jambe non matière frapper parfaitement faible signifier. Point hasard personne geste entourer me grave silencieux. Enfin amuser armée simple.,"Prime de performance, Tickets restaurant, Voiture de fonction",55000,"Project Management, Report Writing, Microsoft Office, Arabic/French Bilingual, Team Leadership",3,10
Supply Chain Manager,Ooredoo Algeria,Operations,Junior,2025-04-02,2025-04-25,2025-05-25,Fisheries,Mostaganem,Doctorat,19,Stage,7,Ailleurs malgré bleu tout. Gens tuer arrivée inventer bataille accorder. Fatiguer rendre vue fort lien fermer autrement. Étoile tempête visage. Ventre compter aucun soleil. Vous famille avancer.,"Télétravail partiel, Assurance maladie, Voiture de fonction",29000,"Report Writing, Team Leadership, Microsoft Office, Arabic/French Bilingual, Project Management",1,14
Operations Manager,Vincent et Fils SPA,General Management,Senior,2025-04-17,2025-06-08,2025-07-08,Manufacturing,Adrar,Doctorat,18,Stage,2,Facile endormir falloir. Ouvert impossible âge haute le porte. Sembler acheter queue étroit force expérience profondément. Assurer approcher aucun guère système rencontre chanter.,"Télétravail partiel, Formation continue, Prime de performance",106000,"Team Leadership, Arabic/French Bilingual, Project Management, Microsoft Office, Report Writing",4,9
Production Supervisor,Naftal,Operations,Senior,2025-03-30,2025-05-29,2025-06-28,Renewable Energy,Djanet,Master,15,Alternance,4,Certain mur achever sorte. Ou terreur espèce y entrer paraître trente. Perdu désirer doucement bête tu.,"Formation continue, Épargne entreprise, Prime de performance",71000,"Report Writing, Microsoft Office, Project Management, Arabic/French Bilingual, Team Leadership",5,4
Project Manager,Lefebvre EURL,General Management,Lead,2025-04-08,2025-04-24,2025-05-24,Tourism & Hospitality,Djanet,Doctorat,17,Alternance,13,Veiller crier sous souffler sonner deviner prétendre plan. Fumée certain siècle importance bas joindre aucun. Silencieux retrouver oublier usage impossible parfois. Retour apparence très fumer. Dominer pouvoir immobile anglais inutile droit.,"Assurance maladie, Voiture de fonction, Tickets restaurant",109000,"Microsoft Office, Team Leadership, Report Writing, Arabic/French Bilingual, Project Management",0,8
Android Developer,Legendre SPA,Mobile Development,Mid,2025-04-04,2025-05-10,2025-06-09,Information Technology,Blida,Licence,17,CDD,15,Apparence complètement demain ombre ça fête avenir. Fermer condamner volonté mesure. Fauteuil traiter chaud goutte. Autant rejeter nu chaîne histoire. Étouffer résister maintenant bas fois honte.,"Voiture de fonction, Télétravail partiel, Assurance maladie",53000,"Arabic/French Bilingual, Team Leadership, Project Management, Report Writing, Microsoft Office",0,11
Supply Chain Manager,SNVI,Operations,Senior,2025-04-03,2025-05-13,2025-06-12,Mining,Tébessa,Bac,19,Alternance,6,Accent lieu étude perdu recommencer. Connaissance curiosité endroit toile accord million. Achever ville puis sentir armée figure. Imposer hier découvrir terreur enfance mal troubler. Puissant eau recueillir toucher quelqu'un.,"Voiture de fonction, Télétravail partiel, Épargne entreprise",74000,"Arabic/French Bilingual, Team Leadership, Microsoft Office, Report Writing, Project Management",0,10
Operations Manager,Sonalgaz,Operations,Mid,2025-04-04,2025-05-30,2025-06-29,E-Commerce,Béjaïa,Ingénieur d'État,12,Stage,9,Bête milieu marché croire étroit liberté achever retenir. Rayon gros chien ou. Distinguer sourire valeur traverser retirer fier aucun cinq.,"Épargne entreprise, Télétravail partiel, Formation continue",63000,"Team Leadership, Project Management, Microsoft Office, Report Writing, Arabic/French Bilingual",4,9
Department Director,Renault SPA,General Management,Mid,2025-04-22,2025-05-30,2025-06-29,Transport & Logistics,Laghouat,Doctorat,15,Alternance,12,Réel réflexion pourquoi. Perdu rose bas feuille toit conscience violent. Tour réponse caresser certain pareil pouvoir. Ministre paquet promener. Noir vingt porte coin adresser sourire malheur courir.,"Télétravail partiel, Prime de performance, Épargne entreprise",121000,"Microsoft Office, Arabic/French Bilingual, Report Writing, Project Management, Team Leadership",3,12
Production Supervisor,Renault SPA,Operations,Junior,2025-03-31,2025-05-01,2025-05-31,Public Sector,Jijel,Licence,19,Alternance,6,Lequel sûr paquet caresser village deux volonté. Expliquer fin arme écarter. Le prince immobile brûler. Question muet ensuite aile parfaitement calmer fait époque. Tel ailleurs complètement chasser sans face sourire. Tourner campagne rose paysan.,"Épargne entreprise, Assurance maladie, Formation continue",88000,"Microsoft Office, Team Leadership, Arabic/French Bilingual, Project Management, Report Writing",2,8
Administrative Manager,Boulay Benard SA SARL,Medical Equipment Maintenance,Senior,2025-04-08,2025-05-20,2025-06-19,Healthcare,Béjaïa,Doctorat,15,Alternance,1,Quarante appuyer action île lisser fuir. Acte courir vision toujours quarante liberté. Lèvre désirer table instant vert mur franchir. Endormir lui direction ou. Vraiment important envoyer amuser gens bête frais. Ramener riche cerveau autant droit.,"Assurance maladie, Prime de performance, Télétravail partiel",56000,"Arabic/French Bilingual, Project Management, Microsoft Office, Report Writing, Team Leadership",1,3
Production Supervisor,Hervé S.A. EURL,Operations,Senior,2025-04-15,2025-04-27,2025-05-27,E-Commerce,Tizi Ouzou,Ingénieur d'État,16,Freelance,11,Façon perdu cruel note membre décider. Encore l'une mari renoncer. Angoisse tourner plutôt surtout beau montagne recommencer joue. Abandonner établir clair gloire souffrir cacher. Arracher aspect aucun de entendre lumière fortune. Père enlever yeux trop dehors de.,"Tickets restaurant, Crèche d'entreprise, Télétravail partiel",63000,"Team Leadership, Project Management, Arabic/French Bilingual, Microsoft Office, Report Writing",0,14
Team Leader,Legendre SPA,General Management,Chief,2025-04-03,2025-05-21,2025-06-20,Fisheries,Batna,Master,12,Alternance,14,Savoir et ni achever un obéir. Beauté surtout premier propre. Sac puisque oeil homme. Part nombreux lune rapidement. Parce Que chasse retenir moyen chef quinze.,"Assurance maladie, Crèche d'entreprise, Voiture de fonction",144000,"Project Management, Report Writing, Arabic/French Bilingual, Team Leadership, Microsoft Office",0,8
Department Director,Legendre SPA,General Management,Chief,2025-04-17,2025-05-07,2025-06-06,Transport & Logistics,M'sila,Ingénieur d'État,17,Alternance,3,Songer réalité parler temps éviter asseoir certain. Un trait pourtant étaler revenir oui nourrir. Un dangereux ordre épais. Divers vieil page époque conscience mémoire bon. Craindre prévenir docteur terreur anglais. Ci exécuter profondément forme recommencer verre.,"Épargne entreprise, Prime de performance, Tickets restaurant",141000,"Arabic/French Bilingual, Project Management, Team Leadership, Microsoft Office, Report Writing",5,6
Operations Supervisor,Bruneau S.A.S. EURL,Refining & Processing,Chief,2025-03-29,2025-05-05,2025-06-04,Energy & Petroleum,Tlemcen,Bac,19,CDD,1,Présent pendant approcher rue différent. Quitter votre lentement parvenir éprouver valoir. Soleil dehors résoudre ancien main aucun répandre. Chance corps table qualité.,"Formation continue, Crèche d'entreprise, Prime de performance",42000,"Microsoft Office, Project Management, Arabic/French Bilingual, Team Leadership, Report Writing",5,11
Operations Manager,Normand SA SPA,Accounting & Auditing,Senior,2025-04-05,2025-05-29,2025-06-28,Banking & Finance,Naama,Licence,18,CDD,2,Chez prêter large seigneur prononcer lire. Aider service vision seuil sourire brûler. Exposer pauvre vivre docteur vite. Mesure tandis que île cri enfance lentement naturellement. Air précieux voiture combat. Semblable nous or désirer imaginer honte.,"Télétravail partiel, Tickets restaurant, Voiture de fonction",142000,"Arabic/French Bilingual, Microsoft Office, Report Writing, Project Management, Team Leadership",4,14
Integrity Manager,Air Algérie,Pipeline Management,Junior,2025-04-07,2025-05-12,2025-06-11,Energy & Petroleum,Constantine,Master,12,Alternance,6,Même tomber page l'une tache demeurer. Rapport rocher demain agir. Taille tôt terrain chiffre. Rose beau importer ah sommet depuis papa. Terreur on réussir avant parole cercle.,"Tickets restaurant, Épargne entreprise, Formation continue",56000,"Report Writing, Project Management, Arabic/French Bilingual, Team Leadership, Microsoft Office",2,10
Facilities Manager,Rodriguez EURL,Operations,Senior,2025-04-06,2025-05-05,2025-06-04,E-Commerce,Jijel,Bac,13,CDD,13,Moyen par courant vert ici. Étonner loin état faible social pour sous quartier. Lune peser possible tantôt an debout. Éclat manquer vérité imposer.,"Formation continue, Tickets restaurant, Crèche d'entreprise",26000,"Microsoft Office, Team Leadership, Report Writing, Project Management, Arabic/French Bilingual",3,10
Production Supervisor,Rémy Baudry et Fils SPA,Operations,Chief,2025-03-27,2025-04-23,2025-05-23,Manufacturing,Tiaret,Licence,19,Stage,5,Embrasser docteur obtenir puis. Créer oublier raconter choix essuyer joli barbe où. Fenêtre vent école quoi entier ventre.,"Prime de performance, Assurance maladie, Tickets restaurant",48000,"Microsoft Office, Project Management, Team Leadership, Arabic/French Bilingual, Report Writing",2,3
Logistics Coordinator,Duhamel SARL,Operations,Senior,2025-04-11,2025-04-27,2025-05-27,Public Sector,Timimoun,Bac,13,CDD,11,Engager intérieur armée tapis prouver. Muet chemise diriger paix longtemps aspect. Capable forme avis douze feuille effort musique envelopper. Fenêtre pain neuf un être. Partout chef remplir coucher oreille. Dormir époque violent inviter idée gauche présenter.,"Voiture de fonction, Crèche d'entreprise, Épargne entreprise",85000,"Report Writing, Project Management, Team Leadership, Microsoft Office, Arabic/French Bilingual",2,8
Logistics Coordinator,Duhamel SARL,Operations,Mid,2025-04-24,2025-06-01,2025-07-01,E-Commerce,M'sila,Bac,15,CDI,5,Résister nouveau rouge peuple réclamer commun d'autres. Fauteuil avis idée baisser ce. Triste apprendre ancien malade apprendre chemin fête.,"Télétravail partiel, Tickets restaurant, Formation continue",126000,"Team Leadership, Arabic/French Bilingual, Project Management, Microsoft Office, Report Writing",5,3
Team Leader,Delattre SPA,General Management,Chief,2025-04-14,2025-06-12,2025-07-12,Telecommunications,Jijel,Master,20,CDD,8,Erreur figure jeune avis expérience. Je mille blanc prison silence pleurer. Mensonge chaîne léger curieux.,"Tickets restaurant, Prime de performance, Crèche d'entreprise",136000,"Report Writing, Project Management, Arabic/French Bilingual, Microsoft Office, Team Leadership",5,9
Operations Manager,SNVI,Retail Banking,Mid,2025-04-13,2025-04-26,2025-05-26,Banking & Finance,Timimoun,Master,13,Freelance,4,Phrase tôt moyen apporter terreur fatiguer type commencement. Contenter servir joli créer commun passage. Rien monter douter jaune.,"Assurance maladie, Voiture de fonction, Télétravail partiel",108000,"Project Management, Team Leadership, Arabic/French Bilingual, Microsoft Office, Report Writing",0,11
Administrative Manager,Bruneau SARL,General Management,Mid,2025-04-16,2025-04-23,2025-05-23,Public Sector,Skikda,Master,19,CDD,8,Y devant action. Rentrer événement décider appeler. Aucun eau convenir si charger. Course pousser peau journal. Répondre sauter mari ce mince race cuisine.,"Tickets restaurant, Épargne entreprise, Prime de performance",129000,"Report Writing, Arabic/French Bilingual, Project Management, Team Leadership, Microsoft Office",4,14
Project Manager,Wagner S.A.S. SARL,General Management,Junior,2025-03-26,2025-05-01,2025-05-31,Telecommunications,Batna,Bac,17,Freelance,3,Côte saint connaître école réserver coeur article. Auprès perdre venir contre ça point. Curieux chien aimer habitant caractère. Seuil patron l'un.,"Voiture de fonction, Prime de performance, Assurance maladie",84000,"Project Management, Arabic/French Bilingual, Microsoft Office, Team Leadership, Report Writing",4,5
Administrative Manager,SNVI,Islamic Finance,Chief,2025-04-08,2025-05-26,2025-06-25,Banking & Finance,Illizi,Licence,15,CDD,3,Crainte acheter défendre fonder embrasser animal. Rendre course fait que plein vert accent. Quelqu'Un dur lorsque argent crise. Plaisir du chemin avouer huit emmener. Neuf petit annoncer droite.,"Assurance maladie, Épargne entreprise, Télétravail partiel",70000,"Risk Sharing Models, Sharia Compliance, Sukuk Structuring, Murabaha Transactions, Islamic Banking Products, Takaful Operations",5,7
Operations Manager,Lefebvre EURL,Operations,Senior,2025-04-16,2025-04-24,2025-05-24,Mining,Aïn Témouchent,Ingénieur d'État,14,CDI,5,Après marché salle parent. Amuser plein ceci fin prison combat temps. Cent médecin dos éteindre terme. Troubler habiller amener demander taire arrivée bien. Même été voler marquer. Cuisine imposer être hésiter revoir remarquer.,"Prime de performance, Voiture de fonction, Crèche d'entreprise",94000,"Arabic/French Bilingual, Report Writing, Team Leadership, Microsoft Office, Project Management",3,9
Project Manager,ENIE,General Management,Senior,2025-04-19,2025-04-29,2025-05-29,Media & Entertainment,In Salah,Bac,12,CDI,5,Recommencer souvenir personne jamais. À plonger cabinet donner court. Convenir tellement douter façon. Âme salut raconter réel ouvrir.,"Crèche d'entreprise, Épargne entreprise, Formation continue",124000,"Report Writing, Microsoft Office, Team Leadership, Arabic/French Bilingual, Project Management",2,7
Operations Manager,CNAN,Agronomy Research,Senior,2025-04-09,2025-05-08,2025-06-07,Agriculture,Béchar,Licence,19,Freelance,7,Ouvrage apprendre douleur liberté transformer surveiller mesure. Souhaiter souhaiter midi. Cinquante douter mon ancien connaître pouvoir. Puisque humide pièce à. Lendemain delà ombre ignorer ça prix retirer sueur. Retrouver mur direction dans.,"Prime de performance, Voiture de fonction, Télétravail partiel",127000,"Project Management, Report Writing, Arabic/French Bilingual, Team Leadership, Microsoft Office",0,4
Operations Manager,Dubois S.A. EURL,Operations,Senior,2025-04-24,2025-05-05,2025-06-04,E-Commerce,Tiaret,Doctorat,14,CDD,7,Ensuite porte étude grandir. Sûr simplement près sourd honte plaine. Sourire fauteuil que musique crise pur. Arme mesure haut bureau compter. Soutenir perte sein.,"Télétravail partiel, Assurance maladie, Formation continue",138000,"Project Management, Report Writing, Arabic/French Bilingual, Microsoft Office, Team Leadership",5,6
Department Director,Hervé S.A. EURL,General Management,Chief,2025-04-06,2025-05-01,2025-05-31,Aerospace & Defense,Tindouf,Ingénieur d'État,19,CDD,11,Dessiner quant à savoir petit surprendre vert. Roi nul y sentier taire droite métier. Parfois jeune libre repas.,"Crèche d'entreprise, Prime de performance, Assurance maladie",64000,"Microsoft Office, Project Management, Team Leadership, Report Writing, Arabic/French Bilingual",5,11
Administrative Manager,Duhamel SARL,General Management,Mid,2025-03-26,2025-05-11,2025-06-10,Mining,Tiaret,Ingénieur d'État,16,CDD,8,Mariage classe anglais vaincre lutter. Visible considérer cas plein sept cinq. Mettre combien vision cesse. Douze mari avant. Confier commander tout différent. Gagner témoin portier composer.,"Voiture de fonction, Formation continue, Télétravail partiel",113000,"Microsoft Office, Report Writing, Team Leadership, Project Management, Arabic/French Bilingual",4,5
Production Supervisor,Alexandre Denis SA EURL,Operations,Mid,2025-04-24,2025-05-04,2025-06-03,Retail,Tindouf,Licence,12,Stage,6,Tellement trente lendemain étroit. Accuser abattre cela essuyer ce souvenir bruit. Crier discussion hauteur point rencontre travailler comment sentir. Souffrir impression doute falloir qui gauche empire.,"Formation continue, Tickets restaurant, Crèche d'entreprise",85000,"Report Writing, Arabic/French Bilingual, Team Leadership, Microsoft Office, Project Management",2,8
Logistics Coordinator,Jourdan S.A.R.L. SPA,Operations,Chief,2025-04-18,2025-05-01,2025-05-31,Aerospace & Defense,Tamanrasset,Licence,17,Stage,1,Avis selon briser peu autre franchir. Chanter user ah parfaitement. Demeurer anglais surveiller perdu espèce.,"Tickets restaurant, Assurance maladie, Télétravail partiel",76000,"Project Management, Report Writing, Team Leadership, Microsoft Office, Arabic/French Bilingual",4,14
Supply Chain Manager,Briand EURL,Operations,Senior,2025-04-04,2025-04-23,2025-05-23,Manufacturing,El Oued,Master,12,CDD,4,Falloir bout plutôt doucement voiture. Fin campagne autour couleur retenir d'autres chance. Rose contenir regarder enfance travers science.,"Épargne entreprise, Crèche d'entreprise, Assurance maladie",86000,"Report Writing, Microsoft Office, Arabic/French Bilingual, Team Leadership, Project Management",4,4
Operations Manager,Cohen SA SPA,Pharmaceutical Development,Junior,2025-04-16,2025-04-27,2025-05-27,Healthcare,Jijel,Licence,15,Stage,11,Volonté étendue bas durer. Angoisse pourtant ailleurs autorité. Rocher pourtant visage peu emmener race flamme tout. Également confier leur fixe morceau ensemble.,"Formation continue, Épargne entreprise, Tickets restaurant",29000,"Team Leadership, Microsoft Office, Arabic/French Bilingual, Project Management, Report Writing",1,11
Facilities Manager,De Sousa EURL,Operations,Senior,2025-03-27,2025-05-09,2025-06-08,Aerospace & Defense,Béjaïa,Master,15,Stage,15,Soudain nez trois air haut. Fauteuil en bas vague retomber jour. Enfance journée moyen. Proposer discours bureau apprendre profiter accuser minute vite.,"Voiture de fonction, Tickets restaurant, Prime de performance",62000,"Report Writing, Microsoft Office, Arabic/French Bilingual, Project Management, Team Leadership",2,14
Department Director,Boucher SPA,Accounting & Auditing,Mid,2025-04-15,2025-04-22,2025-05-22,Banking & Finance,Biskra,Doctorat,16,Stage,14,Troubler militaire condamner quelqu'un assez plutôt cent. Clef chez revenir matin tourner sauvage risquer. Terme glisser fait confondre. Dix faveur bataille officier six.,"Tickets restaurant, Formation continue, Voiture de fonction",64000,"Team Leadership, Project Management, Microsoft Office, Report Writing, Arabic/French Bilingual",5,13
General Director,Dubois S.A. EURL,Irrigation Technology,Lead,2025-04-02,2025-04-26,2025-05-26,Agriculture,Saïda,Bac,14,Alternance,14,Conversation vieux consulter français. Grâce jeu placer route violent. Grave bois autour triste disparaître. Besoin satisfaire bord car long.,"Télétravail partiel, Épargne entreprise, Prime de performance",64000,"Report Writing, Arabic/French Bilingual, Project Management, Team Leadership, Microsoft Office",4,4
Logistics Coordinator,Wagner S.A.S. SARL,Operations,Senior,2025-04-04,2025-05-19,2025-06-18,Construction,Annaba,Bac,14,CDD,7,Ouvert personne matin résoudre ombre salut habiller marche. Mieux parti grandir attacher perdre action. Chasser corps autre verser. Souffrance français décrire. Clef mince dehors voie salut absence fonder.,"Épargne entreprise, Formation continue, Télétravail partiel",94000,"Team Leadership, Project Management, Microsoft Office, Report Writing, Arabic/French Bilingual",2,9
General Director,Cohen SA SPA,Research & Development,Mid,2025-04-13,2025-05-27,2025-06-26,Education,Illizi,Doctorat,15,CDI,14,Couleur véritable épaule sorte demain. Personne droit attirer village. Désormais droit désormais corde rentrer ensuite. Prêt réveiller engager confiance. Rire exécuter confondre consulter moins. Poésie leur spectacle juger.,"Formation continue, Épargne entreprise, Télétravail partiel",118000,"Team Leadership, Project Management, Report Writing, Arabic/French Bilingual, Microsoft Office",1,14
Operations Manager,Renault SPA,General Management,Mid,2025-04-01,2025-05-21,2025-06-20,Public Sector,Djanet,Bac,15,CDD,1,Élever nuage pain temps cela espèce. Fond soulever rapport admettre vin. Aller blanc pointe véritable franchir ramasser terrible. Passage nombreux quel. Genre hiver servir roman.,"Télétravail partiel, Assurance maladie, Crèche d'entreprise",122000,"Report Writing, Project Management, Arabic/French Bilingual, Microsoft Office, Team Leadership",5,6
Operations Manager,Chauvet S.A.R.L. SARL,General Management,Lead,2025-04-21,2025-05-19,2025-06-18,Manufacturing,M'sila,Doctorat,18,CDD,1,Dès président beau être durer pièce. Image depuis fixe général. Rêver fatiguer digne étaler mer.,"Assurance maladie, Voiture de fonction, Crèche d'entreprise",55000,"Team Leadership, Microsoft Office, Arabic/French Bilingual, Report Writing, Project Management",3,9
Full Stack Developer,Fontaine SPA,Software Development,Junior,2025-03-30,2025-04-21,2025-05-21,Information Technology,Timimoun,Doctorat,14,CDI,2,Observer chacun chaleur bleu passion défaut. Serrer grand rêve dire trait. Marché prison douleur offrir public respecter terrain. Moment confondre indiquer garder quinze envie secrétaire.,"Épargne entreprise, Crèche d'entreprise, Assurance maladie",101000,"Django, Agile Methodology, Microservices, REST APIs, Git, .NET, CI/CD Pipelines, Java",1,3
Operations Manager,Legendre SPA,Operations,Junior,2025-04-15,2025-05-25,2025-06-24,Tourism & Hospitality,Mostaganem,Master,19,CDI,15,École dame herbe discours soi produire. Bientôt musique mouvement marquer. Passé descendre guerre bouche vers. Midi lentement argent direction passion papier. Souffler défendre trace branche principe grand.,"Crèche d'entreprise, Voiture de fonction, Épargne entreprise",81000,"Team Leadership, Project Management, Arabic/French Bilingual, Report Writing, Microsoft Office",5,10
Production Supervisor,Sonalgaz,Operations,Mid,2025-04-20,2025-05-24,2025-06-23,Media & Entertainment,Tamanrasset,Doctorat,17,CDI,3,Cela sourire gauche vif immense présent. Malade expression ressembler public compagnon ton voilà glace. Maître séparer changer mieux. Décrire tranquille air marquer descendre naturellement fait court. Rue passage chaud quant à maintenant ombre franchir. Personne répéter demain journal garder rêver.,"Prime de performance, Tickets restaurant, Formation continue",74000,"Team Leadership, Report Writing, Microsoft Office, Project Management, Arabic/French Bilingual",4,5
Operations Manager,Lévêque SPA,Operations,Junior,2025-03-27,2025-04-22,2025-05-22,Aerospace & Defense,El Tarf,Bac,15,Alternance,3,Bras plein ce chaque retenir réalité importance en. Sentir puis vers personne là projet. Réduire enfance quoi mois bois terrain porter. Soleil faveur inquiéter parfaitement.,"Crèche d'entreprise, Assurance maladie, Tickets restaurant",71000,"Report Writing, Team Leadership, Project Management, Arabic/French Bilingual, Microsoft Office",4,6
Safety Inspector,Cosider,"HSE (Health, Safety, Environment)",Mid,2025-04-14,2025-04-23,2025-05-23,Energy & Petroleum,Tlemcen,Ingénieur d'État,14,Freelance,10,Rue pareil essayer dresser choisir salut raconter inquiétude. Inquiétude désespoir front. Trembler autre rue action. Mourir mince profiter elle malgré. Chasser tranquille bon idée drame brusquement argent. Jeter jouer autrefois voisin maintenant mort adresser.,"Crèche d'entreprise, Prime de performance, Télétravail partiel",103000,"Microsoft Office, Report Writing, Project Management, Team Leadership, Arabic/French Bilingual",4,4
Project Manager,Boucher SPA,General Management,Senior,2025-03-26,2025-04-24,2025-05-24,Renewable Energy,Skikda,Bac,17,Stage,2,Volonté intéresser faveur mot frais delà petit. Moment direction creuser juge sentier or certainement. Dernier entourer nombre ressembler depuis passion. Interrompre précipiter réveiller nerveux parcourir douleur. Commander tendre justice religion.,"Épargne entreprise, Télétravail partiel, Crèche d'entreprise",131000,"Project Management, Microsoft Office, Team Leadership, Arabic/French Bilingual, Report Writing",4,14
Logistics Coordinator,Air Algérie,Operations,Junior,2025-03-26,2025-05-13,2025-06-12,Fisheries,Tlemcen,Ingénieur d'État,17,Stage,6,Cabinet beau que malgré prier suivant humide. Pendre silence maladie mesure loi user devant. Tout lien position hésiter geste perdu. Retenir nuage défaut encore fait éloigner. École autre traiter oublier humide être chaîne fait.,"Prime de performance, Télétravail partiel, Épargne entreprise",72000,"Report Writing, Arabic/French Bilingual, Team Leadership, Project Management, Microsoft Office",2,8
IT Coordinator,Briand EURL,IT Support,Mid,2025-03-26,2025-04-05,2025-05-05,Information Technology,Jijel,Ingénieur d'État,16,CDI,5,Lueur remonter défaut. Écarter visite avenir haute son heure user. À essayer société maître dormir. Respecter juste relever près quartier rejoindre. Auquel arbre ramasser pauvre possible corps.,"Voiture de fonction, Tickets restaurant, Épargne entreprise",59000,"Project Management, Report Writing, Team Leadership, Microsoft Office, Arabic/French Bilingual",3,11
Production Supervisor,ENIE,Operations,Lead,2025-04-12,2025-04-29,2025-05-29,E-Commerce,Tiaret,Licence,15,CDD,3,Parmi effacer docteur propre d'autres. Souvent lit île chiffre fer. Suite essuyer trente plaire selon printemps. Mois parole vague. Spectacle situation offrir faim sauter de imaginer.,"Prime de performance, Formation continue, Voiture de fonction",144000,"Project Management, Report Writing, Team Leadership, Microsoft Office, Arabic/French Bilingual",5,10
Logistics Coordinator,Mendès Richard S.A.R.L. SPA,Operations,Mid,2025-04-20,2025-06-08,2025-07-08,Retail,Mostaganem,Licence,12,Stage,15,Lit deviner rassurer visible. Parole selon colon taire cheveu. Fonder trop immobile blanc soumettre retirer. Mort solitude signifier obliger si donc.,"Tickets restaurant, Épargne entreprise, Formation continue",110000,"Arabic/French Bilingual, Microsoft Office, Project Management, Team Leadership, Report Writing",3,8
Supply Chain Manager,Louis et Fils SARL,Operations,Junior,2025-04-09,2025-04-24,2025-05-24,Mining,Saïda,Master,15,Freelance,14,Bien milieu groupe flamme voler tel point. Discours exprimer sentier journée près drôle si. Dominer perdre âgé mieux.,"Voiture de fonction, Crèche d'entreprise, Épargne entreprise",112000,"Arabic/French Bilingual, Team Leadership, Project Management, Report Writing, Microsoft Office",5,7
Project Manager,Albert SA SARL,General Management,Chief,2025-04-14,2025-05-04,2025-06-03,Pharmaceuticals,M'sila,Licence,17,Freelance,4,Sonner juger chose arriver poche beaux. Importer battre beau. Prévoir prononcer sentiment voisin valeur double contre but. Article spectacle bois absence corps donc. Ventre d'abord cesser tâche contraire.,"Assurance maladie, Télétravail partiel, Voiture de fonction",64000,"Project Management, Report Writing, Microsoft Office, Team Leadership, Arabic/French Bilingual",3,10
Facilities Manager,Batimétal,Operations,Lead,2025-03-26,2025-05-22,2025-06-21,Manufacturing,In Salah,Licence,12,Alternance,9,Chose arrêter droite devoir grave curiosité. Patron vraiment réflexion surtout long. Y monsieur figurer courant agir durant vide remplir. Fil quoi quoi distance. Compter disposer moins théâtre arrière raconter.,"Assurance maladie, Crèche d'entreprise, Prime de performance",26000,"Team Leadership, Project Management, Report Writing, Arabic/French Bilingual, Microsoft Office",4,15
Team Leader,Djezzy,General Management,Senior,2025-04-08,2025-05-01,2025-05-31,Renewable Energy,Tlemcen,Master,19,CDI,9,Bas puisque autour aujourd'hui. Hors que hasard bon rencontre vaste. Voisin appartenir chaleur divers. Conscience écouter scène drame visage rien refuser. Million bataille tel avance malade prêt.,"Prime de performance, Crèche d'entreprise, Assurance maladie",46000,"Project Management, Report Writing, Arabic/French Bilingual, Microsoft Office, Team Leadership",1,14
Team Leader,ENIE,General Management,Senior,2025-03-27,2025-05-03,2025-06-02,Manufacturing,Constantine,Licence,17,CDD,15,Bureau inventer causer arrière avis jeunesse ce appeler. Toucher précéder rencontrer surveiller tendre. Disparaître aucun témoin entre ouvrage apercevoir. Espace depuis promener mer petit enfermer allumer. Travailler apporter étouffer réclamer âge. Trente six confiance maître calme tête deviner vouloir.,"Crèche d'entreprise, Télétravail partiel, Assurance maladie",30000,"Team Leadership, Project Management, Report Writing, Microsoft Office, Arabic/French Bilingual",5,7
Production Supervisor,Lefebvre EURL,Operations,Chief,2025-04-23,2025-05-31,2025-06-30,Mining,M'sila,Licence,18,CDD,13,Trois vivre art trop perdre durant soutenir. Parvenir le asseoir prendre. Phrase chaque usage article jamais peser. Propre ennemi nu accuser.,"Tickets restaurant, Voiture de fonction, Prime de performance",94000,"Report Writing, Project Management, Arabic/French Bilingual, Team Leadership, Microsoft Office",2,7
Logistics Coordinator,Lefèvre S.A.S. SARL,Operations,Chief,2025-04-16,2025-05-25,2025-06-24,Media & Entertainment,Tindouf,Master,12,CDI,8,Confondre personne content million en françois folie. Agir mer jeune fait part. Assister point veille année.,"Télétravail partiel, Épargne entreprise, Tickets restaurant",125000,"Team Leadership, Arabic/French Bilingual, Microsoft Office, Project Management, Report Writing",2,7
Facilities Manager,Legendre SPA,Operations,Lead,2025-03-26,2025-04-24,2025-05-24,E-Commerce,Blida,Licence,15,CDD,1,Propos appuyer rejeter bientôt. Plonger étendre afin de terreur chaud. Force entier moyen naturel général rien dresser. Gauche extraordinaire humain garder. Fou croiser tout fleur. Envie cercle davantage désormais rejeter regarder déchirer.,"Tickets restaurant, Voiture de fonction, Crèche d'entreprise",30000,"Microsoft Office, Arabic/French Bilingual, Project Management, Report Writing, Team Leadership",4,9
Facilities Manager,Jacquot Payet et Fils SPA,Operations,Chief,2025-04-02,2025-06-01,2025-07-01,Mining,M'sila,Bac,18,Stage,12,Nation rouler déjà empire malheur silencieux. D'Autres songer nom chambre atteindre faux. Prier sentir vieil bien court défaut jeu.,"Formation continue, Tickets restaurant, Télétravail partiel",45000,"Microsoft Office, Team Leadership, Project Management, Report Writing, Arabic/French Bilingual",3,13
Pipeline Technician,Lévêque SPA,Pipeline Management,Mid,2025-04-17,2025-04-30,2025-05-30,Energy & Petroleum,Skikda,Licence,19,CDI,1,Départ comment remonter nez. Animer figurer quartier. Reculer acte suffire marier. Soin endroit très ton. Angoisse foule heure. Grâce honneur faveur obtenir mal effet.,"Voiture de fonction, Prime de performance, Télétravail partiel",83000,"Report Writing, Project Management, Microsoft Office, Team Leadership, Arabic/French Bilingual",2,7
Team Leader,De Sousa EURL,Higher Education,Junior,2025-04-11,2025-05-22,2025-06-21,Education,El Oued,Doctorat,17,CDI,7,Plaindre couleur vide rouge court eh bleu. Loi votre fort crainte. Événement depuis parfaitement puisque calme recevoir traîner entre. Blanc fortune encore durant personne faute mourir. Principe arriver obéir retrouver accord pluie. Rapide toute déchirer casser.,"Voiture de fonction, Crèche d'entreprise, Tickets restaurant",124000,"Team Leadership, Arabic/French Bilingual, Report Writing, Project Management, Microsoft Office",1,15
Department Director,Rodriguez EURL,E-Learning Platforms,Junior,2025-04-15,2025-06-01,2025-07-01,Education,Constantine,Master,17,Alternance,10,Juger pièce où asseoir sou réponse longtemps. Car traîner blanc espace banc partie. Relation chien accord plein convenir. Être renoncer échapper retrouver mieux absolument ressembler.,"Voiture de fonction, Assurance maladie, Tickets restaurant",113000,"Team Leadership, Microsoft Office, Project Management, Report Writing, Arabic/French Bilingual",4,13
Administrative Manager,Normand SA SPA,General Management,Junior,2025-04-20,2025-05-22,2025-06-21,Aerospace & Defense,Tébessa,Master,13,Stage,9,Vingt réel nouveau dès dessus valoir. Désespoir préparer sérieux séparer saisir prêter. Précéder nu sortir oublier haut. Mémoire avance désert demain salut tuer causer. Vision maladie blond prier écraser. Attacher troubler caractère tout mois phrase.,"Assurance maladie, Télétravail partiel, Tickets restaurant",114000,"Project Management, Microsoft Office, Arabic/French Bilingual, Team Leadership, Report Writing",5,4
Risk Assessment Specialist,Lefèvre S.A.S. SARL,"HSE (Health, Safety, Environment)",Lead,2025-03-26,2025-05-04,2025-06-03,Energy & Petroleum,Tiaret,Ingénieur d'État,19,Stage,3,Vieux cacher grave absence signer pouvoir réserver retomber. Perdre jusque nuage livre chaud croiser former. Indiquer fil trésor lettre fille. Dominer plante inquiéter suivant toi vraiment.,"Prime de performance, Voiture de fonction, Épargne entreprise",133000,"Report Writing, Project Management, Arabic/French Bilingual, Team Leadership, Microsoft Office",0,5
Production Supervisor,Letellier Bouchet SA SARL,Operations,Lead,2025-04-12,2025-05-22,2025-06-21,Telecommunications,Béjaïa,Ingénieur d'État,17,Alternance,9,Expliquer attention plonger. Content cela devant important liberté tel vision. Magnifique ensemble rire plaisir très. Je claire nu impossible avance atteindre force. Réfléchir sans surprendre. Théâtre dernier tirer fonder mener.,"Télétravail partiel, Assurance maladie, Formation continue",110000,"Project Management, Team Leadership, Microsoft Office, Report Writing, Arabic/French Bilingual",2,3
General Director,Millet SARL,General Management,Junior,2025-04-16,2025-05-20,2025-06-19,Mining,Batna,Licence,19,CDI,11,Toute haïr certes profiter. Question voici ici forcer envoyer douleur plus foule. Pleurer mesure danser réponse fatigue pousser. Cuisine intérieur étranger double. Humain général force.,"Voiture de fonction, Assurance maladie, Tickets restaurant",44000,"Arabic/French Bilingual, Team Leadership, Project Management, Microsoft Office, Report Writing",2,14
Operations Manager,Peron SA EURL,General Management,Mid,2025-03-27,2025-05-21,2025-06-20,Retail,Tamanrasset,Master,13,Stage,4,Étudier vendre se mouvement regretter faux rose. Somme plein arriver rocher semaine. Continuer médecin créer derrière permettre lèvre violence. Surprendre même terreur avec ceci.,"Prime de performance, Assurance maladie, Tickets restaurant",34000,"Arabic/French Bilingual, Report Writing, Project Management, Team Leadership, Microsoft Office",0,8
Facilities Manager,De Sousa EURL,Operations,Senior,2025-03-28,2025-04-10,2025-05-10,Fisheries,Naama,Master,12,CDI,4,Rare oeil suivre histoire. Haïr dessus résister souhaiter soirée troisième franchir. Arracher construire épais souffrir.,"Épargne entreprise, Assurance maladie, Tickets restaurant",122000,"Report Writing, Project Management, Microsoft Office, Arabic/French Bilingual, Team Leadership",3,5
Production Supervisor,Normand SA SPA,Operations,Mid,2025-04-20,2025-05-22,2025-06-21,Public Sector,Aïn Témouchent,Master,17,CDD,12,Petit autre autour jambe. Où interroger diriger classe croire souvent. Rompre riche après disparaître ensemble fait.,"Assurance maladie, Prime de performance, Voiture de fonction",111000,"Arabic/French Bilingual, Project Management, Team Leadership, Microsoft Office, Report Writing",2,15
Operations Manager,Dubois S.A. EURL,Vocational Training,Chief,2025-04-08,2025-04-22,2025-05-22,Education,In Salah,Doctorat,14,Alternance,11,Vêtir drôle sauvage plaisir atteindre ciel. Réflexion prix mince françois terrible chasser. Moment enfant troisième avis dix ciel enlever. Impossible réclamer mieux envelopper dur. Paysan parvenir solitude foule.,"Assurance maladie, Épargne entreprise, Prime de performance",103000,"Project Management, Arabic/French Bilingual, Report Writing, Team Leadership, Microsoft Office",3,7
Project Manager,Rodriguez EURL,Risk Analysis,Mid,2025-04-07,2025-05-18,2025-06-17,Banking & Finance,M'sila,Bac,19,CDD,10,Donc mort parent problème froid couvrir. Mauvais présent sac frère repas contre. Déposer fil siège cinquante caractère sommet. Claire intérêt debout fille ensuite remonter dur. Bas fait réunir magnifique.,"Tickets restaurant, Formation continue, Prime de performance",127000,"Project Management, Arabic/French Bilingual, Team Leadership, Report Writing, Microsoft Office",5,12
Operations Manager,Cosider,Operations,Lead,2025-04-20,2025-06-02,2025-07-02,Pharmaceuticals,Mostaganem,Master,16,Alternance,11,Lors jeune tête cas. Demain valoir commander ce soleil. Joindre changement apparence semaine prêter anglais. Un visite long certain. Déposer tuer type derrière rond changement confier.,"Prime de performance, Formation continue, Télétravail partiel",44000,"Microsoft Office, Project Management, Arabic/French Bilingual, Team Leadership, Report Writing",2,10
Team Leader,Boucher SPA,General Management,Chief,2025-04-12,2025-04-25,2025-05-25,Mining,M'sila,Ingénieur d'État,13,Alternance,6,Glisser même fer bout empêcher. Tombe attention oeil penser. Devenir port scène réveiller mémoire dépasser papa. Voile payer étouffer ensemble tête siècle dormir mener. Arbre voilà lumière celui désormais être sauvage.,"Épargne entreprise, Tickets restaurant, Crèche d'entreprise",115000,"Project Management, Team Leadership, Report Writing, Arabic/French Bilingual, Microsoft Office",5,6
Production Supervisor,Boucher SPA,Operations,Senior,2025-04-04,2025-05-14,2025-06-13,Telecommunications,Constantine,Bac,17,CDI,9,Dernier condamner entretenir ah. Souffrir prévenir dangereux répandre point il jeter. Traiter valoir possible loin haine installer.,"Assurance maladie, Épargne entreprise, Formation continue",93000,"Team Leadership, Microsoft Office, Report Writing, Arabic/French Bilingual, Project Management",5,6
General Director,Condor Electronics,Hospital Administration,Chief,2025-04-06,2025-05-25,2025-06-24,Healthcare,M'sila,Licence,17,Freelance,3,Victime trouver plein demi inspirer froid signer. Plonger éclat traiter traverser ouvrage bon. Puissance même neuf signer jardin. Poste révolution volonté jeu créer mariage. Dégager relever à salut amener.,"Crèche d'entreprise, Épargne entreprise, Prime de performance",132000,"Report Writing, Arabic/French Bilingual, Team Leadership, Project Management, Microsoft Office",5,14
Operations Manager,Lagarde Bourgeois SARL SARL,Operations,Senior,2025-04-20,2025-05-14,2025-06-13,Tourism & Hospitality,M'sila,Ingénieur d'État,12,Stage,9,Marier quand voyage. Envoyer vieux page avant dix dangereux. Point devant ordre parler calme justice.,"Formation continue, Télétravail partiel, Tickets restaurant",69000,"Team Leadership, Report Writing, Project Management, Microsoft Office, Arabic/French Bilingual",3,8
Operations Manager,De Sousa EURL,Operations,Lead,2025-03-26,2025-05-06,2025-06-05,Transport & Logistics,Constantine,Licence,12,CDI,4,Secret franc obliger brusquement fumée perdre partir. Etc jamais feuille lourd événement oiseau comme voiture. Droit compter intérieur comme exiger feuille. Camarade arrêter plan voix riche toujours avec. Prouver puis expérience contenter échapper raison connaissance préparer.,"Assurance maladie, Crèche d'entreprise, Télétravail partiel",58000,"Project Management, Report Writing, Microsoft Office, Team Leadership, Arabic/French Bilingual",5,7
Operations Manager,Mobilis,General Management,Junior,2025-04-05,2025-05-07,2025-06-06,Public Sector,Oran,Master,20,Freelance,7,Curiosité sous jouer simplement accent vieux fusil. Emmener nombre abattre fumer jeune car en. Effet frais abandonner éteindre précis déposer demi. Davantage magnifique soi ciel amuser fois centre. Créer éviter personne crise dans respecter. Entourer suivant coup souffler.,"Formation continue, Assurance maladie, Tickets restaurant",77000,"Microsoft Office, Arabic/French Bilingual, Team Leadership, Project Management, Report Writing",5,7
Team Leader,Lefèvre S.A.S. SARL,Hospital Administration,Junior,2025-03-26,2025-05-03,2025-06-02,Healthcare,Tindouf,Doctorat,12,CDI,2,Vague fois beaux. Lune vivant observer quinze armer circonstance cent. Préparer surtout salle beau. Prier marchand extraordinaire ligne ceci trente.,"Prime de performance, Assurance maladie, Formation continue",34000,"Project Management, Report Writing, Arabic/French Bilingual, Microsoft Office, Team Leadership",2,13
Department Director,CNAN,General Management,Senior,2025-03-29,2025-05-07,2025-06-06,Manufacturing,Tindouf,Bac,18,Alternance,8,Source arrière usage. Mari nuage hésiter rare terrain simplement sentier simple. Jeune cruel chemise long étoile muet sommeil passer. Chef ceci instant aventure et. Partie façon point.,"Assurance maladie, Formation continue, Prime de performance",46000,"Report Writing, Microsoft Office, Arabic/French Bilingual, Team Leadership, Project Management",0,9
Operations Manager,Lagarde Bourgeois SARL SARL,Retail Banking,Lead,2025-03-31,2025-05-10,2025-06-09,Banking & Finance,Tamanrasset,Bac,17,CDI,15,Visite acheter retourner. Loi plonger droite justice. Durant rouler larme impossible lèvre sujet bas. Prochain succès croire fixe accorder tendre quartier même.,"Formation continue, Télétravail partiel, Prime de performance",50000,"Team Leadership, Arabic/French Bilingual, Project Management, Microsoft Office, Report Writing",1,12
Project Manager,BNA,General Management,Chief,2025-04-06,2025-05-23,2025-06-22,Manufacturing,Béchar,Bac,13,CDI,4,Neuf hésiter femme tapis. Madame compte il salle vraiment vent. Afin De sans voie premier bien problème aspect enfance. Imposer campagne hiver homme nouveau.,"Tickets restaurant, Assurance maladie, Épargne entreprise",142000,"Arabic/French Bilingual, Team Leadership, Report Writing, Microsoft Office, Project Management",2,7
Team Leader,Jacquot Payet et Fils SPA,General Management,Junior,2025-03-26,2025-04-09,2025-05-09,Retail,Sétif,Licence,13,CDI,3,Dormir personnage quartier affaire juger renverser. Défaut pied entendre. Droite droit santé agent.,"Épargne entreprise, Prime de performance, Formation continue",88000,"Project Management, Microsoft Office, Team Leadership, Arabic/French Bilingual, Report Writing",0,7
General Director,Djezzy,Agronomy Research,Chief,2025-03-29,2025-04-27,2025-05-27,Agriculture,Adrar,Licence,20,CDI,14,Empêcher quelqu'un doigt. Instinct soit étendre goutte mince. Obliger subir agent cheveu précéder regretter éloigner apprendre. Assister bois joindre taille condition voix valeur.,"Formation continue, Tickets restaurant, Crèche d'entreprise",121000,"Project Management, Report Writing, Microsoft Office, Team Leadership, Arabic/French Bilingual",2,11
Facilities Manager,Millet SARL,Operations,Senior,2025-04-10,2025-06-03,2025-07-03,Pharmaceuticals,Tindouf,Bac,14,CDI,1,Désigner nous type vue imaginer. Vieux plein foi vers nouveau article grain prévenir. Somme véritable livre écrire. Force après possible renverser rôle espèce profond battre.,"Assurance maladie, Tickets restaurant, Voiture de fonction",62000,"Team Leadership, Project Management, Report Writing, Arabic/French Bilingual, Microsoft Office",0,6
Administrative Manager,Rodriguez EURL,Hospital Administration,Mid,2025-04-06,2025-06-03,2025-07-03,Healthcare,Béjaïa,Bac,18,Freelance,1,Environ soit chaleur folie dimanche milieu. Large mort marquer assurer cas loup cuisine. Hors vision simplement importance. Repousser et attendre police effort fin. Fumée prendre souffrir accorder pénétrer éternel frapper.,"Crèche d'entreprise, Télétravail partiel, Assurance maladie",37000,"Report Writing, Team Leadership, Arabic/French Bilingual, Microsoft Office, Project Management",0,13
Logistics Coordinator,Raynaud S.A.S. EURL,Operations,Chief,2025-04-20,2025-06-02,2025-07-02,Retail,Ghardaïa,Licence,14,CDD,7,Oreille embrasser mauvais inquiéter cesser ordre. Lisser voile exister afin de article santé. Art pendant famille propos dominer reconnaître.,"Assurance maladie, Prime de performance, Formation continue",108000,"Arabic/French Bilingual, Project Management, Microsoft Office, Team Leadership, Report Writing",0,3
Administrative Manager,Baudry S.A.S. SARL,General Management,Chief,2025-04-19,2025-05-31,2025-06-30,Public Sector,Laghouat,Licence,14,Freelance,3,Boire regarder chute île oeuvre conduire sous fusil. Sien impossible instinct passion françois. Frais en choix devant règle image. Remettre donner danger silencieux examiner indiquer.,"Tickets restaurant, Formation continue, Voiture de fonction",96000,"Microsoft Office, Project Management, Arabic/French Bilingual, Team Leadership, Report Writing",2,12
Systems Administrator,Renault SPA,Cloud Infrastructure,Senior,2025-04-12,2025-05-10,2025-06-09,Information Technology,Adrar,Master,12,Alternance,5,Jeu aussitôt tuer davantage puis. Prêter cuisine cesse palais autre chef. Ordre debout fatiguer poitrine dernier. Vert creuser connaître notre fixer retomber conversation continuer. Celui dès riche colline société réunir noir. Écarter long froid spectacle dangereux double.,"Voiture de fonction, Prime de performance, Tickets restaurant",41000,"Report Writing, Microsoft Office, Team Leadership, Arabic/French Bilingual, Project Management",2,14
General Director,Dubois S.A. EURL,General Management,Mid,2025-04-16,2025-06-04,2025-07-04,E-Commerce,Biskra,Doctorat,15,CDD,14,Faute promener port oiseau quinze un. Plonger forcer dont curiosité aimer fille épaule oiseau. Seulement interrompre souvenir cause. Condamner clair membre quelqu'un. Résoudre supposer sable frapper.,"Voiture de fonction, Télétravail partiel, Prime de performance",136000,"Project Management, Arabic/French Bilingual, Team Leadership, Microsoft Office, Report Writing",3,9
Supply Chain Manager,Naftal,Operations,Chief,2025-04-21,2025-06-09,2025-07-09,Aerospace & Defense,Tindouf,Bac,17,CDI,8,Mesure grâce agent demi poussière troisième derrière. Puis haut huit aimer. Billet apercevoir accompagner.,"Télétravail partiel, Voiture de fonction, Assurance maladie",80000,"Report Writing, Team Leadership, Microsoft Office, Arabic/French Bilingual, Project Management",2,12
Mud Engineer,Baudry S.A.S. SARL,Drilling Operations,Senior,2025-04-14,2025-05-26,2025-06-25,Energy & Petroleum,Laghouat,Licence,16,Freelance,5,Éclat autre autorité usage essuyer femme barbe. Charger plaire contraire. Précipiter larme préparer nuage charge.,"Assurance maladie, Prime de performance, Formation continue",59000,"Report Writing, Team Leadership, Project Management, Arabic/French Bilingual, Microsoft Office",5,8
General Director,Laurent SPA,General Management,Chief,2025-04-21,2025-05-16,2025-06-15,Retail,Tlemcen,Master,18,Freelance,1,Eaux question loin devoir course école poids danger. Retourner changement voyager direction. Posséder répéter tout calme prendre. Tête humide habitude attendre.,"Épargne entreprise, Prime de performance, Tickets restaurant",109000,"Team Leadership, Arabic/French Bilingual, Microsoft Office, Project Management, Report Writing",4,7
General Director,Martin Leblanc S.A. SARL,Research & Development,Junior,2025-04-01,2025-04-08,2025-05-08,Education,El Tarf,Master,15,Freelance,12,Égal gloire pièce. Roman repas page succès. Course repas protéger signifier. Passion naturel papier noire votre résistance chair. École anglais remettre nerveux puis lier. Mari presque premier prier haut cas affaire poser.,"Assurance maladie, Voiture de fonction, Télétravail partiel",49000,"Project Management, Team Leadership, Arabic/French Bilingual, Microsoft Office, Report Writing",1,10
Operations Manager,Leclerc EURL,General Management,Junior,2025-04-18,2025-05-12,2025-06-11,Mining,El Oued,Ingénieur d'État,14,Alternance,1,Prêter maintenir déchirer cour personnage signe énorme. Oh absolument risquer feu hauteur etc. Bon oh se attirer.,"Crèche d'entreprise, Télétravail partiel, Voiture de fonction",95000,"Report Writing, Microsoft Office, Team Leadership, Project Management, Arabic/French Bilingual",4,5
Project Manager,Albert SA SARL,General Management,Senior,2025-04-12,2025-06-09,2025-07-09,Retail,Aïn Témouchent,Doctorat,16,CDI,13,Produire port nuage main oeuvre facile poète. Planche personne enfant le. Autrement paraître briser autour côté. Rideau soldat contenter impression. Fil dépasser y parvenir billet honte certes.,"Crèche d'entreprise, Tickets restaurant, Épargne entreprise",147000,"Arabic/French Bilingual, Microsoft Office, Report Writing, Team Leadership, Project Management",5,13
Operations Manager,Manadjim El Djazaïr,General Management,Junior,2025-04-24,2025-06-11,2025-07-11,Construction,Tlemcen,Bac,18,Alternance,10,Vague ajouter secret réussir aimer. Fleur produire bon empêcher. Obtenir occuper abandonner port cesser profond aimer. Plonger contre ton rond. Expression étonner compte passage suite ramener. Honneur aile secours transformer honte rapporter hier éteindre.,"Tickets restaurant, Assurance maladie, Voiture de fonction",123000,"Report Writing, Arabic/French Bilingual, Team Leadership, Project Management, Microsoft Office",3,7
Department Director,Cohen SA SPA,General Management,Junior,2025-04-12,2025-06-07,2025-07-07,Media & Entertainment,Naama,Licence,20,Alternance,4,Moitié tôt exécuter observer. Descendre dangereux impossible. Vêtir large rappeler terme marcher crise. Poète promettre maintenir. Hasard carte pièce doute.,"Formation continue, Tickets restaurant, Crèche d'entreprise",143000,"Arabic/French Bilingual, Team Leadership, Report Writing, Project Management, Microsoft Office",2,11
Logistics Coordinator,Lefebvre EURL,Operations,Lead,2025-03-30,2025-05-26,2025-06-25,E-Commerce,Biskra,Master,18,CDD,5,Paix rayon geste admettre soudain droit. Songer avancer cri réveiller étendue. Libre manger choix demain rester.,"Épargne entreprise, Formation continue, Assurance maladie",84000,"Team Leadership, Report Writing, Arabic/French Bilingual, Microsoft Office, Project Management",5,12
Facilities Manager,Bodin Laroche et Fils EURL,Operations,Senior,2025-04-22,2025-05-13,2025-06-12,Media & Entertainment,Algiers,Licence,19,Freelance,10,Lit ensuite passé si branche briller nord chanter. Ramasser entrée réussir savoir an profondément. Faux traverser caractère sortir bois risquer. Désir religion éclat jusque observer fou juste masse.,"Épargne entreprise, Assurance maladie, Télétravail partiel",52000,"Team Leadership, Arabic/French Bilingual, Microsoft Office, Report Writing, Project Management",3,12
Logistics Coordinator,Hervé S.A. EURL,Operations,Junior,2025-03-29,2025-05-06,2025-06-05,Construction,Timimoun,Doctorat,17,Alternance,9,Retirer politique est léger obtenir. Autrement désert lisser subir suffire quelqu'un. Frère absolument moment. Pousser rapporter apparaître rassurer cou changement. Mourir gens confondre vivant ruine gris ni.,"Épargne entreprise, Crèche d'entreprise, Télétravail partiel",77000,"Team Leadership, Report Writing, Arabic/French Bilingual, Project Management, Microsoft Office",3,3
Drilling Engineer,Lagarde Bourgeois SARL SARL,Drilling Operations,Senior,2025-04-05,2025-04-28,2025-05-28,Energy & Petroleum,Constantine,Doctorat,13,CDD,11,Eaux nuage propos moyen chaud presque masse. Déchirer exemple système conseil. Pauvre jouer moi forme. Valeur fait général relation compte écarter pour. Dormir rang terrain parvenir signe fine plan.,"Tickets restaurant, Voiture de fonction, Crèche d'entreprise",93000,"Team Leadership, Project Management, Arabic/French Bilingual, Report Writing, Microsoft Office",0,13
Department Director,Lagarde Bourgeois SARL SARL,Accounting & Auditing,Chief,2025-04-12,2025-05-07,2025-06-06,Banking & Finance,Djanet,Master,14,CDI,4,Terre poésie chiffre. Qui crise pénétrer être garder. Auquel vieux plan quand. Frère devant attaquer répondre. Tôt arrière malade parfaitement.,"Prime de performance, Télétravail partiel, Assurance maladie",41000,"Team Leadership, Arabic/French Bilingual, Project Management, Microsoft Office, Report Writing",2,3
Facilities Manager,Sofiane Pharma,Operations,Senior,2025-03-29,2025-05-07,2025-06-06,Retail,Batna,Ingénieur d'État,14,CDD,5,Supposer goût permettre mien emmener servir commun particulier. Mon discuter suivant passage certain aspect. Épaule pourquoi pas réserver. Bois chien afin de. Sourire ailleurs toit souffrir écrire. Bête jour poids prochain regard.,"Télétravail partiel, Assurance maladie, Prime de performance",117000,"Arabic/French Bilingual, Team Leadership, Report Writing, Microsoft Office, Project Management",1,12
General Director,Dubois S.A. EURL,General Management,Lead,2025-04-18,2025-05-26,2025-06-25,Tourism & Hospitality,Aïn Témouchent,Doctorat,20,Stage,14,Bas quant à parent détacher mémoire recevoir part courage. Monsieur ombre suffire fait frais personne jour. Peur ça jouer machine content gris écraser. Prince regretter présent résistance émotion beauté mille. Compagnie genou reste rouler marche.,"Voiture de fonction, Télétravail partiel, Assurance maladie",110000,"Microsoft Office, Project Management, Team Leadership, Report Writing, Arabic/French Bilingual",1,14
Facilities Manager,Millet SARL,Operations,Lead,2025-04-12,2025-05-08,2025-06-07,Public Sector,Tamanrasset,Licence,19,Stage,15,Tandis Que troubler femme repas carte blond. Ruine sentiment affaire oeil hors trembler par. Aspect nerveux joli lors ensemble tu côte. Avec d'autres ni claire.,"Formation continue, Voiture de fonction, Crèche d'entreprise",116000,"Arabic/French Bilingual, Project Management, Microsoft Office, Team Leadership, Report Writing",0,10
Logistics Coordinator,Legendre SPA,Operations,Lead,2025-04-11,2025-06-10,2025-07-10,E-Commerce,Algiers,Bac,19,CDI,12,Madame mémoire époque prononcer pain être léger. Poste avouer siège marier sembler sentir. Secours joue soirée quelque.,"Épargne entreprise, Voiture de fonction, Formation continue",70000,"Project Management, Report Writing, Microsoft Office, Arabic/French Bilingual, Team Leadership",4,9
Logistics Coordinator,Lamy Hebert S.A. SPA,Operations,Junior,2025-04-23,2025-06-15,2025-07-15,Aerospace & Defense,Blida,Bac,17,Freelance,9,Français courir déposer fier inconnu. Ça car crise mensonge flot jeu. Celui achever son fruit nécessaire général fermer voisin.,"Tickets restaurant, Voiture de fonction, Télétravail partiel",59000,"Microsoft Office, Arabic/French Bilingual, Report Writing, Project Management, Team Leadership",5,14
Production Supervisor,Robin Clément S.A.R.L. SPA,Operations,Senior,2025-04-01,2025-04-08,2025-05-08,Mining,Skikda,Licence,15,CDD,4,Traiter venir plusieurs tour cause pain coup. Herbe escalier l'un derrière. Passion abri règle guerre seul. Paysan beauté magnifique couleur nous assez assurer. Chute banc émotion ensemble immense demande an pendant.,"Assurance maladie, Épargne entreprise, Prime de performance",62000,"Report Writing, Project Management, Microsoft Office, Arabic/French Bilingual, Team Leadership",5,9
Department Director,Air Algérie,General Management,Junior,2025-03-31,2025-05-11,2025-06-10,Mining,Ouargla,Master,16,CDI,13,Miser voyager premier goutte entrer. Soit course appeler port voir existence rang aussi. Endormir perdu protéger loin connaître rejeter attitude. Doute force courage couleur visage dame matière.,"Assurance maladie, Formation continue, Épargne entreprise",34000,"Report Writing, Microsoft Office, Team Leadership, Project Management, Arabic/French Bilingual",2,14
General Director,Sonatrach,Vocational Training,Mid,2025-04-11,2025-05-13,2025-06-12,Education,Oran,Master,15,Freelance,15,Quitter oeil sept patron davantage aussi assurer. Ordre avec toit général signe tomber train ciel. Condition tirer toit bonheur paysage maladie.,"Voiture de fonction, Tickets restaurant, Crèche d'entreprise",27000,"Project Management, Report Writing, Arabic/French Bilingual, Microsoft Office, Team Leadership",1,5
Supply Chain Manager,CNAN,Operations,Lead,2025-04-10,2025-05-24,2025-06-23,Public Sector,Naama,Doctorat,16,Alternance,7,Dent autrefois vin commencement surprendre tour figurer. Recueillir même partie oreille mort clair. Côte cesse baisser léger. Pauvre livre courir plus toute. Selon parfois combien certain vert soirée. Séparer avec trembler adresser. Chanter tranquille troisième remonter puisque.,"Prime de performance, Voiture de fonction, Crèche d'entreprise",136000,"Project Management, Microsoft Office, Arabic/French Bilingual, Team Leadership, Report Writing",1,3
Department Director,Sonatrach,Hospital Administration,Senior,2025-04-13,2025-05-22,2025-06-21,Healthcare,Chlef,Ingénieur d'État,20,Alternance,1,Bonheur précieux personne grave mettre. Article théâtre frère terre table je. Glisser renverser franchir vol maintenir plaire. Jour chair fidèle comment désespoir. Enfance police colon remercier arracher plaire malade.,"Épargne entreprise, Prime de performance, Télétravail partiel",27000,"Report Writing, Microsoft Office, Project Management, Team Leadership, Arabic/French Bilingual",1,10
Operations Manager,Baudry S.A.S. SARL,Operations,Junior,2025-04-21,2025-05-23,2025-06-22,Aerospace & Defense,El Oued,Bac,14,CDD,12,Adresser réunir cou pour. Impression perdre de bataille somme bas cas fixer. Découvrir écarter entretenir règle comment raconter jaune.,"Prime de performance, Épargne entreprise, Assurance maladie",75000,"Team Leadership, Microsoft Office, Project Management, Report Writing, Arabic/French Bilingual",3,9
Pipeline Engineer,ENIE,Pipeline Management,Lead,2025-04-02,2025-05-13,2025-06-12,Energy & Petroleum,Béchar,Licence,19,Alternance,2,Planche inventer tête fier regretter. Composer sept faux désespoir repas carte avis. Mauvais muet théâtre double.,"Télétravail partiel, Voiture de fonction, Assurance maladie",45000,"Arabic/French Bilingual, Microsoft Office, Report Writing, Team Leadership, Project Management",1,15
Department Director,Duhamel SARL,Islamic Finance,Lead,2025-04-14,2025-04-30,2025-05-30,Banking & Finance,Adrar,Master,13,Stage,13,Baisser intérieur lentement cruel. Venir imaginer discuter cheval commencer. Gris étonner planche voler. Calme appeler mien semblable lorsque. Vent cercle te commander. Fer fonction vague fille.,"Épargne entreprise, Formation continue, Télétravail partiel",73000,"Takaful Operations, Sharia Compliance, Islamic Banking Products, Risk Sharing Models, Murabaha Transactions, Sukuk Structuring",5,13
Operations Manager,Alexandre Denis SA EURL,Sustainable Farming,Junior,2025-04-22,2025-06-13,2025-07-13,Agriculture,Tamanrasset,Bac,18,Stage,3,Écraser fois briller bouche français immobile lit léger. Direction histoire rapport travail. Exécuter plus trouver autrefois rayon geste lieu appartement. Enfoncer chance voiture être mille annoncer. Trou ainsi quoi mince. Goût mettre tenir tôt tard forme ressembler retourner.,"Télétravail partiel, Assurance maladie, Crèche d'entreprise",134000,"Precision Agriculture, Permaculture Design, Water Conservation, Organic Certification, Soil Health Management, Agroecology",1,15
Team Leader,SNVI,General Management,Junior,2025-04-22,2025-05-03,2025-06-02,Fisheries,Saïda,Ingénieur d'État,19,CDI,8,Qualité employer cela journal. Matin atteindre réclamer général vide. Tendre amour joindre madame santé prier enfance malgré. Branche rapport supposer amuser. Ton bord commander marier reprendre habitude tout.,"Télétravail partiel, Tickets restaurant, Formation continue",143000,"Report Writing, Microsoft Office, Arabic/French Bilingual, Team Leadership, Project Management",3,3
Production Supervisor,Sofiane Pharma,Operations,Chief,2025-04-13,2025-04-27,2025-05-27,Manufacturing,M'sila,Licence,20,Alternance,12,Soit terreur mal donner route croire désert. Naturellement machine pierre oreille. Pitié mieux très côté. Route muet du. Image oui tôt mince action. Défendre or garde heure nerveux note.,"Télétravail partiel, Voiture de fonction, Tickets restaurant",79000,"Microsoft Office, Project Management, Report Writing, Team Leadership, Arabic/French Bilingual",5,4
Operations Manager,Mendès Richard S.A.R.L. SPA,Operations,Mid,2025-04-07,2025-05-22,2025-06-21,Media & Entertainment,Mostaganem,Licence,19,Freelance,5,Oui ni anglais sueur plaisir soumettre. Salle article abri devoir serrer juste. Soudain chemise considérer émotion croire. Militaire système somme fuir conclure mort lune.,"Assurance maladie, Crèche d'entreprise, Télétravail partiel",112000,"Team Leadership, Arabic/French Bilingual, Project Management, Report Writing, Microsoft Office",5,10
Production Supervisor,Ooredoo Algeria,Operations,Mid,2025-03-27,2025-05-05,2025-06-04,Public Sector,El Tarf,Ingénieur d'État,12,Alternance,8,Soirée empêcher retour. Tapis visite beau certain. Vie grand où exemple.,"Épargne entreprise, Tickets restaurant, Prime de performance",66000,"Project Management, Microsoft Office, Report Writing, Team Leadership, Arabic/French Bilingual",3,8
Safety Inspector,Sonatrach,"HSE (Health, Safety, Environment)",Chief,2025-04-20,2025-05-10,2025-06-09,Energy & Petroleum,Blida,Bac,15,CDI,15,Théâtre baisser conversation chair. Rendre marier éviter attirer. Sang quelqu'un condamner hauteur. Voler doucement poète ferme couler.,"Épargne entreprise, Crèche d'entreprise, Assurance maladie",50000,"Microsoft Office, Project Management, Arabic/French Bilingual, Report Writing, Team Leadership",3,7
Project Manager,Turpin Pineau S.A. EURL,Export Operations,Chief,2025-03-31,2025-04-21,2025-05-21,Agriculture,Tébessa,Doctorat,19,Stage,14,Accord hasard chien crise. Beaucoup court différent. Été note nom important vue cent ville. Content françois attacher voiture supposer. Briller envie effet à table or.,"Épargne entreprise, Télétravail partiel, Tickets restaurant",70000,"Microsoft Office, Arabic/French Bilingual, Team Leadership, Project Management, Report Writing",4,12
Department Director,Raynaud S.A.S. EURL,Pediatric Care,Lead,2025-04-08,2025-05-26,2025-06-25,Healthcare,Naama,Ingénieur d'État,15,CDD,7,Pas accepter exprimer achever oeuvre rire. Troisième lier vers profondément veille chez intéresser appartenir. Toujours valoir confiance nation vouloir moindre. Calme puis loin quarante leur.,"Crèche d'entreprise, Télétravail partiel, Prime de performance",116000,"Team Leadership, Project Management, Arabic/French Bilingual, Microsoft Office, Report Writing",0,4
Logistics Coordinator,Djezzy,Operations,Mid,2025-04-24,2025-06-09,2025-07-09,Public Sector,Ghardaïa,Ingénieur d'État,15,Freelance,14,Loi centre rouler et certainement pendre feu. Précéder docteur fonction prononcer ligne plein. Dormir divers société afin de. Particulier cent risquer froid menacer saluer. Habitant leur printemps noire venir mieux joli. Masse entrer politique.,"Crèche d'entreprise, Tickets restaurant, Assurance maladie",110000,"Report Writing, Arabic/French Bilingual, Project Management, Microsoft Office, Team Leadership",4,6
Operations Manager,Sofiane Pharma,General Management,Lead,2025-04-10,2025-04-17,2025-05-17,Retail,Adrar,Doctorat,16,Stage,15,Jouer horizon risquer chose discours groupe. En inspirer droit rire bras usage. Certes dehors sourd fils. Venir avouer nous extraordinaire. Cesse vraiment allumer conscience jeune fer.,"Crèche d'entreprise, Assurance maladie, Prime de performance",86000,"Team Leadership, Project Management, Microsoft Office, Arabic/French Bilingual, Report Writing",4,11
Pipeline Engineer,Sonalgaz,Pipeline Management,Junior,2025-04-17,2025-05-25,2025-06-24,Energy & Petroleum,Tlemcen,Master,16,CDI,10,Madame vingt fermer oreille peu rien. Obtenir poche renoncer toucher. Crise retomber mine soutenir. Enfoncer phrase imaginer compte prononcer. Siège couleur pourquoi frapper. Main beauté agiter retour.,"Épargne entreprise, Assurance maladie, Télétravail partiel",137000,"Microsoft Office, Team Leadership, Report Writing, Arabic/French Bilingual, Project Management",1,7
Team Leader,Deschamps S.A.S. SARL,General Management,Junior,2025-03-27,2025-05-16,2025-06-15,Renewable Energy,Sétif,Master,19,Freelance,9,Annoncer parfaitement heureux détacher certain enfoncer reprendre sortir. Sauvage joindre marché. Rappeler sauter façon maître fixe. Erreur lever discuter condamner. Conduire trace effet saison léger peu.,"Assurance maladie, Voiture de fonction, Tickets restaurant",85000,"Report Writing, Arabic/French Bilingual, Project Management, Team Leadership, Microsoft Office",0,10
Administrative Manager,Batimétal,General Management,Lead,2025-04-03,2025-05-01,2025-05-31,Mining,In Salah,Bac,14,Stage,9,Sérieux devant perdre beau place glace. Voisin prison point dire dire mari chasser. Rencontre reprendre garder personnage découvrir annoncer plusieurs rapidement.,"Tickets restaurant, Assurance maladie, Télétravail partiel",88000,"Microsoft Office, Arabic/French Bilingual, Project Management, Report Writing, Team Leadership",5,8
Logistics Coordinator,Lefebvre EURL,Operations,Lead,2025-04-11,2025-04-28,2025-05-28,Tourism & Hospitality,Ghardaïa,Bac,13,Alternance,13,Grain cour blond masse peser enfance mari. Ennemi caractère consentir éprouver atteindre perte tendre. Me entourer tête atteindre imposer.,"Tickets restaurant, Prime de performance, Épargne entreprise",102000,"Project Management, Arabic/French Bilingual, Microsoft Office, Team Leadership, Report Writing",2,12
Department Director,Mahe SA SARL,General Management,Lead,2025-04-05,2025-06-04,2025-07-04,Manufacturing,Chlef,Master,12,Stage,13,Refuser donc résister sérieux revoir étudier si. Haine mine d'autres fonder rouge famille dernier. Fil joindre casser. Personnage divers battre quelqu'un éclairer neuf. Résultat usage roman bruit note manger.,"Tickets restaurant, Épargne entreprise, Assurance maladie",38000,"Project Management, Report Writing, Microsoft Office, Arabic/French Bilingual, Team Leadership",2,3
Team Leader,Rémy Baudry et Fils SPA,General Management,Lead,2025-04-15,2025-05-30,2025-06-29,Media & Entertainment,Adrar,Ingénieur d'État,13,Alternance,9,Je mot proposer dans chercher pauvre. Herbe chair saint donner voici fort résultat. Lui voile yeux courir bête envelopper.,"Tickets restaurant, Télétravail partiel, Voiture de fonction",52000,"Project Management, Team Leadership, Microsoft Office, Report Writing, Arabic/French Bilingual",0,3
Project Manager,Boucher SPA,General Management,Senior,2025-04-08,2025-06-07,2025-07-07,E-Commerce,Annaba,Bac,20,CDI,8,Lieu place essayer silence. Tour rejeter expérience ramasser. Ouvrage cesser entre interrompre fin retrouver. Pensée remplir parcourir source principe.,"Épargne entreprise, Télétravail partiel, Crèche d'entreprise",108000,"Report Writing, Team Leadership, Project Management, Microsoft Office, Arabic/French Bilingual",3,3
Logistics Coordinator,Lévêque SPA,Operations,Junior,2025-04-14,2025-04-27,2025-05-27,Tourism & Hospitality,In Salah,Ingénieur d'État,16,Freelance,5,Produire véritable coeur résultat. Théâtre qualité parfaitement rapide. Rouge épaule dominer lumière nouveau caractère. Rejoindre prouver quant à supposer conseil choisir. Soit âgé public fumée vide pas. Riche parfaitement exemple violent.,"Épargne entreprise, Télétravail partiel, Formation continue",91000,"Project Management, Team Leadership, Report Writing, Microsoft Office, Arabic/French Bilingual",0,5
Operations Manager,Wagner S.A.S. SARL,Operations,Mid,2025-04-15,2025-04-28,2025-05-28,Construction,Laghouat,Ingénieur d'État,18,Alternance,7,Charger désespoir haute entrer neuf prison. Renverser désormais retomber autant craindre moindre. Pencher supérieur meilleur.,"Tickets restaurant, Télétravail partiel, Assurance maladie",71000,"Team Leadership, Microsoft Office, Report Writing, Project Management, Arabic/French Bilingual",3,7
Security Engineer,BNA,Cybersecurity,Chief,2025-03-26,2025-05-04,2025-06-03,Information Technology,Ouargla,Doctorat,12,CDI,9,Affaire regretter chien content nuage. Rouge admettre plein. Étaler afin de d'autres. An retirer poussière fidèle entretenir sonner. Réponse assister rouge scène muet etc désert.,"Prime de performance, Crèche d'entreprise, Télétravail partiel",138000,"Ethical Hacking, GDPR Compliance, Incident Response, Cryptography, Network Security, SOC Operations, Firewall Configuration, SIEM Tools",2,6
General Director,Dubois S.A. EURL,General Management,Chief,2025-04-23,2025-06-01,2025-07-01,Transport & Logistics,Mostaganem,Licence,12,Stage,13,Car prendre rejeter neuf. Différent oser violence dangereux jeune devoir. Demande grâce commencement.,"Tickets restaurant, Crèche d'entreprise, Voiture de fonction",76000,"Arabic/French Bilingual, Team Leadership, Microsoft Office, Report Writing, Project Management",4,3
General Director,Bruneau S.A.S. EURL,General Management,Chief,2025-04-23,2025-06-05,2025-07-05,Mining,Algiers,Licence,12,Freelance,5,Ton fonder vers cinquante. Précis répandre peser impression vrai exister erreur tard. Considérer sol en garder plaire atteindre.,"Prime de performance, Épargne entreprise, Voiture de fonction",37000,"Report Writing, Arabic/French Bilingual, Project Management, Team Leadership, Microsoft Office",1,5
Department Director,Baudry S.A.S. SARL,General Management,Senior,2025-04-21,2025-05-23,2025-06-22,Aerospace & Defense,Aïn Témouchent,Bac,19,Stage,8,Pièce que réussir soirée content rouge présent détacher. Parole valeur enfermer gagner ouvrir confier frapper annoncer. Quelqu'Un détacher protéger soulever cause. Bête sous prétendre rond.,"Assurance maladie, Tickets restaurant, Voiture de fonction",141000,"Report Writing, Microsoft Office, Project Management, Team Leadership, Arabic/French Bilingual",5,11
Software Engineer,Raynaud S.A.S. EURL,Software Development,Chief,2025-04-06,2025-04-17,2025-05-17,Information Technology,Tiaret,Ingénieur d'État,15,Alternance,8,Marché quinze pleurer sortir amuser reste françois. Terminer sueur capable personne an donc silence crier. Assister cours parfois.,"Épargne entreprise, Formation continue, Télétravail partiel",77000,"Python, .NET, Git, CI/CD Pipelines, Java, REST APIs, Microservices, Agile Methodology",5,6
Department Director,Briand EURL,General Management,Senior,2025-04-11,2025-05-01,2025-05-31,E-Commerce,Skikda,Ingénieur d'État,14,Alternance,2,Ligne couche renoncer aucun. Ainsi avec réserver village. Cinq semaine ami pourquoi froid certes couleur. Social visite quarante. Sec fatigue argent vieillard montagne sans professeur sang.,"Formation continue, Épargne entreprise, Assurance maladie",33000,"Arabic/French Bilingual, Microsoft Office, Report Writing, Team Leadership, Project Management",0,6
Logistics Coordinator,Dubois S.A. EURL,Operations,Chief,2025-04-05,2025-04-13,2025-05-13,Media & Entertainment,Biskra,Licence,20,Stage,4,Déchirer abri monsieur conseil douleur venir vingt. Remarquer membre supporter malade aucun fatiguer couvrir. Battre cela répéter danger avec.,"Crèche d'entreprise, Épargne entreprise, Télétravail partiel",51000,"Project Management, Report Writing, Microsoft Office, Team Leadership, Arabic/French Bilingual",5,5
General Director,Baudry S.A.S. SARL,General Management,Chief,2025-04-18,2025-05-08,2025-06-07,Manufacturing,Tiaret,Bac,20,CDI,10,Beaucoup main deviner durer abri gouvernement joindre. Rapide joie emporter anglais pluie. Réfléchir le penser auprès spectacle créer. Donner âge riche.,"Tickets restaurant, Assurance maladie, Voiture de fonction",116000,"Project Management, Arabic/French Bilingual, Team Leadership, Report Writing, Microsoft Office",5,5
Logistics Coordinator,ENIE,Operations,Mid,2025-04-11,2025-04-27,2025-05-27,Telecommunications,Aïn Témouchent,Ingénieur d'État,20,CDD,10,Remplacer épais retirer naturellement possible travail vieux. Fumer situation clef calme nom fait tandis que croire. Village pourquoi sommet avec décrire. Toi mort bande poésie droit rare. Empire veiller somme prétendre occuper. Action plus dominer fonction savoir.,"Tickets restaurant, Voiture de fonction, Télétravail partiel",75000,"Microsoft Office, Arabic/French Bilingual, Team Leadership, Report Writing, Project Management",2,8
Administrative Manager,Mahe SA SARL,Medical Equipment Maintenance,Lead,2025-04-06,2025-05-10,2025-06-09,Healthcare,Tébessa,Bac,17,CDD,6,Baisser retourner ton effet fête sec conversation. Loi victime presque animer. Jeu quelqu'un vers attitude propos craindre. Enfoncer pensée habitude on désirer saint représenter pauvre. Désir avis fois rêve. Part doux frapper as lueur.,"Télétravail partiel, Crèche d'entreprise, Assurance maladie",106000,"Microsoft Office, Project Management, Report Writing, Team Leadership, Arabic/French Bilingual",2,11
General Director,Duhamel SARL,General Management,Chief,2025-04-09,2025-05-11,2025-06-10,Mining,Skikda,Doctorat,17,CDD,15,Apprendre beaucoup promettre valoir emporter. Plan marier détail. Tapis cause trace chose politique début fusil. Jamais parce que deux comprendre. Cent deviner devant tu police chiffre voilà.,"Assurance maladie, Formation continue, Télétravail partiel",119000,"Team Leadership, Microsoft Office, Project Management, Arabic/French Bilingual, Report Writing",5,14
Supply Chain Manager,Wagner S.A.S. SARL,Operations,Junior,2025-04-09,2025-04-30,2025-05-30,Mining,Timimoun,Doctorat,17,Stage,14,Blond toujours elle jaune gouvernement connaître couleur chat. Dès mourir million bonheur. Naître permettre droit livre.,"Crèche d'entreprise, Épargne entreprise, Formation continue",147000,"Team Leadership, Microsoft Office, Arabic/French Bilingual, Project Management, Report Writing",2,9
Operations Manager,Alexandre Denis SA EURL,Operations,Senior,2025-04-06,2025-05-24,2025-06-23,Retail,Oran,Doctorat,20,Freelance,3,Souvenir depuis anglais est entendre gens témoin. Ressembler douceur demi. Âme lourd étoile émotion causer prouver. Fruit saint prendre endroit heureux arme.,"Voiture de fonction, Épargne entreprise, Assurance maladie",134000,"Project Management, Team Leadership, Microsoft Office, Arabic/French Bilingual, Report Writing",2,9
Department Director,Renault SPA,General Management,Mid,2025-04-24,2025-06-10,2025-07-10,Manufacturing,El Oued,Ingénieur d'État,16,CDI,14,Public malade contre sac instinct choisir forme. Neuf est pousser aujourd'hui nez écraser. Manquer placer haut milieu découvrir disparaître certes. Nature mourir ignorer extraordinaire.,"Formation continue, Épargne entreprise, Crèche d'entreprise",122000,"Report Writing, Arabic/French Bilingual, Project Management, Team Leadership, Microsoft Office",0,6
Team Leader,Turpin Pineau S.A. EURL,General Management,Lead,2025-04-13,2025-05-28,2025-06-27,Pharmaceuticals,Jijel,Licence,19,CDI,8,Monter conseil tourner. Briser expression marchand serrer désirer sueur cependant. Président chose fenêtre famille quelque. Indiquer écraser soir intelligence mon train intérieur.,"Assurance maladie, Tickets restaurant, Formation continue",105000,"Report Writing, Project Management, Team Leadership, Arabic/French Bilingual, Microsoft Office",2,9
Administrative Manager,Bruneau S.A.S. EURL,General Management,Senior,2025-04-11,2025-04-21,2025-05-21,Media & Entertainment,El Tarf,Doctorat,16,CDD,9,Force aussitôt extraordinaire marchand produire dès séparer. Étoile robe remercier midi soleil santé dominer. Soldat tempête assister barbe. Arracher argent besoin entraîner.,"Crèche d'entreprise, Tickets restaurant, Formation continue",96000,"Project Management, Team Leadership, Arabic/French Bilingual, Report Writing, Microsoft Office",0,10
Department Director,Mobilis,General Management,Junior,2025-03-29,2025-04-05,2025-05-05,Renewable Energy,Ghardaïa,Bac,12,CDI,4,Argent près apercevoir divers achever devoir. Intelligence certes arrêter. Esprit armer faveur écraser connaître. Éternel beau debout où demain regretter beauté. Parvenir donner employer instant exister.,"Crèche d'entreprise, Voiture de fonction, Épargne entreprise",132000,"Project Management, Microsoft Office, Arabic/French Bilingual, Report Writing, Team Leadership",5,9
Administrative Manager,Manadjim El Djazaïr,General Management,Chief,2025-04-24,2025-06-18,2025-07-18,Telecommunications,Aïn Témouchent,Licence,12,Alternance,13,Chaleur l'un facile certain renoncer amener. Répandre rêve sept jeune justice considérer sable qualité. Solitude retourner hôtel rire. Port lequel liberté mourir plein défendre.,"Voiture de fonction, Épargne entreprise, Prime de performance",39000,"Microsoft Office, Team Leadership, Arabic/French Bilingual, Project Management, Report Writing",1,15
Supply Chain Manager,Jourdan S.A.R.L. SPA,Operations,Chief,2025-04-02,2025-04-11,2025-05-11,Telecommunications,M'sila,Doctorat,12,Freelance,8,Désespoir enlever effet professeur flot près. Ensuite libre comment pays. Jeter été homme poser rompre. Jeter parent ce quarante désert engager riche. Battre ramasser heure connaissance très.,"Voiture de fonction, Prime de performance, Formation continue",92000,"Project Management, Team Leadership, Arabic/French Bilingual, Report Writing, Microsoft Office",2,7
Logistics Coordinator,Leclerc EURL,Operations,Senior,2025-04-11,2025-04-20,2025-05-20,Public Sector,M'sila,Ingénieur d'État,20,CDI,9,Fer encore voisin cher. Amener hasard armée nerveux branche dont. Confier couche idée bout marcher. Noir hiver sonner. Tromper acheter rendre cour marche résultat manquer. Marier attacher selon dame.,"Formation continue, Voiture de fonction, Assurance maladie",150000,"Report Writing, Microsoft Office, Project Management, Team Leadership, Arabic/French Bilingual",1,15
Operations Manager,Lamy Hebert S.A. SPA,General Management,Senior,2025-04-23,2025-05-01,2025-05-31,Retail,Béjaïa,Bac,18,Alternance,12,Camarade peu peu vieil occuper taire. Étoile science bout ombre. Arrivée repousser oiseau science mode rejeter ailleurs. Consentir leur nuit chambre lutte échapper endormir.,"Assurance maladie, Tickets restaurant, Épargne entreprise",60000,"Report Writing, Arabic/French Bilingual, Project Management, Microsoft Office, Team Leadership",1,8
Facilities Manager,ENIE,Operations,Chief,2025-04-13,2025-06-03,2025-07-03,Media & Entertainment,M'sila,Ingénieur d'État,18,CDD,3,Face recevoir tellement nombre. Jeter autorité dessiner bataille type visite mode. Soir exprimer hors cerveau parti. Dont français haut changement perdre pointe mois. Repas céder élever. Manier avec sombre seconde.,"Épargne entreprise, Assurance maladie, Prime de performance",126000,"Project Management, Team Leadership, Report Writing, Microsoft Office, Arabic/French Bilingual",4,5
Logistics Coordinator,Briand EURL,Operations,Lead,2025-04-01,2025-05-08,2025-06-07,Renewable Energy,Djanet,Ingénieur d'État,14,Freelance,12,Saluer suivre million longtemps. Aussitôt tendre poids arbre geste retirer. Âgé fin bouche croire. Avec un faveur remplacer. Oui forme y inconnu payer entier nature. Service abandonner fois fou lourd regretter petit.,"Crèche d'entreprise, Télétravail partiel, Formation continue",117000,"Team Leadership, Microsoft Office, Report Writing, Arabic/French Bilingual, Project Management",1,5
Production Supervisor,Mendès Richard S.A.R.L. SPA,Operations,Chief,2025-04-11,2025-05-08,2025-06-07,Pharmaceuticals,Tindouf,Ingénieur d'État,12,Stage,9,Savoir père taire plonger vague. Quoi élément souvenir horizon vague vêtement. Je content fonction désert aspect.,"Voiture de fonction, Tickets restaurant, Prime de performance",112000,"Arabic/French Bilingual, Project Management, Team Leadership, Microsoft Office, Report Writing",5,7
Operations Manager,Algérie Télécom,Operations,Lead,2025-04-07,2025-05-01,2025-05-31,Renewable Energy,El Oued,Ingénieur d'État,16,CDI,15,Train précipiter tombe fer système ordre. Barbe longtemps plein loi principe seul passé. Genre signe animer adresser douter imaginer. Un mal pourquoi affaire rire gros.,"Prime de performance, Assurance maladie, Épargne entreprise",43000,"Report Writing, Project Management, Microsoft Office, Team Leadership, Arabic/French Bilingual",3,5
General Director,Gaillard SARL,General Management,Chief,2025-03-28,2025-04-26,2025-05-26,Aerospace & Defense,El Tarf,Doctorat,13,CDI,14,Chez regarder pénétrer instinct réserver grand certainement unique. Résistance etc content même. Reposer faim vingt composer terme. Regarder pluie bientôt nom voisin absolument prétendre. Prière inconnu indiquer empêcher. Poussière bouche part l'un dès seconde société.,"Assurance maladie, Voiture de fonction, Crèche d'entreprise",110000,"Project Management, Microsoft Office, Report Writing, Team Leadership, Arabic/French Bilingual",2,13
General Director,Letellier Bouchet SA SARL,General Management,Senior,2025-03-31,2025-05-03,2025-06-02,Renewable Energy,In Salah,Bac,17,Alternance,3,Professeur avoir grand beaucoup droit. Plaisir haut inquiétude accomplir. Sauver précipiter respect rôle. Malade veille lit honte connaître depuis absence. Près ouvrir clair dangereux vouloir auteur quoi. Prendre accomplir président pendant esprit expérience créer.,"Crèche d'entreprise, Assurance maladie, Prime de performance",68000,"Team Leadership, Report Writing, Arabic/French Bilingual, Project Management, Microsoft Office",5,4
Facilities Manager,Sofiane Pharma,Operations,Junior,2025-03-26,2025-05-05,2025-06-04,Construction,El Tarf,Ingénieur d'État,15,Freelance,12,Renverser prince malheur. Oublier mémoire plan ici personne maître toile le. Profiter eh muet somme claire confier soirée. Faux taire quelque mais amour coup armer. Guère hasard voyager mauvais politique bord campagne escalier. Remercier plein siège supérieur oui.,"Voiture de fonction, Épargne entreprise, Crèche d'entreprise",30000,"Team Leadership, Report Writing, Arabic/French Bilingual, Project Management, Microsoft Office",5,15
General Director,Sonalgaz,General Management,Junior,2025-03-30,2025-05-12,2025-06-11,Mining,Ouargla,Doctorat,17,Stage,8,Intéresser sauver étonner visage bouche fait jusque pendre. Inconnu paysan donner devoir. Aujourd'Hui réel combat. François dangereux refuser.,"Assurance maladie, Épargne entreprise, Crèche d'entreprise",115000,"Microsoft Office, Project Management, Arabic/French Bilingual, Report Writing, Team Leadership",1,15
Facilities Manager,Raynaud S.A.S. EURL,Operations,Lead,2025-04-20,2025-04-27,2025-05-27,Construction,Batna,Bac,18,CDD,6,Quitter mettre interrompre agiter. Sang besoin devoir découvrir mois troisième. Soldat puisque grâce force fleur françois.,"Voiture de fonction, Épargne entreprise, Tickets restaurant",112000,"Project Management, Microsoft Office, Team Leadership, Arabic/French Bilingual, Report Writing",0,5
Logistics Coordinator,Sonatrach,Operations,Mid,2025-04-01,2025-05-27,2025-06-26,Renewable Energy,Tindouf,Master,18,Stage,12,Chasser doigt endormir ailleurs as révolution au arme. Douceur chance demain branche. Retomber calme instinct saluer. Autorité déchirer siècle entrer bord. Admettre appartenir militaire bord relation arriver très. Marchand écouter désigner saison partager par lumière.,"Tickets restaurant, Télétravail partiel, Voiture de fonction",35000,"Report Writing, Microsoft Office, Team Leadership, Project Management, Arabic/French Bilingual",3,5
Production Supervisor,Algérie Télécom,Operations,Junior,2025-03-31,2025-05-05,2025-06-04,Aerospace & Defense,El Oued,Licence,14,Stage,1,Ça arbre bord. Exister tu santé quelqu'un droite. Relation voyager voir médecin cour début ton. Pays danger jusque appartement campagne empire. Horizon durer détruire. Mettre devant rang vent crier point déchirer million.,"Épargne entreprise, Voiture de fonction, Crèche d'entreprise",43000,"Arabic/French Bilingual, Team Leadership, Report Writing, Microsoft Office, Project Management",3,9
Operations Manager,Normand SA SPA,General Management,Senior,2025-03-29,2025-04-25,2025-05-25,Transport & Logistics,Tamanrasset,Master,15,Freelance,3,Seul armer plein fonction courir pourquoi signer réalité. Pleurer moi vrai petit éclairer autour. Désert rejoindre toi. Règle retirer respect dur jeunesse delà flamme.,"Formation continue, Assurance maladie, Prime de performance",139000,"Microsoft Office, Project Management, Report Writing, Arabic/French Bilingual, Team Leadership",3,12
Facilities Manager,Leclerc EURL,Operations,Senior,2025-03-27,2025-04-19,2025-05-19,Fisheries,El Oued,Master,14,CDI,9,Oui foule immense semaine nom apporter. Dernier large fils retenir acte. Soirée répondre ministre grandir calmer.,"Assurance maladie, Voiture de fonction, Tickets restaurant",33000,"Arabic/French Bilingual, Microsoft Office, Project Management, Team Leadership, Report Writing",3,9
Department Director,Naftal,Food Processing,Lead,2025-04-01,2025-05-09,2025-06-08,Agriculture,Ghardaïa,Master,20,CDD,7,Énergie ton colère puis perdu résoudre hasard. Respirer animal manquer. Propos amener presser semaine pensée tendre. Charge prétendre étendue projet mentir entrée plein certain. Billet est faux pendre.,"Prime de performance, Tickets restaurant, Formation continue",94000,"Project Management, Arabic/French Bilingual, Report Writing, Team Leadership, Microsoft Office",2,15
Project Manager,Masse EURL,General Management,Chief,2025-04-04,2025-04-30,2025-05-30,Aerospace & Defense,Annaba,Doctorat,16,Stage,11,Partager inutile oeuvre consulter prêter sou lors. Papier respirer leur réfléchir immobile. Toucher essayer pain cercle. Cela décider capable adresser.,"Crèche d'entreprise, Tickets restaurant, Formation continue",144000,"Microsoft Office, Arabic/French Bilingual, Project Management, Report Writing, Team Leadership",2,13
Administrative Manager,Bruneau S.A.S. EURL,General Management,Junior,2025-04-05,2025-05-27,2025-06-26,Renewable Energy,Illizi,Master,14,Stage,8,Temps animer vous garçon. Plein sac respirer bonheur appartenir or salut type. Habiter sou doux miser vaincre vide. Simple morceau endroit second verser jambe. Supérieur sourire morceau peser taire. Consentir nom veiller cour signe emporter beaux.,"Épargne entreprise, Voiture de fonction, Télétravail partiel",116000,"Project Management, Report Writing, Microsoft Office, Arabic/French Bilingual, Team Leadership",1,15
Operations Manager,Laurent SPA,Operations,Mid,2025-04-05,2025-06-03,2025-07-03,Renewable Energy,In Salah,Ingénieur d'État,16,Freelance,7,Vite malgré ministre brûler côté but claire port. Le respecter chaise savoir l'une. Miser descendre certain éviter. Cesse porter depuis confier second.,"Télétravail partiel, Assurance maladie, Prime de performance",63000,"Microsoft Office, Report Writing, Arabic/French Bilingual, Project Management, Team Leadership",0,4
Team Leader,Raynaud S.A.S. EURL,General Management,Lead,2025-04-09,2025-05-23,2025-06-22,E-Commerce,Biskra,Doctorat,17,Stage,15,Autorité beau femme pain dès quartier art. Attacher rose éclater avant. Établir endroit ignorer condition vide payer. Quand voisin parce que prévenir soi offrir. Fille voie rayon.,"Prime de performance, Tickets restaurant, Assurance maladie",106000,"Arabic/French Bilingual, Microsoft Office, Project Management, Report Writing, Team Leadership",2,5
Logistics Coordinator,Fontaine SPA,Operations,Junior,2025-04-04,2025-04-25,2025-05-25,Fisheries,Tlemcen,Bac,18,CDI,11,Ennemi causer champ entrer quand plaire titre dix. Ton taille voici près comprendre. Milieu sou le cas vendre drôle.,"Tickets restaurant, Voiture de fonction, Assurance maladie",98000,"Microsoft Office, Report Writing, Project Management, Arabic/French Bilingual, Team Leadership",5,3
Supply Chain Manager,Masse EURL,Operations,Lead,2025-04-04,2025-04-12,2025-05-12,Transport & Logistics,Tiaret,Doctorat,19,Stage,8,Curiosité rouge vers éprouver. Vingt six flot. Longtemps mur placer contraire fumer. Mener descendre apparence entretenir révéler. Sol retirer sang préférer sentier. Rire rejoindre étoile.,"Assurance maladie, Prime de performance, Voiture de fonction",54000,"Team Leadership, Report Writing, Project Management, Microsoft Office, Arabic/French Bilingual",3,15
General Director,Lévêque SPA,Food Processing,Chief,2025-04-05,2025-04-28,2025-05-28,Agriculture,Tébessa,Master,12,CDI,6,Ignorer seuil somme doigt. Jeune pur plaine commander bon. Chasser aspect résoudre danser. Règle important port rapidement parce que toit billet. Fruit blond rond disparaître voici avoir.,"Tickets restaurant, Épargne entreprise, Télétravail partiel",116000,"Microsoft Office, Project Management, Report Writing, Team Leadership, Arabic/French Bilingual",5,4
Project Manager,Louis et Fils SARL,Irrigation Technology,Senior,2025-04-18,2025-06-17,2025-07-17,Agriculture,Saïda,Bac,17,Freelance,4,Billet témoin branche oreille fleur immobile. Soir scène but livrer blond surveiller. Police déposer miser tel. Certain souvenir secret naturel.,"Assurance maladie, Tickets restaurant, Épargne entreprise",96000,"Microsoft Office, Report Writing, Arabic/French Bilingual, Project Management, Team Leadership",3,15
Project Manager,Mahe SA SARL,E-Learning Platforms,Mid,2025-04-04,2025-05-25,2025-06-24,Education,Tébessa,Master,16,CDD,13,Pays geste blanc double disposer français folie découvrir. Casser violence colon tandis que somme bientôt abri. Eaux valoir forme larme pendant expression chaleur pensée. Usage trente finir.,"Tickets restaurant, Formation continue, Crèche d'entreprise",87000,"Project Management, Arabic/French Bilingual, Team Leadership, Report Writing, Microsoft Office",4,13
Operations Manager,Peron SA EURL,Operations,Chief,2025-03-30,2025-05-18,2025-06-17,Construction,Oran,Bac,18,CDI,5,Morceau marche chat. Long agent juge père nécessaire paix rencontre soulever. Pendant plusieurs envelopper abri. Conversation attacher militaire demeurer. Effort paix inquiéter ci entier répandre résultat. Rassurer branche vite instant ici.,"Formation continue, Voiture de fonction, Épargne entreprise",57000,"Project Management, Microsoft Office, Arabic/French Bilingual, Team Leadership, Report Writing",0,9
Department Director,CNAN,General Management,Senior,2025-04-03,2025-05-06,2025-06-05,Public Sector,Illizi,Master,18,CDD,12,Important branche partir frapper regarder été soudain battre. Accuser on françois. Intéresser que propos peuple. Pourquoi triste remarquer moyen groupe moi soutenir.,"Prime de performance, Crèche d'entreprise, Épargne entreprise",38000,"Report Writing, Arabic/French Bilingual, Team Leadership, Microsoft Office, Project Management",3,6
Data Scientist,Sauvage SA SARL,Data Science & AI,Chief,2025-03-30,2025-04-28,2025-05-28,Information Technology,Biskra,Bac,17,Alternance,1,Grand rejoindre cerveau interroger droit secret. Fenêtre social obéir et éclairer apparaître. Exister papa faux donc paysage.,"Télétravail partiel, Crèche d'entreprise, Prime de performance",115000,"Team Leadership, Arabic/French Bilingual, Report Writing, Project Management, Microsoft Office",2,5
General Director,Laurent SPA,General Management,Chief,2025-04-23,2025-05-28,2025-06-27,Manufacturing,Ghardaïa,Ingénieur d'État,13,Stage,10,Train après facile calme. Défendre non chant. Enfoncer large deviner exprimer vif mensonge tempête. Chiffre curieux calme midi calme ton. Je ça permettre quand pouvoir. Nombre attirer remplacer proposer désir chacun auteur.,"Assurance maladie, Prime de performance, Formation continue",45000,"Project Management, Microsoft Office, Team Leadership, Report Writing, Arabic/French Bilingual",2,13
Operations Manager,Leclerc EURL,General Management,Senior,2025-03-29,2025-04-21,2025-05-21,Media & Entertainment,Jijel,Doctorat,18,Freelance,12,Crise pas admettre sembler ouvrir planche rare. Habitant noir respect lequel entraîner. Où métier hors rendre traiter machine. Un craindre intention placer relever étonner précieux. Charger soulever claire. Droite pas compagnon oui visage garde claire composer.,"Épargne entreprise, Télétravail partiel, Assurance maladie",62000,"Project Management, Microsoft Office, Report Writing, Team Leadership, Arabic/French Bilingual",5,12
Project Manager,Le Gall Allain SA SARL,General Management,Lead,2025-04-22,2025-05-18,2025-06-17,Transport & Logistics,El Oued,Bac,12,Freelance,2,Marchand drôle liberté prévoir mentir. Victime étonner peur ferme étrange tantôt front silence. Chance large court avec causer rang briser. Combat beau fixe départ remettre espace. Traîner frapper événement doigt présent.,"Télétravail partiel, Formation continue, Épargne entreprise",108000,"Team Leadership, Report Writing, Project Management, Arabic/French Bilingual, Microsoft Office",0,11
Project Manager,Legendre SPA,General Management,Chief,2025-04-14,2025-05-16,2025-06-15,Telecommunications,Biskra,Doctorat,17,CDI,10,Partout exiger bon si posséder mentir gagner disparaître. Inviter demander porter but vin. Expliquer imposer recherche important tombe souhaiter.,"Formation continue, Épargne entreprise, Voiture de fonction",97000,"Team Leadership, Report Writing, Project Management, Microsoft Office, Arabic/French Bilingual",1,12
Team Leader,Boucher SPA,General Management,Senior,2025-04-24,2025-05-14,2025-06-13,Pharmaceuticals,Chlef,Master,15,CDI,5,Effacer derrière an conversation dame. Y fin observer. Étage prononcer sommeil souvenir âgé taire. Attitude cas accord journée.,"Voiture de fonction, Assurance maladie, Tickets restaurant",110000,"Report Writing, Project Management, Team Leadership, Microsoft Office, Arabic/French Bilingual",1,14
Logistics Coordinator,Duhamel SARL,Operations,Mid,2025-03-27,2025-05-24,2025-06-23,Public Sector,Tiaret,Ingénieur d'État,13,Freelance,3,Prier français où oiseau salle clef partager. Demain défendre genou signer bien déchirer. Masse rond celui blond. Général accompagner oser matière. Saluer preuve place été flamme. Souvenir permettre rejeter.,"Épargne entreprise, Formation continue, Voiture de fonction",53000,"Team Leadership, Arabic/French Bilingual, Report Writing, Project Management, Microsoft Office",2,11
Logistics Coordinator,Louis et Fils SARL,Operations,Senior,2025-04-20,2025-05-30,2025-06-29,E-Commerce,Timimoun,Master,15,Alternance,15,Certain part attaquer certain préférer résultat beau. Rendre bras côté nuit. Paysage nous établir honneur pareil garçon. Remettre détail puisque encore puis médecin quarante. Te objet rouge tendre séparer. Santé derrière vide matin.,"Voiture de fonction, Tickets restaurant, Prime de performance",45000,"Arabic/French Bilingual, Project Management, Microsoft Office, Report Writing, Team Leadership",4,9
Drilling Supervisor,Cevital Agro-Industry,Drilling Operations,Chief,2025-04-06,2025-04-24,2025-05-24,Energy & Petroleum,Tamanrasset,Bac,20,Stage,3,Étudier facile vide toute leur ramasser crise. Vent mari ah rond ramener appeler plante. Lourd jusque exister battre ombre. Depuis fin jamais admettre rien. Machine justice étranger force. Entier rire résultat nous avancer.,"Assurance maladie, Crèche d'entreprise, Tickets restaurant",124000,"Project Management, Microsoft Office, Report Writing, Team Leadership, Arabic/French Bilingual",5,9
Supply Chain Manager,Rémy Baudry et Fils SPA,Operations,Mid,2025-04-02,2025-05-24,2025-06-23,Transport & Logistics,Béchar,Master,12,Freelance,2,Hiver pas claire. Bas fuir éprouver étonner particulier après. Résoudre de votre jeunesse terme couvrir. Pièce ceci certes. Principe apprendre pencher d'autres supposer également. Vers terreur pont établir devenir solitude.,"Crèche d'entreprise, Assurance maladie, Prime de performance",141000,"Arabic/French Bilingual, Report Writing, Team Leadership, Microsoft Office, Project Management",1,5
Team Leader,Peron SA EURL,General Management,Mid,2025-04-21,2025-06-19,2025-07-19,Transport & Logistics,Tindouf,Master,13,CDD,14,Tracer aucun ainsi sac blanc jeune rendre. Action appeler rond également garçon. Être ensemble saluer point.,"Épargne entreprise, Assurance maladie, Télétravail partiel",110000,"Arabic/French Bilingual, Microsoft Office, Report Writing, Project Management, Team Leadership",2,11
Supply Chain Manager,Condor Electronics,Operations,Chief,2025-04-06,2025-05-11,2025-06-10,Renewable Energy,Illizi,Master,13,Alternance,8,Rapidement bout passion bête soit que nez. Passion brusquement état complètement. Gauche campagne colère étage pouvoir service. Mesure jouer user. Seconde escalier table courant.,"Tickets restaurant, Télétravail partiel, Crèche d'entreprise",111000,"Project Management, Microsoft Office, Team Leadership, Report Writing, Arabic/French Bilingual",3,8
Production Supervisor,Air Algérie,Operations,Lead,2025-04-06,2025-05-15,2025-06-14,Aerospace & Defense,Skikda,Doctorat,16,Freelance,6,Appartement voyage mot emmener. Rideau déposer devant agent brusquement. Partir sol barbe gagner maladie as. Direction sourd lors.,"Prime de performance, Épargne entreprise, Assurance maladie",60000,"Microsoft Office, Team Leadership, Report Writing, Arabic/French Bilingual, Project Management",0,9
Administrative Manager,Duhamel SARL,General Management,Senior,2025-03-27,2025-04-12,2025-05-12,Media & Entertainment,Tamanrasset,Bac,15,CDI,15,Prévoir grandir page lisser rocher tromper. Suivant beauté résistance preuve. Cinq signifier inutile beau mener inconnu. Dominer respirer engager.,"Crèche d'entreprise, Tickets restaurant, Formation continue",103000,"Project Management, Microsoft Office, Team Leadership, Arabic/French Bilingual, Report Writing",1,9
Team Leader,Cevital Agro-Industry,General Management,Mid,2025-04-21,2025-04-29,2025-05-29,Mining,Timimoun,Doctorat,14,Alternance,11,Mort passage mer feuille lien fort. Chose élément jouer pur choix pareil. Accorder chambre avec beaucoup refuser aussitôt fine. Parfois homme poursuivre gens traîner état compter élément.,"Télétravail partiel, Voiture de fonction, Formation continue",38000,"Project Management, Microsoft Office, Team Leadership, Arabic/French Bilingual, Report Writing",1,7
Facilities Manager,Albert SA SARL,Operations,Chief,2025-04-03,2025-05-04,2025-06-03,Retail,Algiers,Bac,16,Stage,1,Couper façon faveur paraître obtenir. Tache eh rond en voir vue volonté. Oui entier appel horizon subir non. Usage notre violent circonstance. Immense voix demain produire.,"Voiture de fonction, Prime de performance, Assurance maladie",37000,"Project Management, Team Leadership, Report Writing, Arabic/French Bilingual, Microsoft Office",0,8
Department Director,Millet SARL,General Management,Senior,2025-04-20,2025-06-09,2025-07-09,Media & Entertainment,Tindouf,Bac,18,CDD,2,Travers offrir bataille pluie chute particulier content. D'Autres prier chien relation ancien. Reste ceci fin endormir. Côté maladie autant poser. Intérêt devant visible attirer dix accuser long. Politique par chaîne.,"Télétravail partiel, Prime de performance, Crèche d'entreprise",115000,"Microsoft Office, Team Leadership, Report Writing, Arabic/French Bilingual, Project Management",1,4
Operations Manager,Jacquot Payet et Fils SPA,General Management,Lead,2025-04-21,2025-05-21,2025-06-20,Aerospace & Defense,Djanet,Ingénieur d'État,17,CDD,9,Fatigue liberté jamais colère entre juste fruit. Village chemise pièce joie musique herbe chose. Tourner problème bientôt. Branche point discuter. Trop endormir sentier cours partout.,"Prime de performance, Télétravail partiel, Assurance maladie",35000,"Project Management, Microsoft Office, Report Writing, Team Leadership, Arabic/French Bilingual",4,3
Production Supervisor,Lefebvre EURL,Operations,Chief,2025-04-22,2025-05-31,2025-06-30,Manufacturing,Batna,Licence,13,CDI,5,Craindre genre supporter second position note mariage. Oublier frapper pénétrer feu. Goût soi un rideau ou. Foi soir quelqu'un quitter échapper. Immense baisser défendre certes.,"Crèche d'entreprise, Prime de performance, Formation continue",32000,"Team Leadership, Arabic/French Bilingual, Microsoft Office, Project Management, Report Writing",1,8
Logistics Coordinator,Robin Clément S.A.R.L. SPA,Operations,Mid,2025-04-13,2025-05-07,2025-06-06,Renewable Energy,Blida,Ingénieur d'État,18,CDD,11,Effort décider solitude. Race règle vent jardin point. Intérêt conversation affaire inviter sérieux comme. Fine couler que commander. Quand simple loup garder plan fleur.,"Tickets restaurant, Télétravail partiel, Voiture de fonction",26000,"Report Writing, Arabic/French Bilingual, Project Management, Team Leadership, Microsoft Office",0,7
Logistics Coordinator,Lefèvre S.A.S. SARL,Operations,Lead,2025-04-18,2025-05-26,2025-06-25,Mining,Djanet,Ingénieur d'État,15,Alternance,11,Déposer moyen éclat tandis que depuis quelque juger. Approcher point crier président ennemi aile. Prière avenir rendre donc secret. Minute beau naturel roche reste hôtel soutenir vague. Vers affaire vide croire chaîne. Mieux commander vaincre jardin.,"Assurance maladie, Tickets restaurant, Prime de performance",128000,"Team Leadership, Arabic/French Bilingual, Microsoft Office, Report Writing, Project Management",3,11
Department Director,Ooredoo Algeria,General Management,Lead,2025-04-11,2025-06-07,2025-07-07,Aerospace & Defense,In Salah,Ingénieur d'État,15,CDI,6,Choisir lumière proposer chanter. Expression content fortune esprit plante mal. Chemise événement accorder. Cou même fermer rose. Franc petit joindre sommeil chasser conclure douleur port. Jardin histoire fleur discussion verser étage madame.,"Crèche d'entreprise, Prime de performance, Épargne entreprise",46000,"Microsoft Office, Arabic/French Bilingual, Project Management, Team Leadership, Report Writing",0,5
Production Supervisor,Seguin EURL,Operations,Mid,2025-04-06,2025-04-27,2025-05-27,Retail,Illizi,Doctorat,13,Alternance,7,Permettre épaule rue. Groupe amuser secours franchir genre. Volonté heureux accompagner reconnaître. Content creuser disparaître partir. Verser épaule poids rire.,"Voiture de fonction, Assurance maladie, Prime de performance",136000,"Report Writing, Project Management, Arabic/French Bilingual, Team Leadership, Microsoft Office",1,12
Pipeline Engineer,BNA,Pipeline Management,Chief,2025-04-16,2025-05-17,2025-06-16,Energy & Petroleum,Constantine,Master,17,Freelance,4,Queue tendre type action pluie ajouter but. Installer exister parce que. Plante patron assurer vert. Dire déclarer planche blanc article. Lutter recueillir police soudain clef retrouver.,"Prime de performance, Assurance maladie, Crèche d'entreprise",106000,"Microsoft Office, Arabic/French Bilingual, Project Management, Team Leadership, Report Writing",0,11
Operations Manager,Lefebvre EURL,Operations,Lead,2025-04-17,2025-05-11,2025-06-10,E-Commerce,Naama,Bac,20,CDD,9,Ramasser fois divers part protéger face retomber causer. Compagnon environ oreille charger soi ruine. Composer mener premier choisir curieux. Étranger pouvoir trouver habitude sec cesser prétendre large.,"Voiture de fonction, Formation continue, Tickets restaurant",27000,"Report Writing, Arabic/French Bilingual, Microsoft Office, Team Leadership, Project Management",5,8
Mobile App Developer,Air Algérie,Mobile Development,Senior,2025-03-27,2025-04-16,2025-05-16,Information Technology,Tizi Ouzou,Doctorat,15,CDD,14,Nouveau figure apparence importance arriver présence détruire. Précipiter courage assurer pénétrer grain spectacle prévoir danser. Dans possible sac à. État rassurer précipiter étendue préférer énorme respect. Cheveu comment battre gauche chaud aussitôt.,"Télétravail partiel, Formation continue, Voiture de fonction",28000,"Arabic/French Bilingual, Microsoft Office, Team Leadership, Project Management, Report Writing",4,10
Supply Chain Manager,Dubois S.A. EURL,Operations,Lead,2025-04-24,2025-05-12,2025-06-11,Media & Entertainment,Chlef,Ingénieur d'État,20,CDD,2,Parole tenter mari droit mince parti. Double nouveau plante aussi considérer brusquement prendre. Désespoir fumée je circonstance rouge revenir monsieur. Empêcher besoin enlever baisser.,"Tickets restaurant, Formation continue, Assurance maladie",40000,"Arabic/French Bilingual, Team Leadership, Project Management, Report Writing, Microsoft Office",1,6
Project Manager,Alexandre Denis SA EURL,General Management,Junior,2025-04-17,2025-06-06,2025-07-06,Retail,Saïda,Doctorat,13,Freelance,4,Résoudre écouter voici midi. Chaise noire heure jeter mesure alors. Haut chose droite savoir bruit. Instant anglais forêt.,"Assurance maladie, Tickets restaurant, Télétravail partiel",98000,"Team Leadership, Arabic/French Bilingual, Project Management, Report Writing, Microsoft Office",5,13
Project Manager,Raynaud S.A.S. EURL,Clinical Operations,Lead,2025-04-24,2025-05-12,2025-06-11,Healthcare,Laghouat,Bac,16,CDD,15,En disparaître distance prétendre. Tenir fumer portier vert reculer appeler hauteur. Tour puis rocher pluie. Officier mine jouer corps militaire. Rêver mode l'un amour. Depuis ensemble revoir note hors plutôt habiller.,"Tickets restaurant, Épargne entreprise, Assurance maladie",133000,"Report Writing, Project Management, Arabic/French Bilingual, Microsoft Office, Team Leadership",0,14
Project Manager,Gaillard SARL,General Management,Senior,2025-03-28,2025-05-18,2025-06-17,Construction,Biskra,Doctorat,16,Stage,10,Beauté article ruine accomplir pour reposer abattre. Devant oreille saint large jeune herbe souffrance. Presser préparer meilleur défendre présenter. Aventure par pleurer quart beau côté noire.,"Tickets restaurant, Voiture de fonction, Crèche d'entreprise",81000,"Report Writing, Team Leadership, Microsoft Office, Project Management, Arabic/French Bilingual",3,15
Facilities Manager,Lefèvre S.A.S. SARL,Operations,Lead,2025-04-10,2025-06-05,2025-07-05,Telecommunications,Ghardaïa,Master,12,Alternance,10,Route service vivant. Entrer rose plaisir. Intérieur pauvre sourd étranger quel moindre bouche. Dépasser couler avec cri nombreux signer malheur. Mais honte passage droit nord du. Détruire valoir côte bête regretter seul rang.,"Télétravail partiel, Formation continue, Épargne entreprise",87000,"Report Writing, Team Leadership, Microsoft Office, Arabic/French Bilingual, Project Management",2,10
Administrative Manager,Condor Electronics,General Management,Mid,2025-03-27,2025-05-18,2025-06-17,Transport & Logistics,Constantine,Master,19,CDD,2,Art fonction petit. Voisin vif musique sac. Propre assurer précéder paraître mais boire effet.,"Épargne entreprise, Crèche d'entreprise, Formation continue",69000,"Microsoft Office, Team Leadership, Report Writing, Project Management, Arabic/French Bilingual",5,8
Risk Assessment Specialist,Mobilis,"HSE (Health, Safety, Environment)",Lead,2025-03-26,2025-04-13,2025-05-13,Energy & Petroleum,Batna,Licence,12,Alternance,13,Réveiller quand grandir prière lit paysage nom million. Refuser animal soirée paysan. Plein signe chasser extraordinaire coucher court ignorer. Demain poids conseil dos.,"Crèche d'entreprise, Prime de performance, Voiture de fonction",100000,"Team Leadership, Report Writing, Arabic/French Bilingual, Microsoft Office, Project Management",0,15
Department Director,Bodin Laroche et Fils EURL,Accounting & Auditing,Junior,2025-04-01,2025-04-22,2025-05-22,Banking & Finance,Constantine,Ingénieur d'État,14,Freelance,13,Feu fond habitude. Théâtre sentiment repas rien. Acte ouvrage haut cou. Afin De devant sous voir. Cesse oser comme le consentir bientôt dormir terrible. Passé tracer effacer valeur danser mauvais.,"Prime de performance, Voiture de fonction, Assurance maladie",27000,"Report Writing, Microsoft Office, Team Leadership, Arabic/French Bilingual, Project Management",5,14
Project Manager,Deschamps S.A.S. SARL,General Management,Chief,2025-03-29,2025-05-21,2025-06-20,Tourism & Hospitality,Batna,Master,14,Freelance,14,Fin exemple risquer fauteuil. Représenter heureux supposer combien bord faveur raison paysage. Passage témoin respecter trou. Bras été inspirer mourir. Page ligne trembler moi mouvement.,"Épargne entreprise, Crèche d'entreprise, Télétravail partiel",94000,"Project Management, Report Writing, Microsoft Office, Team Leadership, Arabic/French Bilingual",0,12
General Director,Djezzy,General Management,Junior,2025-03-28,2025-05-23,2025-06-22,Public Sector,Béchar,Doctorat,12,Freelance,2,Portier coeur le enfance devant bas. Bas faim hésiter cas accorder obéir partager. Simplement milieu nombreux peu. Personnage vieux courage partager. Jambe rejoindre sorte accent cerveau sourire. Frais désespoir observer trace vide maladie après.,"Tickets restaurant, Épargne entreprise, Voiture de fonction",109000,"Arabic/French Bilingual, Report Writing, Microsoft Office, Project Management, Team Leadership",2,12
General Director,Lévêque SPA,Pediatric Care,Chief,2025-04-11,2025-04-26,2025-05-26,Healthcare,Tindouf,Doctorat,15,Freelance,2,Dessus certain prétendre. Espoir beauté patron vivant service ailleurs. Absolument toi vie écouter terme fois jambe police. Accord armer habiller voir confondre bas. Haine oeuvre suivre affirmer chez heureux désespoir.,"Prime de performance, Assurance maladie, Formation continue",65000,"Project Management, Report Writing, Team Leadership, Microsoft Office, Arabic/French Bilingual",2,7
Administrative Manager,Raynaud S.A.S. EURL,Hospital Administration,Chief,2025-04-24,2025-05-22,2025-06-21,Healthcare,Constantine,Master,20,Stage,15,Anglais autorité nouveau jeu jeter aujourd'hui. Pendre fois foule droit etc. Attaquer souffler juste second rendre.,"Formation continue, Voiture de fonction, Épargne entreprise",34000,"Microsoft Office, Project Management, Arabic/French Bilingual, Team Leadership, Report Writing",3,8
Team Leader,Le Gall Allain SA SARL,General Management,Senior,2025-03-26,2025-05-24,2025-06-23,Transport & Logistics,Ghardaïa,Ingénieur d'État,17,Freelance,11,Installer rapporter recherche mensonge. Noir guère auquel beau nombreux tache. Étroit haine voiture rouge obtenir poésie. Forme race secrétaire théâtre produire.,"Télétravail partiel, Prime de performance, Épargne entreprise",126000,"Arabic/French Bilingual, Report Writing, Microsoft Office, Project Management, Team Leadership",2,14
Supply Chain Manager,Dubois S.A. EURL,Operations,Mid,2025-03-29,2025-04-23,2025-05-23,Pharmaceuticals,Sétif,Bac,19,CDI,2,Fixe anglais établir avance malheur présence répandre. Nommer occasion politique naissance envoyer paquet jeter succès. Vendre brûler tranquille. Placer plante lieu fenêtre sous livre quelque lune. Trésor grâce mensonge fleur famille respirer. Marquer question goût vaincre peu inventer.,"Crèche d'entreprise, Télétravail partiel, Formation continue",26000,"Team Leadership, Report Writing, Project Management, Arabic/French Bilingual, Microsoft Office",1,3
Operations Manager,Mahe SA SARL,General Management,Chief,2025-04-17,2025-05-30,2025-06-29,Public Sector,Tindouf,Licence,12,CDD,1,Pleurer lendemain million. Lutte paix fenêtre parler colère mauvais profiter convenir. Sauver prononcer comprendre tout disposer valeur social. Autre paupière poitrine claire. Oublier moi porter retirer existence ci elle.,"Télétravail partiel, Tickets restaurant, Assurance maladie",146000,"Arabic/French Bilingual, Report Writing, Project Management, Microsoft Office, Team Leadership",2,13
Logistics Coordinator,Letellier Bouchet SA SARL,Operations,Chief,2025-04-18,2025-05-19,2025-06-18,Aerospace & Defense,Batna,Bac,20,Freelance,13,Plaire corde rencontrer garder beaux agiter sembler. Feuille reculer présenter proposer pied annoncer. Claire curiosité avance envie. Lentement somme intéresser chaque branche. Serrer gros beaucoup en.,"Tickets restaurant, Télétravail partiel, Prime de performance",150000,"Team Leadership, Arabic/French Bilingual, Report Writing, Project Management, Microsoft Office",2,6
Operations Manager,Hervé S.A. EURL,Operations,Senior,2025-04-06,2025-04-15,2025-05-15,Manufacturing,Chlef,Doctorat,12,Alternance,4,Rassurer lever traîner nuage éclat vol question. Camarade léger au côté verser. Même soutenir titre. Courir politique paysan caresser pierre. Content accomplir capable oiseau titre pointe retour. Liberté haute soulever étroit salut agiter puis pouvoir.,"Assurance maladie, Voiture de fonction, Prime de performance",117000,"Arabic/French Bilingual, Project Management, Team Leadership, Report Writing, Microsoft Office",3,15
Supply Chain Manager,Rémy Baudry et Fils SPA,Operations,Junior,2025-04-14,2025-05-27,2025-06-26,Media & Entertainment,Djanet,Bac,16,CDI,10,Plan servir sou objet. Essayer sans direction suffire. Point car bon. Rassurer gagner fumée doute libre. Tourner angoisse cacher noir. Attaquer jouer cou.,"Assurance maladie, Formation continue, Tickets restaurant",137000,"Team Leadership, Microsoft Office, Project Management, Arabic/French Bilingual, Report Writing",5,5
Administrative Manager,SNVI,International Relations,Mid,2025-03-31,2025-05-15,2025-06-14,Education,Oran,Ingénieur d'État,19,CDI,9,Bas satisfaire front large annoncer. Déchirer vivant agent deviner élever vert. Mariage douceur sentier. Annoncer retrouver cacher queue poids. Suffire yeux échapper réclamer.,"Formation continue, Télétravail partiel, Prime de performance",44000,"Microsoft Office, Project Management, Arabic/French Bilingual, Team Leadership, Report Writing",3,5
Logistics Coordinator,Algérie Télécom,Operations,Chief,2025-04-13,2025-04-20,2025-05-20,Media & Entertainment,Ouargla,Bac,12,Alternance,12,Tout chant chemise cause avenir ça. Au hiver terreur âme forêt. Lumière leur garde. Moins seul marche beau but. Briller quant à assez voyager sentier cependant.,"Épargne entreprise, Télétravail partiel, Formation continue",119000,"Arabic/French Bilingual, Project Management, Report Writing, Team Leadership, Microsoft Office",1,3
Operations Manager,ENIE,General Management,Senior,2025-03-27,2025-05-11,2025-06-10,Transport & Logistics,Aïn Témouchent,Doctorat,18,Freelance,3,Réussir double le craindre travailler. Bande asseoir banc humide beau écraser coûter. Soirée différent livre coin.,"Épargne entreprise, Crèche d'entreprise, Prime de performance",66000,"Arabic/French Bilingual, Team Leadership, Project Management, Report Writing, Microsoft Office",5,14
Administrative Manager,Briand EURL,General Management,Lead,2025-04-19,2025-06-18,2025-07-18,Pharmaceuticals,Mostaganem,Doctorat,14,CDD,3,Ami contenter combien briller. Traîner brûler tard cruel haut empêcher noire par. Beauté lors tempête devant. Ferme voir payer naissance docteur d'autres tantôt. Employer saluer lutte encore quelqu'un regard tellement. Rare parce que avec.,"Voiture de fonction, Crèche d'entreprise, Tickets restaurant",133000,"Microsoft Office, Team Leadership, Project Management, Report Writing, Arabic/French Bilingual",3,12
Facilities Manager,Briand EURL,Operations,Chief,2025-03-31,2025-04-27,2025-05-27,E-Commerce,Djanet,Master,18,CDI,12,Mourir vêtement lettre amour instant. Larme chute quarante dix endroit chaise. Parler eh maison. Face endroit complètement chasser vide ensemble. Beauté baisser corps vrai droite. Mon faible choix plaindre figure rêver public puis.,"Épargne entreprise, Télétravail partiel, Assurance maladie",134000,"Microsoft Office, Report Writing, Team Leadership, Arabic/French Bilingual, Project Management",3,12
Department Director,Rodriguez EURL,Agronomy Research,Chief,2025-04-11,2025-05-24,2025-06-23,Agriculture,Tizi Ouzou,Bac,13,CDD,15,Erreur six moindre répondre. Seulement doigt affaire disparaître quatre. Cerveau attirer depuis malheur nombre paix. Courant promettre relation unique. Nourrir entretenir fait tant.,"Voiture de fonction, Formation continue, Crèche d'entreprise",46000,"Arabic/French Bilingual, Report Writing, Project Management, Microsoft Office, Team Leadership",5,11
Department Director,Leclerc EURL,Export Operations,Lead,2025-04-02,2025-05-13,2025-06-12,Agriculture,Skikda,Ingénieur d'État,16,CDI,10,Affaire si certainement. As amuser lune prendre. Qualité voilà propos souvenir éclat. Oeil semaine tandis que étude exécuter. Commander crise frais étendre cour. Danger lequel air paquet.,"Télétravail partiel, Prime de performance, Crèche d'entreprise",93000,"Project Management, Report Writing, Team Leadership, Microsoft Office, Arabic/French Bilingual",5,8
Administrative Manager,Leclerc EURL,E-Learning Platforms,Junior,2025-04-11,2025-05-15,2025-06-14,Education,Tébessa,Ingénieur d'État,17,Freelance,3,Arriver rose maître français suivre passé but. Danser reprendre silence un accent. Gauche amuser plante précéder soir. Brusquement voile déjà morceau.,"Prime de performance, Télétravail partiel, Tickets restaurant",119000,"Team Leadership, Report Writing, Microsoft Office, Project Management, Arabic/French Bilingual",0,9
General Director,Deschamps S.A.S. SARL,General Management,Chief,2025-03-27,2025-04-30,2025-05-30,Manufacturing,Sétif,Ingénieur d'État,14,Stage,10,Distance maison chat fauteuil quartier. Doux chaleur creuser ouvrage corps. Porte retenir tantôt campagne groupe rue espace y. Moyen souvent sou plaisir essayer écouter comme.,"Assurance maladie, Télétravail partiel, Voiture de fonction",135000,"Project Management, Report Writing, Arabic/French Bilingual, Microsoft Office, Team Leadership",4,8
Operations Supervisor,Letellier Bouchet SA SARL,Pipeline Management,Lead,2025-04-20,2025-06-14,2025-07-14,Energy & Petroleum,Laghouat,Bac,18,Alternance,3,Discours dont événement carte. Éternel propre yeux condition étage goût horizon. Trait prévenir réel coucher deux. Position humain du froid.,"Épargne entreprise, Formation continue, Crèche d'entreprise",119000,"Team Leadership, Arabic/French Bilingual, Microsoft Office, Report Writing, Project Management",2,9
Administrative Manager,CNAN,General Management,Junior,2025-04-15,2025-05-21,2025-06-20,Manufacturing,Ghardaïa,Ingénieur d'État,16,Stage,5,Occasion plaindre forcer million différent chat. Lisser barbe sentir valeur rêve. Étaler confondre mentir oser. Prison monde pénétrer rouler main type coucher. Sans chance sang. Établir figure chose eau.,"Prime de performance, Assurance maladie, Tickets restaurant",148000,"Arabic/French Bilingual, Report Writing, Microsoft Office, Project Management, Team Leadership",2,15
Supply Chain Manager,Chauvet S.A.R.L. SARL,Operations,Chief,2025-04-18,2025-05-13,2025-06-12,Public Sector,Biskra,Bac,18,CDI,12,Premier planche passage raison. Métier demi ça énergie boire plus. Bois retrouver joindre simplement cri trace. Trace parler signe quelque. Cours révéler voici erreur matière douze cri.,"Voiture de fonction, Épargne entreprise, Prime de performance",112000,"Report Writing, Team Leadership, Arabic/French Bilingual, Microsoft Office, Project Management",4,9
Department Director,Seguin EURL,General Management,Chief,2025-03-26,2025-04-15,2025-05-15,Transport & Logistics,Naama,Master,19,CDI,15,Occuper se saisir papa. Résultat social pouvoir habitant pleurer préférer. Personne souhaiter bouche carte aucun.,"Télétravail partiel, Crèche d'entreprise, Formation continue",69000,"Team Leadership, Microsoft Office, Report Writing, Project Management, Arabic/French Bilingual",0,13
Operations Manager,Gaillard SARL,Clinical Operations,Mid,2025-04-17,2025-05-04,2025-06-03,Healthcare,Naama,Ingénieur d'État,19,CDD,6,Frère grâce pays ton odeur risquer. Entrer réalité magnifique toute attacher juge dès. Marquer beauté prêter trembler rouge mêler. Science disposer ouvrir repas taire paquet triste. Terme pencher accorder marcher connaître.,"Assurance maladie, Formation continue, Télétravail partiel",29000,"Project Management, Report Writing, Arabic/French Bilingual, Microsoft Office, Team Leadership",0,9
Operations Manager,Sonatrach,Operations,Chief,2025-03-27,2025-04-15,2025-05-15,Telecommunications,Sétif,Master,15,CDI,3,Hors pourtant sûr reprendre. Engager assez soldat parce que avenir. Renoncer soulever remonter ceci composer grâce.,"Tickets restaurant, Formation continue, Assurance maladie",73000,"Team Leadership, Report Writing, Microsoft Office, Arabic/French Bilingual, Project Management",3,11
Team Leader,Vincent et Fils SPA,Higher Education,Mid,2025-04-13,2025-05-16,2025-06-15,Education,Algiers,Doctorat,15,Stage,10,Science élément chiffre écouter. Facile puisque sueur fille fort créer passage. Peau dent neuf. Fixe figurer certes acte point exemple crise. Gouvernement journal nom rideau affirmer.,"Formation continue, Tickets restaurant, Assurance maladie",84000,"Report Writing, Microsoft Office, Arabic/French Bilingual, Project Management, Team Leadership",4,12
Operations Manager,Mendès Richard S.A.R.L. SPA,Operations,Lead,2025-04-09,2025-05-08,2025-06-07,Transport & Logistics,Algiers,Master,13,CDI,7,Partout mariage mouvement accuser vol. Oublier papa sauver fin politique faux. Cabinet pénétrer lentement tache pierre parler huit assister.,"Assurance maladie, Crèche d'entreprise, Voiture de fonction",31000,"Project Management, Report Writing, Team Leadership, Microsoft Office, Arabic/French Bilingual",5,15
Project Manager,Djezzy,General Management,Senior,2025-04-08,2025-04-23,2025-05-23,E-Commerce,Constantine,Doctorat,18,Alternance,1,Posséder profondément promettre détacher poursuivre vin. Soutenir passé désormais page un mettre sommet. Doigt vieillard patron est jouer fête île. Seuil mort roman retirer baisser race fruit journée.,"Assurance maladie, Voiture de fonction, Télétravail partiel",143000,"Team Leadership, Arabic/French Bilingual, Project Management, Microsoft Office, Report Writing",2,6
Facilities Manager,Mahe SA SARL,Operations,Chief,2025-04-19,2025-04-29,2025-05-29,Manufacturing,Tizi Ouzou,Master,12,Stage,2,Obtenir moyen fille pitié autre colère. Ville fois visite soi inquiéter. Découvrir fuir complet réussir vivant violence. Jeu mesure fait propre centre. Cela dormir compter rose ligne le. Rapidement doucement présenter espérer demain système.,"Épargne entreprise, Formation continue, Tickets restaurant",62000,"Project Management, Microsoft Office, Team Leadership, Arabic/French Bilingual, Report Writing",0,15
Department Director,Renault SPA,E-Learning Platforms,Senior,2025-03-29,2025-05-09,2025-06-08,Education,Tlemcen,Doctorat,13,Freelance,6,Honneur souvenir salut. Le défendre parfois poitrine paix tomber. Santé horizon conscience sauvage commander énergie pauvre ensuite.,"Télétravail partiel, Formation continue, Prime de performance",28000,"Arabic/French Bilingual, Report Writing, Microsoft Office, Team Leadership, Project Management",5,7
Project Manager,Algérie Télécom,General Management,Junior,2025-04-09,2025-05-25,2025-06-24,E-Commerce,Laghouat,Licence,15,CDI,10,Éclater considérer ainsi garder distance gros. Presser vieux oncle fatiguer. Pied passé victime secours enfance songer fort. Lourd depuis attacher demeurer arracher situation situation. Notre un arrivée vraiment voisin peur mort.,"Prime de performance, Voiture de fonction, Télétravail partiel",52000,"Report Writing, Arabic/French Bilingual, Microsoft Office, Team Leadership, Project Management",5,9
Production Supervisor,Wagner S.A.S. SARL,Operations,Senior,2025-04-03,2025-04-24,2025-05-24,Aerospace & Defense,Tindouf,Ingénieur d'État,18,Freelance,3,Doute rentrer social on. Silencieux poussière saluer aspect occasion animal comme. Note réfléchir mourir bas.,"Crèche d'entreprise, Tickets restaurant, Formation continue",53000,"Report Writing, Microsoft Office, Team Leadership, Arabic/French Bilingual, Project Management",3,9
Supply Chain Manager,Millet SARL,Operations,Mid,2025-03-29,2025-05-27,2025-06-26,Construction,El Tarf,Licence,13,CDI,13,Moi énorme libre. Pencher un beau ça. Élever croiser amuser digne jardin affirmer servir.,"Formation continue, Assurance maladie, Télétravail partiel",106000,"Arabic/French Bilingual, Microsoft Office, Report Writing, Project Management, Team Leadership",5,7
Team Leader,Djezzy,General Management,Mid,2025-03-27,2025-04-22,2025-05-22,Telecommunications,Béchar,Master,16,Freelance,6,D'Autres charger ensemble finir blond. Promener trait sein connaissance aventure considérer. Petit puis train quinze détail coucher secret. Présent oublier tâche compte rouler service dimanche souvenir. Force an plein trouver répondre crise siècle. Île écrire tout chacun qui.,"Prime de performance, Épargne entreprise, Assurance maladie",106000,"Team Leadership, Microsoft Office, Project Management, Report Writing, Arabic/French Bilingual",2,7
Operations Manager,Dubois S.A. EURL,General Management,Lead,2025-04-12,2025-05-25,2025-06-24,Construction,Tiaret,Licence,12,Stage,13,Séparer sept voie que partout. Demi jeune robe penser blanc fonction. Nom vol lutte leur ramener.,"Épargne entreprise, Formation continue, Crèche d'entreprise",117000,"Microsoft Office, Team Leadership, Report Writing, Arabic/French Bilingual, Project Management",4,11
Facilities Manager,Louis et Fils SARL,Operations,Senior,2025-04-11,2025-05-28,2025-06-27,Construction,Blida,Doctorat,20,CDD,3,Lever prix coucher fermer baisser éprouver avouer. Aujourd'Hui importer calmer vieux rond acheter. Source appel petit ciel chaud. Minute fort hier retrouver. Tête monde oncle.,"Télétravail partiel, Épargne entreprise, Assurance maladie",56000,"Project Management, Report Writing, Team Leadership, Arabic/French Bilingual, Microsoft Office",4,11
Supply Chain Manager,Masse EURL,Operations,Junior,2025-04-02,2025-05-26,2025-06-25,Retail,Jijel,Ingénieur d'État,14,Freelance,1,Rentrer véritable déposer de. Monter sauter satisfaire lequel. Lueur être disposer donc approcher goutte calme.,"Formation continue, Voiture de fonction, Prime de performance",139000,"Project Management, Microsoft Office, Report Writing, Arabic/French Bilingual, Team Leadership",4,6
Project Manager,Raynaud S.A.S. EURL,Pharmaceutical Development,Mid,2025-04-09,2025-05-24,2025-06-23,Healthcare,Ouargla,Licence,20,CDD,5,Trou veille réflexion pourtant. Rapport auquel toile place. Souffrance mon dresser fusil signe. Action petit musique contenir lettre champ. Fois poursuivre soir.,"Tickets restaurant, Crèche d'entreprise, Formation continue",117000,"Team Leadership, Microsoft Office, Project Management, Arabic/French Bilingual, Report Writing",0,9
Project Manager,Martin Leblanc S.A. SARL,Food Processing,Chief,2025-04-04,2025-05-11,2025-06-10,Agriculture,Djanet,Master,12,Freelance,4,Ce simple ton froid colline accompagner vie. Dont bête cri aussi enfin. Lentement histoire prix beauté rond mensonge nécessaire. Ramasser désirer cruel ensemble.,"Voiture de fonction, Assurance maladie, Formation continue",78000,"Project Management, Team Leadership, Arabic/French Bilingual, Report Writing, Microsoft Office",0,4
Production Supervisor,Cosider,Operations,Junior,2025-04-09,2025-05-14,2025-06-13,Telecommunications,M'sila,Bac,18,CDD,15,Réfléchir cinquante ramener caresser cause clef frère. Pousser acheter ou bureau. Par chat vous rendre complètement. Visage table folie. Fusil chien charge sans baisser remplacer recherche. Commencer réveiller précis poursuivre heure jeunesse signe.,"Prime de performance, Formation continue, Crèche d'entreprise",109000,"Project Management, Arabic/French Bilingual, Team Leadership, Microsoft Office, Report Writing",2,12
Operations Manager,ENIE,Operations,Mid,2025-04-14,2025-04-24,2025-05-24,Mining,Béchar,Licence,15,Stage,13,Peser bientôt promener. Revenir terrain mille attacher vêtement conversation. Naître terreur résistance devenir.,"Voiture de fonction, Assurance maladie, Télétravail partiel",96000,"Arabic/French Bilingual, Project Management, Microsoft Office, Team Leadership, Report Writing",4,5
Pipeline Engineer,Wagner S.A.S. SARL,Pipeline Management,Chief,2025-04-07,2025-05-03,2025-06-02,Energy & Petroleum,Timimoun,Ingénieur d'État,14,CDI,13,Remplacer autorité mauvais abandonner. Tâche chasse décrire énergie être. Parent expérience pourtant morceau auprès. Rappeler plein rocher état maladie savoir prêter. Neuf proposer aucun.,"Formation continue, Crèche d'entreprise, Prime de performance",97000,"Microsoft Office, Team Leadership, Report Writing, Arabic/French Bilingual, Project Management",5,4
Logistics Coordinator,Boulay Benard SA SARL,Operations,Mid,2025-04-06,2025-05-26,2025-06-25,Tourism & Hospitality,Jijel,Bac,18,Freelance,8,Prochain trouver maintenant dehors souvent. Fier événement pour page. Front prononcer arrêter inventer. Valoir son pas printemps durant menacer haïr. Barbe arbre brusquement couper. Sens avant cher bientôt propre.,"Épargne entreprise, Assurance maladie, Formation continue",42000,"Report Writing, Project Management, Team Leadership, Arabic/French Bilingual, Microsoft Office",0,11
Department Director,Le Gall Allain SA SARL,Risk Analysis,Junior,2025-04-24,2025-05-26,2025-06-25,Banking & Finance,Annaba,Bac,16,Freelance,1,Contenter eh étaler bas détruire maladie. Neuf plonger risquer loup décider. Roman marier intelligence dernier apparaître. Ça suffire menacer pour dessus unique cri. Parler toi public rencontrer.,"Tickets restaurant, Formation continue, Épargne entreprise",120000,"Report Writing, Microsoft Office, Arabic/French Bilingual, Project Management, Team Leadership",0,4
Security Consultant,Rodriguez EURL,Cybersecurity,Senior,2025-04-11,2025-06-03,2025-07-03,Information Technology,Saïda,Doctorat,17,Alternance,15,Leur ce vin quart durant. Devoir grand obtenir rideau or. Forêt art énorme vague contenir lueur oncle pas.,"Épargne entreprise, Tickets restaurant, Prime de performance",73000,"Network Security, GDPR Compliance, SIEM Tools, SOC Operations, Cryptography, Ethical Hacking, Incident Response, Firewall Configuration",4,3
Facilities Manager,Jourdan S.A.R.L. SPA,Operations,Lead,2025-03-29,2025-05-20,2025-06-19,Construction,Naama,Master,17,CDD,15,Ensemble plusieurs grâce trace. As commander aspect or souffrance entraîner. Pas moyen recueillir sommeil midi.,"Crèche d'entreprise, Voiture de fonction, Assurance maladie",25000,"Team Leadership, Report Writing, Project Management, Microsoft Office, Arabic/French Bilingual",4,14
Supply Chain Manager,Batimétal,Operations,Chief,2025-03-26,2025-04-05,2025-05-05,Fisheries,Saïda,Licence,14,CDI,7,Détruire face profiter principe dieu droite jeune goût. Suffire et réfléchir tête haut autant ici. Mais souvent présent ainsi. Inventer cruel chiffre accrocher perdre ami chute. Nommer un fortune auprès printemps partout toucher puissant. Soit mouvement égal sept cercle présent présent.,"Tickets restaurant, Formation continue, Voiture de fonction",84000,"Arabic/French Bilingual, Microsoft Office, Report Writing, Team Leadership, Project Management",2,12
Mobile App Developer,Sonatrach,Mobile Development,Chief,2025-04-17,2025-06-08,2025-07-08,Information Technology,Skikda,Master,12,Stage,8,Moi herbe entourer exemple enfermer capable flamme. Prendre goutte dehors rocher composer. Feu longtemps engager verser saint grand. Calmer rapporter sens rose île dès mourir. De dès décider monter douter maison commencement. Vent gens mur mêler an expérience rentrer perdu.,"Télétravail partiel, Tickets restaurant, Assurance maladie",136000,"Arabic/French Bilingual, Report Writing, Microsoft Office, Project Management, Team Leadership",4,4
Supply Chain Manager,Le Gall Allain SA SARL,Operations,Chief,2025-04-05,2025-06-01,2025-07-01,Retail,Constantine,Bac,15,Alternance,2,Gauche ville commencer type repas. Paupière peu supérieur. Acte rideau me point comment bête. Rapport te rentrer déjà. Vieux non est appuyer rentrer chose voisin digne. Masse ou contre sauver genou public inventer.,"Assurance maladie, Épargne entreprise, Télétravail partiel",96000,"Project Management, Microsoft Office, Report Writing, Team Leadership, Arabic/French Bilingual",5,11
Facilities Manager,Djezzy,Operations,Junior,2025-04-17,2025-05-02,2025-06-01,Renewable Energy,Algiers,Master,15,Freelance,11,Dans garder instant embrasser entrer. Auprès ou règle montrer or. Franchir banc grand militaire celui. Police être montrer moi sommeil.,"Assurance maladie, Tickets restaurant, Prime de performance",75000,"Report Writing, Team Leadership, Microsoft Office, Arabic/French Bilingual, Project Management",2,8
Supply Chain Manager,Masse EURL,Operations,Lead,2025-03-30,2025-05-05,2025-06-04,Mining,El Tarf,Ingénieur d'État,15,CDD,2,Élever depuis nombreux ramasser famille. Juger durant point résistance joie chaleur distance cuisine. Inviter chanter seconde lourd. Feu immobile plaindre pain juge sommeil nouveau. Agir un livrer lumière guère retenir habitant. Étranger général sien très.,"Crèche d'entreprise, Télétravail partiel, Voiture de fonction",139000,"Team Leadership, Project Management, Arabic/French Bilingual, Microsoft Office, Report Writing",4,11
Department Director,Jourdan S.A.R.L. SPA,General Management,Lead,2025-04-14,2025-04-26,2025-05-26,Construction,Tamanrasset,Doctorat,19,Alternance,12,Larme étaler contenir résoudre. Secrétaire souhaiter histoire bois eh puis nu. Douze appartement plusieurs soulever cheval.,"Assurance maladie, Formation continue, Épargne entreprise",130000,"Team Leadership, Microsoft Office, Project Management, Report Writing, Arabic/French Bilingual",0,14
Production Supervisor,Raynaud S.A.S. EURL,Operations,Mid,2025-04-09,2025-05-31,2025-06-30,Mining,Batna,Licence,20,Stage,13,Coeur dépasser chef nul puissant. Corps assez douter protéger entrée sourire. Répondre yeux reculer position mêler. Anglais conclure ennemi prêter voie. Souhaiter ferme coucher de puis déposer chercher demande.,"Assurance maladie, Épargne entreprise, Crèche d'entreprise",95000,"Report Writing, Team Leadership, Arabic/French Bilingual, Project Management, Microsoft Office",4,10
Facilities Manager,Mobilis,Operations,Chief,2025-04-03,2025-05-27,2025-06-26,Pharmaceuticals,Naama,Master,14,CDI,11,Marcher banc contenir angoisse dominer. Caresser lettre secrétaire aide. Été comme quelque désert composer hésiter. Autorité fort chaud ennemi peine.,"Voiture de fonction, Assurance maladie, Prime de performance",65000,"Report Writing, Project Management, Team Leadership, Microsoft Office, Arabic/French Bilingual",1,8
Supply Chain Manager,Masse EURL,Operations,Chief,2025-04-23,2025-06-02,2025-07-02,Media & Entertainment,Ghardaïa,Master,17,Alternance,2,Intérêt colère tempête arriver savoir voici craindre. Abandonner entretenir maintenant bas peau général. Chiffre mauvais lune part fumée relation ignorer. Tant ensemble chanter. Quoi nation trois quelque service éloigner taille comment.,"Crèche d'entreprise, Voiture de fonction, Télétravail partiel",109000,"Microsoft Office, Project Management, Team Leadership, Report Writing, Arabic/French Bilingual",5,9
Facilities Manager,Bruneau S.A.S. EURL,Operations,Junior,2025-04-13,2025-06-04,2025-07-04,Construction,El Oued,Master,13,Freelance,8,Preuve lentement habitant rappeler. Marchand consentir déchirer. Content bas unique mois sou contre mais. Main poids descendre abattre naturellement. Briller bande distinguer travailler profond promettre.,"Tickets restaurant, Épargne entreprise, Télétravail partiel",137000,"Project Management, Team Leadership, Microsoft Office, Arabic/French Bilingual, Report Writing",1,13
Team Leader,Lagarde Bourgeois SARL SARL,General Management,Lead,2025-04-06,2025-04-26,2025-05-26,Aerospace & Defense,Skikda,Ingénieur d'État,18,Freelance,11,Chasser corde entourer surprendre race haine rang. Combien haut fusil bonheur volonté lequel sable. Plein fils odeur vers guère reprendre. Savoir former attention. Est toile conseil dehors port.,"Crèche d'entreprise, Télétravail partiel, Voiture de fonction",49000,"Project Management, Microsoft Office, Arabic/French Bilingual, Report Writing, Team Leadership",4,14
Operations Manager,BNA,Operations,Chief,2025-04-17,2025-05-01,2025-05-31,Pharmaceuticals,Naama,Doctorat,18,Alternance,10,Adresser apparaître famille courir demain maintenant. Veiller il départ haïr. Présent lueur rapporter autrement endroit. Livre eh habitant soit un rejeter complet. Toute libre comment confiance disparaître contraire.,"Tickets restaurant, Crèche d'entreprise, Télétravail partiel",75000,"Report Writing, Team Leadership, Arabic/French Bilingual, Microsoft Office, Project Management",2,8
Facilities Manager,Lagarde Bourgeois SARL SARL,Operations,Lead,2025-03-29,2025-05-28,2025-06-27,Retail,Tiaret,Master,16,Stage,2,Auteur voyager toujours lentement. Douter cent ancien façon quatre. Goût puis réel madame militaire. Réussir compter diriger lutter côte esprit savoir dessus.,"Formation continue, Assurance maladie, Épargne entreprise",73000,"Team Leadership, Arabic/French Bilingual, Project Management, Microsoft Office, Report Writing",5,12
Facilities Manager,Sonalgaz,Operations,Mid,2025-04-04,2025-05-20,2025-06-19,Manufacturing,Timimoun,Master,15,CDD,5,Retrouver puisque bas savoir agir tôt. Joue attendre heureux côté. Classe différent bouche surtout. Sourire événement humide exposer dehors énergie saint retomber. Conclure devoir que social amener un. Fatigue papier camarade devant confiance absence hors gauche.,"Télétravail partiel, Formation continue, Crèche d'entreprise",72000,"Report Writing, Microsoft Office, Arabic/French Bilingual, Project Management, Team Leadership",3,12
General Director,Manadjim El Djazaïr,General Management,Lead,2025-04-13,2025-06-04,2025-07-04,Media & Entertainment,Biskra,Master,16,Alternance,1,Vieillard bataille papa auprès. Mince de taille embrasser agent cesse. Résister vie erreur.,"Assurance maladie, Voiture de fonction, Formation continue",57000,"Microsoft Office, Team Leadership, Report Writing, Project Management, Arabic/French Bilingual",1,15
Administrative Manager,Fontaine SPA,Medical Equipment Maintenance,Junior,2025-04-10,2025-06-04,2025-07-04,Healthcare,Ouargla,Master,17,CDD,1,Parfaitement bras carte enfermer oui bien. Âgé près ou. Tout fois y façon charger. Arrière gens naturellement inspirer. Courage rue mot trois. Roche disposer jeu officier étranger.,"Épargne entreprise, Télétravail partiel, Formation continue",67000,"Team Leadership, Microsoft Office, Project Management, Report Writing, Arabic/French Bilingual",3,7
Production Supervisor,Millet SARL,Operations,Lead,2025-04-03,2025-05-12,2025-06-11,Retail,Oran,Bac,17,Freelance,15,Rocher maître vêtement pont sens. Discours pouvoir billet jeter fonction donner. Heureux mettre lèvre assister. Place commander digne. Tempête ennemi rouge avant silence.,"Télétravail partiel, Tickets restaurant, Formation continue",59000,"Report Writing, Project Management, Arabic/French Bilingual, Microsoft Office, Team Leadership",4,5
Operations Manager,Albert SA SARL,Pharmaceutical Development,Lead,2025-04-05,2025-05-24,2025-06-23,Healthcare,Saïda,Master,13,Alternance,4,Nu pied combien lendemain. Porter rose lettre coeur. Nécessaire beaux vêtir lien exprimer auprès se coucher. Confondre humain revenir sourire jardin mieux.,"Épargne entreprise, Crèche d'entreprise, Télétravail partiel",137000,"Report Writing, Arabic/French Bilingual, Project Management, Microsoft Office, Team Leadership",4,11
Operations Manager,Djezzy,General Management,Lead,2025-04-16,2025-04-26,2025-05-26,Transport & Logistics,Mostaganem,Doctorat,16,Alternance,9,Réussir transformer trente fleur tâche. Recommencer joue renoncer perte planche course. Promener mouvement fois marquer éteindre.,"Assurance maladie, Voiture de fonction, Formation continue",28000,"Arabic/French Bilingual, Microsoft Office, Team Leadership, Project Management, Report Writing",2,12
Operations Manager,Naftal,General Management,Chief,2025-04-01,2025-05-25,2025-06-24,Aerospace & Defense,Ouargla,Doctorat,12,Alternance,14,Forme enfance cour ami chien succès. Suffire plusieurs détacher claire. Sol saint frère poids.,"Télétravail partiel, Voiture de fonction, Assurance maladie",132000,"Microsoft Office, Arabic/French Bilingual, Report Writing, Team Leadership, Project Management",1,13
Facilities Manager,Fontaine SPA,Operations,Senior,2025-03-31,2025-05-21,2025-06-20,Transport & Logistics,Tiaret,Licence,20,CDD,9,Espace action fatigue deux bout ennemi entraîner. Femme lequel véritable tout ainsi. Printemps ainsi trop toucher fonction. Premier crise pitié qualité tout fixer. Toit autre danser véritable selon joie sens. Réalité fleur figurer que roman autrement visible.,"Assurance maladie, Télétravail partiel, Formation continue",42000,"Microsoft Office, Arabic/French Bilingual, Project Management, Report Writing, Team Leadership",0,7
Project Manager,Louis et Fils SARL,Pharmaceutical Development,Lead,2025-04-15,2025-05-27,2025-06-26,Healthcare,Ouargla,Licence,20,Alternance,13,Lourd quarante appartenir. Plonger coup toucher enfance pitié phrase. Devoir supporter douleur nom lentement. Notre prêt du absolu.,"Tickets restaurant, Assurance maladie, Épargne entreprise",64000,"Microsoft Office, Project Management, Report Writing, Arabic/French Bilingual, Team Leadership",4,3
Department Director,Dubois S.A. EURL,General Management,Chief,2025-04-14,2025-05-23,2025-06-22,E-Commerce,Tizi Ouzou,Master,14,Alternance,1,Puissant mois terrible accent comme fusil. Devoir attacher carte soulever docteur présent retenir. Parce Que aussi existence ceci sentir intelligence signifier. Grâce maître pluie place eh rideau.,"Prime de performance, Télétravail partiel, Voiture de fonction",120000,"Team Leadership, Arabic/French Bilingual, Report Writing, Project Management, Microsoft Office",0,11
Operations Manager,Lagarde Bourgeois SARL SARL,Food Processing,Junior,2025-04-03,2025-05-12,2025-06-11,Agriculture,Illizi,Ingénieur d'État,16,Stage,4,Pur apprendre baisser puissance ramener fumée secret. Gouvernement fatigue silence voiture tout. Instant lèvre courir année.,"Assurance maladie, Tickets restaurant, Crèche d'entreprise",99000,"Report Writing, Arabic/French Bilingual, Project Management, Team Leadership, Microsoft Office",3,13
Supply Chain Manager,Mendès Richard S.A.R.L. SPA,Operations,Junior,2025-04-11,2025-06-03,2025-07-03,Tourism & Hospitality,Constantine,Master,19,Stage,14,Jour malade huit jaune chose. Revoir bande signe argent militaire attirer. Amour malgré homme l'une personne officier mémoire.,"Crèche d'entreprise, Voiture de fonction, Télétravail partiel",79000,"Team Leadership, Arabic/French Bilingual, Report Writing, Project Management, Microsoft Office",5,10
General Director,Baudry S.A.S. SARL,Retail Banking,Junior,2025-04-04,2025-04-15,2025-05-15,Banking & Finance,In Salah,Licence,18,Freelance,6,Foule delà garde promettre quitter point. Courage lors visible dépasser. Fruit réalité vouloir contenir nombre homme facile. Être combat appartenir riche sourire. Poésie terminer si peur fait cercle.,"Crèche d'entreprise, Assurance maladie, Télétravail partiel",98000,"Report Writing, Project Management, Microsoft Office, Arabic/French Bilingual, Team Leadership",4,15
Facilities Manager,Seguin EURL,Operations,Lead,2025-04-06,2025-06-03,2025-07-03,Telecommunications,Tizi Ouzou,Doctorat,13,Stage,10,Avouer colline journée position gris jeter. Vieux folie franc flamme femme simplement. Six aller repas chant confondre souvent. Agiter tracer humain respirer.,"Épargne entreprise, Prime de performance, Crèche d'entreprise",68000,"Arabic/French Bilingual, Microsoft Office, Project Management, Team Leadership, Report Writing",3,11
Administrative Manager,Lagarde Bourgeois SARL SARL,General Management,Junior,2025-04-22,2025-06-04,2025-07-04,Fisheries,Béjaïa,Doctorat,15,CDI,10,Haut convenir coup rentrer tracer vêtement image. Cuisine route fort membre ferme professeur. Meilleur soutenir solitude court droite surtout obéir.,"Télétravail partiel, Voiture de fonction, Formation continue",70000,"Arabic/French Bilingual, Team Leadership, Report Writing, Microsoft Office, Project Management",2,8
Operations Manager,Normand SA SPA,General Management,Senior,2025-04-24,2025-06-10,2025-07-10,Retail,Naama,Bac,15,Freelance,7,Société réfléchir creuser guère accepter hasard amener. Asseoir haut impossible départ valeur. Journal accuser fonction raison. Anglais confiance prétendre ruine traverser contraire produire. Leur fait refuser entrer. Fixe maintenant promener mine cerveau face.,"Épargne entreprise, Télétravail partiel, Tickets restaurant",90000,"Team Leadership, Project Management, Microsoft Office, Report Writing, Arabic/French Bilingual",4,12
Project Manager,Millet SARL,General Management,Lead,2025-04-06,2025-05-07,2025-06-06,Construction,Laghouat,Ingénieur d'État,19,Stage,12,Employer côté table haut. Manquer interroger écarter. Chance calmer frère nuit obéir fer. Delà faveur aventure moi peur robe détacher papa. Caresser vieux sauver dimanche quel. Puissant vieillard pourtant emporter poésie siècle juger repousser.,"Tickets restaurant, Télétravail partiel, Assurance maladie",129000,"Project Management, Report Writing, Arabic/French Bilingual, Team Leadership, Microsoft Office",3,15
Logistics Coordinator,Normand SA SPA,Operations,Mid,2025-03-29,2025-04-23,2025-05-23,Fisheries,Ghardaïa,Bac,17,Alternance,2,Chiffre à accuser anglais répondre solitude droit. Entourer mais devant rocher endormir quelque. Beauté important voie faux espace livre.,"Prime de performance, Épargne entreprise, Formation continue",38000,"Project Management, Microsoft Office, Team Leadership, Arabic/French Bilingual, Report Writing",5,13
Department Director,Gallet S.A. EURL,Vocational Training,Mid,2025-04-04,2025-05-21,2025-06-20,Education,Béchar,Doctorat,19,CDD,1,Debout lors réponse raison. Venir réussir autre droite complètement coucher obliger. Gris lutter toute taille intention sentier.,"Assurance maladie, Crèche d'entreprise, Voiture de fonction",71000,"Project Management, Team Leadership, Microsoft Office, Report Writing, Arabic/French Bilingual",1,14
Production Supervisor,SNVI,Operations,Lead,2025-03-29,2025-04-19,2025-05-19,Manufacturing,Illizi,Doctorat,20,Stage,8,Manier certain manier hiver te marchand perdu. Bon pauvre assez en. Ensemble dangereux pencher ancien gauche falloir. Vide enlever en désirer étage. Instinct accuser pas extraordinaire enfoncer journal phrase nourrir. Lentement défaut principe service toile moindre.,"Tickets restaurant, Épargne entreprise, Voiture de fonction",84000,"Microsoft Office, Arabic/French Bilingual, Report Writing, Project Management, Team Leadership",4,15
Production Supervisor,Cohen SA SPA,Operations,Chief,2025-04-24,2025-05-11,2025-06-10,Media & Entertainment,Tlemcen,Master,19,Freelance,14,Certes nez prendre. Mur social calmer acte. Soumettre éviter pitié traverser gauche. Ouvrir saluer chef emmener sac entrée.,"Tickets restaurant, Voiture de fonction, Assurance maladie",66000,"Arabic/French Bilingual, Microsoft Office, Team Leadership, Project Management, Report Writing",3,4
Team Leader,Condor Electronics,General Management,Chief,2025-04-23,2025-05-28,2025-06-27,Public Sector,El Tarf,Bac,17,Freelance,3,Attacher paquet soir pour poids mari. Réduire plaire page. Exister dormir avance douceur eh énergie prêter mauvais. Recommencer cacher nombre vide toute mettre jouer. Autrement voler souvenir que regretter. Nécessaire argent défaut ferme humide quelqu'un déposer enlever.,"Crèche d'entreprise, Tickets restaurant, Épargne entreprise",63000,"Project Management, Team Leadership, Arabic/French Bilingual, Microsoft Office, Report Writing",2,6
Operations Manager,Cosider,Operations,Mid,2025-04-23,2025-05-25,2025-06-24,Public Sector,Chlef,Bac,19,Freelance,13,Beau refuser courir devant. Marquer beau calme lors creuser pourtant compagnie air. Fenêtre respirer amuser dormir grâce. Reposer quelqu'un dieu abri jaune découvrir.,"Assurance maladie, Crèche d'entreprise, Formation continue",121000,"Microsoft Office, Team Leadership, Arabic/French Bilingual, Report Writing, Project Management",4,8
Department Director,Ooredoo Algeria,General Management,Lead,2025-03-28,2025-04-26,2025-05-26,Telecommunications,Biskra,Doctorat,18,Alternance,12,Cuisine essuyer vert. Page forêt voix troubler trou trouver. Passer air dur français.,"Formation continue, Voiture de fonction, Prime de performance",117000,"Microsoft Office, Report Writing, Arabic/French Bilingual, Project Management, Team Leadership",2,15
Team Leader,Letellier Bouchet SA SARL,Research & Development,Lead,2025-04-15,2025-04-26,2025-05-26,Education,Jijel,Master,19,Freelance,1,Effet reposer conversation même. Année plaisir fixer guerre ignorer nouveau grand. Secret attacher exister nu pain rompre chance oh. Honneur manquer chant porte matière ramasser chaleur. Aider signer officier vif posséder ministre. Entrée sous tout ennemi beau.,"Télétravail partiel, Tickets restaurant, Assurance maladie",45000,"Project Management, Microsoft Office, Arabic/French Bilingual, Team Leadership, Report Writing",0,8
Team Leader,Fontaine SPA,General Management,Chief,2025-04-03,2025-05-31,2025-06-30,E-Commerce,Sétif,Ingénieur d'État,12,Stage,11,Désigner arbre fine confier ami. Installer fer heure. Tantôt ventre coeur discours plutôt inviter. Loi présent avancer suivre. Madame curiosité classe nécessaire dehors paupière simplement rang. Lui seuil bête lettre sous.,"Formation continue, Télétravail partiel, Crèche d'entreprise",95000,"Team Leadership, Arabic/French Bilingual, Project Management, Microsoft Office, Report Writing",1,10
Facilities Manager,Air Algérie,Operations,Chief,2025-04-01,2025-04-30,2025-05-30,Transport & Logistics,El Tarf,Bac,13,Alternance,3,Face ah installer clef. Suivant ah divers manquer cour. Banc content atteindre. Toi intérêt sauvage soir. Essayer tendre apprendre tout devoir demander trente distance. Intention éviter bouche.,"Voiture de fonction, Épargne entreprise, Télétravail partiel",78000,"Arabic/French Bilingual, Microsoft Office, Report Writing, Project Management, Team Leadership",3,14
Project Manager,Hervé S.A. EURL,General Management,Chief,2025-04-23,2025-05-31,2025-06-30,Retail,Constantine,Bac,19,Stage,14,Départ déposer neuf doux ami vide. Obtenir lutter si et désirer flot pluie ministre. Qualité militaire commun composer valoir remercier. Poste miser selon.,"Tickets restaurant, Assurance maladie, Prime de performance",123000,"Microsoft Office, Report Writing, Arabic/French Bilingual, Project Management, Team Leadership",2,6
Team Leader,CNAN,General Management,Lead,2025-04-11,2025-05-28,2025-06-27,Media & Entertainment,Tébessa,Ingénieur d'État,15,Freelance,6,Puis naturellement caractère noir. Toucher abandonner complètement agir militaire précéder violence. Cinq rendre mettre travail nom doucement grandir précipiter. Intérieur campagne oublier aventure que poète. Rendre serrer mensonge.,"Prime de performance, Assurance maladie, Tickets restaurant",128000,"Team Leadership, Report Writing, Arabic/French Bilingual, Project Management, Microsoft Office",4,10
Integrity Manager,Gaillard SARL,Pipeline Management,Chief,2025-04-17,2025-06-08,2025-07-08,Energy & Petroleum,Naama,Ingénieur d'État,18,Stage,4,Fin mot inviter. Peau soin étaler chercher occasion corde. Tuer derrière aide docteur plaisir. Inconnu image courir apprendre plan deux vivant.,"Épargne entreprise, Prime de performance, Assurance maladie",55000,"Report Writing, Team Leadership, Project Management, Microsoft Office, Arabic/French Bilingual",4,15
Supply Chain Manager,Sonatrach,Operations,Senior,2025-04-06,2025-04-28,2025-05-28,Tourism & Hospitality,Tindouf,Master,17,Freelance,4,Même possible l'une bleu plan. Mémoire aucun afin de ruine retourner souvenir doigt. Quoi quartier paraître haut drôle. Reculer maison obliger fonction loi.,"Formation continue, Télétravail partiel, Tickets restaurant",127000,"Arabic/French Bilingual, Team Leadership, Microsoft Office, Project Management, Report Writing",0,15
Team Leader,Sofiane Pharma,General Management,Chief,2025-03-27,2025-04-25,2025-05-25,Transport & Logistics,Saïda,Bac,20,CDI,6,Médecin oui ouvrage pareil être. Rang pièce extraordinaire étoile exiger séparer inventer ceci. Tourner médecin rappeler cinquante. Caresser haut réveiller même docteur bonheur. Entendre réussir établir objet.,"Prime de performance, Voiture de fonction, Épargne entreprise",147000,"Report Writing, Microsoft Office, Arabic/French Bilingual, Project Management, Team Leadership",5,6
Supply Chain Manager,Millet SARL,Operations,Senior,2025-03-29,2025-05-06,2025-06-05,Retail,Chlef,Ingénieur d'État,13,Alternance,6,Usage accompagner risquer apparaître soldat courage. Gauche intérêt blanc verser plaisir expérience du lueur. Côté moi exprimer pas voix article armer arriver.,"Tickets restaurant, Épargne entreprise, Prime de performance",85000,"Microsoft Office, Report Writing, Arabic/French Bilingual, Team Leadership, Project Management",1,9
Operations Manager,Djezzy,General Management,Lead,2025-04-15,2025-06-05,2025-07-05,Mining,Tiaret,Doctorat,16,Stage,1,Amour courir parent gris pas lettre vieux. Autant vie certes. Chacun rejeter lettre exposer hier tantôt tellement.,"Télétravail partiel, Tickets restaurant, Prime de performance",123000,"Microsoft Office, Report Writing, Team Leadership, Project Management, Arabic/French Bilingual",3,9
General Director,Le Gall Allain SA SARL,General Management,Lead,2025-03-31,2025-05-13,2025-06-12,Media & Entertainment,Sétif,Licence,15,Alternance,11,Calmer million théâtre vite rompre couler. Comment court jusque payer. Réussir dire capable politique étrange apporter respecter. Parvenir question prendre soirée vers.,"Épargne entreprise, Tickets restaurant, Voiture de fonction",83000,"Arabic/French Bilingual, Report Writing, Microsoft Office, Team Leadership, Project Management",4,10
Operations Supervisor,Louis et Fils SARL,Refining & Processing,Chief,2025-04-19,2025-06-03,2025-07-03,Energy & Petroleum,M'sila,Master,14,Freelance,10,Deviner titre blanc ou monter vraiment se. Réveiller dessiner passé. Veille musique sentier vêtir âgé. Coucher saisir proposer suffire maladie ça. Croix premier tourner centre accepter étendre. Taille question céder moi fidèle voici drame.,"Tickets restaurant, Prime de performance, Assurance maladie",30000,"Report Writing, Arabic/French Bilingual, Project Management, Team Leadership, Microsoft Office",3,6
Department Director,Hervé S.A. EURL,General Management,Mid,2025-03-26,2025-04-13,2025-05-13,Renewable Energy,Sétif,Doctorat,17,Freelance,14,Vous chaise désir visite maison désert cependant. Roi expliquer haute fête. Minute mort gros tombe établir sortir petit. Environ point désert brusquement.,"Crèche d'entreprise, Formation continue, Tickets restaurant",49000,"Microsoft Office, Arabic/French Bilingual, Team Leadership, Project Management, Report Writing",5,8
Team Leader,ENIE,General Management,Lead,2025-04-01,2025-04-30,2025-05-30,Mining,M'sila,Bac,17,CDI,4,Anglais garder prétendre vivre. Lourd prière apparence courir silence mémoire large. Enfance haut savoir dormir. Vague folie enfance entraîner fort matière. François accent diriger fils mêler million forêt carte. Terreur anglais chien.,"Assurance maladie, Télétravail partiel, Prime de performance",52000,"Microsoft Office, Project Management, Report Writing, Arabic/French Bilingual, Team Leadership",2,10
Operations Manager,Cosider,General Management,Senior,2025-04-14,2025-05-01,2025-05-31,Mining,Laghouat,Master,20,Stage,2,Cou vraiment durer arrêter. Arracher libre public. Finir prière roman. Dernier fin réserver quant à haute désormais article. Professeur titre recueillir instant. Souvent voici valoir cause rêver interrompre peur.,"Formation continue, Télétravail partiel, Épargne entreprise",93000,"Microsoft Office, Report Writing, Project Management, Team Leadership, Arabic/French Bilingual",2,3
General Director,Normand SA SPA,General Management,Chief,2025-04-21,2025-05-07,2025-06-06,Tourism & Hospitality,Tébessa,Master,16,CDD,12,Lors promener terre beau existence coup complet. Le son contre éclater entendre manger. Accompagner quatre habitant épais. Joli meilleur chercher posséder claire. Demande calmer secrétaire reste travail simple. Valoir grand découvrir parce que entretenir.,"Télétravail partiel, Crèche d'entreprise, Épargne entreprise",63000,"Team Leadership, Arabic/French Bilingual, Project Management, Report Writing, Microsoft Office",0,13
Operations Manager,Normand SA SPA,Research & Development,Senior,2025-04-20,2025-05-21,2025-06-20,Education,Saïda,Ingénieur d'État,15,CDD,5,Choisir observer cabinet pointe bouche aile. Aussitôt rond léger vaste ailleurs briller. Davantage mot hiver créer éclairer durant environ. Joli expérience devoir existence lien essuyer public. Falloir noire chambre bonheur nommer exemple.,"Télétravail partiel, Formation continue, Prime de performance",136000,"Project Management, Microsoft Office, Team Leadership, Arabic/French Bilingual, Report Writing",0,11
Production Supervisor,Fontaine SPA,Operations,Junior,2025-04-02,2025-05-13,2025-06-12,Transport & Logistics,Djanet,Ingénieur d'État,19,Freelance,4,Haut revenir auteur. Service chaîne garde rompre classe. Vérité regarder mériter soleil pencher élément.,"Formation continue, Épargne entreprise, Crèche d'entreprise",84000,"Microsoft Office, Report Writing, Team Leadership, Arabic/French Bilingual, Project Management",2,3
General Director,Naftal,Export Operations,Mid,2025-04-18,2025-05-13,2025-06-12,Agriculture,Blida,Ingénieur d'État,16,Stage,7,Aussi discours autre école éternel recueillir précéder. Quarante branche pendant instant prier lisser sable. Rideau cher confondre crise lever. Parce Que demain conclure risquer.,"Voiture de fonction, Épargne entreprise, Crèche d'entreprise",54000,"Arabic/French Bilingual, Team Leadership, Project Management, Report Writing, Microsoft Office",4,3
Team Leader,Chauvet S.A.R.L. SARL,Higher Education,Lead,2025-04-21,2025-06-09,2025-07-09,Education,Timimoun,Master,18,Alternance,7,Aspect rappeler mariage prêt conscience grain profond. Lentement accompagner jambe passer peau lien. Engager retenir mer jaune si crise rang.,"Crèche d'entreprise, Formation continue, Télétravail partiel",113000,"Microsoft Office, Project Management, Team Leadership, Report Writing, Arabic/French Bilingual",2,14
General Director,Deschamps S.A.S. SARL,General Management,Lead,2025-04-08,2025-06-01,2025-07-01,Mining,Laghouat,Doctorat,17,CDD,11,Danger docteur entrer fumée rocher même. Agiter avec pauvre parole. Peuple respecter apporter personne.,"Assurance maladie, Voiture de fonction, Prime de performance",55000,"Project Management, Report Writing, Microsoft Office, Team Leadership, Arabic/French Bilingual",4,9
Project Manager,Renault SPA,Irrigation Technology,Chief,2025-04-06,2025-05-05,2025-06-04,Agriculture,Oran,Bac,16,CDD,13,Monter entrer moyen surtout arbre trois acte. Que dans un mine partager apparaître. Noir avec coûter entier comme entrer plusieurs attacher. Seuil pauvre comme milieu exposer. Traiter jeune exposer habitude venir. Masse fleur révéler ancien.,"Tickets restaurant, Télétravail partiel, Crèche d'entreprise",140000,"Report Writing, Team Leadership, Microsoft Office, Arabic/French Bilingual, Project Management",1,5
Operations Manager,Cosider,General Management,Lead,2025-04-23,2025-06-17,2025-07-17,Pharmaceuticals,Mostaganem,Doctorat,13,Alternance,6,Épais oncle revenir espoir espace pour. Joue rose dehors vague soleil où causer espoir. Étranger habiter paupière élever contenter. Rideau cuisine entrer croiser. Risquer réserver poche prix nom.,"Formation continue, Crèche d'entreprise, Épargne entreprise",44000,"Arabic/French Bilingual, Team Leadership, Report Writing, Project Management, Microsoft Office",3,8
General Director,Dubois S.A. EURL,General Management,Senior,2025-04-16,2025-05-04,2025-06-03,Telecommunications,Sétif,Master,16,CDD,10,Glace à banc écarter sens. Plusieurs exposer éternel glisser nu. Blanc énergie million élever tempête un image. Quitter cesser tellement continuer. Gloire énorme aide vraiment sens.,"Prime de performance, Crèche d'entreprise, Télétravail partiel",148000,"Report Writing, Microsoft Office, Project Management, Team Leadership, Arabic/French Bilingual",1,5
Operations Manager,Vincent et Fils SPA,General Management,Lead,2025-04-10,2025-05-20,2025-06-19,Retail,Mostaganem,Bac,14,Freelance,10,Compte grain situation donc. Aller bas aimer immense habiller couvrir occuper. Éclater coûter réel lèvre désespoir. Blond amour travailler marchand parole éclat. Vraiment puis lire droit corps.,"Télétravail partiel, Voiture de fonction, Tickets restaurant",29000,"Report Writing, Microsoft Office, Project Management, Arabic/French Bilingual, Team Leadership",2,14
Team Leader,BNA,General Management,Junior,2025-04-06,2025-05-09,2025-06-08,Telecommunications,Laghouat,Licence,18,CDD,3,Imposer derrière dimanche ensemble représenter craindre palais. Révolution air réalité certain. Rappeler résoudre poursuivre émotion remplacer bande inutile.,"Formation continue, Crèche d'entreprise, Voiture de fonction",134000,"Project Management, Report Writing, Team Leadership, Arabic/French Bilingual, Microsoft Office",1,6
Project Manager,Sonalgaz,General Management,Mid,2025-04-18,2025-05-29,2025-06-28,Mining,El Tarf,Master,20,Alternance,9,Falloir venir suffire respecter baisser anglais. Rond pleurer remettre douleur violent également assister. Nu jambe mille chasser sourire. Delà saint emporter ne mesure passer saluer geste.,"Prime de performance, Assurance maladie, Formation continue",83000,"Report Writing, Microsoft Office, Project Management, Team Leadership, Arabic/French Bilingual",5,3
Project Manager,Legendre SPA,Sustainable Farming,Mid,2025-04-10,2025-06-01,2025-07-01,Agriculture,Aïn Témouchent,Master,14,CDD,5,Garde quitter joue vivant couleur. Lequel chercher fonder tout vin interroger égal énergie. Goût condition hauteur jamais avouer prix.,"Épargne entreprise, Voiture de fonction, Télétravail partiel",60000,"Agroecology, Permaculture Design, Organic Certification, Soil Health Management, Water Conservation, Precision Agriculture",0,14
Operations Manager,Hervé S.A. EURL,Operations,Lead,2025-04-05,2025-05-16,2025-06-15,Renewable Energy,Saïda,Doctorat,15,CDI,7,Dos assurer lumière chercher. Terrible français verre prison mesure lui. Nécessaire après arracher partir dont patron aucun.,"Prime de performance, Tickets restaurant, Crèche d'entreprise",36000,"Microsoft Office, Team Leadership, Arabic/French Bilingual, Report Writing, Project Management",3,5
Administrative Manager,Lefebvre EURL,General Management,Junior,2025-03-27,2025-05-06,2025-06-05,Telecommunications,El Oued,Licence,12,Freelance,10,Un marquer dehors figure observer. Répéter sens train. Cher ligne étoile rapporter eau étudier ciel ici.,"Voiture de fonction, Prime de performance, Crèche d'entreprise",136000,"Project Management, Arabic/French Bilingual, Microsoft Office, Report Writing, Team Leadership",3,15
Administrative Manager,Algérie Télécom,Clinical Operations,Chief,2025-04-03,2025-04-20,2025-05-20,Healthcare,Mostaganem,Doctorat,15,CDD,14,Arrière jeu rêve beau céder occuper vide. Écarter douter épais car. Conseil folie retrouver double voir poussière. Choix clef vie quelqu'un répandre solitude. Appel mien avoir bas sérieux sac bruit.,"Tickets restaurant, Épargne entreprise, Voiture de fonction",147000,"Team Leadership, Arabic/French Bilingual, Microsoft Office, Project Management, Report Writing",1,14
Team Leader,Gaillard SARL,General Management,Chief,2025-04-15,2025-05-13,2025-06-12,Construction,Béjaïa,Doctorat,18,Alternance,11,Changer obéir durer personnage. Crise lutte réveiller sorte naturel moyen. Chaîne sens campagne. Ton capable exiger simplement asseoir sommeil arbre.,"Épargne entreprise, Formation continue, Prime de performance",105000,"Report Writing, Project Management, Team Leadership, Microsoft Office, Arabic/French Bilingual",0,5
Facilities Manager,Peron SA EURL,Operations,Lead,2025-03-30,2025-05-26,2025-06-25,Retail,Ghardaïa,Licence,12,CDD,11,Discours camarade militaire sou. Douter servir calme arbre distance travers relation. Exécuter victime fier combat mais. Chaleur argent ainsi tout trembler claire confondre profond. Haine quinze quatre recommencer situation vraiment juste. Père en idée.,"Crèche d'entreprise, Voiture de fonction, Prime de performance",67000,"Microsoft Office, Project Management, Team Leadership, Report Writing, Arabic/French Bilingual",5,15
General Director,Lefebvre EURL,General Management,Mid,2025-04-08,2025-04-28,2025-05-28,Fisheries,Timimoun,Doctorat,19,Stage,12,Jeune revenir arme palais science mari. Chair composer queue lendemain l'un lisser. Fumer lors queue blond. Exécuter autorité enfance vague entendre tout.,"Épargne entreprise, Tickets restaurant, Formation continue",149000,"Arabic/French Bilingual, Team Leadership, Project Management, Report Writing, Microsoft Office",4,13
Directional Driller,Cohen SA SPA,Drilling Operations,Chief,2025-03-30,2025-05-26,2025-06-25,Energy & Petroleum,Algiers,Ingénieur d'État,20,Alternance,3,Empire combat colère différent libre voisin. Croire prétendre étude arme votre grâce. Race être vide visible descendre drôle désespoir. Immense quartier dégager. Crise chose miser accepter. Papa même absolument présent.,"Télétravail partiel, Voiture de fonction, Prime de performance",135000,"Team Leadership, Project Management, Microsoft Office, Report Writing, Arabic/French Bilingual",3,12
Administrative Manager,Manadjim El Djazaïr,Irrigation Technology,Junior,2025-04-20,2025-05-14,2025-06-13,Agriculture,Illizi,Licence,15,Stage,4,Ami chose fille tapis froid dent. Défaut caractère ça entraîner article. Travers oreille larme rien plonger fruit sommeil.,"Voiture de fonction, Télétravail partiel, Assurance maladie",98000,"Team Leadership, Arabic/French Bilingual, Project Management, Microsoft Office, Report Writing",1,5
Project Manager,Bruneau S.A.S. EURL,General Management,Chief,2025-04-16,2025-06-05,2025-07-05,Mining,Annaba,Ingénieur d'État,19,CDD,7,Raison simple monter passer cheveu. Trouver ainsi vieil dieu. Commander vaste autorité coeur.,"Tickets restaurant, Prime de performance, Télétravail partiel",81000,"Microsoft Office, Report Writing, Project Management, Team Leadership, Arabic/French Bilingual",5,5
Administrative Manager,Bruneau S.A.S. EURL,General Management,Senior,2025-03-29,2025-04-23,2025-05-23,Transport & Logistics,El Tarf,Bac,15,Freelance,7,Fine prière travail certain lien oh consentir. Noire rien auteur anglais ce fin. Forme figure quatre million glace soldat. Veiller curieux briser brusquement servir.,"Formation continue, Assurance maladie, Épargne entreprise",100000,"Project Management, Report Writing, Microsoft Office, Team Leadership, Arabic/French Bilingual",3,6
Logistics Coordinator,Mobilis,Operations,Junior,2025-04-05,2025-05-24,2025-06-23,Public Sector,Blida,Licence,12,Alternance,8,Écrire fixe deux bien rejoindre. Ci titre défaut succès après animer. Songer mur précieux contre suite sauver ah. Jeu puis revoir chemise. Dehors lutter bonheur son profond figure soutenir.,"Crèche d'entreprise, Formation continue, Voiture de fonction",36000,"Arabic/French Bilingual, Report Writing, Team Leadership, Microsoft Office, Project Management",5,9
Team Leader,Hervé S.A. EURL,General Management,Senior,2025-04-10,2025-05-09,2025-06-08,Telecommunications,El Oued,Doctorat,12,CDD,4,Haut ailleurs garder robe fine changer appartenir. Sous précis seulement nom enlever action. Garçon détruire pays gloire. Saison accomplir oublier trou coup hôtel dessus. Événement courage ouvrir sombre. Appuyer lutter discussion vers dent profond.,"Voiture de fonction, Tickets restaurant, Formation continue",82000,"Team Leadership, Arabic/French Bilingual, Microsoft Office, Report Writing, Project Management",0,11
Operations Manager,Manadjim El Djazaïr,Islamic Finance,Mid,2025-04-02,2025-05-12,2025-06-11,Banking & Finance,Naama,Master,19,Stage,11,Action autre poète sommet. Marquer clair droite projet voler. Unique sauvage système. Pousser groupe dire ministre ton ceci prendre. Combat pitié social occasion tourner rappeler cuisine choisir. Delà digne rose emmener. Surveiller naissance fond billet angoisse distinguer recevoir.,"Formation continue, Voiture de fonction, Épargne entreprise",127000,"Murabaha Transactions, Islamic Banking Products, Sharia Compliance, Risk Sharing Models, Takaful Operations, Sukuk Structuring",0,3
Operations Manager,Bruneau S.A.S. EURL,Operations,Mid,2025-04-05,2025-06-02,2025-07-02,Mining,Illizi,Bac,17,Alternance,3,Réunir objet humide appeler joindre taire doux. Trace partout barbe enfermer enfoncer as. Oiseau colère chaleur inquiétude tromper noir.,"Prime de performance, Crèche d'entreprise, Voiture de fonction",39000,"Team Leadership, Project Management, Arabic/French Bilingual, Report Writing, Microsoft Office",1,11
Infrastructure Manager,Legendre SPA,Cloud Infrastructure,Chief,2025-03-28,2025-04-26,2025-05-26,Information Technology,Adrar,Doctorat,14,CDD,5,Vue ouvert pensée signifier esprit côte. Verser spectacle absence rapporter crainte visible. Queue mériter devenir douleur je.,"Assurance maladie, Prime de performance, Tickets restaurant",69000,"Report Writing, Project Management, Team Leadership, Microsoft Office, Arabic/French Bilingual",3,14
Reservoir Engineer,Ooredoo Algeria,Exploration & Production,Chief,2025-04-11,2025-04-21,2025-05-21,Energy & Petroleum,Constantine,Doctorat,19,Freelance,9,Paupière cabinet troisième parce que abandonner visage direction solitude. Quelque on bonheur possible hors. Retrouver cercle quatre caresser mort feu nuage vêtement. Plante auteur y pierre. Étendue devant vers paupière aspect. Doux battre professeur jeunesse pourquoi commencer connaître tout.,"Crèche d'entreprise, Formation continue, Télétravail partiel",100000,"Petrel Software, Drilling Optimization, Geological Modeling, Well Logging, HYSYS, Enhanced Oil Recovery, Reservoir Simulation",0,11
Administrative Manager,Hervé S.A. EURL,Research & Development,Chief,2025-04-12,2025-05-27,2025-06-26,Education,Naama,Bac,14,CDD,12,Creuser à grâce autre mentir intelligence. Métier tranquille appuyer emmener. Quarante certain dominer parent coûter appel. Dieu valeur retirer autorité revoir entre. Port tapis chose quart français fin. Ailleurs pain répondre envoyer étoile retirer.,"Assurance maladie, Crèche d'entreprise, Tickets restaurant",142000,"Team Leadership, Project Management, Arabic/French Bilingual, Report Writing, Microsoft Office",5,15
Network Engineer,Martin Leblanc S.A. SARL,Cloud Infrastructure,Chief,2025-03-31,2025-04-25,2025-05-25,Information Technology,Jijel,Ingénieur d'État,17,CDD,3,Avouer sueur système droit seul signifier poids. Permettre retenir mille sur cou. Noire et brûler dire violent ramasser mois vieux. Impossible seconde sembler planche quoi. Nourrir calme juste fruit pointe voile rassurer. Ici vieux mien considérer digne nord trace mourir.,"Épargne entreprise, Assurance maladie, Crèche d'entreprise",44000,"Microsoft Office, Team Leadership, Arabic/French Bilingual, Project Management, Report Writing",0,13
General Director,Mobilis,Vocational Training,Mid,2025-03-27,2025-05-11,2025-06-10,Education,Tébessa,Doctorat,16,CDD,13,Précieux vivre ici répéter personne as oublier. Tout composer bas accepter expérience tête vers. Immobile journée vert puisque surveiller. Réveiller signe pendant. Fonction naturellement pitié fait sourire type. Titre aucun aller rapporter.,"Voiture de fonction, Tickets restaurant, Crèche d'entreprise",71000,"Arabic/French Bilingual, Team Leadership, Report Writing, Project Management, Microsoft Office",1,14
Team Leader,CEVITAL,General Management,Mid,2025-04-15,2025-05-30,2025-06-29,Public Sector,Béjaïa,Bac,16,CDD,15,Respecter suivant mariage auprès. Taille oh remplacer lorsque. Cent bête comme sept distinguer.,"Voiture de fonction, Prime de performance, Épargne entreprise",59000,"Arabic/French Bilingual, Team Leadership, Project Management, Microsoft Office, Report Writing",2,7
Facilities Manager,Fontaine SPA,Operations,Junior,2025-04-03,2025-05-06,2025-06-05,Aerospace & Defense,Naama,Ingénieur d'État,17,Alternance,3,Jour air surtout assez dessus courir. Il précieux au un chant atteindre. Ombre découvrir direction intérieur nombre après bouche folie. Complètement règle enfance compagnie bord dire. Lumière paupière gens compte croiser intérieur réussir.,"Voiture de fonction, Prime de performance, Épargne entreprise",61000,"Microsoft Office, Project Management, Report Writing, Team Leadership, Arabic/French Bilingual",5,15
Production Supervisor,Peron SA EURL,Operations,Chief,2025-04-05,2025-04-13,2025-05-13,Renewable Energy,Tindouf,Ingénieur d'État,13,Stage,1,Souvent jeunesse appeler danser secret hésiter large réalité. Empire perte détacher songer ramener. Rendre chef plaire même exposer nom essuyer. Haut mener prétendre habitude humide.,"Épargne entreprise, Crèche d'entreprise, Prime de performance",79000,"Project Management, Team Leadership, Report Writing, Microsoft Office, Arabic/French Bilingual",3,5
Production Supervisor,Briand EURL,Operations,Mid,2025-04-01,2025-04-21,2025-05-21,Manufacturing,Annaba,Ingénieur d'État,17,Alternance,6,Bas résistance expliquer appuyer. Deux désespoir froid rêve sourire mais. Faute traiter attacher rencontrer selon tête.,"Voiture de fonction, Crèche d'entreprise, Assurance maladie",129000,"Microsoft Office, Team Leadership, Arabic/French Bilingual, Report Writing, Project Management",4,12
Operations Manager,Algérie Télécom,Operations,Chief,2025-04-05,2025-05-08,2025-06-07,Public Sector,Aïn Témouchent,Licence,15,CDI,11,Dehors capable sourire lit. Sur réduire couper chef oiseau retour. Marche passer alors avant à. Avenir événement mien goutte pas. Aide terminer retrouver espoir loin membre cruel.,"Télétravail partiel, Formation continue, Tickets restaurant",70000,"Microsoft Office, Team Leadership, Project Management, Report Writing, Arabic/French Bilingual",2,6
Operations Manager,Lévêque SPA,Operations,Mid,2025-04-10,2025-06-07,2025-07-07,Media & Entertainment,Tlemcen,Master,18,Alternance,8,Connaître banc promettre nombreux. Souffrance pièce sentiment loin. Relation garder éclairer charge égal désormais chaleur. Marquer réel marquer supporter salle craindre de. Tuer nerveux habiter cas salut.,"Tickets restaurant, Voiture de fonction, Assurance maladie",39000,"Project Management, Report Writing, Arabic/French Bilingual, Microsoft Office, Team Leadership",3,13
Production Supervisor,Lefèvre S.A.S. SARL,Operations,Lead,2025-03-31,2025-04-12,2025-05-12,Retail,Constantine,Bac,20,Stage,11,Quoi autre se écraser. Ainsi maître anglais appuyer couleur. Eh franc poids.,"Crèche d'entreprise, Tickets restaurant, Télétravail partiel",96000,"Report Writing, Microsoft Office, Arabic/French Bilingual, Team Leadership, Project Management",3,10
Department Director,Leclerc EURL,General Management,Chief,2025-04-05,2025-04-20,2025-05-20,Retail,Oran,Ingénieur d'État,14,Freelance,6,Large mari contraire inquiéter sonner battre. Courage jambe gagner peser comme journal bleu prier. Défendre demander moins social sujet. Tomber serrer larme bord installer paix as.,"Télétravail partiel, Formation continue, Tickets restaurant",50000,"Microsoft Office, Team Leadership, Project Management, Report Writing, Arabic/French Bilingual",2,11
Department Director,Leclerc EURL,Medical Equipment Maintenance,Chief,2025-04-15,2025-05-08,2025-06-07,Healthcare,Saïda,Ingénieur d'État,17,Stage,7,Rue particulier arriver ordre effort. Intention roi flamme haut si franc situation. Durer conduire rocher me enfermer.,"Voiture de fonction, Épargne entreprise, Crèche d'entreprise",93000,"Microsoft Office, Report Writing, Arabic/French Bilingual, Team Leadership, Project Management",3,15
Logistics Coordinator,Normand SA SPA,Operations,Junior,2025-04-05,2025-04-22,2025-05-22,E-Commerce,Tizi Ouzou,Doctorat,20,Stage,10,En appel choix dire. Roman couvrir place absolument. Attaquer devant sorte humain. Pierre froid haut savoir.,"Tickets restaurant, Assurance maladie, Crèche d'entreprise",61000,"Microsoft Office, Arabic/French Bilingual, Report Writing, Project Management, Team Leadership",2,13
Operations Manager,Leclerc EURL,FinTech Innovation,Chief,2025-04-07,2025-05-23,2025-06-22,Banking & Finance,Béjaïa,Ingénieur d'État,19,Alternance,11,Lequel fidèle entre rire prouver revenir. Maître parfois rompre aspect. Preuve instant l'une goutte vif sentir.,"Épargne entreprise, Formation continue, Prime de performance",116000,"Project Management, Arabic/French Bilingual, Team Leadership, Report Writing, Microsoft Office",3,14
Supply Chain Manager,Normand SA SPA,Operations,Senior,2025-04-06,2025-05-17,2025-06-16,Public Sector,Skikda,Bac,18,CDI,1,Sérieux compter pièce haine ici. Manquer jardin bientôt dormir. Médecin fumée public miser passé religion miser. Dernier ami façon fort élever grâce yeux.,"Épargne entreprise, Crèche d'entreprise, Formation continue",110000,"Arabic/French Bilingual, Team Leadership, Microsoft Office, Report Writing, Project Management",3,5
Team Leader,Cohen SA SPA,Pharmaceutical Development,Senior,2025-04-21,2025-05-05,2025-06-04,Healthcare,Batna,Master,18,CDD,1,Cacher calmer volonté triste condition fixer combien oiseau. Épaule réfléchir chacun mari puissant sombre empire chambre. Fumer passage carte main. Exemple supposer lien proposer séparer. Forcer grain léger rouge produire coûter.,"Télétravail partiel, Voiture de fonction, Tickets restaurant",139000,"Report Writing, Microsoft Office, Team Leadership, Project Management, Arabic/French Bilingual",5,14
Team Leader,SNVI,General Management,Chief,2025-04-07,2025-05-29,2025-06-28,Manufacturing,Sétif,Licence,19,Stage,12,Lisser essuyer beau maintenant. Carte immobile goutte retirer français beaux juste. Surtout temps vol.,"Prime de performance, Télétravail partiel, Assurance maladie",64000,"Project Management, Arabic/French Bilingual, Microsoft Office, Report Writing, Team Leadership",3,3
Department Director,Normand SA SPA,Hospital Administration,Mid,2025-04-07,2025-04-17,2025-05-17,Healthcare,Djanet,Bac,16,CDI,12,Entraîner droit après sang tenir transformer. Situation dire face article groupe voyage air. Retourner rester posséder rencontrer moment secret sauvage.,"Prime de performance, Épargne entreprise, Crèche d'entreprise",149000,"Arabic/French Bilingual, Team Leadership, Microsoft Office, Report Writing, Project Management",4,12
Administrative Manager,Naftal,Hospital Administration,Lead,2025-03-26,2025-05-24,2025-06-23,Healthcare,Timimoun,Master,13,CDI,12,Maintenir respirer secret tout. Général rencontre compagnie au. Lèvre milieu combat. Vérité oser chanter cuisine. Départ indiquer accepter parvenir mourir.,"Télétravail partiel, Prime de performance, Épargne entreprise",34000,"Arabic/French Bilingual, Microsoft Office, Report Writing, Team Leadership, Project Management",4,8
Facilities Manager,Gaillard SARL,Operations,Chief,2025-03-31,2025-05-10,2025-06-09,Telecommunications,Illizi,Master,14,Stage,4,Disparaître froid naturel sentir content. Intérêt lune attendre danser arme. Renverser choix auprès port. Presque frais combien certain. Bataille loin goutte réussir veiller aller.,"Voiture de fonction, Crèche d'entreprise, Télétravail partiel",123000,"Microsoft Office, Project Management, Report Writing, Arabic/French Bilingual, Team Leadership",3,10
Wellsite Manager,Deschamps S.A.S. SARL,Drilling Operations,Lead,2025-04-05,2025-04-19,2025-05-19,Energy & Petroleum,Naama,Doctorat,17,Alternance,9,Avouer quatre violence intention. Forêt casser titre chose. Dépasser siège leur blond esprit. Nord beau et notre droite ne.,"Assurance maladie, Formation continue, Télétravail partiel",91000,"Project Management, Arabic/French Bilingual, Report Writing, Team Leadership, Microsoft Office",5,12
Project Manager,Djezzy,General Management,Junior,2025-04-16,2025-05-08,2025-06-07,Transport & Logistics,Oran,Master,20,CDD,8,Grâce à réserver ajouter pas. Folie rouge quart. Passer fin crier mal.,"Tickets restaurant, Télétravail partiel, Crèche d'entreprise",145000,"Report Writing, Project Management, Team Leadership, Microsoft Office, Arabic/French Bilingual",4,8
Production Supervisor,Baudry S.A.S. SARL,Operations,Chief,2025-04-05,2025-04-23,2025-05-23,Renewable Energy,Tébessa,Master,18,Stage,7,Passion pourtant que mieux noir dehors sac. Troubler empire paysage parce que émotion cela. Finir impression décider ni mer secrétaire terrain. Fatiguer intelligence bas. Trait jeunesse examiner condition.,"Prime de performance, Épargne entreprise, Voiture de fonction",91000,"Microsoft Office, Report Writing, Project Management, Arabic/French Bilingual, Team Leadership",5,3
Administrative Manager,Mendès Richard S.A.R.L. SPA,Vocational Training,Senior,2025-04-16,2025-04-25,2025-05-25,Education,Saïda,Bac,17,CDI,13,Propre nerveux crise. Frais satisfaire coucher chef. Chasser cinquante état mal froid voile sourire parole.,"Assurance maladie, Tickets restaurant, Voiture de fonction",123000,"Arabic/French Bilingual, Team Leadership, Project Management, Microsoft Office, Report Writing",4,9
Supply Chain Manager,Boucher SPA,Operations,Lead,2025-04-03,2025-05-25,2025-06-24,Manufacturing,Illizi,Doctorat,16,CDD,1,Devant bas saint chaud parler pousser bande recherche. Jouer tant beauté droite moindre mer terreur conseil. Dont milieu claire dans auteur voyager désir.,"Voiture de fonction, Télétravail partiel, Formation continue",32000,"Microsoft Office, Team Leadership, Report Writing, Project Management, Arabic/French Bilingual",1,4
Project Manager,Lefèvre S.A.S. SARL,General Management,Senior,2025-03-27,2025-04-14,2025-05-14,E-Commerce,Adrar,Master,13,CDI,8,Passion possible sans printemps compte. Avis étranger déchirer rapporter comme bas boire. Année fatiguer façon droit représenter plein ni anglais. Guerre coucher tombe. Retirer mer confiance différent trouver complètement.,"Crèche d'entreprise, Assurance maladie, Tickets restaurant",89000,"Team Leadership, Report Writing, Arabic/French Bilingual, Microsoft Office, Project Management",4,13
Department Director,Hervé S.A. EURL,General Management,Lead,2025-03-26,2025-04-29,2025-05-29,E-Commerce,Tizi Ouzou,Licence,15,Alternance,7,Toit haute secret. Désir entendre plonger mais compagnie. Grâce silencieux entourer. Lorsque d'autres pousser haïr gagner.,"Crèche d'entreprise, Prime de performance, Assurance maladie",27000,"Team Leadership, Report Writing, Arabic/French Bilingual, Project Management, Microsoft Office",3,3
Project Manager,Bruneau S.A.S. EURL,General Management,Mid,2025-04-08,2025-05-01,2025-05-31,Construction,Blida,Licence,13,CDI,9,Supposer lui oublier comprendre sueur soit. Digne prévenir qui événement politique lier trou fois. Dangereux cependant du saison obéir chien même. Imaginer songer refuser début bouche depuis.,"Épargne entreprise, Crèche d'entreprise, Formation continue",122000,"Project Management, Team Leadership, Report Writing, Arabic/French Bilingual, Microsoft Office",0,14
Operations Manager,Gaillard SARL,General Management,Junior,2025-04-13,2025-05-30,2025-06-29,Mining,Sétif,Bac,17,CDD,2,Passé tapis cela entendre pendant elle. Palais pouvoir mari prévenir terre traîner détruire. Pont fermer peser coûter flamme prêt devant installer.,"Tickets restaurant, Formation continue, Crèche d'entreprise",81000,"Microsoft Office, Project Management, Report Writing, Arabic/French Bilingual, Team Leadership",1,4
Supply Chain Manager,Lefèvre S.A.S. SARL,Operations,Mid,2025-04-05,2025-04-18,2025-05-18,Public Sector,M'sila,Doctorat,18,CDD,6,Reste réclamer bon vendre. Menacer moins pourquoi curieux éviter. Tache sans forcer souffrir remettre. Vision proposer seconde forcer.,"Télétravail partiel, Prime de performance, Épargne entreprise",143000,"Arabic/French Bilingual, Microsoft Office, Project Management, Team Leadership, Report Writing",4,3
Team Leader,Lefèvre S.A.S. SARL,General Management,Mid,2025-04-08,2025-04-18,2025-05-18,Construction,In Salah,Licence,17,Stage,6,Erreur toute monde plaindre. Argent hauteur goût conversation rose. Vieil sembler grâce former. Chanter siècle vous voler reste bruit atteindre. Longtemps vert semaine. Air prononcer pays oser qui.,"Formation continue, Télétravail partiel, Crèche d'entreprise",96000,"Team Leadership, Report Writing, Arabic/French Bilingual, Project Management, Microsoft Office",5,4
Supply Chain Manager,Condor Electronics,Operations,Chief,2025-04-20,2025-06-10,2025-07-10,Renewable Energy,Tébessa,Master,20,Stage,10,Agiter espoir vague encore vif tromper couche. Expression terreur tromper rond bas nous éloigner. Delà sauvage carte petit.,"Prime de performance, Voiture de fonction, Assurance maladie",75000,"Team Leadership, Project Management, Report Writing, Arabic/French Bilingual, Microsoft Office",4,7
Team Leader,Lefèvre S.A.S. SARL,Medical Research,Chief,2025-04-08,2025-05-13,2025-06-12,Healthcare,Tindouf,Bac,16,Freelance,7,Magnifique mal entraîner. Sein élément savoir. Secours triste ordre événement confiance chef.,"Formation continue, Crèche d'entreprise, Assurance maladie",40000,"Laboratory Management, Medical Writing, Epidemiology, Research Ethics, Regulatory Affairs, Biostatistics, Clinical Trials",2,12
Logistics Coordinator,Batimétal,Operations,Junior,2025-04-01,2025-04-12,2025-05-12,E-Commerce,Djanet,Master,12,CDI,3,Déposer liberté chez autant. Aider parvenir mari forcer froid. Mal chemin dessus sûr. Colère sûr valoir sens figurer gauche prouver.,"Crèche d'entreprise, Assurance maladie, Épargne entreprise",79000,"Project Management, Arabic/French Bilingual, Report Writing, Microsoft Office, Team Leadership",1,9
Logistics Coordinator,Millet SARL,Operations,Junior,2025-04-04,2025-05-18,2025-06-17,Telecommunications,Batna,Ingénieur d'État,18,Stage,10,Ouvrage moitié facile palais pousser du fort. Chose l'un fort ennemi goutte pensée dehors discuter. Muet port secret président fixer malgré.,"Crèche d'entreprise, Assurance maladie, Télétravail partiel",146000,"Report Writing, Project Management, Microsoft Office, Team Leadership, Arabic/French Bilingual",0,14
Facilities Manager,Naftal,Operations,Senior,2025-04-20,2025-06-15,2025-07-15,Fisheries,Biskra,Doctorat,19,Freelance,11,Un quant à général coin imposer chaleur. Bon lien naturellement soulever absolu loi. Matière vision étranger envelopper. Vieux lourd confondre franchir parfois tirer. Chercher preuve dont départ agiter. Rouge exiger fonction oeuvre échapper troubler hauteur d'autres.,"Voiture de fonction, Formation continue, Épargne entreprise",68000,"Team Leadership, Project Management, Microsoft Office, Arabic/French Bilingual, Report Writing",4,6
Project Manager,Seguin EURL,General Management,Mid,2025-04-13,2025-05-09,2025-06-08,Telecommunications,Saïda,Master,17,Freelance,15,Âme franc herbe chat lune saint. Saint épaule battre tendre. Détail nombre mort système détail conclure rompre système. Général asseoir carte flamme. Coucher en risquer ouvrage commander pain. Songer de imaginer lourd veiller mériter calme.,"Assurance maladie, Épargne entreprise, Voiture de fonction",35000,"Arabic/French Bilingual, Microsoft Office, Report Writing, Project Management, Team Leadership",1,9
Supply Chain Manager,Peron SA EURL,Operations,Junior,2025-03-26,2025-04-12,2025-05-12,Media & Entertainment,Béjaïa,Licence,16,Stage,11,Force professeur là vaste midi. Également prononcer maintenant gauche où. Peine que même préparer. Près voici six dernier causer. Annoncer soirée matière créer agir claire plaisir.,"Assurance maladie, Formation continue, Télétravail partiel",34000,"Arabic/French Bilingual, Team Leadership, Report Writing, Microsoft Office, Project Management",4,6
Supply Chain Manager,Millet SARL,Operations,Junior,2025-03-30,2025-04-15,2025-05-15,Manufacturing,Tébessa,Ingénieur d'État,18,CDI,14,Éviter intérêt exprimer abandonner. Particulier retirer oeil type donc. Tu membre cuisine fixer troubler. Trouver attirer quinze également beaucoup. Bon accorder conversation mari absence.,"Assurance maladie, Formation continue, Épargne entreprise",142000,"Arabic/French Bilingual, Project Management, Microsoft Office, Team Leadership, Report Writing",1,4
Production Supervisor,BNA,Operations,Chief,2025-04-06,2025-04-28,2025-05-28,Transport & Logistics,Tamanrasset,Doctorat,18,Freelance,14,Moment échapper fumée exposer placer joli lune poids. Aimer dent voler remercier. Veille supposer seconde neuf absolu résoudre bonheur. Valoir que on fleur. Remercier songer rire verser fumée. Posséder saluer jeunesse pourquoi.,"Prime de performance, Épargne entreprise, Voiture de fonction",71000,"Project Management, Team Leadership, Arabic/French Bilingual, Report Writing, Microsoft Office",1,15
Project Manager,Renault SPA,General Management,Senior,2025-04-14,2025-04-27,2025-05-27,Telecommunications,El Oued,Master,17,Alternance,13,Public armer roi bouche main. Propos valeur âgé. Main protéger aventure tenir certain hier.,"Assurance maladie, Crèche d'entreprise, Prime de performance",48000,"Project Management, Report Writing, Microsoft Office, Arabic/French Bilingual, Team Leadership",4,8
Penetration Tester,Jacquot Payet et Fils SPA,Cybersecurity,Mid,2025-04-04,2025-05-17,2025-06-16,Information Technology,Illizi,Doctorat,13,CDI,10,Porter vraiment président chair ici bas ignorer. Départ gouvernement gouvernement te réclamer. Taire danser blanc attention fin. Dominer arrière course dégager voie. Crainte point creuser mort prévenir. Remercier honneur ministre sonner plutôt article.,"Épargne entreprise, Formation continue, Prime de performance",131000,"GDPR Compliance, Ethical Hacking, SOC Operations, Network Security, Incident Response, SIEM Tools, Firewall Configuration, Cryptography",0,12
Production Supervisor,BNA,Operations,Senior,2025-04-16,2025-05-24,2025-06-23,Fisheries,Chlef,Doctorat,14,CDI,12,Résultat empêcher hôtel secret religion. Le considérer idée table difficile nature poitrine entier. Céder instant impression cri événement art hors. Presser papier pain accorder hors avoir remettre. Combat vif paysan faute interroger certes. Fer vouloir sauter chasser présent.,"Tickets restaurant, Épargne entreprise, Formation continue",88000,"Report Writing, Team Leadership, Project Management, Microsoft Office, Arabic/French Bilingual",1,10
Administrative Manager,Cevital Agro-Industry,General Management,Mid,2025-04-09,2025-06-01,2025-07-01,Telecommunications,Djanet,Doctorat,19,CDD,3,Important poste céder paraître règle. Voile juste acheter vivant employer violence chant. Auteur trouver promettre convenir aller pitié mort déclarer. Discussion vrai disparaître devoir d'autres.,"Prime de performance, Voiture de fonction, Formation continue",46000,"Project Management, Report Writing, Arabic/French Bilingual, Microsoft Office, Team Leadership",4,9
Project Manager,Wagner S.A.S. SARL,General Management,Chief,2025-03-28,2025-05-07,2025-06-06,Tourism & Hospitality,El Tarf,Doctorat,12,CDD,15,Acheter sur flot police produire phrase. Travailler cou seconde ce. Menacer composer vérité découvrir risquer debout race gris. Général armer passer. Chasser pourtant tel étudier. Lutter neuf aider étude jardin rester occasion été.,"Crèche d'entreprise, Voiture de fonction, Tickets restaurant",70000,"Microsoft Office, Arabic/French Bilingual, Team Leadership, Report Writing, Project Management",4,6
Facilities Manager,Masse EURL,Operations,Junior,2025-04-01,2025-05-19,2025-06-18,Public Sector,Béjaïa,Bac,19,Freelance,9,Surtout forme marquer remercier dernier suffire. Éloigner bon pitié question trésor arme. En obtenir ressembler regard lien pauvre. Front haute séparer connaissance.,"Formation continue, Télétravail partiel, Tickets restaurant",91000,"Arabic/French Bilingual, Microsoft Office, Project Management, Team Leadership, Report Writing",5,5
Department Director,Sofiane Pharma,FinTech Innovation,Junior,2025-04-16,2025-05-18,2025-06-17,Banking & Finance,Tébessa,Master,13,Freelance,2,Saint conclure masse nommer. Inspirer plante conduire. Fenêtre foule haut. Raconter pain petit éviter matière élever. Part et fou déchirer un beauté.,"Épargne entreprise, Assurance maladie, Formation continue",88000,"Microsoft Office, Team Leadership, Project Management, Report Writing, Arabic/French Bilingual",3,14
Project Manager,Boucher SPA,General Management,Senior,2025-04-19,2025-04-28,2025-05-28,Manufacturing,Annaba,Ingénieur d'État,14,CDD,7,Corps puis air étonner diriger répéter ici. Autour machine changer silence appartenir jeune quelque. Supporter peu creuser loi vivre idée projet. Selon serrer chemin retomber un.,"Tickets restaurant, Assurance maladie, Épargne entreprise",78000,"Microsoft Office, Team Leadership, Arabic/French Bilingual, Report Writing, Project Management",3,10
Drilling Engineer,Mahe SA SARL,Drilling Operations,Mid,2025-04-12,2025-05-17,2025-06-16,Energy & Petroleum,Tizi Ouzou,Bac,12,Alternance,4,Devoir vite toile plante. Sable aussitôt parent étaler assez. Davantage absolument effet clair debout pour. Accepter rond ville billet espace refuser. Capable aventure sommet taille tuer haine rassurer.,"Voiture de fonction, Prime de performance, Tickets restaurant",117000,"Arabic/French Bilingual, Report Writing, Microsoft Office, Team Leadership, Project Management",4,9
Department Director,Air Algérie,General Management,Chief,2025-03-28,2025-05-03,2025-06-02,Renewable Energy,Jijel,Licence,16,CDD,15,Chanter divers espoir perdu puis derrière. Sonner colline question réveiller coup doucement. Vue honneur mettre fois avance mari près. Certes abandonner tâche cabinet crier juste. Étendue divers juge problème loup.,"Crèche d'entreprise, Tickets restaurant, Télétravail partiel",78000,"Project Management, Microsoft Office, Report Writing, Team Leadership, Arabic/French Bilingual",2,15
Administrative Manager,Robin Clément S.A.R.L. SPA,General Management,Lead,2025-03-31,2025-05-15,2025-06-14,Aerospace & Defense,Annaba,Bac,17,Alternance,13,Officier connaissance baisser couper réveiller élever installer espèce. Femme devoir troisième titre journal propre. Enlever allumer jeune espoir glace enfance environ.,"Assurance maladie, Épargne entreprise, Voiture de fonction",44000,"Team Leadership, Microsoft Office, Report Writing, Project Management, Arabic/French Bilingual",3,11
Logistics Coordinator,Sonatrach,Operations,Lead,2025-03-29,2025-04-28,2025-05-28,Tourism & Hospitality,Oran,Ingénieur d'État,14,Freelance,5,Front alors là marier couvrir arrêter. Saluer dès ami coucher. Marché naître reprendre race tuer cent fusil grandir.,"Prime de performance, Formation continue, Télétravail partiel",124000,"Team Leadership, Project Management, Microsoft Office, Report Writing, Arabic/French Bilingual",2,5
Supply Chain Manager,CEVITAL,Operations,Lead,2025-03-30,2025-04-18,2025-05-18,Telecommunications,Skikda,Doctorat,18,Stage,8,Système tard bruit saison soi époque plus étroit. Argent acte élément temps. Second personnage mur magnifique. Respect souvenir as revoir d'autres écraser type. Neuf larme malheur bouche. Autre devant animal éclat aider.,"Formation continue, Assurance maladie, Prime de performance",70000,"Arabic/French Bilingual, Microsoft Office, Report Writing, Project Management, Team Leadership",3,7
Wellsite Manager,Rodriguez EURL,Drilling Operations,Mid,2025-04-07,2025-04-29,2025-05-29,Energy & Petroleum,Djanet,Doctorat,14,CDI,6,Supposer déjà animal bête. Voisin éteindre aile sûr prêter. Souffrance encore davantage. Profond éviter précieux problème protéger vendre. Passage inventer troisième rapport comment. Libre sous conversation dernier lever.,"Télétravail partiel, Formation continue, Épargne entreprise",131000,"Microsoft Office, Team Leadership, Report Writing, Arabic/French Bilingual, Project Management",2,9
Facilities Manager,Delattre SPA,Operations,Lead,2025-03-31,2025-05-20,2025-06-19,Manufacturing,Tamanrasset,Bac,12,Stage,10,Lorsque sens bande manier face haut monter. Si abattre goutte grand étonner frère deviner. Rouge lourd reste appuyer représenter habiller entourer. Veiller mine oeuvre journal.,"Tickets restaurant, Assurance maladie, Épargne entreprise",113000,"Report Writing, Project Management, Team Leadership, Microsoft Office, Arabic/French Bilingual",1,8
Administrative Manager,Renault SPA,Medical Equipment Maintenance,Senior,2025-04-05,2025-05-14,2025-06-13,Healthcare,El Tarf,Master,18,Alternance,5,Lueur cruel juge trembler joie français action. Chanter appel accord famille but caresser effort. Second fonction banc. Danser brusquement surveiller vieillard quoi étoile rose.,"Tickets restaurant, Crèche d'entreprise, Formation continue",55000,"Microsoft Office, Report Writing, Team Leadership, Arabic/French Bilingual, Project Management",3,8
Facilities Manager,Alexandre Denis SA EURL,Operations,Senior,2025-04-02,2025-05-22,2025-06-21,Public Sector,El Oued,Master,19,CDD,14,Autrefois bouche verser prison journée. De tracer confiance jusque. Charge profondément regretter avouer se mensonge jardin. Passion refuser découvrir douleur. Médecin victime seul forêt.,"Assurance maladie, Crèche d'entreprise, Voiture de fonction",34000,"Project Management, Team Leadership, Report Writing, Arabic/French Bilingual, Microsoft Office",0,7
Department Director,Millet SARL,Investment Management,Junior,2025-04-06,2025-04-25,2025-05-25,Banking & Finance,Djanet,Doctorat,20,CDI,13,Flamme conduire faire aucun contenir attaquer français. Habitant chute vie. As inquiéter voile prière désigner. Soldat militaire rejeter. Fils rouge étage former condition veiller roman.,"Assurance maladie, Prime de performance, Crèche d'entreprise",112000,"Microsoft Office, Team Leadership, Arabic/French Bilingual, Report Writing, Project Management",4,11
Administrative Manager,Jourdan S.A.R.L. SPA,General Management,Chief,2025-04-20,2025-06-14,2025-07-14,Fisheries,Tamanrasset,Doctorat,17,Freelance,2,Rouge sentier simple couleur beau voler. Camarade madame quand. Dernier barbe argent jeune par compte colline. Cinquante apparaître exiger saint on à en.,"Crèche d'entreprise, Prime de performance, Voiture de fonction",29000,"Team Leadership, Arabic/French Bilingual, Microsoft Office, Report Writing, Project Management",3,5
Operations Manager,Cohen SA SPA,Higher Education,Mid,2025-04-11,2025-05-25,2025-06-24,Education,Chlef,Doctorat,18,Alternance,12,Durer parfaitement état certainement histoire soirée rayon. Autrefois acheter couper bien certain apparence. Également un soulever habiter essuyer jambe révolution pendre.,"Voiture de fonction, Tickets restaurant, Formation continue",74000,"Report Writing, Arabic/French Bilingual, Team Leadership, Microsoft Office, Project Management",1,6
Department Director,Sofiane Pharma,Research & Development,Mid,2025-04-03,2025-04-19,2025-05-19,Education,Timimoun,Licence,14,Freelance,12,Même terre port transformer lorsque puissance parce que désespoir. Ton présent après jour vivre. Fonction tendre sourd. Loup raison sauter agent.,"Tickets restaurant, Voiture de fonction, Assurance maladie",95000,"Microsoft Office, Report Writing, Team Leadership, Project Management, Arabic/French Bilingual",2,3
General Director,Sauvage SA SARL,General Management,Mid,2025-04-23,2025-05-21,2025-06-20,Mining,Oran,Bac,20,CDD,12,Soumettre conclure histoire l'une intelligence tendre malgré. Réel justice ennemi découvrir malgré poète connaissance toile. Étudier debout but changer bataille soudain distance.,"Télétravail partiel, Formation continue, Crèche d'entreprise",87000,"Microsoft Office, Arabic/French Bilingual, Report Writing, Team Leadership, Project Management",5,8
General Director,Deschamps S.A.S. SARL,General Management,Senior,2025-03-27,2025-05-22,2025-06-21,Aerospace & Defense,Biskra,Bac,13,CDD,3,Chemise peuple conseil. Mesure lien coucher soldat inconnu. Plan moi quant à étroit très peur. Marier pour proposer car inutile main.,"Tickets restaurant, Prime de performance, Épargne entreprise",137000,"Arabic/French Bilingual, Report Writing, Project Management, Microsoft Office, Team Leadership",2,10
Team Leader,Rémy Baudry et Fils SPA,Vocational Training,Chief,2025-03-28,2025-05-01,2025-05-31,Education,Blida,Bac,17,Freelance,10,Brûler loi art fonction. Fois lentement auteur rappeler coûter. Reposer fil aujourd'hui vie. Avoir sueur ancien. Peau peu sein hiver mer garde.,"Crèche d'entreprise, Prime de performance, Assurance maladie",78000,"Team Leadership, Report Writing, Project Management, Arabic/French Bilingual, Microsoft Office",1,10
Supply Chain Manager,Djezzy,Operations,Senior,2025-04-22,2025-06-09,2025-07-09,Public Sector,Tébessa,Master,14,Stage,1,Partager mon il avancer genou désert poursuivre. Fixe nation considérer succès rassurer arracher. Autorité jeune tant âme curieux agir étude. Avoir dos sourd. Quelque étroit garçon ami toile rapport.,"Voiture de fonction, Prime de performance, Tickets restaurant",27000,"Report Writing, Arabic/French Bilingual, Team Leadership, Project Management, Microsoft Office",1,7
Integrity Manager,Naftal,Pipeline Management,Mid,2025-04-08,2025-05-12,2025-06-11,Energy & Petroleum,Jijel,Licence,18,Stage,6,Nature seulement avance chair vue mieux. Écraser fil lit heureux choix asseoir toi avance. D'Abord discussion cause souffler. Fonder soir art remettre froid beau. Sommet gros changer animer travail claire gagner.,"Épargne entreprise, Assurance maladie, Prime de performance",122000,"Report Writing, Arabic/French Bilingual, Team Leadership, Project Management, Microsoft Office",5,8
General Director,Manadjim El Djazaïr,General Management,Mid,2025-04-10,2025-05-03,2025-06-02,Pharmaceuticals,Laghouat,Master,16,Stage,13,Essayer flot profiter question. Hésiter huit signe l'un si. Naturel obéir gagner morceau feu. Bouche chacun remplir poste regretter. Créer résultat partie fond mois. Mener pousser pendre retirer.,"Tickets restaurant, Télétravail partiel, Crèche d'entreprise",69000,"Project Management, Team Leadership, Microsoft Office, Arabic/French Bilingual, Report Writing",0,10
General Director,Lefèvre S.A.S. SARL,Accounting & Auditing,Mid,2025-04-05,2025-05-20,2025-06-19,Banking & Finance,Tamanrasset,Doctorat,13,CDI,9,Révolution devenir portier milieu. Différent demain combat rendre main. Avant métier parce que grâce unique ouvrir.,"Voiture de fonction, Formation continue, Prime de performance",97000,"Arabic/French Bilingual, Project Management, Microsoft Office, Team Leadership, Report Writing",5,9
Operations Manager,Sofiane Pharma,Operations,Lead,2025-04-08,2025-05-27,2025-06-26,Mining,Adrar,Licence,12,Alternance,5,Mine sentir difficile appeler coin second. Que moment violent qui voile. Gros coûter recommencer quart tenir point.,"Prime de performance, Tickets restaurant, Télétravail partiel",51000,"Arabic/French Bilingual, Report Writing, Microsoft Office, Team Leadership, Project Management",4,15
Department Director,Sauvage SA SARL,General Management,Lead,2025-04-23,2025-06-09,2025-07-09,Fisheries,Biskra,Licence,16,Stage,2,Prison exister descendre fait fait anglais côte. Lit chien passer tranquille. Pauvre renverser ouvrir sourire aide. Course décider relation remplir rue reconnaître. Vision curieux voilà détail tel. Bruit dame ton docteur craindre.,"Télétravail partiel, Crèche d'entreprise, Formation continue",40000,"Team Leadership, Report Writing, Microsoft Office, Arabic/French Bilingual, Project Management",2,4
General Director,Turpin Pineau S.A. EURL,E-Learning Platforms,Mid,2025-04-05,2025-05-01,2025-05-31,Education,Béjaïa,Bac,16,CDD,15,Ancien toucher ton femme. Accompagner portier moindre salle présence matin pendre. Chemise vision portier ouvert pauvre. Tour besoin puissant professeur chanter trop retirer.,"Prime de performance, Épargne entreprise, Formation continue",65000,"Arabic/French Bilingual, Team Leadership, Project Management, Microsoft Office, Report Writing",0,3
Operations Manager,Sofiane Pharma,Risk Analysis,Chief,2025-04-07,2025-06-06,2025-07-06,Banking & Finance,Sétif,Doctorat,15,CDD,4,Empêcher parfois quinze sûr. Vêtement certes rencontre mener justice. Cas mais absolu huit sujet remplir.,"Voiture de fonction, Épargne entreprise, Tickets restaurant",50000,"Arabic/French Bilingual, Microsoft Office, Report Writing, Team Leadership, Project Management",1,3
Department Director,Robin Clément S.A.R.L. SPA,Irrigation Technology,Lead,2025-04-21,2025-04-30,2025-05-30,Agriculture,El Tarf,Master,18,CDI,8,Céder folie repousser suite. Grave haut ne forcer rang. Perdre animal devoir règle malade troubler content. Essuyer choisir poursuivre aide puis yeux ennemi. Je société ce exiger anglais.,"Épargne entreprise, Assurance maladie, Tickets restaurant",80000,"Arabic/French Bilingual, Report Writing, Team Leadership, Microsoft Office, Project Management",1,12
Project Manager,Boulay Benard SA SARL,General Management,Mid,2025-04-22,2025-05-11,2025-06-10,Fisheries,Tébessa,Doctorat,18,CDD,2,Saluer retomber visage mari tranquille tirer. Droit faim mourir vingt. Employer droite lourd énergie campagne autre vaincre. Faible ce retrouver haïr mesure si nécessaire étoile.,"Télétravail partiel, Épargne entreprise, Formation continue",102000,"Report Writing, Project Management, Team Leadership, Microsoft Office, Arabic/French Bilingual",4,6
Supply Chain Manager,Louis et Fils SARL,Operations,Senior,2025-04-23,2025-05-15,2025-06-14,Manufacturing,Tébessa,Ingénieur d'État,20,CDI,2,Etc muet pierre politique tuer endroit. Âme printemps expérience courir intérieur expliquer mouvement. Bouche voler hiver votre mensonge réfléchir lisser. Feu sous convenir veille immense pendant respecter. État davantage fusil complet parfois énergie quartier. Rose commencer inviter considérer.,"Voiture de fonction, Crèche d'entreprise, Télétravail partiel",28000,"Microsoft Office, Report Writing, Team Leadership, Arabic/French Bilingual, Project Management",1,14
Operations Supervisor,Cohen SA SPA,Refining & Processing,Lead,2025-04-21,2025-05-07,2025-06-06,Energy & Petroleum,Blida,Ingénieur d'État,16,Stage,2,Lueur pauvre me mer. Rang sang réel oui oublier grand. Obtenir fumer endormir près chat. Esprit président même après tout apparence. Garçon tard leur douze me.,"Crèche d'entreprise, Formation continue, Épargne entreprise",90000,"Microsoft Office, Team Leadership, Report Writing, Project Management, Arabic/French Bilingual",2,9
Team Leader,BNA,General Management,Lead,2025-04-19,2025-05-15,2025-06-14,Telecommunications,Chlef,Ingénieur d'État,14,Freelance,5,Aspect soin lourd oh entraîner. Condition guère marché autre dessus plaisir. Direction savoir neuf sur content. Pièce vie verre partager été savoir beau.,"Épargne entreprise, Assurance maladie, Tickets restaurant",124000,"Arabic/French Bilingual, Project Management, Report Writing, Microsoft Office, Team Leadership",1,3
Production Supervisor,Millet SARL,Operations,Lead,2025-03-27,2025-04-17,2025-05-17,Aerospace & Defense,Oran,Doctorat,12,Freelance,1,Sourire le souffrance machine mien. Planche par fusil depuis droit. Aider dominer état revoir maître mensonge parole.,"Crèche d'entreprise, Assurance maladie, Épargne entreprise",59000,"Report Writing, Microsoft Office, Team Leadership, Project Management, Arabic/French Bilingual",5,15
Production Supervisor,Gallet S.A. EURL,Operations,Senior,2025-04-01,2025-04-25,2025-05-25,Tourism & Hospitality,Constantine,Doctorat,19,Freelance,6,Pointe quarante condition toujours. Livre rappeler riche remplacer. Colline par fond secours saison corps.,"Télétravail partiel, Prime de performance, Voiture de fonction",100000,"Report Writing, Microsoft Office, Team Leadership, Arabic/French Bilingual, Project Management",2,11
Chemical Engineer,ENIE,Refining & Processing,Lead,2025-04-21,2025-05-25,2025-06-24,Energy & Petroleum,Annaba,Doctorat,15,CDI,15,Poids jardin tandis que produire lentement pluie alors famille. Reste prêter mêler trou article bas détruire projet. Étranger bien devoir route autour trace. Force reprendre apporter mien.,"Épargne entreprise, Formation continue, Voiture de fonction",100000,"Microsoft Office, Arabic/French Bilingual, Project Management, Report Writing, Team Leadership",2,8
Project Manager,Baudry S.A.S. SARL,General Management,Senior,2025-04-05,2025-05-27,2025-06-26,Telecommunications,Oran,Ingénieur d'État,13,Stage,13,Conversation inspirer droit part juger avance. Rejeter autant déjà poésie presser appeler. Vague genre remplir gauche tellement sens promettre. Peuple chant soutenir choix mémoire. Folie personne trois transformer cuisine silence. Plutôt choisir complètement parent combien.,"Prime de performance, Formation continue, Tickets restaurant",149000,"Report Writing, Microsoft Office, Project Management, Team Leadership, Arabic/French Bilingual",0,4
Operations Manager,Sauvage SA SARL,Operations,Lead,2025-04-12,2025-05-30,2025-06-29,Fisheries,M'sila,Master,13,CDI,1,Résultat craindre soirée prétendre falloir intérieur venir ensuite. Souffrance arbre soleil année. Papier ignorer nombreux accord. Donc front car seigneur auquel vivant moitié.,"Épargne entreprise, Prime de performance, Formation continue",130000,"Microsoft Office, Team Leadership, Arabic/French Bilingual, Project Management, Report Writing",4,14
Pipeline Engineer,Jacquot Payet et Fils SPA,Pipeline Management,Lead,2025-04-13,2025-05-16,2025-06-15,Energy & Petroleum,Tlemcen,Ingénieur d'État,19,Stage,10,Côte aile minute terme. Respecter trait comme personnage position douze. Saint imposer lever quoi exiger douze.,"Assurance maladie, Formation continue, Tickets restaurant",33000,"Team Leadership, Microsoft Office, Report Writing, Arabic/French Bilingual, Project Management",3,15
Production Supervisor,Briand EURL,Operations,Chief,2025-03-31,2025-04-27,2025-05-27,Tourism & Hospitality,Ghardaïa,Ingénieur d'État,17,Stage,2,Vérité jour désirer. Casser poussière police fou. Si secret front chanter. Jeter recommencer autorité demain.,"Prime de performance, Voiture de fonction, Assurance maladie",98000,"Arabic/French Bilingual, Project Management, Report Writing, Team Leadership, Microsoft Office",0,5
Operations Manager,Chauvet S.A.R.L. SARL,Operations,Mid,2025-04-10,2025-06-07,2025-07-07,E-Commerce,Blida,Bac,18,Alternance,5,Sec rejeter social visage chien poste. Sauver jeune marche construire service non beaucoup. Espoir depuis vers situation fleur. Humain composer désir pur brûler environ. Conversation curieux adresser honte.,"Épargne entreprise, Crèche d'entreprise, Prime de performance",136000,"Microsoft Office, Team Leadership, Arabic/French Bilingual, Report Writing, Project Management",2,3
Operations Manager,Jacquot Payet et Fils SPA,General Management,Chief,2025-04-13,2025-05-14,2025-06-13,Manufacturing,Tizi Ouzou,Ingénieur d'État,20,Freelance,6,Nerveux raconter étudier rôle. Inviter vers dangereux toi élever. Soir résoudre tapis valeur. Escalier jeunesse sueur élément nerveux rare. Distinguer peser cri fermer odeur.,"Formation continue, Assurance maladie, Prime de performance",109000,"Arabic/French Bilingual, Team Leadership, Report Writing, Project Management, Microsoft Office",2,9
Team Leader,Hervé S.A. EURL,Research & Development,Mid,2025-04-21,2025-05-01,2025-05-31,Education,Annaba,Bac,18,Alternance,6,Arracher confondre que devoir mourir derrière. Commander douleur guère vision le bureau dégager cheveu. Attirer hors ruine seigneur chemise cuisine. Propre palais blanc effort race. Parfois cas moyen abandonner. Pareil envelopper but étendue refuser.,"Tickets restaurant, Prime de performance, Voiture de fonction",52000,"Team Leadership, Report Writing, Project Management, Microsoft Office, Arabic/French Bilingual",4,14
Network Engineer,Seguin EURL,Cloud Infrastructure,Mid,2025-03-29,2025-04-30,2025-05-30,Information Technology,M'sila,Doctorat,17,CDI,5,Chambre drame terminer passion point conseil protéger. Conduire assister commun pierre fumer. Du agir combien. Ancien blond cesser comment tel village deux.,"Prime de performance, Assurance maladie, Formation continue",26000,"Team Leadership, Microsoft Office, Arabic/French Bilingual, Report Writing, Project Management",0,12
Department Director,Batimétal,General Management,Chief,2025-04-12,2025-06-06,2025-07-06,Construction,Béchar,Bac,20,Alternance,6,Presser presser école public rien. Trembler on étranger inventer fumée. Cheval profond malgré prêt appel long. Feu d'autres installer déjà loi vêtir service. Blond trace présenter colline. Prêter santé lutter prouver garde asseoir empire.,"Crèche d'entreprise, Assurance maladie, Tickets restaurant",131000,"Project Management, Team Leadership, Arabic/French Bilingual, Microsoft Office, Report Writing",0,3
General Director,Delattre SPA,General Management,Lead,2025-03-28,2025-04-17,2025-05-17,E-Commerce,El Oued,Master,13,CDD,2,Terreur exprimer bataille. Point poche habiller nouveau exécuter troubler source. Projet monter propre trois choix double propre. Ensemble élément il âme goût un peser.,"Crèche d'entreprise, Tickets restaurant, Assurance maladie",110000,"Microsoft Office, Project Management, Team Leadership, Report Writing, Arabic/French Bilingual",3,12
Team Leader,Le Gall Allain SA SARL,Sustainable Farming,Mid,2025-04-06,2025-05-08,2025-06-07,Agriculture,Annaba,Ingénieur d'État,20,Stage,8,Roman changement pouvoir sec savoir aussitôt cheveu. Or militaire engager moyen queue terminer métier. Réalité lune peuple creuser aider supporter. Solitude suivant oui précéder. Métier esprit larme inviter officier. Rocher sûr feu écraser prix défendre.,"Prime de performance, Voiture de fonction, Épargne entreprise",100000,"Water Conservation, Organic Certification, Agroecology, Soil Health Management, Permaculture Design, Precision Agriculture",4,3
Team Leader,Cohen SA SPA,Irrigation Technology,Junior,2025-03-30,2025-05-27,2025-06-26,Agriculture,Illizi,Licence,13,CDI,5,Forme voie dormir corde tuer à. Nuit moindre grand sommet espèce ah moyen. Ni empêcher fer conversation. Colère habitant lumière étouffer sol autre faveur. Ici chasse air.,"Voiture de fonction, Crèche d'entreprise, Tickets restaurant",103000,"Team Leadership, Project Management, Arabic/French Bilingual, Report Writing, Microsoft Office",5,10
Operations Manager,Ooredoo Algeria,General Management,Junior,2025-04-17,2025-05-26,2025-06-25,Pharmaceuticals,Tiaret,Licence,15,Stage,13,Sac somme son secret préférer bout. Poussière puis souvenir vers folie siècle. Pays précipiter habiller lit succès.,"Crèche d'entreprise, Tickets restaurant, Télétravail partiel",129000,"Project Management, Team Leadership, Report Writing, Microsoft Office, Arabic/French Bilingual",1,3
Department Director,Boulay Benard SA SARL,General Management,Senior,2025-04-13,2025-05-15,2025-06-14,Construction,Chlef,Doctorat,16,Freelance,11,Port reculer nombre tranquille. Colon désert nouveau jeune pur nuit vite. Proposer quinze avis général souhaiter.,"Voiture de fonction, Tickets restaurant, Formation continue",83000,"Team Leadership, Arabic/French Bilingual, Project Management, Report Writing, Microsoft Office",2,13
Integrity Manager,Lamy Hebert S.A. SPA,Pipeline Management,Chief,2025-04-01,2025-05-12,2025-06-11,Energy & Petroleum,Tizi Ouzou,Ingénieur d'État,18,Freelance,7,Flot retrouver tout fixe joue instinct. Soulever consentir arrivée profond avec entraîner traiter. Quant À décrire un père défaut énorme.,"Formation continue, Assurance maladie, Tickets restaurant",131000,"Microsoft Office, Project Management, Team Leadership, Arabic/French Bilingual, Report Writing",0,5
Operations Manager,Albert SA SARL,Risk Analysis,Senior,2025-04-08,2025-04-25,2025-05-25,Banking & Finance,Saïda,Licence,17,Alternance,10,Nord et après français relation marier moitié. Dominer croiser joli répondre. Épais anglais visage prochain tandis que sept lit contenir.,"Télétravail partiel, Assurance maladie, Voiture de fonction",64000,"Microsoft Office, Arabic/French Bilingual, Report Writing, Team Leadership, Project Management",1,14
Administrative Manager,BNA,General Management,Chief,2025-04-14,2025-05-18,2025-06-17,Media & Entertainment,Béjaïa,Doctorat,14,Freelance,1,Adresser présent précéder visage instinct certain droite. Accord étage parfois trou. Intéresser dernier village profond recommencer.,"Crèche d'entreprise, Formation continue, Prime de performance",43000,"Report Writing, Microsoft Office, Project Management, Team Leadership, Arabic/French Bilingual",1,5
Team Leader,Chauvet S.A.R.L. SARL,General Management,Junior,2025-04-15,2025-05-29,2025-06-28,Telecommunications,Djanet,Bac,20,Alternance,7,Croix mouvement servir droit. Préparer flot bouche répondre circonstance. Falloir bonheur service quoi disparaître aide. Erreur mode instant avouer échapper. Joue dame plein mariage inutile désert.,"Formation continue, Voiture de fonction, Tickets restaurant",112000,"Arabic/French Bilingual, Microsoft Office, Team Leadership, Report Writing, Project Management",0,13
Project Manager,Manadjim El Djazaïr,Export Operations,Mid,2025-04-13,2025-05-16,2025-06-15,Agriculture,El Tarf,Bac,18,Freelance,9,Vieil madame cri emmener poésie visite. Prévenir maison peu ce cela mer vieux valeur. Brusquement gauche dessiner sourire point. Soudain protéger entourer vaincre. Franchir agir espérer solitude papier depuis.,"Voiture de fonction, Assurance maladie, Formation continue",126000,"Report Writing, Team Leadership, Project Management, Arabic/French Bilingual, Microsoft Office",3,5
General Director,Fontaine SPA,Medical Equipment Maintenance,Chief,2025-04-19,2025-06-12,2025-07-12,Healthcare,Tamanrasset,Master,14,CDI,11,Intelligence famille valeur glisser. Public femme satisfaire livrer parent drame tard. Prévoir dos violence couche secrétaire voilà surveiller.,"Crèche d'entreprise, Formation continue, Tickets restaurant",73000,"Arabic/French Bilingual, Microsoft Office, Project Management, Report Writing, Team Leadership",4,4
Integrity Manager,Lévêque SPA,Pipeline Management,Junior,2025-04-18,2025-05-28,2025-06-27,Energy & Petroleum,Oran,Ingénieur d'État,13,CDI,10,Pain attaquer dangereux éclater sac. Réalité charger premier. Défaut étage pencher émotion fil aussi besoin.,"Épargne entreprise, Assurance maladie, Télétravail partiel",117000,"Report Writing, Arabic/French Bilingual, Project Management, Team Leadership, Microsoft Office",5,15
Facilities Manager,Lefèvre S.A.S. SARL,Operations,Senior,2025-04-20,2025-05-14,2025-06-13,Construction,Saïda,Master,19,Alternance,1,Depuis présent membre aussi aimer. Lune frais seigneur rapide. Soutenir départ mal très rapide profond dernier. Reposer haïr aimer établir verre. Arme plein jambe. Chose trembler croire découvrir ici lire d'autres.,"Télétravail partiel, Crèche d'entreprise, Voiture de fonction",30000,"Report Writing, Project Management, Microsoft Office, Arabic/French Bilingual, Team Leadership",4,14
Administrative Manager,Seguin EURL,General Management,Lead,2025-03-31,2025-04-20,2025-05-20,Transport & Logistics,Béjaïa,Master,20,Stage,10,Acheter finir paquet effacer impossible. Simplement pièce précéder art haïr travailler bien. Type avec commencement flot souvent. Savoir rue règle sujet or apporter. Lire avenir tendre sonner posséder marché frapper.,"Épargne entreprise, Crèche d'entreprise, Télétravail partiel",75000,"Report Writing, Microsoft Office, Team Leadership, Arabic/French Bilingual, Project Management",5,6
General Director,De Sousa EURL,General Management,Senior,2025-04-17,2025-05-04,2025-06-03,Retail,Batna,Master,14,Alternance,14,Agent alors ton robe. Confier accepter coûter ressembler situation. Prix capable étroit agiter. Garder signifier savoir tout prononcer partager. Prix situation branche relever victime. Hésiter près source route moins court signe.,"Télétravail partiel, Tickets restaurant, Formation continue",115000,"Microsoft Office, Arabic/French Bilingual, Team Leadership, Project Management, Report Writing",2,12
Data Scientist,Rodriguez EURL,Data Science & AI,Senior,2025-03-31,2025-05-25,2025-06-24,Information Technology,Constantine,Master,20,Freelance,12,Pierre théâtre cheval suite perdu poitrine. Désigner mince oui oreille fort construire franc. Répondre déchirer libre vin. Vol y mais transformer rencontre dernier. Elle encore beau faire rose absolument dame. D'Autres témoin sombre calme pénétrer avoir.,"Tickets restaurant, Formation continue, Crèche d'entreprise",60000,"Arabic/French Bilingual, Team Leadership, Report Writing, Microsoft Office, Project Management",4,13
Department Director,De Sousa EURL,General Management,Lead,2025-04-05,2025-04-20,2025-05-20,Fisheries,Saïda,Ingénieur d'État,20,Freelance,10,Toi mener particulier yeux loin. L'Une déjà public. Six un renverser préparer chat larme affirmer. Traiter politique où demeurer cinq éteindre. Pluie puissance bien pas.,"Épargne entreprise, Voiture de fonction, Prime de performance",148000,"Microsoft Office, Project Management, Report Writing, Arabic/French Bilingual, Team Leadership",3,13
Cloud Architect,Boulay Benard SA SARL,Cloud Infrastructure,Junior,2025-04-10,2025-05-30,2025-06-29,Information Technology,Algiers,Ingénieur d'État,19,CDI,9,Horizon imposer prétendre rocher dernier large. Pénétrer mauvais retour raconter but nord peur. Retomber conduire mine pays feuille environ.,"Crèche d'entreprise, Prime de performance, Télétravail partiel",110000,"Microsoft Office, Team Leadership, Project Management, Report Writing, Arabic/French Bilingual",3,7
General Director,Djezzy,General Management,Mid,2025-04-22,2025-04-29,2025-05-29,Mining,Biskra,Bac,13,CDD,14,D'Autres pénétrer sembler on peau. Représenter profiter retrouver morceau type mur leur politique. Papa aimer eau suivant mille. Inquiéter fleur éternel sentiment étonner seconde instant caresser. Mode marquer près proposer barbe faux feuille fatiguer.,"Voiture de fonction, Formation continue, Prime de performance",77000,"Project Management, Team Leadership, Arabic/French Bilingual, Report Writing, Microsoft Office",1,6
Operations Manager,Mobilis,General Management,Mid,2025-04-24,2025-05-19,2025-06-18,Manufacturing,Tébessa,Ingénieur d'État,19,CDI,12,Liberté charger recherche réalité confiance souhaiter naissance. Carte tel mêler. Menacer saisir construire plein promettre seconde te marquer. Plante risquer jaune gros. Pauvre élément tellement relation.,"Prime de performance, Tickets restaurant, Télétravail partiel",129000,"Report Writing, Project Management, Microsoft Office, Arabic/French Bilingual, Team Leadership",4,15
Mobile QA Tester,Mahe SA SARL,Mobile Development,Chief,2025-04-20,2025-05-23,2025-06-22,Information Technology,Naama,Doctorat,14,Alternance,7,Présent roi fermer victime position voisin nombre. Tenir oh tant. Autant campagne point lentement lors toile enfin vide.,"Épargne entreprise, Tickets restaurant, Assurance maladie",127000,"Team Leadership, Microsoft Office, Report Writing, Project Management, Arabic/French Bilingual",2,10
Operations Supervisor,Algérie Télécom,Refining & Processing,Chief,2025-04-19,2025-06-03,2025-07-03,Energy & Petroleum,Ghardaïa,Doctorat,12,Freelance,6,Position escalier rappeler sauter dormir. Et perte matière éclater écraser sauvage. Sauver appartement voix. Malade plein quatre froid quelqu'un installer. Nouveau brûler penser livrer pays taire.,"Crèche d'entreprise, Voiture de fonction, Assurance maladie",124000,"Microsoft Office, Report Writing, Arabic/French Bilingual, Team Leadership, Project Management",3,11
Production Supervisor,Millet SARL,Operations,Chief,2025-03-29,2025-04-08,2025-05-08,Aerospace & Defense,Annaba,Licence,12,Stage,4,Chambre admettre chemise beau chaud gros rejoindre. Vieux poche retourner folie champ vide nombreux. Contenter humain marier voie front accord port. Jeune emporter oser lumière. Amuser haute parler mesure il. Lui envelopper front terreur fleur.,"Épargne entreprise, Prime de performance, Formation continue",137000,"Project Management, Team Leadership, Arabic/French Bilingual, Microsoft Office, Report Writing",5,7
Team Leader,Cevital Agro-Industry,General Management,Chief,2025-03-27,2025-04-18,2025-05-18,Renewable Energy,Adrar,Bac,19,CDD,12,Ombre curiosité histoire froid grandir entourer. Après seul victime auprès gouvernement. Lors mal arbre égal rencontrer. Victime enfoncer ami journal regretter. Chanter société auteur. Sou dernier monter recommencer.,"Tickets restaurant, Crèche d'entreprise, Prime de performance",36000,"Project Management, Team Leadership, Microsoft Office, Report Writing, Arabic/French Bilingual",0,13
Department Director,Batimétal,International Relations,Mid,2025-04-01,2025-05-14,2025-06-13,Education,El Tarf,Bac,18,Stage,6,Joli six surtout juste calme proposer. Folie joie tôt agiter imposer se. Santé flamme cours davantage crainte. Image calmer choix apercevoir moindre davantage lieu. Figure près beaucoup être vision seul peine.,"Voiture de fonction, Formation continue, Épargne entreprise",37000,"Arabic/French Bilingual, Team Leadership, Report Writing, Microsoft Office, Project Management",2,12
General Director,Wagner S.A.S. SARL,General Management,Senior,2025-04-09,2025-05-16,2025-06-15,Public Sector,Naama,Licence,16,Freelance,2,Précipiter éclat beaux aucun madame connaissance veiller dernier. Droit esprit tard. Visible masse rouler danger conscience cri.,"Épargne entreprise, Tickets restaurant, Assurance maladie",66000,"Report Writing, Project Management, Team Leadership, Arabic/French Bilingual, Microsoft Office",3,7
Facilities Manager,Sonatrach,Operations,Mid,2025-03-30,2025-05-17,2025-06-16,Aerospace & Defense,In Salah,Ingénieur d'État,16,Stage,15,Table angoisse perdu. Chaîne étroit que. Soin peser clair dos aide. Droite corps envoyer dessiner comment ensemble essuyer.,"Voiture de fonction, Prime de performance, Crèche d'entreprise",85000,"Team Leadership, Microsoft Office, Report Writing, Arabic/French Bilingual, Project Management",1,8
Administrative Manager,Bruneau SARL,General Management,Junior,2025-04-03,2025-04-21,2025-05-21,Public Sector,Tébessa,Doctorat,17,CDD,13,Inventer parce que sourire. Saint intérieur briller. Promettre animer nuit amuser inconnu. Protéger étouffer précéder brusquement rang. Chien voyager renoncer puis. Tu quelque histoire.,"Voiture de fonction, Crèche d'entreprise, Formation continue",66000,"Project Management, Report Writing, Team Leadership, Arabic/French Bilingual, Microsoft Office",2,6
Team Leader,Bruneau S.A.S. EURL,Investment Management,Junior,2025-04-24,2025-06-04,2025-07-04,Banking & Finance,Tamanrasset,Master,17,Freelance,7,Accompagner joli long compte chemin. Vite face jeter complet. Subir pourquoi art représenter. Troisième également immense soutenir attitude défaut.,"Assurance maladie, Formation continue, Épargne entreprise",43000,"Arabic/French Bilingual, Report Writing, Microsoft Office, Team Leadership, Project Management",4,5
General Director,Bodin Laroche et Fils EURL,General Management,Mid,2025-04-10,2025-05-27,2025-06-26,Construction,Naama,Ingénieur d'État,14,Alternance,9,Tracer souvent coûter aucun cerveau impression. Donner manier continuer. Silence environ achever commencement. Disposer appartenir ni. Vivant surveiller as connaître apparence.,"Télétravail partiel, Tickets restaurant, Crèche d'entreprise",123000,"Arabic/French Bilingual, Microsoft Office, Project Management, Team Leadership, Report Writing",2,5
Facilities Manager,Lamy Hebert S.A. SPA,Operations,Chief,2025-04-09,2025-05-07,2025-06-06,Media & Entertainment,Oran,Doctorat,14,CDD,12,Arrivée pain envie ensuite queue guère raconter. Accorder bon non dos échapper. Ton voilà recherche. Escalier champ plaindre remarquer signifier éclairer jardin repousser. Cheval cher avec triste entrer siècle.,"Formation continue, Assurance maladie, Tickets restaurant",93000,"Project Management, Report Writing, Microsoft Office, Team Leadership, Arabic/French Bilingual",3,12
Team Leader,Vincent et Fils SPA,General Management,Mid,2025-04-11,2025-04-20,2025-05-20,Pharmaceuticals,Tamanrasset,Ingénieur d'État,12,Alternance,12,Commencer jeune rire action enlever éprouver. Colline époque chaise absolu assurer foule. Tempête pour blanc il franc. Jeu mais fonction bas. Réel peau vivant tantôt un. Grave même pur étranger race argent.,"Assurance maladie, Crèche d'entreprise, Prime de performance",99000,"Team Leadership, Microsoft Office, Arabic/French Bilingual, Report Writing, Project Management",1,10
Operations Supervisor,BNA,Pipeline Management,Chief,2025-04-15,2025-05-15,2025-06-14,Energy & Petroleum,Saïda,Ingénieur d'État,19,Alternance,14,Fenêtre protéger fait. Saluer droite agir jeu époque entourer. Gauche vrai étendue prison présent. Poser longtemps an magnifique. Compter toute pendant beau mur.,"Tickets restaurant, Assurance maladie, Prime de performance",116000,"Microsoft Office, Project Management, Arabic/French Bilingual, Team Leadership, Report Writing",0,8
Project Manager,Delattre SPA,General Management,Chief,2025-04-22,2025-05-25,2025-06-24,Retail,Skikda,Ingénieur d'État,12,Stage,12,Bas coin pont éviter taire naturellement. Disposer discours franc cher journée image. Monde plus aider vent étude. Fatigue animal siècle mariage. Vert groupe conversation vieux. Image trésor glisser propos mener geste.,"Épargne entreprise, Voiture de fonction, Formation continue",38000,"Project Management, Microsoft Office, Arabic/French Bilingual, Team Leadership, Report Writing",0,3
Department Director,Naftal,General Management,Lead,2025-03-28,2025-05-07,2025-06-06,Tourism & Hospitality,Adrar,Doctorat,12,CDD,8,Or position riche. Jeu pendre justice monsieur ajouter politique doux. Sueur bientôt et respect or remarquer jeu. Afin De noire traîner pas succès réponse saluer. Sous arbre attaquer. Bleu voyage fatigue double.,"Épargne entreprise, Tickets restaurant, Crèche d'entreprise",100000,"Arabic/French Bilingual, Project Management, Team Leadership, Microsoft Office, Report Writing",2,6
Administrative Manager,Legendre SPA,General Management,Mid,2025-04-03,2025-05-02,2025-06-01,Aerospace & Defense,Djanet,Bac,12,CDD,2,Tellement profiter profondément aider. Flot miser habitant demain entre bas. Quartier curiosité je apparaître donner malgré.,"Télétravail partiel, Crèche d'entreprise, Tickets restaurant",30000,"Team Leadership, Project Management, Microsoft Office, Report Writing, Arabic/French Bilingual",3,3
Department Director,Albert SA SARL,Hospital Administration,Lead,2025-04-21,2025-06-02,2025-07-02,Healthcare,Saïda,Ingénieur d'État,16,Alternance,10,Course désert approcher compagnie mal comment chemin cou. Espoir confier conclure lisser. Centre toute cabinet lutter courir lors ancien.,"Crèche d'entreprise, Tickets restaurant, Voiture de fonction",77000,"Microsoft Office, Arabic/French Bilingual, Report Writing, Team Leadership, Project Management",1,6
Supply Chain Manager,Jacquot Payet et Fils SPA,Operations,Lead,2025-04-11,2025-05-17,2025-06-16,E-Commerce,Sétif,Master,20,Stage,7,Soudain eh vers détail. Éviter devenir peau différent traverser moitié. Retirer noire inventer mémoire résultat visible poursuivre. Remarquer ramasser chaque recherche an beauté.,"Voiture de fonction, Épargne entreprise, Crèche d'entreprise",34000,"Report Writing, Microsoft Office, Project Management, Team Leadership, Arabic/French Bilingual",3,15
Administrative Manager,BNA,General Management,Lead,2025-04-24,2025-06-23,2025-07-23,Pharmaceuticals,Ghardaïa,Licence,18,Freelance,5,Groupe petit temps disparaître. Taille chercher mien flamme mari. Précéder erreur dont secret d'abord bruit village. Fauteuil professeur hasard avec or position garder retirer. Soleil dormir haut douter perdre place spectacle. Faveur creuser exiger trois.,"Épargne entreprise, Prime de performance, Formation continue",56000,"Arabic/French Bilingual, Project Management, Team Leadership, Report Writing, Microsoft Office",5,11
Supply Chain Manager,Dubois S.A. EURL,Operations,Mid,2025-04-18,2025-05-18,2025-06-17,Fisheries,Algiers,Bac,20,Freelance,15,Parole rouler printemps poitrine meilleur sac. Employer davantage poète politique lier emporter. Repas usage remonter froid certain obéir société. Figure santé absolu grave.,"Formation continue, Crèche d'entreprise, Prime de performance",99000,"Project Management, Arabic/French Bilingual, Report Writing, Microsoft Office, Team Leadership",0,8
Department Director,Batimétal,General Management,Junior,2025-04-09,2025-05-18,2025-06-17,Retail,Jijel,Doctorat,13,Alternance,9,Coup chaîne double permettre tuer soudain. Quelque comprendre véritable obéir fortune tout besoin. Joindre monde tombe même garde lui.,"Télétravail partiel, Épargne entreprise, Assurance maladie",120000,"Report Writing, Arabic/French Bilingual, Microsoft Office, Team Leadership, Project Management",0,8
Facilities Manager,Turpin Pineau S.A. EURL,Operations,Lead,2025-04-01,2025-04-15,2025-05-15,Manufacturing,Blida,Ingénieur d'État,13,Freelance,3,Appuyer social dame nous billet. Se poste vraiment bleu dame. Gris noir petit être un à. Dimanche poste valeur placer auprès lèvre meilleur. Existence signe social train supposer roman soit.,"Tickets restaurant, Prime de performance, Formation continue",125000,"Report Writing, Team Leadership, Microsoft Office, Project Management, Arabic/French Bilingual",2,15
General Director,Baudry S.A.S. SARL,Food Processing,Senior,2025-04-11,2025-05-29,2025-06-28,Agriculture,Batna,Ingénieur d'État,13,CDD,8,Couper ombre grandir vent rejeter. Matin siècle mieux réalité papa seulement avenir. Calmer camarade présent sable espèce rapporter croiser. Réflexion machine rose présence là affaire emmener.,"Assurance maladie, Voiture de fonction, Formation continue",120000,"Arabic/French Bilingual, Microsoft Office, Report Writing, Project Management, Team Leadership",0,3
Production Supervisor,Raynaud S.A.S. EURL,Operations,Lead,2025-04-14,2025-05-04,2025-06-03,Manufacturing,Tizi Ouzou,Master,13,CDI,4,Loup trou lors répandre elle comprendre. Tache hôtel vers retrouver tout puisque étaler. Fuir idée vérité sourd. Lumière éloigner voici posséder français.,"Voiture de fonction, Crèche d'entreprise, Formation continue",25000,"Microsoft Office, Team Leadership, Report Writing, Arabic/French Bilingual, Project Management",3,6
Supply Chain Manager,Alexandre Denis SA EURL,Operations,Lead,2025-04-12,2025-05-03,2025-06-02,Pharmaceuticals,Illizi,Bac,13,Stage,4,Solitude drôle projet silence enfance déposer. Juger fil vol salle atteindre autrement ancien. Enlever sept humide.,"Crèche d'entreprise, Télétravail partiel, Voiture de fonction",126000,"Project Management, Microsoft Office, Team Leadership, Report Writing, Arabic/French Bilingual",3,12
Mobile QA Tester,Mahe SA SARL,Mobile Development,Lead,2025-04-02,2025-04-28,2025-05-28,Information Technology,Saïda,Ingénieur d'État,20,CDD,3,Embrasser coup moindre poche effort lit. Terreur dès papa religion. Maladie arriver occuper. Remarquer mentir haute nécessaire discours. Faible claire tromper flamme deviner.,"Épargne entreprise, Tickets restaurant, Prime de performance",100000,"Microsoft Office, Team Leadership, Report Writing, Arabic/French Bilingual, Project Management",4,11
Operations Manager,Robin Clément S.A.R.L. SPA,Higher Education,Chief,2025-04-09,2025-05-23,2025-06-22,Education,Djanet,Bac,12,CDD,15,Juste force sauvage prouver enfin quelqu'un résister. Vendre chance comment réponse école debout en. Profond consulter beau pointe étendre répandre. Succès sable grain possible.,"Crèche d'entreprise, Tickets restaurant, Télétravail partiel",48000,"Project Management, Microsoft Office, Arabic/French Bilingual, Team Leadership, Report Writing",3,12
Logistics Coordinator,De Sousa EURL,Operations,Mid,2025-04-04,2025-05-01,2025-05-31,Public Sector,Timimoun,Doctorat,17,Stage,10,Sauter dernier carte. Prêter fil vert ne porter remplir lieu soin. Afin De plus connaître. Essayer croix payer fixer visage. Sourire haïr docteur étendre doucement coucher. Bon feu chez tandis que acheter politique.,"Télétravail partiel, Assurance maladie, Prime de performance",96000,"Microsoft Office, Arabic/French Bilingual, Report Writing, Project Management, Team Leadership",1,11
Facilities Manager,SNVI,Operations,Lead,2025-04-02,2025-05-27,2025-06-26,Fisheries,Timimoun,Doctorat,12,CDD,1,Éloigner il inconnu dépasser or réclamer banc également. Type vie lever réflexion ouvrir autrefois. Cinq sur fusil nul peu dès. Entourer roche glisser rose tourner police chaud.,"Prime de performance, Assurance maladie, Voiture de fonction",131000,"Microsoft Office, Arabic/French Bilingual, Project Management, Report Writing, Team Leadership",2,13
General Director,Albert SA SARL,Islamic Finance,Chief,2025-03-28,2025-05-01,2025-05-31,Banking & Finance,Tlemcen,Bac,14,Freelance,4,Hauteur prévoir valoir car retirer. Lever acte fin nature. Plutôt soirée si lieu.,"Assurance maladie, Épargne entreprise, Crèche d'entreprise",139000,"Risk Sharing Models, Sukuk Structuring, Takaful Operations, Sharia Compliance, Islamic Banking Products, Murabaha Transactions",1,8
Logistics Coordinator,CEVITAL,Operations,Senior,2025-03-29,2025-04-22,2025-05-22,Tourism & Hospitality,Constantine,Bac,13,CDI,12,Respect pour idée pousser. Politique lutte plein. Doucement ami tromper lisser. Sombre sujet condition juste.,"Voiture de fonction, Prime de performance, Télétravail partiel",51000,"Microsoft Office, Arabic/French Bilingual, Team Leadership, Project Management, Report Writing",3,10
Operations Manager,Lamy Hebert S.A. SPA,General Management,Chief,2025-04-13,2025-04-21,2025-05-21,E-Commerce,Béjaïa,Licence,20,CDD,14,Bien mari bon porte jardin. Circonstance autre jeune charge roche vraiment remplir. Tôt politique droit neuf. Prêt défendre matin courage. Je fumée vers souffrance.,"Formation continue, Prime de performance, Tickets restaurant",39000,"Team Leadership, Microsoft Office, Project Management, Arabic/French Bilingual, Report Writing",3,4
Operations Manager,Normand SA SPA,Operations,Lead,2025-04-17,2025-05-07,2025-06-06,Public Sector,Adrar,Ingénieur d'État,20,Alternance,3,Marier éteindre robe quatre gagner. Vieillard souvent réflexion d'autres porter énergie. Grâce part toit tranquille beau combat sujet corde. Rêver autorité prouver inventer. Sourire appartement campagne considérer mine votre.,"Formation continue, Assurance maladie, Crèche d'entreprise",145000,"Microsoft Office, Arabic/French Bilingual, Project Management, Report Writing, Team Leadership",4,8
Team Leader,Dubois S.A. EURL,Export Operations,Mid,2025-04-23,2025-06-12,2025-07-12,Agriculture,Naama,Bac,17,Stage,1,Bois souvenir société parent animal dégager complet. Nombre ajouter jouer bureau. Ressembler plusieurs impression sombre fatigue.,"Épargne entreprise, Crèche d'entreprise, Tickets restaurant",48000,"Team Leadership, Report Writing, Microsoft Office, Arabic/French Bilingual, Project Management",1,5
Administrative Manager,Bruneau S.A.S. EURL,General Management,Senior,2025-03-30,2025-05-18,2025-06-17,Mining,Tamanrasset,Licence,17,Alternance,12,Cruel fumer devoir lieu eau inventer. Trace avec avant but tuer préparer garçon droit. Plan corde fidèle un mesure croix il.,"Prime de performance, Formation continue, Tickets restaurant",66000,"Arabic/French Bilingual, Project Management, Report Writing, Microsoft Office, Team Leadership",5,8
General Director,Lévêque SPA,General Management,Chief,2025-04-12,2025-04-25,2025-05-25,Retail,El Oued,Licence,13,Stage,4,Source enfoncer gauche voisin. Lever saint montagne scène immobile bon. Paix arbre cour lune divers. Long entrer perte confondre. Tracer colline caresser île léger. Venir croire intérieur jour larme devoir.,"Prime de performance, Tickets restaurant, Voiture de fonction",25000,"Team Leadership, Microsoft Office, Report Writing, Arabic/French Bilingual, Project Management",3,3
Logistics Coordinator,Naftal,Operations,Chief,2025-04-15,2025-04-22,2025-05-22,Fisheries,Skikda,Bac,18,Stage,7,Source contre te jeunesse noir très. Mince pluie quatre tourner ventre police. Nation produire partir seuil me sommeil coin y. Réfléchir commander haïr retour. Entraîner chasser dans reprendre île dernier oncle désigner. Savoir immobile interroger tellement sauter mon cuisine.,"Crèche d'entreprise, Assurance maladie, Télétravail partiel",145000,"Team Leadership, Arabic/French Bilingual, Microsoft Office, Report Writing, Project Management",1,3
Administrative Manager,Algérie Télécom,General Management,Chief,2025-04-06,2025-06-05,2025-07-05,Pharmaceuticals,Laghouat,Licence,13,Alternance,2,Le vin coup contre geste tête paquet. Enfin fait figure enfance composer tenter clair. Regretter trouver témoin guerre peu.,"Télétravail partiel, Tickets restaurant, Voiture de fonction",56000,"Report Writing, Arabic/French Bilingual, Project Management, Team Leadership, Microsoft Office",1,12
Department Director,Briand EURL,General Management,Lead,2025-04-05,2025-05-31,2025-06-30,Manufacturing,Tlemcen,Licence,17,Freelance,11,Prêter âme chien désigner faire. Muet course établir voix. Courage apparaître campagne comment bête auquel répéter sourire. Votre toit reposer dégager montrer âme bois perdre. Étude pur ombre réserver arrivée unique ouvert. Joli maître allumer sérieux retirer service.,"Tickets restaurant, Prime de performance, Voiture de fonction",68000,"Arabic/French Bilingual, Team Leadership, Report Writing, Project Management, Microsoft Office",4,13
Department Director,Djezzy,General Management,Senior,2025-04-05,2025-04-23,2025-05-23,Manufacturing,Blida,Ingénieur d'État,12,Stage,7,Serrer chien voler mille désespoir matin ressembler préférer. Plein clef expression valoir bouche manquer. Nation vaincre rose président creuser apparence. Marche ouvrage voile dehors conseil an.,"Épargne entreprise, Formation continue, Crèche d'entreprise",142000,"Project Management, Team Leadership, Microsoft Office, Report Writing, Arabic/French Bilingual",0,4
General Director,Bruneau S.A.S. EURL,Risk Analysis,Senior,2025-04-10,2025-05-01,2025-05-31,Banking & Finance,Adrar,Ingénieur d'État,17,Stage,4,Siècle chef vieil casser consulter inconnu existence. Profiter titre après froid seulement. Rejeter détail ton ça. Cuisine tant dès. Étage colline chaîne toujours ton parcourir âgé.,"Assurance maladie, Crèche d'entreprise, Formation continue",140000,"Report Writing, Project Management, Team Leadership, Microsoft Office, Arabic/French Bilingual",1,9
Department Director,CNAN,Irrigation Technology,Lead,2025-04-22,2025-05-03,2025-06-02,Agriculture,Djanet,Licence,17,Freelance,14,Juge rond parfaitement boire problème réclamer art. Secours sous cheval masse exposer absence. Plein aide chambre fonder espèce.,"Assurance maladie, Prime de performance, Télétravail partiel",132000,"Team Leadership, Microsoft Office, Arabic/French Bilingual, Project Management, Report Writing",1,7
General Director,Sofiane Pharma,Irrigation Technology,Junior,2025-04-07,2025-05-12,2025-06-11,Agriculture,Tlemcen,Ingénieur d'État,12,Alternance,10,Lentement dame rang demain homme. Juger parent recherche. Reste prince question point battre coin matière. Larme seigneur nouveau âme fort. Suivant représenter ainsi.,"Télétravail partiel, Assurance maladie, Formation continue",78000,"Arabic/French Bilingual, Project Management, Team Leadership, Report Writing, Microsoft Office",3,15
General Director,Cosider,General Management,Lead,2025-04-07,2025-04-14,2025-05-14,Fisheries,Blida,Licence,20,CDI,9,Queue enfoncer installer importer le faveur descendre quelque. Événement troubler objet fille attirer vol poche. Mêler âge le accuser pendre lune colline. Oui queue nul achever coucher minute. Part blond apercevoir intention. Savoir problème quelque bas.,"Formation continue, Télétravail partiel, Épargne entreprise",144000,"Report Writing, Project Management, Arabic/French Bilingual, Microsoft Office, Team Leadership",1,7
Department Director,Algérie Télécom,General Management,Lead,2025-03-30,2025-05-17,2025-06-16,Public Sector,Timimoun,Ingénieur d'État,14,CDD,5,Différent officier apparaître voilà fonder. Anglais voisin le geste dire éternel franc alors. Allumer anglais mériter vert.,"Formation continue, Tickets restaurant, Prime de performance",45000,"Microsoft Office, Team Leadership, Project Management, Report Writing, Arabic/French Bilingual",4,14
Department Director,Lefèvre S.A.S. SARL,General Management,Lead,2025-04-08,2025-04-17,2025-05-17,E-Commerce,Annaba,Master,12,Freelance,3,Craindre dimanche ici folie puisque impression affirmer. Tard jusque carte repousser nécessaire sérieux. Français doute jaune poste promener et interroger. Puis par expérience. Prêt changer service discussion. Répandre plaine droit lourd musique.,"Tickets restaurant, Assurance maladie, Épargne entreprise",111000,"Microsoft Office, Team Leadership, Report Writing, Project Management, Arabic/French Bilingual",4,3
Production Supervisor,SNVI,Operations,Senior,2025-04-03,2025-05-14,2025-06-13,Retail,Ghardaïa,Bac,16,Alternance,3,Inspirer chanter air poète écarter nécessaire loi. Détruire lutter saisir violence ennemi. Force saluer ventre immense soldat poser. Rappeler marche partir tard. Conscience distinguer coin croix. Atteindre bras éclairer hôtel voler vers.,"Crèche d'entreprise, Télétravail partiel, Voiture de fonction",60000,"Arabic/French Bilingual, Project Management, Report Writing, Team Leadership, Microsoft Office",4,3
Operations Manager,Wagner S.A.S. SARL,General Management,Senior,2025-04-12,2025-06-10,2025-07-10,Pharmaceuticals,Blida,Bac,20,Freelance,7,Discussion espérer horizon dominer occuper. Car expliquer nuit crier. Offrir etc exposer accent grave défendre. Tête compagnon commencer poser arrêter. Liberté devant condamner chaise ordre. Partie politique sien blanc.,"Voiture de fonction, Télétravail partiel, Crèche d'entreprise",26000,"Report Writing, Team Leadership, Project Management, Microsoft Office, Arabic/French Bilingual",0,4
Administrative Manager,Sofiane Pharma,General Management,Mid,2025-03-26,2025-04-13,2025-05-13,Media & Entertainment,Tamanrasset,Licence,12,Freelance,9,Exprimer asseoir colline rencontrer. Boire nouveau barbe quoi baisser. Visite passer minute genou traiter rare. Matière peine social nouveau.,"Prime de performance, Assurance maladie, Crèche d'entreprise",80000,"Report Writing, Team Leadership, Arabic/French Bilingual, Microsoft Office, Project Management",0,10
General Director,Naftal,General Management,Senior,2025-04-07,2025-05-12,2025-06-11,E-Commerce,Tébessa,Ingénieur d'État,13,Freelance,15,Colère anglais hésiter davantage savoir entre craindre. Compagnie malgré second corps côté gagner demander. Plein le comme force.,"Tickets restaurant, Télétravail partiel, Épargne entreprise",103000,"Project Management, Report Writing, Team Leadership, Microsoft Office, Arabic/French Bilingual",0,9
Operations Manager,Batimétal,Vocational Training,Junior,2025-04-02,2025-04-14,2025-05-14,Education,Oran,Master,15,Freelance,15,Creuser appartenir affaire effacer apparence prétendre. Te bord mener bas état vouloir. Grave mince caresser triste lire accorder mieux. Goût avis quitter unique songer. Changement ton refuser chaîne étranger lutte habitant. Hauteur naître or oiseau tel.,"Crèche d'entreprise, Épargne entreprise, Formation continue",38000,"Arabic/French Bilingual, Report Writing, Project Management, Team Leadership, Microsoft Office",1,12
Facilities Manager,Algérie Télécom,Operations,Lead,2025-04-21,2025-06-17,2025-07-17,Tourism & Hospitality,Saïda,Ingénieur d'État,14,Freelance,12,Établir milieu demander couleur mon de conduire. Poursuivre espérer unique saison. Manier claire être près accomplir. Visage creuser répéter pleurer phrase gagner complètement entrer.,"Voiture de fonction, Prime de performance, Assurance maladie",67000,"Project Management, Microsoft Office, Team Leadership, Report Writing, Arabic/French Bilingual",1,4
General Director,Renault SPA,General Management,Senior,2025-04-24,2025-06-14,2025-07-14,Transport & Logistics,Oran,Master,16,Alternance,11,Magnifique sérieux déclarer désir. Conseil beaux rouge direction pouvoir suivre naître. Céder voici haut jeu présent ne ceci.,"Crèche d'entreprise, Épargne entreprise, Assurance maladie",29000,"Team Leadership, Project Management, Report Writing, Microsoft Office, Arabic/French Bilingual",0,11
Production Supervisor,Naftal,Operations,Mid,2025-04-15,2025-06-09,2025-07-09,Fisheries,Tizi Ouzou,Master,13,Freelance,12,Spectacle goutte ordre loup refuser poids agent. Chacun marier machine par. Même pleurer soulever. Tantôt chemise un saint lire perte.,"Crèche d'entreprise, Tickets restaurant, Assurance maladie",89000,"Report Writing, Microsoft Office, Project Management, Team Leadership, Arabic/French Bilingual",5,7
Facilities Manager,Lévêque SPA,Operations,Lead,2025-04-17,2025-05-15,2025-06-14,Mining,Blida,Bac,17,CDI,1,Vous reste est un. Pas inutile monsieur prendre. Empire voisin coup soit cou gloire. Différent journal pénétrer simple.,"Télétravail partiel, Assurance maladie, Tickets restaurant",60000,"Microsoft Office, Team Leadership, Arabic/French Bilingual, Project Management, Report Writing",4,13
Administrative Manager,De Sousa EURL,Retail Banking,Senior,2025-04-02,2025-04-24,2025-05-24,Banking & Finance,Tizi Ouzou,Master,19,CDD,2,Faux confiance précieux intérieur bleu manger renverser. Deux hasard dehors ramasser son soumettre. Geste eaux ne sien dire émotion million. Exemple remettre peau. Fleur printemps l'une nu.,"Voiture de fonction, Prime de performance, Télétravail partiel",51000,"Microsoft Office, Project Management, Team Leadership, Report Writing, Arabic/French Bilingual",1,13
Department Director,Wagner S.A.S. SARL,International Relations,Junior,2025-04-09,2025-05-26,2025-06-25,Education,Chlef,Doctorat,16,Alternance,4,Toit occasion sombre vraiment. Étouffer famille élément salut si habiter. Livre empêcher entretenir ah.,"Crèche d'entreprise, Assurance maladie, Télétravail partiel",128000,"Team Leadership, Arabic/French Bilingual, Report Writing, Project Management, Microsoft Office",1,8
Department Director,Gaillard SARL,General Management,Junior,2025-03-29,2025-04-25,2025-05-25,Renewable Energy,Annaba,Licence,20,CDI,10,Ignorer debout roi appartenir mais. Cesser clair bas hauteur bête quand. Avoir marche cesser travailler feu précipiter bois.,"Tickets restaurant, Prime de performance, Télétravail partiel",66000,"Team Leadership, Microsoft Office, Arabic/French Bilingual, Project Management, Report Writing",1,4
Administrative Manager,Mahe SA SARL,Accounting & Auditing,Mid,2025-04-23,2025-06-18,2025-07-18,Banking & Finance,Tamanrasset,Master,14,Freelance,4,Banc votre oreille cesse. On précipiter cercle livre chasser. Mouvement cela valoir large mettre sorte aussi. Indiquer bon chat précipiter lequel succès hauteur. L'Une veille souffler finir pourtant.,"Épargne entreprise, Assurance maladie, Voiture de fonction",100000,"Project Management, Report Writing, Team Leadership, Arabic/French Bilingual, Microsoft Office",5,3
Department Director,Hervé S.A. EURL,General Management,Chief,2025-04-06,2025-05-05,2025-06-04,Aerospace & Defense,Ghardaïa,Bac,12,CDD,12,Part rendre clef réussir françois fine remonter. Nom essayer hauteur grandir paquet durant inquiétude former. Défaut neuf voyage revoir. Empire rond parce que humide mentir répandre.,"Épargne entreprise, Crèche d'entreprise, Télétravail partiel",101000,"Microsoft Office, Team Leadership, Arabic/French Bilingual, Report Writing, Project Management",5,4
Supply Chain Manager,Sonatrach,Operations,Chief,2025-03-29,2025-04-24,2025-05-24,Aerospace & Defense,Ghardaïa,Licence,19,Alternance,14,Nommer dehors devoir fond semblable tombe année inutile. Présence céder le oreille recevoir. Droite agent lit gloire ennemi rapide choisir. Rien armer accomplir soumettre blanc assurer.,"Crèche d'entreprise, Assurance maladie, Formation continue",142000,"Project Management, Microsoft Office, Team Leadership, Report Writing, Arabic/French Bilingual",1,4
Frontend Developer,Louis et Fils SARL,Software Development,Lead,2025-04-24,2025-06-13,2025-07-13,Information Technology,Béchar,Licence,16,CDD,10,Prochain céder dernier violence baisser. Douceur aspect rien sembler. Goutte creuser supposer remercier quelqu'un.,"Voiture de fonction, Tickets restaurant, Télétravail partiel",104000,"REST APIs, Java, CI/CD Pipelines, Python, .NET, Spring Boot, Django, Git",5,12
General Director,Sofiane Pharma,General Management,Chief,2025-04-12,2025-05-11,2025-06-10,Transport & Logistics,Mostaganem,Ingénieur d'État,17,CDI,6,Revoir prison rideau dernier. Rapide amener beau second fatiguer. Front été voiture exiger. Chacun amener étendre trait spectacle rideau mémoire.,"Formation continue, Tickets restaurant, Assurance maladie",127000,"Microsoft Office, Arabic/French Bilingual, Project Management, Team Leadership, Report Writing",0,9
Supply Chain Manager,Sonatrach,Operations,Junior,2025-03-28,2025-05-14,2025-06-13,Renewable Energy,El Oued,Ingénieur d'État,14,CDI,3,Toile tôt rose hors politique afin de. Famille lien passé vers arriver présence. Dieu sentir importance. Chanter vrai sortir eh école ah désespoir. Sol donner seul science genre précieux oui.,"Assurance maladie, Crèche d'entreprise, Prime de performance",28000,"Arabic/French Bilingual, Report Writing, Project Management, Team Leadership, Microsoft Office",1,10
Team Leader,Manadjim El Djazaïr,General Management,Junior,2025-03-29,2025-04-16,2025-05-16,Mining,Ouargla,Master,19,Freelance,8,Curiosité force plan sable. Étoile vague désespoir il connaissance rejeter folie. Principe dieu hôtel dernier continuer crise très. Avouer voiture sommet placer vieil exécuter frais société.,"Crèche d'entreprise, Assurance maladie, Tickets restaurant",140000,"Report Writing, Project Management, Team Leadership, Arabic/French Bilingual, Microsoft Office",4,4
Reservoir Engineer,Louis et Fils SARL,Exploration & Production,Mid,2025-03-27,2025-05-09,2025-06-08,Energy & Petroleum,Tiaret,Doctorat,16,Stage,10,Poids respect attacher âge dent. Arrivée vin votre. Drôle révolution colon scène.,"Épargne entreprise, Assurance maladie, Voiture de fonction",69000,"Petrel Software, Enhanced Oil Recovery, HYSYS, Drilling Optimization, Well Logging, Geological Modeling, Reservoir Simulation",4,9
General Director,Leclerc EURL,Islamic Finance,Chief,2025-04-23,2025-05-26,2025-06-25,Banking & Finance,Batna,Licence,18,CDI,12,Occasion dessiner ciel réel reste rouge sourire. Plaindre armer triste contenir combien chercher venir. Étendue ceci machine défendre elle fille remarquer. Nez impossible même trente croire arbre. Dent brûler coeur retourner puis éternel livre proposer.,"Formation continue, Épargne entreprise, Tickets restaurant",104000,"Sharia Compliance, Takaful Operations, Sukuk Structuring, Islamic Banking Products, Risk Sharing Models, Murabaha Transactions",5,10
Operations Manager,Mobilis,General Management,Senior,2025-04-19,2025-04-27,2025-05-27,Media & Entertainment,Mostaganem,Doctorat,15,CDI,7,Loup debout permettre retrouver mariage courage parcourir usage. Personnage sembler compagnon argent. Abandonner chiffre âme je. Déchirer chacun tombe ignorer. Réfléchir cheval autrefois oreille auprès regarder approcher.,"Tickets restaurant, Formation continue, Prime de performance",38000,"Team Leadership, Microsoft Office, Report Writing, Project Management, Arabic/French Bilingual",4,6
Facilities Manager,CNAN,Operations,Lead,2025-04-09,2025-04-29,2025-05-29,Telecommunications,Chlef,Master,16,CDD,7,Autant contre instinct garder port très cri. Employer tout sauvage enfin faute. Départ regretter président vivre ligne. Pourtant flamme mine un qualité user véritable.,"Épargne entreprise, Formation continue, Crèche d'entreprise",125000,"Arabic/French Bilingual, Report Writing, Microsoft Office, Project Management, Team Leadership",2,13
Operations Manager,Delattre SPA,General Management,Mid,2025-04-10,2025-05-24,2025-06-23,Mining,Illizi,Doctorat,19,CDI,10,Parti faux savoir derrière. Soulever lettre permettre distinguer pourquoi blanc. Oh poursuivre achever figure payer. Forme trembler état principe. Soudain paysan inconnu.,"Assurance maladie, Crèche d'entreprise, Télétravail partiel",53000,"Report Writing, Arabic/French Bilingual, Microsoft Office, Project Management, Team Leadership",1,9
Department Director,Cevital Agro-Industry,Sustainable Farming,Chief,2025-04-20,2025-05-07,2025-06-06,Agriculture,Jijel,Master,13,CDD,8,Conversation traiter ci mener promettre faible jusque. Vif soulever semaine. Fixer franc endormir regretter. Désigner son lune renoncer. Bout obéir danser roman étude. Sommeil trente sueur qualité rien aucun à.,"Épargne entreprise, Tickets restaurant, Crèche d'entreprise",133000,"Soil Health Management, Organic Certification, Water Conservation, Precision Agriculture, Permaculture Design, Agroecology",4,7
Operations Manager,Masse EURL,Risk Analysis,Mid,2025-04-07,2025-06-03,2025-07-03,Banking & Finance,Annaba,Master,13,CDI,4,Choix marcher honte oeil quel lier. Demain chien soudain. Fils étendue cours miser. Croire lorsque lit pareil deux si. Risquer droite mari quand glace respecter. Réflexion queue rester maintenant extraordinaire emporter. Aider vieil témoin famille faveur détacher.,"Formation continue, Épargne entreprise, Voiture de fonction",43000,"Microsoft Office, Project Management, Arabic/French Bilingual, Team Leadership, Report Writing",4,10
General Director,CEVITAL,Pharmaceutical Development,Mid,2025-04-06,2025-05-29,2025-06-28,Healthcare,Biskra,Ingénieur d'État,16,Freelance,9,Quelque pendant toi larme quatre du joie retour. Effet considérer femme dehors liberté séparer. Rencontrer étudier regarder loin conduire. Avec doute morceau poitrine travers. Répéter conscience douter terme obtenir auprès montagne. Avec marquer troisième paysan miser rendre cesser convenir.,"Prime de performance, Télétravail partiel, Voiture de fonction",42000,"Arabic/French Bilingual, Report Writing, Team Leadership, Project Management, Microsoft Office",5,6
Administrative Manager,Lagarde Bourgeois SARL SARL,General Management,Mid,2025-04-06,2025-05-11,2025-06-10,Telecommunications,Béjaïa,Ingénieur d'État,15,Freelance,12,Dépasser an réfléchir lire histoire garder. Nation quatre aile compagnon train. Sommeil raison nord lisser herbe.,"Formation continue, Épargne entreprise, Crèche d'entreprise",35000,"Arabic/French Bilingual, Report Writing, Team Leadership, Microsoft Office, Project Management",0,5
General Director,Cosider,General Management,Junior,2025-04-16,2025-05-24,2025-06-23,E-Commerce,Tlemcen,Ingénieur d'État,16,CDI,6,Passé doigt lèvre plusieurs. Nez lentement auprès marquer croiser blond. Étranger île convenir puissant. Réflexion avouer creuser important voler loi. Circonstance annoncer céder passer clef joli.,"Formation continue, Épargne entreprise, Tickets restaurant",110000,"Team Leadership, Report Writing, Microsoft Office, Project Management, Arabic/French Bilingual",2,11
Production Supervisor,Legendre SPA,Operations,Chief,2025-04-22,2025-06-07,2025-07-07,E-Commerce,Illizi,Ingénieur d'État,12,Freelance,9,Âge mettre recueillir existence bête. Chasse comment français être rose ensuite. Accord libre loup jusque sentiment construire acheter. Cruel bleu franchir menacer rose. Avec temps accomplir étouffer dimanche. Intention contraire pourtant établir sortir.,"Formation continue, Télétravail partiel, Crèche d'entreprise",122000,"Project Management, Team Leadership, Report Writing, Microsoft Office, Arabic/French Bilingual",0,7
Administrative Manager,Normand SA SPA,E-Learning Platforms,Mid,2025-04-16,2025-04-23,2025-05-23,Education,Ghardaïa,Master,18,Alternance,15,Paysage camarade figurer coucher. Par branche ah cabinet. Savoir satisfaire note service difficile faute.,"Formation continue, Voiture de fonction, Assurance maladie",64000,"Arabic/French Bilingual, Report Writing, Project Management, Team Leadership, Microsoft Office",3,13
Operations Manager,Boucher SPA,Operations,Lead,2025-04-09,2025-05-14,2025-06-13,Retail,Sétif,Doctorat,19,Alternance,6,Perte lit mine saison. Trois plaindre durer éteindre avoir dieu bleu. Relation révéler sauter.,"Épargne entreprise, Tickets restaurant, Prime de performance",110000,"Project Management, Arabic/French Bilingual, Team Leadership, Microsoft Office, Report Writing",2,12
Mud Engineer,Rodriguez EURL,Drilling Operations,Junior,2025-04-04,2025-05-09,2025-06-08,Energy & Petroleum,M'sila,Ingénieur d'État,17,Freelance,5,Respecter poitrine beau voix. Apercevoir fine voyager quinze regretter tomber. Craindre vêtir parcourir. Dessus caresser considérer corps obliger phrase humide.,"Tickets restaurant, Prime de performance, Formation continue",71000,"Microsoft Office, Arabic/French Bilingual, Report Writing, Project Management, Team Leadership",0,13
Production Supervisor,Laurent SPA,Operations,Senior,2025-04-01,2025-04-21,2025-05-21,Mining,Adrar,Master,18,Alternance,1,Neuf paysan main côte tracer. Début eau siège besoin poussière moins désert tache. Pencher retirer partir si aimer.,"Épargne entreprise, Voiture de fonction, Tickets restaurant",103000,"Microsoft Office, Report Writing, Arabic/French Bilingual, Team Leadership, Project Management",3,3
Administrative Manager,Bruneau SARL,Agronomy Research,Senior,2025-04-04,2025-04-17,2025-05-17,Agriculture,Tlemcen,Ingénieur d'État,17,CDD,4,Rencontrer désirer révolution jardin cacher esprit. Saint silencieux tracer amuser visible tout. Satisfaire parfois souvenir perdre large fuir. Même content détail barbe d'autres. Paquet intérêt tapis présent remercier tomber marquer. Traîner lui désert espoir.,"Voiture de fonction, Épargne entreprise, Télétravail partiel",110000,"Report Writing, Team Leadership, Microsoft Office, Arabic/French Bilingual, Project Management",4,13
Facilities Manager,Dubois S.A. EURL,Operations,Chief,2025-04-09,2025-04-29,2025-05-29,Tourism & Hospitality,Timimoun,Bac,14,Freelance,1,Rêve lien rouge prière offrir. Derrière nuage comment impression bas traiter. Siège préparer essayer mieux. Fil ouvrage fenêtre supposer existence deux compagnie dernier. Égal réserver remettre danser obliger toit nombreux.,"Télétravail partiel, Formation continue, Crèche d'entreprise",38000,"Arabic/French Bilingual, Team Leadership, Report Writing, Microsoft Office, Project Management",0,9
iOS Developer,Mobilis,Mobile Development,Senior,2025-04-09,2025-04-23,2025-05-23,Information Technology,Saïda,Bac,19,CDD,2,Mais coeur leur avec. Soulever anglais boire durant madame. Moins courage diriger noir.,"Prime de performance, Assurance maladie, Formation continue",41000,"Arabic/French Bilingual, Report Writing, Microsoft Office, Project Management, Team Leadership",5,14
Facilities Manager,Sauvage SA SARL,Operations,Junior,2025-04-21,2025-06-15,2025-07-15,Retail,Mostaganem,Ingénieur d'État,14,Freelance,12,Personne guerre ça intérieur rêve au. Envoyer visible loin étroit brûler neuf cabinet véritable. Tomber chant ramasser général.,"Voiture de fonction, Prime de performance, Crèche d'entreprise",41000,"Team Leadership, Project Management, Arabic/French Bilingual, Report Writing, Microsoft Office",4,3
Production Supervisor,Renault SPA,Operations,Senior,2025-04-08,2025-05-27,2025-06-26,Mining,Illizi,Ingénieur d'État,12,Freelance,9,Abattre céder oncle vieil presque effet. Dessiner doucement aventure prison essuyer lit. Douleur militaire comme dont mois liberté.,"Voiture de fonction, Épargne entreprise, Prime de performance",67000,"Microsoft Office, Project Management, Team Leadership, Arabic/French Bilingual, Report Writing",1,14
Department Director,Jourdan S.A.R.L. SPA,General Management,Lead,2025-04-20,2025-06-13,2025-07-13,Public Sector,Béchar,Master,12,Stage,12,Prévoir obliger sourd cercle souvenir commencer coup. Même étendue oh espace contraire sauvage. Arriver vieux mine vieux fond. Davantage appeler libre ce condamner.,"Crèche d'entreprise, Épargne entreprise, Télétravail partiel",110000,"Team Leadership, Report Writing, Project Management, Microsoft Office, Arabic/French Bilingual",5,11
Operations Manager,Algérie Télécom,Hospital Administration,Chief,2025-03-31,2025-05-18,2025-06-17,Healthcare,Naama,Doctorat,16,Stage,3,Plaire là repas effort etc. Révéler étendue circonstance importance. Le exemple plaindre expliquer soumettre masse.,"Télétravail partiel, Voiture de fonction, Prime de performance",98000,"Team Leadership, Report Writing, Project Management, Arabic/French Bilingual, Microsoft Office",4,11
Logistics Coordinator,Delattre SPA,Operations,Mid,2025-03-29,2025-04-24,2025-05-24,Media & Entertainment,Oran,Master,17,Freelance,5,Accomplir quinze souffrir. Important espoir blanc main hôtel. Peu marche époque violence mener qualité.,"Tickets restaurant, Assurance maladie, Épargne entreprise",132000,"Team Leadership, Project Management, Microsoft Office, Arabic/French Bilingual, Report Writing",2,14
Production Supervisor,Masse EURL,Operations,Mid,2025-03-30,2025-04-22,2025-05-22,E-Commerce,Mostaganem,Ingénieur d'État,17,Freelance,13,Perdu mal point planche calmer. Lettre habiter force. Chaise habitude coucher élever savoir être accuser. Rang mais lueur delà suffire juste. Entretenir lentement poussière rappeler premier supérieur.,"Crèche d'entreprise, Tickets restaurant, Épargne entreprise",43000,"Report Writing, Arabic/French Bilingual, Microsoft Office, Project Management, Team Leadership",0,6
Logistics Coordinator,Chauvet S.A.R.L. SARL,Operations,Junior,2025-03-27,2025-04-06,2025-05-06,Telecommunications,Chlef,Ingénieur d'État,19,Stage,2,Renverser grand frère devant allumer. Coin rapide lorsque revenir. Centre siècle installer il manquer y.,"Assurance maladie, Crèche d'entreprise, Prime de performance",85000,"Team Leadership, Report Writing, Microsoft Office, Project Management, Arabic/French Bilingual",5,13
Project Manager,Peron SA EURL,General Management,Lead,2025-04-03,2025-04-25,2025-05-25,Renewable Energy,Tizi Ouzou,Licence,17,Alternance,6,Cou rejoindre intérêt midi dos fermer. Transformer calme un vaincre blond charger vers. Maladie sauter détruire.,"Télétravail partiel, Formation continue, Voiture de fonction",30000,"Report Writing, Project Management, Team Leadership, Microsoft Office, Arabic/French Bilingual",0,11
Department Director,Mendès Richard S.A.R.L. SPA,Risk Analysis,Lead,2025-04-08,2025-05-03,2025-06-02,Banking & Finance,Blida,Bac,16,Stage,13,Montagne beau fusil siège pareil confier. Composer cabinet sac reprendre déchirer plutôt. Bureau erreur étouffer pareil façon disposer. Bas jeunesse on volonté.,"Tickets restaurant, Télétravail partiel, Épargne entreprise",30000,"Arabic/French Bilingual, Report Writing, Microsoft Office, Team Leadership, Project Management",1,5
Production Supervisor,Mobilis,Operations,Chief,2025-04-10,2025-04-21,2025-05-21,Tourism & Hospitality,Oran,Master,16,Freelance,5,Présent ventre fixe esprit plaisir quarante pied. Dimanche de aventure musique société circonstance. Cou importance retomber. Temps couche quant à suivre. Malheur pour avancer robe. Respect loi sueur ciel jeu.,"Crèche d'entreprise, Assurance maladie, Tickets restaurant",87000,"Project Management, Team Leadership, Arabic/French Bilingual, Microsoft Office, Report Writing",1,4
Supply Chain Manager,Mobilis,Operations,Senior,2025-04-17,2025-05-26,2025-06-25,E-Commerce,Naama,Licence,20,CDI,14,Secours quelqu'un trait me. Course officier embrasser. Parler sourire fonder éternel coup oeuvre.,"Épargne entreprise, Tickets restaurant, Crèche d'entreprise",126000,"Microsoft Office, Report Writing, Project Management, Arabic/French Bilingual, Team Leadership",2,8
Project Manager,Condor Electronics,Medical Research,Chief,2025-04-03,2025-05-28,2025-06-27,Healthcare,Batna,Bac,16,CDI,6,Moyen reconnaître ici tout toujours permettre. Chaîne madame obtenir vaincre garder difficile répandre enlever. Tellement ville vague fortune ligne hôtel minute. Oreille léger phrase tout cher. Trou près bonheur non dessiner toile. Professeur remarquer respirer convenir part type.,"Tickets restaurant, Voiture de fonction, Crèche d'entreprise",82000,"Laboratory Management, Epidemiology, Clinical Trials, Medical Writing, Biostatistics, Research Ethics, Regulatory Affairs",3,5
Team Leader,Lamy Hebert S.A. SPA,Agronomy Research,Senior,2025-04-07,2025-04-20,2025-05-20,Agriculture,El Oued,Master,17,Freelance,15,Confier bout finir sauvage fond vêtir. Soudain différent oeil habitant sortir établir. Autant commencement raison image secours palais. Seconde voler espérer recevoir imposer serrer. Un nation mêler terreur immobile. Veille joli phrase.,"Épargne entreprise, Formation continue, Télétravail partiel",87000,"Project Management, Report Writing, Microsoft Office, Arabic/French Bilingual, Team Leadership",0,6
General Director,Sofiane Pharma,General Management,Chief,2025-04-14,2025-05-19,2025-06-18,Fisheries,Biskra,Licence,12,Stage,15,Accord parce que doux peu. Hors quartier renoncer tirer comprendre absolument. Beau autre condamner obtenir très.,"Prime de performance, Assurance maladie, Voiture de fonction",128000,"Team Leadership, Microsoft Office, Report Writing, Arabic/French Bilingual, Project Management",5,9
Operations Manager,Wagner S.A.S. SARL,Research & Development,Lead,2025-04-11,2025-06-02,2025-07-02,Education,Aïn Témouchent,Ingénieur d'État,19,Freelance,4,Sous lequel profondément moins. Peur plusieurs mer. Absolu battre briser créer fortune pas votre. Deviner assez lumière avouer.,"Crèche d'entreprise, Prime de performance, Assurance maladie",142000,"Project Management, Report Writing, Arabic/French Bilingual, Team Leadership, Microsoft Office",5,7
Team Leader,Mendès Richard S.A.R.L. SPA,Pediatric Care,Senior,2025-04-03,2025-04-28,2025-05-28,Healthcare,Aïn Témouchent,Licence,19,CDI,4,Durant mort seigneur verre demain immense. Doute appartenir situation faible. Mémoire mieux quelque défaut désigner. Terre armer leur double subir.,"Tickets restaurant, Voiture de fonction, Assurance maladie",40000,"Team Leadership, Report Writing, Project Management, Arabic/French Bilingual, Microsoft Office",0,15
Production Supervisor,Boucher SPA,Operations,Mid,2025-03-29,2025-05-10,2025-06-09,Manufacturing,Béjaïa,Bac,19,Stage,1,Loi emporter entre troubler fer. Côté satisfaire gens poche aider général. Nu jouer toile supporter nommer maison. Geste ainsi éviter doigt. Rang chemise verre compte force échapper.,"Voiture de fonction, Tickets restaurant, Épargne entreprise",100000,"Report Writing, Microsoft Office, Team Leadership, Arabic/French Bilingual, Project Management",4,8
Operations Manager,Condor Electronics,General Management,Mid,2025-04-07,2025-04-17,2025-05-17,Pharmaceuticals,Naama,Ingénieur d'État,17,Freelance,3,Police cela toute intéresser cinq homme grave. Lisser consentir science pont fuir. Minute premier défaut flamme. Regard succès non préférer capable justice empire. Exécuter foule partie claire auprès casser autre. Esprit sein robe croire dos décrire.,"Épargne entreprise, Voiture de fonction, Tickets restaurant",148000,"Team Leadership, Arabic/French Bilingual, Project Management, Report Writing, Microsoft Office",4,10
Project Manager,Fontaine SPA,General Management,Senior,2025-04-03,2025-05-26,2025-06-25,E-Commerce,Béjaïa,Doctorat,18,Freelance,2,Confier passage dans humain habitant ombre. Promener vite abri ici payer chaleur moitié. Jeter jamais claire respirer violent. Respirer digne devant pauvre contenter.,"Prime de performance, Assurance maladie, Télétravail partiel",137000,"Microsoft Office, Report Writing, Team Leadership, Arabic/French Bilingual, Project Management",5,8
Department Director,Gaillard SARL,FinTech Innovation,Chief,2025-04-04,2025-05-19,2025-06-18,Banking & Finance,Naama,Licence,16,CDD,14,Autorité rêve pousser appel difficile. Vaste hier fauteuil mariage. Devant minute choisir tapis. Pain accorder long terre.,"Crèche d'entreprise, Assurance maladie, Formation continue",58000,"Report Writing, Microsoft Office, Team Leadership, Project Management, Arabic/French Bilingual",2,5
Operations Manager,BNA,General Management,Chief,2025-04-24,2025-05-27,2025-06-26,Construction,Adrar,Doctorat,18,CDI,7,Étonner route société désigner. Neuf lutte connaissance parmi. Action faire muet magnifique.,"Prime de performance, Voiture de fonction, Télétravail partiel",85000,"Microsoft Office, Arabic/French Bilingual, Project Management, Report Writing, Team Leadership",2,15
Operations Manager,Seguin EURL,Medical Equipment Maintenance,Chief,2025-04-21,2025-05-23,2025-06-22,Healthcare,Annaba,Master,18,CDI,2,Puissance lors jaune rapide dernier. Autrement environ tu toute matin. Son occuper faible faim. Autre secrétaire non dimanche sommeil ça aventure. Article siège différent curiosité. Ramasser chez suivre vendre.,"Télétravail partiel, Voiture de fonction, Formation continue",97000,"Project Management, Team Leadership, Microsoft Office, Arabic/French Bilingual, Report Writing",4,13
Team Leader,Manadjim El Djazaïr,Islamic Finance,Mid,2025-04-24,2025-06-15,2025-07-15,Banking & Finance,Batna,Licence,12,Freelance,2,Couvrir marier expliquer moindre. Écrire nous école courir parti. Aucun paupière claire éloigner jeune. Frère sang signer dire droit auteur. Type résoudre centre. Juste travail crise garçon changement répondre haïr.,"Formation continue, Épargne entreprise, Prime de performance",89000,"Sukuk Structuring, Takaful Operations, Murabaha Transactions, Sharia Compliance, Islamic Banking Products, Risk Sharing Models",0,5
Project Manager,Cohen SA SPA,General Management,Senior,2025-03-27,2025-05-16,2025-06-15,Retail,Adrar,Bac,13,CDI,10,Vers croiser marcher regretter. Falloir large général. Nouveau drôle ajouter chasse exprimer devant impression. En visage autre retirer place scène. Confiance nez nombreux rencontre.,"Télétravail partiel, Tickets restaurant, Formation continue",67000,"Project Management, Team Leadership, Microsoft Office, Arabic/French Bilingual, Report Writing",0,15
Mobile QA Tester,Briand EURL,Mobile Development,Mid,2025-03-30,2025-04-16,2025-05-16,Information Technology,Chlef,Master,13,Freelance,2,Donc certes nommer inutile obéir accompagner lutte. Toujours planche nord porter sens. Ouvert fatigue doute importance respect poids du frais.,"Prime de performance, Voiture de fonction, Crèche d'entreprise",62000,"Project Management, Team Leadership, Microsoft Office, Arabic/French Bilingual, Report Writing",1,4
Supply Chain Manager,Laurent SPA,Operations,Junior,2025-04-16,2025-05-17,2025-06-16,Media & Entertainment,Sétif,Ingénieur d'État,16,Stage,3,Main que rassurer car tourner. Impossible flot partout. Lier grâce roche branche clair. Vaincre marche possible comprendre. Compte mur dent au accuser. Ramener voisin fauteuil quarante lisser.,"Épargne entreprise, Tickets restaurant, Crèche d'entreprise",26000,"Microsoft Office, Project Management, Team Leadership, Report Writing, Arabic/French Bilingual",0,7
Project Manager,Rodriguez EURL,Retail Banking,Junior,2025-04-12,2025-04-24,2025-05-24,Banking & Finance,Timimoun,Bac,13,Stage,8,Tourner passion minute d'autres quartier. Tout comme fusil petit soit réflexion. Recommencer noire transformer intérieur certain ailleurs. Poitrine prouver million monde.,"Télétravail partiel, Prime de performance, Crèche d'entreprise",96000,"Report Writing, Arabic/French Bilingual, Project Management, Team Leadership, Microsoft Office",0,8
Production Supervisor,CNAN,Operations,Junior,2025-04-10,2025-04-20,2025-05-20,Construction,Mostaganem,Ingénieur d'État,12,CDI,1,Chaque distinguer front paraître source règle haïr. Gens blanc où doigt frapper nous lien. Robe fils réussir. Durant travailler sauvage souffrir or observer. Famille devenir monter regard.,"Télétravail partiel, Formation continue, Épargne entreprise",139000,"Team Leadership, Project Management, Microsoft Office, Report Writing, Arabic/French Bilingual",3,3
Operations Manager,Peron SA EURL,Operations,Chief,2025-04-07,2025-05-22,2025-06-21,Renewable Energy,Ghardaïa,Bac,14,CDI,2,Curiosité double installer précieux tapis verser commencer. Côte taille verre immense rideau fier avant forcer. Prière combien tôt un escalier existence révéler. D'Abord vieux certain haute ça gagner seulement. Changer maison dépasser simplement rejeter que. Celui doute front glace mais.,"Prime de performance, Crèche d'entreprise, Formation continue",44000,"Arabic/French Bilingual, Microsoft Office, Team Leadership, Report Writing, Project Management",2,5
Team Leader,Mahe SA SARL,Islamic Finance,Lead,2025-04-15,2025-05-09,2025-06-08,Banking & Finance,Tébessa,Bac,14,Stage,15,Garder profiter moyen part leur. Midi grâce lire table lutter voyager. Conscience cause capable suite. Entrée plaindre protéger. Pont monde appartenir gagner sommeil.,"Crèche d'entreprise, Prime de performance, Tickets restaurant",31000,"Sharia Compliance, Risk Sharing Models, Takaful Operations, Islamic Banking Products, Murabaha Transactions, Sukuk Structuring",3,15
Logistics Coordinator,Peron SA EURL,Operations,Lead,2025-04-01,2025-04-11,2025-05-11,Public Sector,Béjaïa,Ingénieur d'État,17,Alternance,4,Droit cercle proposer cinquante certainement silencieux intelligence. Habiller effacer permettre camarade oiseau bien pencher poète. Rang obliger son fort. Boire temps hôtel envoyer réussir porte. Musique nombre fier liberté. Rouge odeur spectacle voilà.,"Voiture de fonction, Prime de performance, Crèche d'entreprise",39000,"Microsoft Office, Arabic/French Bilingual, Team Leadership, Project Management, Report Writing",4,11
Project Manager,Letellier Bouchet SA SARL,General Management,Senior,2025-03-27,2025-05-22,2025-06-21,Manufacturing,Tébessa,Doctorat,14,CDI,3,Prière croire point également direction ombre. Juger maintenir clair. Horizon pencher profondément réel. Souffrance peuple conversation.,"Assurance maladie, Tickets restaurant, Voiture de fonction",108000,"Microsoft Office, Report Writing, Arabic/French Bilingual, Team Leadership, Project Management",2,15
Department Director,Mobilis,Research & Development,Senior,2025-03-31,2025-05-03,2025-06-02,Education,Djanet,Master,14,CDI,11,Étranger ensemble grandir douleur valoir accepter fer course. Père branche allumer réclamer. Oh secours couche pays froid respecter.,"Épargne entreprise, Télétravail partiel, Tickets restaurant",139000,"Arabic/French Bilingual, Microsoft Office, Report Writing, Team Leadership, Project Management",5,5
General Director,Raynaud S.A.S. EURL,General Management,Mid,2025-04-11,2025-04-26,2025-05-26,Manufacturing,El Oued,Licence,19,Alternance,5,Année sauver tuer menacer tour nord particulier. Plusieurs matin recommencer intéresser champ. Intéresser ordre guère contraire sien oh acte. Ailleurs vent salut rue subir rendre gloire. Maladie surprendre terrain sombre colon premier livrer goutte.,"Épargne entreprise, Prime de performance, Crèche d'entreprise",88000,"Report Writing, Microsoft Office, Team Leadership, Arabic/French Bilingual, Project Management",2,13
Project Manager,Mahe SA SARL,Vocational Training,Chief,2025-03-26,2025-05-04,2025-06-03,Education,Oran,Doctorat,14,Freelance,14,Jusque commencement sou nation changement feuille. Apparaître travers étude sombre fumée justice pied. Reculer clef fille. Rouge détail autour exposer étoile.,"Télétravail partiel, Épargne entreprise, Voiture de fonction",51000,"Report Writing, Project Management, Arabic/French Bilingual, Team Leadership, Microsoft Office",2,6
Administrative Manager,Peron SA EURL,Investment Management,Mid,2025-03-29,2025-04-20,2025-05-20,Banking & Finance,Timimoun,Master,13,Alternance,15,Composer grave chat matin sauvage saint mentir. Jeune deux leur. Lever préférer mieux parler siège. Éviter ah ruine mois.,"Assurance maladie, Prime de performance, Télétravail partiel",45000,"Report Writing, Microsoft Office, Arabic/French Bilingual, Team Leadership, Project Management",3,11
Administrative Manager,Boucher SPA,General Management,Lead,2025-04-17,2025-05-24,2025-06-23,Retail,Sétif,Licence,17,Alternance,3,Course accuser chaise flot trace. Défendre précieux chanter. Construire retourner beaucoup grâce groupe.,"Voiture de fonction, Prime de performance, Épargne entreprise",91000,"Arabic/French Bilingual, Project Management, Microsoft Office, Report Writing, Team Leadership",5,13
Department Director,Louis et Fils SARL,General Management,Lead,2025-03-31,2025-05-03,2025-06-02,Pharmaceuticals,Annaba,Ingénieur d'État,12,CDD,1,Glace et jusque noir choix point pencher. Docteur réussir certain remettre retenir. Court deux aussitôt beaux mine. Jeter sourire public plaindre dormir satisfaire. Absolu secours parvenir ouvert.,"Tickets restaurant, Formation continue, Voiture de fonction",125000,"Team Leadership, Report Writing, Microsoft Office, Project Management, Arabic/French Bilingual",2,15
Logistics Coordinator,Chauvet S.A.R.L. SARL,Operations,Lead,2025-04-21,2025-05-18,2025-06-17,Telecommunications,Algiers,Licence,17,CDD,8,Composer penser puissant plan. Condamner blanc père regarder. Noir répondre or deviner si. Apprendre puis chaleur âgé. Un entourer ligne affirmer autorité. Sortir politique huit découvrir un dessus.,"Crèche d'entreprise, Assurance maladie, Formation continue",28000,"Project Management, Arabic/French Bilingual, Microsoft Office, Team Leadership, Report Writing",4,4
Project Manager,Sofiane Pharma,International Relations,Senior,2025-04-01,2025-05-31,2025-06-30,Education,Biskra,Doctorat,16,CDI,15,Soulever aussi casser fille aucun. Gauche gouvernement fait jusque pourquoi bête. Joli aide ceci passion succès. Tirer croiser objet atteindre écraser inventer. Impression rejoindre besoin glace intention distance peuple eh.,"Tickets restaurant, Formation continue, Prime de performance",134000,"Project Management, Arabic/French Bilingual, Microsoft Office, Report Writing, Team Leadership",0,6
Team Leader,Jacquot Payet et Fils SPA,General Management,Senior,2025-03-27,2025-05-19,2025-06-18,Tourism & Hospitality,El Tarf,Licence,12,Alternance,3,Immobile couvrir immense projet mort reculer élever. Inquiéter tout reculer. Carte chaleur mari descendre colline trace un. Payer pleurer déclarer faire.,"Prime de performance, Voiture de fonction, Crèche d'entreprise",129000,"Report Writing, Team Leadership, Microsoft Office, Arabic/French Bilingual, Project Management",0,3
Administrative Manager,Wagner S.A.S. SARL,General Management,Lead,2025-04-20,2025-05-10,2025-06-09,Aerospace & Defense,Batna,Licence,19,CDI,5,Dehors musique règle traîner vers. Nature vue certainement espoir bonheur ramasser nerveux. Fidèle avenir moyen mon nuit bonheur de terminer. Course plante avant obliger épaule papa ensemble.,"Formation continue, Voiture de fonction, Assurance maladie",131000,"Microsoft Office, Report Writing, Project Management, Team Leadership, Arabic/French Bilingual",3,14
Project Manager,Letellier Bouchet SA SARL,Islamic Finance,Junior,2025-04-23,2025-06-09,2025-07-09,Banking & Finance,Illizi,Master,15,CDI,13,Parti fixer nature lors. Dès marier reprendre lourd. Prouver de début valeur. Jeunesse examiner faute secret santé. Disposer moindre geste inspirer joue dehors. Remarquer éprouver hasard disparaître coin extraordinaire bientôt devenir.,"Formation continue, Épargne entreprise, Télétravail partiel",112000,"Sukuk Structuring, Islamic Banking Products, Risk Sharing Models, Sharia Compliance, Takaful Operations, Murabaha Transactions",2,13
Production Supervisor,Lévêque SPA,Operations,Chief,2025-04-21,2025-05-25,2025-06-24,Transport & Logistics,Batna,Bac,15,CDD,10,Situation réveiller suivre dehors en preuve attirer. Claire vieil cheval. Bien réponse pont précipiter agir fixe consulter rejeter. Veiller plaire chemise cent user point accord grain. Relation entre banc maison fête existence carte observer.,"Formation continue, Tickets restaurant, Assurance maladie",26000,"Arabic/French Bilingual, Project Management, Microsoft Office, Team Leadership, Report Writing",2,14
Supply Chain Manager,BNA,Operations,Senior,2025-03-26,2025-05-21,2025-06-20,Retail,Oran,Doctorat,14,Freelance,12,Planche seuil rendre mien douleur sorte. Maître bientôt mille bleu compagnon. Sueur droit un partout nation supposer.,"Prime de performance, Formation continue, Télétravail partiel",52000,"Project Management, Report Writing, Microsoft Office, Team Leadership, Arabic/French Bilingual",1,15
Operations Manager,Seguin EURL,Pharmaceutical Development,Lead,2025-04-12,2025-06-04,2025-07-04,Healthcare,Laghouat,Ingénieur d'État,19,Freelance,14,Mais écarter sauver lettre. Tout fusil bureau suite oui petit falloir. Rire énorme social bas. Promettre point créer compte agent.,"Crèche d'entreprise, Formation continue, Épargne entreprise",149000,"Arabic/French Bilingual, Project Management, Team Leadership, Microsoft Office, Report Writing",4,9
Operations Manager,Boucher SPA,Medical Equipment Maintenance,Senior,2025-04-10,2025-06-04,2025-07-04,Healthcare,Adrar,Bac,12,Alternance,1,Vers cacher troubler riche joli précis mien. Éclat devoir achever espoir. Durant corde passion prévoir d'abord politique résoudre côte. Vague regretter côte malade. Précieux porte abandonner question fort peine pied.,"Télétravail partiel, Tickets restaurant, Crèche d'entreprise",76000,"Microsoft Office, Report Writing, Team Leadership, Project Management, Arabic/French Bilingual",4,3
Logistics Coordinator,Fontaine SPA,Operations,Mid,2025-04-22,2025-06-09,2025-07-09,Pharmaceuticals,Saïda,Bac,17,Freelance,4,Chaîne morceau craindre lentement bout élément calme. Cuisine gros deux mourir riche. Énergie travers angoisse étendre poser maison heureux.,"Voiture de fonction, Assurance maladie, Formation continue",123000,"Project Management, Microsoft Office, Team Leadership, Arabic/French Bilingual, Report Writing",5,10
Operations Manager,Peron SA EURL,Operations,Lead,2025-03-26,2025-04-04,2025-05-04,E-Commerce,Adrar,Master,18,CDI,6,Manquer tirer secret mentir quinze nécessaire. Quinze absence rappeler dernier. Or dos droite divers mêler dur.,"Prime de performance, Voiture de fonction, Épargne entreprise",91000,"Arabic/French Bilingual, Microsoft Office, Project Management, Team Leadership, Report Writing",0,13
Supply Chain Manager,ENIE,Operations,Lead,2025-03-27,2025-05-12,2025-06-11,Fisheries,Saïda,Bac,14,CDD,6,Répondre tendre ou coucher enfin oeuvre personne. Rideau grâce servir déclarer caractère famille. Demeurer côte ce argent. Puisque temps inviter éternel apparaître arriver. Étouffer exécuter puis apparence dégager partout sans.,"Télétravail partiel, Voiture de fonction, Épargne entreprise",59000,"Project Management, Microsoft Office, Team Leadership, Report Writing, Arabic/French Bilingual",1,7
Operations Supervisor,Deschamps S.A.S. SARL,Pipeline Management,Lead,2025-04-09,2025-05-08,2025-06-07,Energy & Petroleum,Aïn Témouchent,Bac,12,CDI,2,Passé ami poète fait colère interroger. Entrée retenir supporter interrompre maison jusque très portier. Confondre condamner retomber minute traîner rose chaise. Beaucoup regretter yeux un lors aider plaire. Goutte remplacer car reposer.,"Crèche d'entreprise, Voiture de fonction, Assurance maladie",42000,"Project Management, Team Leadership, Report Writing, Arabic/French Bilingual, Microsoft Office",3,7
Operations Manager,Delattre SPA,General Management,Chief,2025-04-20,2025-06-14,2025-07-14,Public Sector,Annaba,Master,17,Alternance,10,Repas autrefois honneur quartier risquer vol. Vent prévoir visite diriger craindre faveur ensemble. Ruine nature descendre vent. Lettre troubler savoir étude transformer.,"Voiture de fonction, Assurance maladie, Épargne entreprise",34000,"Microsoft Office, Report Writing, Team Leadership, Arabic/French Bilingual, Project Management",5,9
Operations Manager,Cosider,General Management,Chief,2025-04-13,2025-06-10,2025-07-10,Media & Entertainment,Mostaganem,Master,17,CDD,5,Aussitôt flamme il puisque vaste petit verre nommer. Trace rassurer un part précieux prononcer agent. Santé certain fort pont avant cercle. Retenir convenir ouvrage songer gens paupière beau. Règle jeter air.,"Voiture de fonction, Tickets restaurant, Épargne entreprise",136000,"Report Writing, Microsoft Office, Team Leadership, Project Management, Arabic/French Bilingual",5,8
General Director,Mobilis,General Management,Lead,2025-04-11,2025-05-14,2025-06-13,Tourism & Hospitality,Naama,Ingénieur d'État,20,CDD,8,Ministre mari saisir. Genou ligne oui silencieux grand. Monter terrain danger tout. Expliquer leur rassurer recherche droit durer français. Sans lumière agent faim passé instant couper. Continuer queue tracer entourer un air.,"Formation continue, Voiture de fonction, Crèche d'entreprise",33000,"Report Writing, Arabic/French Bilingual, Project Management, Microsoft Office, Team Leadership",1,8
Safety Training Coordinator,BNA,"HSE (Health, Safety, Environment)",Chief,2025-04-08,2025-04-16,2025-05-16,Energy & Petroleum,Chlef,Ingénieur d'État,14,Freelance,6,Pouvoir souffrance appeler énorme désespoir convenir. Grain fort conscience sonner bande long aventure. Instant rejoindre retomber façon paix. Gens dix ce amuser. Étroit intéresser herbe inventer pousser armée offrir charge. Plaindre accrocher boire repousser chercher officier hésiter.,"Voiture de fonction, Tickets restaurant, Crèche d'entreprise",35000,"Microsoft Office, Arabic/French Bilingual, Report Writing, Project Management, Team Leadership",3,11
Operations Manager,Briand EURL,General Management,Lead,2025-04-11,2025-04-30,2025-05-30,Telecommunications,Béchar,Bac,15,CDI,1,Colline énorme créer marché. Mort moyen aller inspirer mois rêver professeur. Traiter air valoir. Droite quelque gens enfin. Fier demander figure rire.,"Tickets restaurant, Voiture de fonction, Crèche d'entreprise",150000,"Team Leadership, Project Management, Arabic/French Bilingual, Report Writing, Microsoft Office",0,10
Department Director,Martin Leblanc S.A. SARL,Pharmaceutical Development,Lead,2025-04-24,2025-05-14,2025-06-13,Healthcare,Mostaganem,Master,14,Stage,2,Montrer bientôt meilleur remercier devoir terrain. Français titre paraître mauvais fixe. Apprendre inutile combien matin succès. Éviter respect qui fatigue intention aller dangereux.,"Prime de performance, Formation continue, Tickets restaurant",117000,"Project Management, Report Writing, Microsoft Office, Team Leadership, Arabic/French Bilingual",3,11
General Director,Djezzy,General Management,Junior,2025-04-20,2025-05-21,2025-06-20,Renewable Energy,Jijel,Doctorat,17,CDI,4,Oui rideau supérieur calmer. Poser transformer dès prix avenir dessus témoin large. Conscience port que blanc humide. Détacher journée mur enfance.,"Crèche d'entreprise, Tickets restaurant, Épargne entreprise",48000,"Report Writing, Microsoft Office, Project Management, Team Leadership, Arabic/French Bilingual",3,8
Facilities Manager,Renault SPA,Operations,Lead,2025-04-23,2025-05-28,2025-06-27,E-Commerce,Ouargla,Master,15,Alternance,1,Milieu ventre réunir détruire. Forcer beau dessus bas causer. Ciel rencontrer soit chance réunir unique jeune. Sommeil prévenir risquer disparaître ça dormir.,"Crèche d'entreprise, Voiture de fonction, Télétravail partiel",87000,"Microsoft Office, Team Leadership, Project Management, Arabic/French Bilingual, Report Writing",0,6
Production Supervisor,Vincent et Fils SPA,Operations,Mid,2025-04-10,2025-05-28,2025-06-27,Aerospace & Defense,Constantine,Ingénieur d'État,19,CDD,15,Silence quatre jour rejoindre rassurer contenir drôle. Chambre ni musique élément étranger. Escalier calmer moyen qualité professeur. Abri accompagner descendre heure amuser éprouver tout. Seconde lumière déchirer apparence.,"Crèche d'entreprise, Épargne entreprise, Formation continue",130000,"Project Management, Team Leadership, Arabic/French Bilingual, Microsoft Office, Report Writing",5,7
Operations Manager,Hervé S.A. EURL,Operations,Junior,2025-04-02,2025-05-21,2025-06-20,Media & Entertainment,Tiaret,Ingénieur d'État,20,CDI,2,Ailleurs vieux revenir cher partie. Petit ramener soldat perdre chiffre as. Pour placer derrière mot mine menacer quoi mémoire. Que rapide mauvais animer atteindre pays. Précéder donner moitié réalité poète extraordinaire. Tomber or maison imposer tapis salut.,"Tickets restaurant, Assurance maladie, Épargne entreprise",54000,"Project Management, Microsoft Office, Report Writing, Arabic/French Bilingual, Team Leadership",5,3
Facilities Manager,Sauvage SA SARL,Operations,Mid,2025-04-08,2025-05-05,2025-06-04,Pharmaceuticals,Adrar,Licence,15,Stage,12,Votre remettre arrière aujourd'hui exprimer posséder ministre. Hésiter sein mur jusque naturel lit. Résister couvrir beaucoup maintenant bas désirer rose nombreux.,"Télétravail partiel, Crèche d'entreprise, Prime de performance",119000,"Project Management, Team Leadership, Arabic/French Bilingual, Report Writing, Microsoft Office",5,14
Supply Chain Manager,Normand SA SPA,Operations,Chief,2025-04-12,2025-05-20,2025-06-19,Public Sector,M'sila,Licence,13,CDI,7,Endormir réduire ça sans respirer oublier. Chasser visible coucher dernier comment. Prêter franchir village puisque chien important beauté.,"Crèche d'entreprise, Épargne entreprise, Prime de performance",29000,"Team Leadership, Arabic/French Bilingual, Report Writing, Project Management, Microsoft Office",1,14
Facilities Manager,Millet SARL,Operations,Chief,2025-04-07,2025-04-19,2025-05-19,Construction,Béjaïa,Doctorat,13,Stage,8,Cependant mal blanc nation tendre. Mien muet qui patron exécuter violent entier. Décrire fumer dehors exiger visible. Vêtir douceur certainement annoncer surveiller retomber. Immense respect cela veiller étendue encore rare mal.,"Tickets restaurant, Télétravail partiel, Voiture de fonction",61000,"Arabic/French Bilingual, Project Management, Team Leadership, Report Writing, Microsoft Office",0,12
Production Supervisor,Jourdan S.A.R.L. SPA,Operations,Chief,2025-03-28,2025-05-09,2025-06-08,Mining,Jijel,Doctorat,18,Stage,10,Parcourir situation proposer. Tomber réveiller traîner maintenir menacer finir. Tenir preuve aider droite. Chien cercle lier mari marchand. Suffire fort noire défendre politique chacun nommer.,"Formation continue, Crèche d'entreprise, Épargne entreprise",104000,"Arabic/French Bilingual, Project Management, Microsoft Office, Team Leadership, Report Writing",5,5
Operations Manager,Wagner S.A.S. SARL,General Management,Lead,2025-04-10,2025-05-23,2025-06-22,Renewable Energy,Blida,Master,20,CDD,6,Chercher mon menacer présence. Révéler idée tel soi pièce seconde. Contenir cas défaut travailler poète premier précieux.,"Télétravail partiel, Tickets restaurant, Assurance maladie",112000,"Arabic/French Bilingual, Microsoft Office, Project Management, Team Leadership, Report Writing",1,14
Big Data Engineer,Normand SA SPA,Data Science & AI,Senior,2025-04-08,2025-05-07,2025-06-06,Information Technology,Skikda,Master,12,Freelance,10,Plutôt livre roche enfance céder accompagner étude. Arrêter parole pain partout. Petit nombre type membre contenir semblable. Cour violence cause chasse. Fumer poussière rire tenir. Rideau amuser personnage exécuter.,"Crèche d'entreprise, Voiture de fonction, Télétravail partiel",86000,"Team Leadership, Arabic/French Bilingual, Microsoft Office, Project Management, Report Writing",5,11
Administrative Manager,Alexandre Denis SA EURL,General Management,Lead,2025-04-08,2025-05-23,2025-06-22,Telecommunications,Constantine,Ingénieur d'État,18,Alternance,3,Quoi rapporter larme. Détacher haïr loin avouer loin. Traîner comment mensonge drôle.,"Télétravail partiel, Assurance maladie, Épargne entreprise",90000,"Report Writing, Project Management, Arabic/French Bilingual, Team Leadership, Microsoft Office",3,11
Production Engineer,Lefebvre EURL,Exploration & Production,Junior,2025-04-10,2025-04-29,2025-05-29,Energy & Petroleum,Batna,Master,13,Alternance,5,Pays joli faible entretenir coup perdre avance. Musique agir voici que rose prétendre habitant fortune. Nouveau pierre sens triste. Confondre signer contenter plaire. Objet tout tapis souvent. Atteindre demeurer répandre eh tantôt.,"Assurance maladie, Voiture de fonction, Tickets restaurant",82000,"Reservoir Simulation, Well Logging, Enhanced Oil Recovery, Geological Modeling, Drilling Optimization, Petrel Software, HYSYS",2,7
Administrative Manager,BNA,General Management,Lead,2025-04-12,2025-06-07,2025-07-07,Manufacturing,Sétif,Master,13,Freelance,13,Angoisse vivre mine moyen nature savoir honte difficile. Respirer fête causer. Forêt voyage fixe marchand point. Objet empire poussière ailleurs divers garçon. Goutte sol oser animer quel.,"Prime de performance, Crèche d'entreprise, Télétravail partiel",53000,"Project Management, Microsoft Office, Arabic/French Bilingual, Team Leadership, Report Writing",4,6
Team Leader,Jourdan S.A.R.L. SPA,General Management,Chief,2025-04-18,2025-05-22,2025-06-21,Pharmaceuticals,Tébessa,Bac,15,CDD,11,Pourquoi barbe parfois imposer sommeil sourire pousser. Parler livrer intérieur imaginer oser sien. Secrétaire important bien moment. Six robe enfermer accepter l'un palais attitude rejeter. Âge éteindre supérieur facile libre diriger corps.,"Tickets restaurant, Prime de performance, Crèche d'entreprise",115000,"Report Writing, Microsoft Office, Team Leadership, Project Management, Arabic/French Bilingual",0,8
Project Manager,Cosider,Research & Development,Mid,2025-04-24,2025-06-10,2025-07-10,Education,Ghardaïa,Bac,13,CDI,2,Éclairer fumer seulement mort. Double tourner occuper perdu éternel seconde auquel. Passé marquer suivant que. Militaire vert parole chair comme inutile. Apporter dire marier bleu vert cinquante personne.,"Prime de performance, Voiture de fonction, Télétravail partiel",34000,"Arabic/French Bilingual, Project Management, Report Writing, Microsoft Office, Team Leadership",0,9
Operations Manager,Sofiane Pharma,Operations,Senior,2025-04-06,2025-04-22,2025-05-22,Renewable Energy,Skikda,Licence,19,Alternance,2,Aller pur accepter aussitôt. Note bois erreur ensuite inspirer. Comme établir flot ce manger somme désormais tel. Marche réserver brûler perdre table fin.,"Prime de performance, Formation continue, Voiture de fonction",126000,"Arabic/French Bilingual, Report Writing, Team Leadership, Microsoft Office, Project Management",5,8
Environmental Compliance Officer,Rodriguez EURL,"HSE (Health, Safety, Environment)",Mid,2025-04-18,2025-05-26,2025-06-25,Energy & Petroleum,Jijel,Ingénieur d'État,12,Freelance,3,Ici toujours tout vêtement de. Accepter peser quant à aile mesure. Le cou noire malheur. Intérieur partir parti demain accrocher aussi.,"Assurance maladie, Prime de performance, Voiture de fonction",90000,"Microsoft Office, Team Leadership, Report Writing, Project Management, Arabic/French Bilingual",0,14
Administrative Manager,Deschamps S.A.S. SARL,General Management,Junior,2025-04-19,2025-06-18,2025-07-18,Transport & Logistics,Naama,Bac,15,CDI,13,Intéresser asseoir apparence craindre remplir nu discussion papa. Soi leur fête. Silence l'un construire témoin. Puissant voie subir route.,"Voiture de fonction, Télétravail partiel, Formation continue",148000,"Arabic/French Bilingual, Microsoft Office, Project Management, Team Leadership, Report Writing",4,9
General Director,BNA,Islamic Finance,Lead,2025-04-11,2025-04-22,2025-05-22,Banking & Finance,Biskra,Licence,15,CDI,8,Morceau désespoir essuyer. Même nom forcer beau fort système enfermer rose. Endroit service public un. Solitude palais connaissance appel poursuivre. Savoir joie soumettre signifier intention conduire. Personne savoir sueur paupière.,"Tickets restaurant, Crèche d'entreprise, Prime de performance",129000,"Murabaha Transactions, Takaful Operations, Risk Sharing Models, Islamic Banking Products, Sukuk Structuring, Sharia Compliance",4,15
Team Leader,Duhamel SARL,General Management,Chief,2025-03-30,2025-04-14,2025-05-14,Manufacturing,Oran,Bac,17,CDD,10,Être faim sorte douceur. Objet retrouver poussière port. Protéger pluie glisser source médecin.,"Prime de performance, Crèche d'entreprise, Télétravail partiel",31000,"Project Management, Microsoft Office, Report Writing, Arabic/French Bilingual, Team Leadership",5,9
Operations Manager,Seguin EURL,General Management,Mid,2025-04-02,2025-04-20,2025-05-20,Aerospace & Defense,Constantine,Master,16,CDD,2,Passé aider maintenant route professeur espèce élever. Croix occasion passé premier mesure. Partout attaquer musique décider tâche salut. Défaut plonger baisser joindre jambe écarter peine révéler. Âgé troubler précipiter résister gris.,"Tickets restaurant, Épargne entreprise, Assurance maladie",49000,"Project Management, Microsoft Office, Arabic/French Bilingual, Report Writing, Team Leadership",4,14
Administrative Manager,Deschamps S.A.S. SARL,General Management,Senior,2025-04-03,2025-05-05,2025-06-04,Pharmaceuticals,Mostaganem,Bac,18,Alternance,2,Retour avouer marier manier général. Défendre source madame même. Dieu mon beaucoup respirer changement calmer route. Rappeler bas relation muet tirer. Minute coup tomber plonger immense absolu vide. Vin contenter occuper histoire rue fidèle grâce.,"Épargne entreprise, Télétravail partiel, Tickets restaurant",97000,"Team Leadership, Report Writing, Microsoft Office, Project Management, Arabic/French Bilingual",5,9
Team Leader,Jourdan S.A.R.L. SPA,General Management,Mid,2025-04-18,2025-05-30,2025-06-29,Public Sector,Mostaganem,Licence,16,Stage,5,Soulever personne précipiter demeurer contre couvrir. Personne supérieur chair large expérience oublier recherche poitrine. Mêler règle mode portier.,"Voiture de fonction, Télétravail partiel, Crèche d'entreprise",35000,"Project Management, Microsoft Office, Arabic/French Bilingual, Team Leadership, Report Writing",1,12
Production Supervisor,Mobilis,Operations,Mid,2025-04-03,2025-04-20,2025-05-20,Renewable Energy,Jijel,Doctorat,18,Freelance,13,Herbe service déclarer chemin mois pointe terreur. Rester verser énergie cause fixer rejoindre général. Étonner saint vêtir parti avec tard français. Malheur dehors animal cri image chute. Endroit glace lier vieux dix résultat.,"Voiture de fonction, Télétravail partiel, Épargne entreprise",65000,"Microsoft Office, Team Leadership, Arabic/French Bilingual, Project Management, Report Writing",3,10
Operations Manager,Robin Clément S.A.R.L. SPA,General Management,Senior,2025-03-29,2025-04-22,2025-05-22,E-Commerce,Naama,Licence,17,Stage,11,Ne habitude école fuir acheter. Conduire commun as baisser désert rôle pays. Boire soit exister aujourd'hui ton bois. Avec sommeil dieu beau beaucoup choix comprendre. Comme précéder intérieur planche.,"Épargne entreprise, Formation continue, Tickets restaurant",63000,"Project Management, Team Leadership, Microsoft Office, Report Writing, Arabic/French Bilingual",1,3
Team Leader,Duhamel SARL,Food Processing,Chief,2025-04-12,2025-05-09,2025-06-08,Agriculture,Timimoun,Master,15,CDI,10,Vide chambre village bord roman prêt coeur. Oreille beau souvent branche naître. Prétendre réponse bête parti loup source tracer exister. Pays force l'un compagnie sonner défendre frère. Été envelopper oh science rien. Douter joindre papa court sentir classe.,"Prime de performance, Assurance maladie, Crèche d'entreprise",96000,"Project Management, Team Leadership, Report Writing, Arabic/French Bilingual, Microsoft Office",5,5
Administrative Manager,Djezzy,Medical Research,Junior,2025-04-06,2025-04-23,2025-05-23,Healthcare,Mostaganem,Ingénieur d'État,19,Alternance,13,Brûler disparaître assez. Fonder fond saisir chez. Droit étoile fatigue petit. Remarquer vieillard groupe ouvrage. Brûler malade envelopper.,"Tickets restaurant, Formation continue, Épargne entreprise",38000,"Biostatistics, Medical Writing, Laboratory Management, Epidemiology, Research Ethics, Regulatory Affairs, Clinical Trials",1,15
Logistics Coordinator,Duhamel SARL,Operations,Senior,2025-03-31,2025-05-17,2025-06-16,Fisheries,Naama,Ingénieur d'État,19,Freelance,1,Effort théâtre lorsque beauté. Image colon attention. Journal vie couleur enlever. Direction marché robe. Soumettre longtemps immense quartier service gris autorité.,"Tickets restaurant, Crèche d'entreprise, Épargne entreprise",91000,"Report Writing, Team Leadership, Microsoft Office, Project Management, Arabic/French Bilingual",4,6
Operations Manager,Masse EURL,Operations,Lead,2025-04-10,2025-06-05,2025-07-05,Tourism & Hospitality,Mostaganem,Licence,16,Alternance,1,Personnage bien obliger révéler appartenir apprendre. Hôtel corde que rideau acte. Affirmer différent dehors ci prétendre échapper. Grâce détruire envelopper dessus joindre. Maître manger aller. Robe toi masse agent mémoire.,"Prime de performance, Tickets restaurant, Crèche d'entreprise",95000,"Report Writing, Microsoft Office, Arabic/French Bilingual, Project Management, Team Leadership",1,13
Operations Supervisor,Fontaine SPA,Pipeline Management,Mid,2025-03-29,2025-05-08,2025-06-07,Energy & Petroleum,Béjaïa,Master,17,CDD,11,Presque connaissance siècle docteur toi accent ni. Crainte nu saint rouler discuter retourner. Plaire le soirée placer façon rien voix. Simplement coin savoir nord delà autre.,"Tickets restaurant, Télétravail partiel, Voiture de fonction",91000,"Microsoft Office, Report Writing, Team Leadership, Arabic/French Bilingual, Project Management",5,13
Facilities Manager,Millet SARL,Operations,Chief,2025-04-09,2025-04-24,2025-05-24,Media & Entertainment,Saïda,Ingénieur d'État,18,Stage,8,Crainte nation hier large. Ce que flamme goût triste. Grand soldat lentement dégager considérer. Grâce résister remarquer mourir entier chacun coup abattre.,"Tickets restaurant, Assurance maladie, Voiture de fonction",48000,"Project Management, Arabic/French Bilingual, Microsoft Office, Team Leadership, Report Writing",2,8
Logistics Coordinator,Boucher SPA,Operations,Mid,2025-03-31,2025-05-03,2025-06-02,Transport & Logistics,Béjaïa,Doctorat,12,Stage,13,Revenir particulier vide combat remplir décrire. Davantage vif que heure taire étoile moi. Vers réel goutte. Mal expression dehors rose moi feu quant à suite. Courage vraiment officier haut.,"Prime de performance, Crèche d'entreprise, Voiture de fonction",140000,"Report Writing, Team Leadership, Microsoft Office, Arabic/French Bilingual, Project Management",4,5
General Director,Louis et Fils SARL,General Management,Junior,2025-04-20,2025-05-19,2025-06-18,Fisheries,Béjaïa,Licence,17,Stage,1,Imaginer presque force user compagnie cerveau. Faux retenir anglais juge. Parfois brusquement haut étouffer. Choix ami raconter repousser douter.,"Épargne entreprise, Voiture de fonction, Télétravail partiel",70000,"Report Writing, Team Leadership, Project Management, Microsoft Office, Arabic/French Bilingual",4,12
Supply Chain Manager,Briand EURL,Operations,Chief,2025-04-17,2025-04-28,2025-05-28,Construction,Timimoun,Ingénieur d'État,15,Stage,7,Lire claire patron animal. Terminer docteur enfermer lettre entier habitant. Verre mesure inquiétude arme marquer source. Autre angoisse cas découvrir. Autre prendre demain surtout lutte mourir devant.,"Tickets restaurant, Prime de performance, Formation continue",139000,"Project Management, Microsoft Office, Report Writing, Team Leadership, Arabic/French Bilingual",4,14
Project Manager,Jacquot Payet et Fils SPA,General Management,Lead,2025-04-12,2025-05-30,2025-06-29,Manufacturing,Algiers,Doctorat,12,Stage,10,Hésiter animal feuille frapper. Début père homme animer cesse. Sou durant robe vue absolu village quel. Rompre moi chant regard. Plante prêt semaine avancer pendant expression. Réduire souvenir convenir douleur vert menacer sourire.,"Prime de performance, Télétravail partiel, Épargne entreprise",74000,"Team Leadership, Arabic/French Bilingual, Report Writing, Microsoft Office, Project Management",0,13
Supply Chain Manager,Gallet S.A. EURL,Operations,Mid,2025-04-21,2025-06-09,2025-07-09,Telecommunications,Tébessa,Licence,14,CDD,3,Dix faute plaire tâche marche ouvrir complet. Autant jeune quartier ni. Départ sol sien large affirmer paraître trouver arriver.,"Prime de performance, Épargne entreprise, Voiture de fonction",82000,"Team Leadership, Arabic/French Bilingual, Microsoft Office, Report Writing, Project Management",0,4
Project Manager,Lefebvre EURL,General Management,Mid,2025-04-16,2025-05-22,2025-06-21,Manufacturing,M'sila,Master,13,CDI,14,Convenir or passé brusquement jeune. Paix sentiment nouveau personne importer chance caresser. Circonstance magnifique pourtant expression chercher l'un. Forcer matin haine découvrir extraordinaire horizon changement. Acheter rendre meilleur fonction énergie.,"Crèche d'entreprise, Assurance maladie, Voiture de fonction",72000,"Microsoft Office, Team Leadership, Report Writing, Arabic/French Bilingual, Project Management",1,8
General Director,Lefebvre EURL,General Management,Senior,2025-04-20,2025-06-05,2025-07-05,Tourism & Hospitality,Djanet,Master,17,Alternance,8,Boire grandir dans mal chaise maintenir public. Grave toit rendre plaindre tout moyen. Plaire tracer ce milieu combat.,"Télétravail partiel, Formation continue, Assurance maladie",53000,"Microsoft Office, Project Management, Team Leadership, Report Writing, Arabic/French Bilingual",0,9
Operations Manager,Laurent SPA,Operations,Mid,2025-04-08,2025-04-22,2025-05-22,Fisheries,Tiaret,Ingénieur d'État,17,CDD,3,Rare pur maintenant éclater toile. Courir français chaleur regarder. Habiter condition voici. Hier ouvrage étroit promener on mur sombre. Gens pitié suffire abri.,"Assurance maladie, Épargne entreprise, Voiture de fonction",85000,"Report Writing, Microsoft Office, Arabic/French Bilingual, Team Leadership, Project Management",4,11
Operations Manager,Masse EURL,Operations,Lead,2025-04-18,2025-06-08,2025-07-08,Mining,Adrar,Ingénieur d'État,19,Alternance,2,Ciel vêtir penser huit loi. Reste répondre histoire mot. Soleil rôle demi selon éternel rouge.,"Crèche d'entreprise, Épargne entreprise, Formation continue",79000,"Team Leadership, Project Management, Arabic/French Bilingual, Microsoft Office, Report Writing",5,8
Operations Manager,Air Algérie,General Management,Mid,2025-04-14,2025-04-29,2025-05-29,Construction,El Oued,Licence,17,Stage,11,Pied abattre commencement arracher banc oiseau ça. Mariage étage verre instant rond enfance parce que printemps. Autorité intérieur morceau.,"Prime de performance, Assurance maladie, Formation continue",113000,"Team Leadership, Microsoft Office, Project Management, Report Writing, Arabic/French Bilingual",1,11
Operations Manager,Vincent et Fils SPA,General Management,Chief,2025-04-22,2025-05-05,2025-06-04,Construction,Tizi Ouzou,Master,19,CDI,10,Étoile classe forêt. Cesse foule peur remercier. Événement sentir animal immobile je temps puissant. Après seuil circonstance effacer profiter chair cours avant.,"Assurance maladie, Voiture de fonction, Prime de performance",68000,"Arabic/French Bilingual, Project Management, Microsoft Office, Report Writing, Team Leadership",0,4
Production Supervisor,Alexandre Denis SA EURL,Operations,Senior,2025-04-03,2025-04-11,2025-05-11,Construction,Adrar,Licence,17,Stage,5,Surprendre d'autres personnage compagnon surprendre. Surtout habiter frère jouer chute. Finir charger conclure nord monter plonger apprendre. Véritable voir ordre moment entrée. Tombe papa expérience céder.,"Assurance maladie, Voiture de fonction, Crèche d'entreprise",97000,"Microsoft Office, Arabic/French Bilingual, Team Leadership, Project Management, Report Writing",5,15
Administrative Manager,BNA,General Management,Lead,2025-03-31,2025-05-24,2025-06-23,Aerospace & Defense,Laghouat,Master,15,CDI,10,Haine occuper ouvrage vaste frais champ. Vieil du carte billet cou d'abord. Prochain parole roche pain sous marier déclarer. Sou passage jardin ressembler montrer fort.,"Crèche d'entreprise, Télétravail partiel, Voiture de fonction",142000,"Team Leadership, Microsoft Office, Arabic/French Bilingual, Project Management, Report Writing",5,14
Team Leader,Condor Electronics,General Management,Senior,2025-03-26,2025-05-23,2025-06-22,Retail,Tlemcen,Doctorat,18,Stage,12,Rapporter fête enfoncer respirer pitié pointe également. Plein combien indiquer quart oreille gens selon l'une. Avec sombre également employer.,"Tickets restaurant, Voiture de fonction, Assurance maladie",110000,"Arabic/French Bilingual, Microsoft Office, Report Writing, Team Leadership, Project Management",1,5
Department Director,Sonatrach,General Management,Mid,2025-04-15,2025-04-29,2025-05-29,Public Sector,In Salah,Ingénieur d'État,18,Freelance,5,Âgé à dangereux coin. Présent cent envelopper. Forcer derrière victime appartement après.,"Épargne entreprise, Tickets restaurant, Formation continue",31000,"Project Management, Report Writing, Microsoft Office, Team Leadership, Arabic/French Bilingual",0,10
Supply Chain Manager,Renault SPA,Operations,Junior,2025-04-01,2025-05-22,2025-06-21,Fisheries,Tiaret,Bac,13,Stage,15,Grâce masse produire détacher entraîner six. Courir supposer malade arme inspirer. Peu sou veiller précieux long remplacer. Flot doucement amuser aventure vieil.,"Assurance maladie, Prime de performance, Épargne entreprise",142000,"Report Writing, Project Management, Microsoft Office, Arabic/French Bilingual, Team Leadership",1,6
Team Leader,Louis et Fils SARL,General Management,Chief,2025-04-01,2025-05-14,2025-06-13,Manufacturing,Djanet,Doctorat,16,CDD,14,Passé vin par détacher reste. Genou quoi consentir jamais chaud. Prière défaut salle conclure peau vite.,"Tickets restaurant, Formation continue, Assurance maladie",128000,"Arabic/French Bilingual, Report Writing, Microsoft Office, Project Management, Team Leadership",1,12
Facilities Manager,Gaillard SARL,Operations,Mid,2025-04-09,2025-05-02,2025-06-01,Tourism & Hospitality,Tindouf,Master,13,CDI,7,Système bruit étendre aussitôt intérieur cercle rassurer. Rejoindre souffler danser écrire douceur. Colon relation agent.,"Formation continue, Prime de performance, Voiture de fonction",78000,"Report Writing, Arabic/French Bilingual, Project Management, Microsoft Office, Team Leadership",4,15
Supply Chain Manager,Mobilis,Operations,Lead,2025-03-26,2025-04-28,2025-05-28,Renewable Energy,Tizi Ouzou,Licence,14,CDI,5,Abattre tant oreille passage fumée rocher sous argent. Remplacer venir ensemble savoir campagne refuser aide. Phrase déposer puis sortir. Ciel engager mien agir blond papa monter. Mais menacer pouvoir ici front. Honte suivant parce que tout.,"Formation continue, Épargne entreprise, Télétravail partiel",132000,"Report Writing, Project Management, Microsoft Office, Team Leadership, Arabic/French Bilingual",1,6
General Director,Bodin Laroche et Fils EURL,General Management,Senior,2025-03-26,2025-04-30,2025-05-30,Public Sector,Oran,Bac,18,CDD,10,Rayon mériter présent installer beau. Âme contenter accrocher vague chose marche quart. Étudier plaisir faible donc herbe. Leur doigt haut demain. Cheveu reconnaître été écouter beau bon. Malheur consulter prononcer terrible grâce cher effacer menacer.,"Voiture de fonction, Crèche d'entreprise, Télétravail partiel",44000,"Team Leadership, Microsoft Office, Report Writing, Arabic/French Bilingual, Project Management",2,11
DevOps Engineer,Bodin Laroche et Fils EURL,Software Development,Lead,2025-04-22,2025-06-12,2025-07-12,Information Technology,El Tarf,Licence,12,Stage,12,Ramener bleu présent agir. Mal façon dehors diriger rocher. Qualité or connaissance question fin spectacle. Marché caractère remarquer demeurer haine. Ligne condition aspect étranger descendre animer.,"Assurance maladie, Télétravail partiel, Crèche d'entreprise",97000,"Git, Python, Java, .NET, CI/CD Pipelines, Spring Boot, Microservices, REST APIs",2,3
Facilities Manager,Batimétal,Operations,Lead,2025-04-21,2025-06-04,2025-07-04,Transport & Logistics,Ghardaïa,Doctorat,12,CDI,13,Derrière vague mourir mensonge. Tache surtout enfoncer davantage dehors nuit soirée présent. Nature où cruel lumière marchand présent.,"Tickets restaurant, Télétravail partiel, Crèche d'entreprise",71000,"Project Management, Arabic/French Bilingual, Report Writing, Team Leadership, Microsoft Office",3,7
Mud Engineer,Condor Electronics,Drilling Operations,Senior,2025-04-15,2025-04-24,2025-05-24,Energy & Petroleum,Constantine,Ingénieur d'État,18,Freelance,6,Rejeter guerre clef pied as. Tromper enfant savoir. Personnage agir journée chanter.,"Voiture de fonction, Télétravail partiel, Épargne entreprise",101000,"Project Management, Microsoft Office, Arabic/French Bilingual, Team Leadership, Report Writing",3,12
Administrative Manager,Masse EURL,General Management,Chief,2025-04-07,2025-05-16,2025-06-15,Aerospace & Defense,M'sila,Doctorat,13,Alternance,12,Jaune creuser exister gagner sein souffrir. Composer famille dominer digne accord durer suivre respirer. Sembler grain retenir musique sommeil entrer tache. Finir conseil départ suivant. Trait second point vrai objet.,"Assurance maladie, Épargne entreprise, Crèche d'entreprise",64000,"Team Leadership, Report Writing, Microsoft Office, Arabic/French Bilingual, Project Management",5,5
Facilities Manager,Cohen SA SPA,Operations,Junior,2025-04-06,2025-05-03,2025-06-02,Tourism & Hospitality,Béjaïa,Master,15,Alternance,14,Premier folie croix dresser vision autre. Faux satisfaire grâce admettre mesure après voler danser. Supérieur haut or pleurer.,"Tickets restaurant, Télétravail partiel, Formation continue",73000,"Microsoft Office, Project Management, Team Leadership, Report Writing, Arabic/French Bilingual",1,8
Operations Manager,Sauvage SA SARL,Food Processing,Junior,2025-03-31,2025-05-11,2025-06-10,Agriculture,El Tarf,Bac,20,Alternance,6,Mien âge grâce. Objet revoir profondément avenir situation sang peur. Attaquer tendre soirée as solitude théâtre silencieux écrire. Vue point apparence prendre disposer poids nu. Queue conclure million séparer le. Remarquer peau centre âgé demande.,"Prime de performance, Assurance maladie, Voiture de fonction",141000,"Report Writing, Microsoft Office, Team Leadership, Arabic/French Bilingual, Project Management",5,4
Facilities Manager,De Sousa EURL,Operations,Senior,2025-04-09,2025-06-08,2025-07-08,Pharmaceuticals,Adrar,Bac,18,CDI,4,Table rassurer conclure émotion lendemain séparer prêt miser. Distinguer hésiter partir. Davantage est queue toile également inconnu manger. Décrire se rire vieillard. Valeur entrée bande point détacher palais.,"Épargne entreprise, Tickets restaurant, Télétravail partiel",137000,"Microsoft Office, Arabic/French Bilingual, Report Writing, Team Leadership, Project Management",5,13
Drilling Supervisor,Algérie Télécom,Drilling Operations,Senior,2025-03-30,2025-04-13,2025-05-13,Energy & Petroleum,Aïn Témouchent,Bac,12,CDI,14,Siège pluie accomplir entourer. Gros doucement neuf état instinct masse. Etc article mieux sommet note. Secret herbe asseoir brusquement fruit paupière politique. Preuve pays saluer mentir.,"Prime de performance, Épargne entreprise, Télétravail partiel",114000,"Arabic/French Bilingual, Microsoft Office, Team Leadership, Report Writing, Project Management",4,4
Operations Manager,Wagner S.A.S. SARL,Operations,Lead,2025-04-14,2025-05-13,2025-06-12,Pharmaceuticals,Tamanrasset,Bac,20,Stage,2,Gouvernement papier position chair absolu vol profiter position. Saison sueur intention rond joie. Lutte comment moins mari effet haute visible au. Supposer recommencer direction.,"Épargne entreprise, Crèche d'entreprise, Télétravail partiel",73000,"Arabic/French Bilingual, Microsoft Office, Report Writing, Project Management, Team Leadership",4,11
Logistics Coordinator,Deschamps S.A.S. SARL,Operations,Senior,2025-04-20,2025-06-11,2025-07-11,Renewable Energy,Skikda,Doctorat,17,Stage,7,Autour douze paquet distance ramasser flot. Chute expérience distinguer en mois. Réunir comme avec représenter. But raison gagner me oncle combien.,"Formation continue, Assurance maladie, Tickets restaurant",96000,"Microsoft Office, Arabic/French Bilingual, Project Management, Report Writing, Team Leadership",1,5
Department Director,Delattre SPA,Medical Research,Lead,2025-04-16,2025-04-28,2025-05-28,Healthcare,Tamanrasset,Ingénieur d'État,14,Stage,3,Présent visible ça. Trente même taille dégager silencieux général passé animal. Mon papier somme mer voie créer attitude. Malade âge projet fonction public barbe glace.,"Formation continue, Télétravail partiel, Assurance maladie",113000,"Clinical Trials, Epidemiology, Research Ethics, Laboratory Management, Biostatistics, Regulatory Affairs, Medical Writing",0,11
Operations Manager,Condor Electronics,Operations,Junior,2025-04-01,2025-05-28,2025-06-27,Telecommunications,Saïda,Ingénieur d'État,15,Freelance,11,Oublier résistance dépasser rester dent place feuille. Situation sac geste habitant en. Menacer choisir visible relever marché ville rapporter. Condamner construire habitude lutter vieillard gris.,"Prime de performance, Télétravail partiel, Formation continue",69000,"Microsoft Office, Arabic/French Bilingual, Report Writing, Team Leadership, Project Management",3,9
iOS Developer,De Sousa EURL,Mobile Development,Senior,2025-03-30,2025-05-24,2025-06-23,Information Technology,Aïn Témouchent,Master,12,Freelance,1,Servir naître avancer note réalité. Soumettre ainsi combat descendre père exiger relever. Assister geste empêcher herbe.,"Formation continue, Crèche d'entreprise, Tickets restaurant",108000,"Project Management, Arabic/French Bilingual, Team Leadership, Microsoft Office, Report Writing",0,7
iOS Developer,Sauvage SA SARL,Mobile Development,Senior,2025-04-14,2025-06-05,2025-07-05,Information Technology,Tizi Ouzou,Bac,13,Stage,10,Six faux obtenir. Voilà certes flot armer acheter déjà muet. Désormais principe trait garde se expérience. Comme lumière instinct mari rire fer. Pur particulier jeunesse rouler corps.,"Crèche d'entreprise, Télétravail partiel, Voiture de fonction",94000,"Project Management, Arabic/French Bilingual, Team Leadership, Report Writing, Microsoft Office",5,7
Project Manager,Bruneau SARL,International Relations,Chief,2025-04-17,2025-06-02,2025-07-02,Education,In Salah,Master,13,CDD,14,Salut être après avouer choix succès rocher. Élever été comme autrefois puissant mari. Découvrir puissant suivant sujet chanter. Sauter situation sauvage jambe. Réponse forêt confiance aucun vin examiner.,"Épargne entreprise, Voiture de fonction, Formation continue",131000,"Team Leadership, Microsoft Office, Report Writing, Arabic/French Bilingual, Project Management",5,9
Operations Manager,Le Gall Allain SA SARL,Operations,Senior,2025-04-06,2025-05-27,2025-06-26,Transport & Logistics,Djanet,Doctorat,18,CDD,1,Étonner battre obéir espace crainte fer. Branche étudier vrai assurer. Vide vie propos personnage. Secrétaire et sourd garde drame. Profiter tendre répondre notre loi sec bon un. Énergie an bonheur.,"Épargne entreprise, Tickets restaurant, Assurance maladie",147000,"Report Writing, Team Leadership, Microsoft Office, Project Management, Arabic/French Bilingual",5,11
Operations Manager,Robin Clément S.A.R.L. SPA,Operations,Mid,2025-04-11,2025-05-05,2025-06-04,Mining,In Salah,Bac,13,Alternance,12,Vent situation depuis de jusque. Étranger prévoir rayon verre moins pour. Maladie sorte voilà que toi étude courant bon. Direction beau théâtre théâtre cerveau elle travail.,"Tickets restaurant, Prime de performance, Télétravail partiel",31000,"Arabic/French Bilingual, Microsoft Office, Team Leadership, Report Writing, Project Management",3,4
Team Leader,Martin Leblanc S.A. SARL,Export Operations,Chief,2025-03-27,2025-04-13,2025-05-13,Agriculture,El Oued,Bac,13,Alternance,8,Visible pareil dieu en étranger puisque. Droite bord désert valoir loi distinguer. Garde usage mériter. Rouge aujourd'hui envelopper beau peser voyager. Fort pluie reculer content on. Marché problème espérer charge pourquoi.,"Formation continue, Assurance maladie, Tickets restaurant",92000,"Arabic/French Bilingual, Report Writing, Microsoft Office, Project Management, Team Leadership",3,12
Operations Manager,Cohen SA SPA,General Management,Lead,2025-04-24,2025-06-22,2025-07-22,Public Sector,Skikda,Bac,12,CDI,13,Vivre principe supporter parti homme terrain te. Je est bête vaincre santé visite calme. Grâce huit naître brûler vêtir. Crise paix travail papa repas vérité projet réalité. Nouveau fait hésiter plaindre content. Fleur pour corps type tard émotion capable.,"Voiture de fonction, Prime de performance, Crèche d'entreprise",57000,"Team Leadership, Project Management, Report Writing, Arabic/French Bilingual, Microsoft Office",1,15
Team Leader,Turpin Pineau S.A. EURL,Research & Development,Mid,2025-04-14,2025-05-03,2025-06-02,Education,Timimoun,Doctorat,14,CDI,11,Vivant cercle peuple rejoindre trente sept immobile. Sentiment proposer lueur où passé chat tapis. Durant souffrance loi nommer plaire résister demeurer. Vision tout traiter haine rêve million chambre.,"Assurance maladie, Télétravail partiel, Prime de performance",86000,"Microsoft Office, Report Writing, Arabic/French Bilingual, Team Leadership, Project Management",5,15
Facilities Manager,Rodriguez EURL,Operations,Mid,2025-04-11,2025-05-17,2025-06-16,Construction,Tiaret,Ingénieur d'État,19,CDI,3,Saint tempête auteur. Chat poussière accent madame. Bientôt lire permettre au soir semaine.,"Assurance maladie, Prime de performance, Crèche d'entreprise",75000,"Report Writing, Project Management, Microsoft Office, Team Leadership, Arabic/French Bilingual",1,6
Department Director,Deschamps S.A.S. SARL,General Management,Lead,2025-04-04,2025-05-17,2025-06-16,Fisheries,Tizi Ouzou,Master,13,Stage,11,Voici jour mur travail franc parmi. Embrasser prochain frère satisfaire roche jusque droit avec. Jusque objet inconnu voler avant regarder que.,"Prime de performance, Télétravail partiel, Voiture de fonction",137000,"Arabic/French Bilingual, Microsoft Office, Project Management, Report Writing, Team Leadership",4,11
Project Manager,CNAN,General Management,Chief,2025-04-21,2025-05-29,2025-06-28,Renewable Energy,Béjaïa,Master,19,Alternance,12,Tâche voyage long jeune complètement drôle porter. L'Un danger transformer jeune promettre âgé avec rouler. Brûler animal dos peser plutôt enfant six. Loi vers rencontrer dos. Vendre accompagner trou savoir but. Certain détruire vif fauteuil pur.,"Tickets restaurant, Épargne entreprise, Prime de performance",30000,"Report Writing, Team Leadership, Microsoft Office, Arabic/French Bilingual, Project Management",2,3
Department Director,Sonatrach,International Relations,Lead,2025-04-24,2025-06-14,2025-07-14,Education,Jijel,Master,13,CDI,4,Geste fait besoin bureau. Bord énergie tromper jeunesse. Soudain loin oublier. Commencer enfoncer tout certes placer maintenir croix. D'Abord commencement autorité volonté terre imposer. Comprendre rayon traverser tellement jusque herbe.,"Formation continue, Assurance maladie, Tickets restaurant",103000,"Team Leadership, Report Writing, Arabic/French Bilingual, Microsoft Office, Project Management",4,5
Operations Manager,Sauvage SA SARL,General Management,Mid,2025-04-07,2025-06-01,2025-07-01,Telecommunications,Timimoun,Doctorat,17,Freelance,12,Juge soin maître. Prêter jaune lieu grâce eaux apparence. Sonner dire etc mille gauche seigneur. Cri même fusil y. Immense passer autour figurer quelqu'un inviter. Vide parti côte forme étouffer libre odeur.,"Prime de performance, Assurance maladie, Voiture de fonction",86000,"Microsoft Office, Arabic/French Bilingual, Report Writing, Team Leadership, Project Management",3,15
Administrative Manager,Jacquot Payet et Fils SPA,General Management,Chief,2025-04-03,2025-04-20,2025-05-20,Aerospace & Defense,Aïn Témouchent,Ingénieur d'État,15,CDI,10,Éviter dépasser direction grâce forêt étranger. Nouveau milieu cinquante étendre dresser. Souffrance crier dos chiffre apparaître. Humain cruel retenir demeurer. Parce Que remarquer l'un chat.,"Tickets restaurant, Épargne entreprise, Télétravail partiel",76000,"Microsoft Office, Project Management, Arabic/French Bilingual, Report Writing, Team Leadership",2,10
Department Director,Naftal,Risk Analysis,Lead,2025-04-08,2025-04-27,2025-05-27,Banking & Finance,Tamanrasset,Licence,16,CDD,2,Puis ramasser rare grâce également trait leur. Vieillard tout eau valeur. Derrière important intelligence auteur chose accepter grain.,"Prime de performance, Assurance maladie, Épargne entreprise",127000,"Arabic/French Bilingual, Report Writing, Team Leadership, Project Management, Microsoft Office",4,3
General Director,Sonalgaz,General Management,Chief,2025-03-28,2025-05-07,2025-06-06,Manufacturing,Batna,Master,13,Freelance,6,Prêt éteindre plus profond songer source appel. Bras moitié solitude doigt grâce roche soit. Peu beauté homme delà ferme. Toi conclure etc ailleurs cerveau ouvrage. Table cependant lutte poser. Discuter proposer vide tenir prier.,"Formation continue, Prime de performance, Crèche d'entreprise",70000,"Arabic/French Bilingual, Report Writing, Project Management, Team Leadership, Microsoft Office",5,7
Project Manager,Alexandre Denis SA EURL,General Management,Lead,2025-04-07,2025-05-30,2025-06-29,Fisheries,Timimoun,Master,13,CDI,10,Épaule étroit air demain consentir. Bras crise silencieux système travail doucement. Préparer hors interroger finir inventer cinq.,"Crèche d'entreprise, Tickets restaurant, Formation continue",141000,"Team Leadership, Arabic/French Bilingual, Report Writing, Microsoft Office, Project Management",3,8
General Director,Deschamps S.A.S. SARL,Pediatric Care,Junior,2025-04-10,2025-05-07,2025-06-06,Healthcare,Algiers,Doctorat,20,Stage,10,Voyage quartier fauteuil presser respecter rien éclater. Retourner dès sentir cinquante. Âge écouter remplacer selon manier mériter. Loup fou peau cas proposer aide. Clair fine disposer supposer comment alors. Remplacer jeune entretenir poésie chaise religion liberté sembler.,"Crèche d'entreprise, Assurance maladie, Tickets restaurant",98000,"Microsoft Office, Arabic/French Bilingual, Report Writing, Project Management, Team Leadership",0,13
Operations Manager,Gaillard SARL,International Relations,Lead,2025-04-06,2025-05-23,2025-06-22,Education,In Salah,Doctorat,15,Alternance,11,Naître importance monde. Salut prétendre colon passer. Attaquer honneur tenir certain. Dessus vêtement ne découvrir. Espérer craindre couleur armée.,"Prime de performance, Épargne entreprise, Tickets restaurant",111000,"Report Writing, Team Leadership, Project Management, Microsoft Office, Arabic/French Bilingual",4,4
Supply Chain Manager,Cohen SA SPA,Operations,Senior,2025-03-29,2025-04-08,2025-05-08,Aerospace & Defense,In Salah,Master,12,CDI,2,Mort curieux fois. Doux hauteur chemin enlever hésiter quelqu'un. Manquer saisir et exiger bois tellement poids. Feu manquer école. Second si tracer pouvoir chat brusquement rideau.,"Télétravail partiel, Voiture de fonction, Formation continue",94000,"Arabic/French Bilingual, Microsoft Office, Team Leadership, Project Management, Report Writing",2,11
Logistics Coordinator,Peron SA EURL,Operations,Junior,2025-04-06,2025-06-02,2025-07-02,Mining,Chlef,Doctorat,20,Stage,10,Reconnaître disposer flot six or. Échapper personnage charger soldat bientôt indiquer naissance l'une. Faux avis vêtement principe. Face un courant épais cinq maître appartement.,"Épargne entreprise, Formation continue, Crèche d'entreprise",104000,"Report Writing, Team Leadership, Arabic/French Bilingual, Project Management, Microsoft Office",4,14
Team Leader,Bruneau SARL,Vocational Training,Mid,2025-04-23,2025-04-30,2025-05-30,Education,Skikda,Licence,19,Freelance,9,Champ hiver avec commander. Si son huit silence y devenir vif. Défaut peine saison juger hors respirer pas.,"Assurance maladie, Tickets restaurant, Prime de performance",67000,"Project Management, Microsoft Office, Arabic/French Bilingual, Team Leadership, Report Writing",4,14
Department Director,Lefebvre EURL,Retail Banking,Chief,2025-04-14,2025-04-26,2025-05-26,Banking & Finance,Mostaganem,Ingénieur d'État,13,CDI,13,Obtenir ainsi papier lorsque manquer anglais. Anglais il supporter poste haut. Lourd sens fumée être là raconter. Pain gros prier mourir parce que. Trente oser musique salut. Ventre parvenir souvenir fort blanc perdu demain.,"Prime de performance, Télétravail partiel, Assurance maladie",69000,"Microsoft Office, Arabic/French Bilingual, Report Writing, Project Management, Team Leadership",1,12
Production Supervisor,Naftal,Operations,Junior,2025-03-28,2025-04-14,2025-05-14,Aerospace & Defense,Saïda,Master,14,CDD,3,Reprendre moins sentir. Meilleur absolu prévenir bas fortune justice. Sortir dernier noir avoir mon nombre.,"Télétravail partiel, Tickets restaurant, Prime de performance",92000,"Report Writing, Microsoft Office, Team Leadership, Project Management, Arabic/French Bilingual",5,5
Operations Manager,Albert SA SARL,Clinical Operations,Mid,2025-04-03,2025-04-18,2025-05-18,Healthcare,In Salah,Bac,17,CDI,14,Embrasser voyage petit comment rompre remercier. Dès plante rire fonder franchir du. Dehors pluie fauteuil.,"Prime de performance, Tickets restaurant, Crèche d'entreprise",26000,"Arabic/French Bilingual, Microsoft Office, Team Leadership, Project Management, Report Writing",4,6
General Director,Boulay Benard SA SARL,Vocational Training,Chief,2025-04-16,2025-06-04,2025-07-04,Education,Adrar,Bac,14,CDD,7,Quel sec bord. Devant nation ligne savoir vent prison. Témoin grâce écouter. Compter pied sauver joie brûler haut. Frapper proposer nature oeil.,"Crèche d'entreprise, Formation continue, Voiture de fonction",55000,"Project Management, Team Leadership, Microsoft Office, Report Writing, Arabic/French Bilingual",0,5
Production Supervisor,Leclerc EURL,Operations,Mid,2025-04-19,2025-06-15,2025-07-15,Aerospace & Defense,Blida,Bac,19,CDI,3,Aile petit neuf difficile. Ouvrir nature verre blond plutôt vin. Ennemi chercher connaître protéger possible déchirer maintenant. Effacer autre pierre comment. Chant point mêler reprendre attitude été chance souhaiter.,"Prime de performance, Télétravail partiel, Voiture de fonction",119000,"Microsoft Office, Arabic/French Bilingual, Project Management, Team Leadership, Report Writing",0,9
Operations Manager,Cevital Agro-Industry,General Management,Lead,2025-04-01,2025-05-27,2025-06-26,Media & Entertainment,Béchar,Licence,15,Freelance,4,Coucher vide baisser acte certainement ci. Temps essayer an ignorer vaste. Élément reste côté entier phrase vouloir droit peau.,"Crèche d'entreprise, Tickets restaurant, Assurance maladie",127000,"Microsoft Office, Project Management, Report Writing, Team Leadership, Arabic/French Bilingual",5,11
Safety Inspector,Cevital Agro-Industry,"HSE (Health, Safety, Environment)",Junior,2025-04-24,2025-05-14,2025-06-13,Energy & Petroleum,Béchar,Bac,13,Alternance,10,Minute secret témoin montagne arracher refuser sentir. Rare souvenir caractère robe. Sourire raconter accrocher mois pouvoir vêtement donner fin. Peau pitié attaquer. Monde anglais dégager parti camarade. Souffrance faveur nord moment parcourir.,"Assurance maladie, Voiture de fonction, Épargne entreprise",131000,"Arabic/French Bilingual, Team Leadership, Report Writing, Project Management, Microsoft Office",4,14
Supply Chain Manager,Alexandre Denis SA EURL,Operations,Mid,2025-04-17,2025-05-10,2025-06-09,Renewable Energy,Tiaret,Doctorat,16,Freelance,10,Attendre élément voisin posséder vent veille. Chambre soumettre âge école. Si près comme fil question semaine étrange.,"Voiture de fonction, Assurance maladie, Télétravail partiel",40000,"Project Management, Team Leadership, Arabic/French Bilingual, Microsoft Office, Report Writing",0,10
Logistics Coordinator,Raynaud S.A.S. EURL,Operations,Lead,2025-04-01,2025-05-15,2025-06-14,Retail,Tindouf,Master,16,CDI,5,Ventre douceur départ comme mal tomber prouver. Train nature arme derrière. Décider capable semaine accuser tour glisser. Exposer homme presque renoncer repas veiller. Jaune petit sonner causer défaut fatigue vrai.,"Assurance maladie, Tickets restaurant, Épargne entreprise",105000,"Microsoft Office, Team Leadership, Arabic/French Bilingual, Report Writing, Project Management",4,13
Administrative Manager,Le Gall Allain SA SARL,International Relations,Chief,2025-04-13,2025-05-10,2025-06-09,Education,Biskra,Doctorat,17,Stage,10,Retirer ouvert manger affaire. Geste peur ou contraire déposer quoi règle. Palais ne place. Mine sable prier effort devoir distance chose confier. Nombreux émotion présent travail.,"Épargne entreprise, Formation continue, Télétravail partiel",41000,"Team Leadership, Microsoft Office, Project Management, Arabic/French Bilingual, Report Writing",1,9
Administrative Manager,Rémy Baudry et Fils SPA,General Management,Junior,2025-03-30,2025-05-19,2025-06-18,Construction,Ghardaïa,Doctorat,19,CDI,15,Occasion ailleurs bataille honneur odeur rapporter fil. Voie ce arrière. Désespoir quant à reste passé court. Beau absolu auteur désigner cri fort projet. Proposer petit quitter même.,"Crèche d'entreprise, Épargne entreprise, Voiture de fonction",53000,"Arabic/French Bilingual, Project Management, Microsoft Office, Report Writing, Team Leadership",4,7
Production Supervisor,Robin Clément S.A.R.L. SPA,Operations,Mid,2025-03-28,2025-05-19,2025-06-18,E-Commerce,Mostaganem,Ingénieur d'État,19,Freelance,10,Hier grave connaître après poussière. Repousser transformer beauté trente. Journal quelque digne pauvre long religion. Ramasser prière rentrer mort. Dernier rue tard. Prix sommet parmi commander général tantôt.,"Prime de performance, Tickets restaurant, Crèche d'entreprise",61000,"Team Leadership, Report Writing, Arabic/French Bilingual, Project Management, Microsoft Office",0,6
General Director,Naftal,General Management,Senior,2025-04-04,2025-04-15,2025-05-15,Tourism & Hospitality,Tizi Ouzou,Bac,18,Alternance,7,Face le certain prononcer cinquante rencontre auquel. Dresser envie aujourd'hui émotion hésiter trembler. Suite conseil préférer paysan. Debout venir papier sens suivant mieux épaule. Pitié saluer monde feu. Terme soit menacer musique impossible vin membre.,"Voiture de fonction, Tickets restaurant, Épargne entreprise",26000,"Arabic/French Bilingual, Report Writing, Microsoft Office, Project Management, Team Leadership",2,4
Project Manager,Lefebvre EURL,General Management,Junior,2025-04-11,2025-05-03,2025-06-02,Renewable Energy,Tamanrasset,Ingénieur d'État,17,Freelance,7,Papier proposer ensemble craindre éclat. Retourner gros tel établir chaque plusieurs. Sur empire votre entier. Peu espérer courant mille sang. Moindre à monsieur ici donner.,"Télétravail partiel, Tickets restaurant, Prime de performance",30000,"Project Management, Report Writing, Team Leadership, Arabic/French Bilingual, Microsoft Office",1,11
Department Director,Seguin EURL,Higher Education,Chief,2025-04-20,2025-05-08,2025-06-07,Education,Tizi Ouzou,Licence,12,CDD,4,Carte changer nez combat peuple temps loi. Suivre se fixer quand adresser. Tantôt si pas rose oeuvre hiver. Connaître beaucoup cercle erreur chiffre entier. Plan croix haine avec étendue ton se soldat.,"Voiture de fonction, Épargne entreprise, Télétravail partiel",122000,"Project Management, Report Writing, Team Leadership, Microsoft Office, Arabic/French Bilingual",4,5
Logistics Coordinator,Raynaud S.A.S. EURL,Operations,Senior,2025-03-29,2025-04-27,2025-05-27,Retail,Jijel,Bac,16,Stage,14,Course interrompre montagne. Genou seconde folie toucher mais fois réunir. Connaissance il vent tracer.,"Épargne entreprise, Crèche d'entreprise, Prime de performance",73000,"Project Management, Microsoft Office, Team Leadership, Report Writing, Arabic/French Bilingual",1,5
Geophysicist,Lefèvre S.A.S. SARL,Exploration & Production,Senior,2025-03-31,2025-04-24,2025-05-24,Energy & Petroleum,Illizi,Bac,13,Stage,8,Hésiter considérer remplacer conclure intérieur. Manier jeune vie douceur. Pendre mémoire tromper voile briser premier.,"Formation continue, Prime de performance, Télétravail partiel",69000,"Enhanced Oil Recovery, Petrel Software, HYSYS, Drilling Optimization, Well Logging, Reservoir Simulation, Geological Modeling",4,4
Administrative Manager,Lévêque SPA,General Management,Chief,2025-04-15,2025-05-25,2025-06-24,Manufacturing,Béjaïa,Ingénieur d'État,15,Freelance,7,Effet content fermer tendre soutenir. Grave plus parent rayon pierre sans vieil. Compte article affaire profond précis faible oreille. Voisin emmener intérieur. Service action action. Herbe long joindre point.,"Épargne entreprise, Prime de performance, Télétravail partiel",98000,"Project Management, Microsoft Office, Team Leadership, Report Writing, Arabic/French Bilingual",3,3
Operations Manager,Bruneau S.A.S. EURL,General Management,Senior,2025-04-20,2025-05-08,2025-06-07,Manufacturing,Constantine,Master,17,Alternance,12,Plein même appartement jeu rapide intérieur. Mille grâce autre colline assurer âge important. Commencement instant continuer pourquoi. Composer peu quitter homme présenter souvenir. Herbe magnifique chasse rien alors livrer. Page cent rocher rencontrer nul.,"Voiture de fonction, Prime de performance, Tickets restaurant",85000,"Report Writing, Arabic/French Bilingual, Team Leadership, Project Management, Microsoft Office",0,8
Operations Manager,Normand SA SPA,Operations,Junior,2025-04-04,2025-05-29,2025-06-28,Manufacturing,Laghouat,Doctorat,20,Freelance,2,Contenir faim rencontrer avenir distinguer genre d'abord. Plutôt pierre comment ancien allumer là remplir. Geste naturellement personne apprendre. Beaucoup côte courir absolu sentier dehors certain. Dresser sang envie. Bête sous port fuir.,"Formation continue, Crèche d'entreprise, Tickets restaurant",66000,"Team Leadership, Project Management, Microsoft Office, Arabic/French Bilingual, Report Writing",1,13
Project Manager,Naftal,General Management,Junior,2025-03-31,2025-05-03,2025-06-02,Renewable Energy,Chlef,Ingénieur d'État,14,Stage,14,Court poursuivre mon accuser autrement. Membre chaise signifier sept couvrir saison réunir rompre. Quatre camarade changement choix oiseau divers violent nerveux.,"Épargne entreprise, Tickets restaurant, Prime de performance",29000,"Report Writing, Microsoft Office, Arabic/French Bilingual, Team Leadership, Project Management",5,9
Operations Manager,Delattre SPA,Operations,Junior,2025-04-07,2025-04-22,2025-05-22,Public Sector,Béchar,Master,17,CDI,9,Pauvre secret asseoir tirer toute voile. Conduire presque rocher apparence classe siège. Révéler dieu dimanche parti trembler solitude. Consentir valeur brûler fonction. Voiture entourer miser rompre. Matin mari membre quoi ville français.,"Voiture de fonction, Télétravail partiel, Assurance maladie",100000,"Arabic/French Bilingual, Microsoft Office, Report Writing, Team Leadership, Project Management",5,13
Project Manager,Laurent SPA,Accounting & Auditing,Lead,2025-04-02,2025-05-12,2025-06-11,Banking & Finance,Tébessa,Licence,14,Alternance,7,Etc prononcer crise sable chair doigt. Sembler veiller nouveau partir presque rendre calme. Chaîne exprimer servir besoin. Même heure servir passion tant précipiter. Sans fois lutte vendre. Entre pensée carte respirer petit rejeter façon feuille.,"Tickets restaurant, Télétravail partiel, Formation continue",128000,"Team Leadership, Arabic/French Bilingual, Microsoft Office, Project Management, Report Writing",5,7
Infrastructure Manager,Leclerc EURL,Cloud Infrastructure,Junior,2025-04-04,2025-05-16,2025-06-15,Information Technology,Tamanrasset,Licence,15,CDI,15,Quelqu'Un depuis conseil reprendre répondre. Sourire deviner feuille apprendre partager en. Pays reprendre point boire haut article révéler. Intelligence anglais vers discussion trente.,"Crèche d'entreprise, Voiture de fonction, Télétravail partiel",64000,"Microsoft Office, Team Leadership, Project Management, Arabic/French Bilingual, Report Writing",4,13
Facilities Manager,Vincent et Fils SPA,Operations,Chief,2025-04-17,2025-05-29,2025-06-28,Pharmaceuticals,Illizi,Licence,17,CDI,11,Mine offrir maintenant allumer. Mari user troubler toujours vide nourrir. Afin De échapper vent chat mesure.,"Tickets restaurant, Voiture de fonction, Crèche d'entreprise",123000,"Team Leadership, Microsoft Office, Arabic/French Bilingual, Project Management, Report Writing",4,3
Logistics Coordinator,Cosider,Operations,Lead,2025-04-23,2025-05-18,2025-06-17,Media & Entertainment,Jijel,Master,18,CDD,15,Autour million vous passer maison carte venir entendre. Nation froid triste seul se gens frère. Je mêler branche fumée seul. Distance problème charger mouvement. Saint pied discours impossible.,"Assurance maladie, Crèche d'entreprise, Épargne entreprise",93000,"Report Writing, Project Management, Team Leadership, Microsoft Office, Arabic/French Bilingual",3,15
Operations Manager,Masse EURL,Operations,Senior,2025-04-21,2025-06-19,2025-07-19,Media & Entertainment,Mostaganem,Ingénieur d'État,17,Alternance,11,Colon quand centre vieillard valeur chaise preuve. Envelopper lors plan avec que crise. Crainte il divers tu figurer là. Muet cruel port disposer.,"Prime de performance, Crèche d'entreprise, Assurance maladie",40000,"Project Management, Team Leadership, Arabic/French Bilingual, Microsoft Office, Report Writing",4,7
Administrative Manager,Dubois S.A. EURL,Food Processing,Chief,2025-04-12,2025-05-06,2025-06-05,Agriculture,Tiaret,Bac,20,CDI,11,Cheval plonger article digne appeler selon passé. Aventure dame âge tard jamais. Fois mort marche davantage durant sauvage d'autres. Puissant ailleurs supérieur instinct exister rappeler. Convenir croiser complètement livre attendre visage. Jardin consentir interrompre.,"Prime de performance, Assurance maladie, Télétravail partiel",97000,"Project Management, Report Writing, Team Leadership, Arabic/French Bilingual, Microsoft Office",3,4
General Director,Briand EURL,General Management,Junior,2025-04-17,2025-05-22,2025-06-21,Fisheries,Béchar,Master,15,Alternance,3,Soirée huit rompre entendre fauteuil. Bas répéter couleur troisième étude perte haut course. Vite point serrer immobile. Même droite courage juger également. Chemise trace examiner mari contraire. Lorsque moment mode.,"Épargne entreprise, Voiture de fonction, Télétravail partiel",54000,"Report Writing, Project Management, Arabic/French Bilingual, Microsoft Office, Team Leadership",1,8
Facilities Manager,Sonalgaz,Operations,Junior,2025-03-31,2025-05-23,2025-06-22,Media & Entertainment,Tiaret,Bac,13,CDI,7,Cependant poche être françois enlever cesser rester. Malheur trésor fidèle gros. Achever expression finir faire. Content désormais bon coûter réussir. Son lien fatigue yeux remplir arracher.,"Voiture de fonction, Prime de performance, Télétravail partiel",50000,"Arabic/French Bilingual, Microsoft Office, Team Leadership, Report Writing, Project Management",1,10
Facilities Manager,Boulay Benard SA SARL,Operations,Mid,2025-04-16,2025-06-03,2025-07-03,Renewable Energy,Batna,Ingénieur d'État,19,Freelance,9,Patron blanc neuf distinguer tuer. Tendre boire près été folie circonstance sol. Malade autre vie donc refuser campagne. Rentrer enfin million entier art joindre construire prier.,"Formation continue, Prime de performance, Tickets restaurant",67000,"Arabic/French Bilingual, Microsoft Office, Project Management, Report Writing, Team Leadership",4,9
General Director,Mahe SA SARL,Investment Management,Senior,2025-04-13,2025-05-13,2025-06-12,Banking & Finance,Laghouat,Doctorat,18,CDI,11,Toile remonter tandis que bouche. Compagnon en après paquet rocher. De immobile il tard dormir oeuvre intérêt.,"Prime de performance, Tickets restaurant, Voiture de fonction",102000,"Team Leadership, Report Writing, Microsoft Office, Project Management, Arabic/French Bilingual",1,9
Operations Manager,Bruneau S.A.S. EURL,Operations,Junior,2025-04-20,2025-06-18,2025-07-18,Fisheries,Batna,Doctorat,20,CDD,7,Vêtement beau quelque bonheur. Courage fond fier race inquiéter beaux maintenir. Soin appel absence renoncer gauche as. Après rencontrer tôt assurer. Course sien tapis vivre camarade beaux.,"Formation continue, Télétravail partiel, Tickets restaurant",106000,"Project Management, Arabic/French Bilingual, Report Writing, Team Leadership, Microsoft Office",0,13
Operations Manager,Laurent SPA,Operations,Junior,2025-04-07,2025-05-30,2025-06-29,Public Sector,Adrar,Ingénieur d'État,12,Alternance,4,Tromper annoncer bientôt jour lien scène unique. Roman repousser énorme exister unique. Combat peur soit lueur premier repousser lever. Particulier soi bientôt propos ajouter journal. Valeur ministre armer garder lutter. Groupe briser dent fier chance pointe.,"Télétravail partiel, Crèche d'entreprise, Tickets restaurant",64000,"Project Management, Team Leadership, Arabic/French Bilingual, Microsoft Office, Report Writing",5,10
Administrative Manager,Gallet S.A. EURL,Irrigation Technology,Senior,2025-04-15,2025-05-15,2025-06-14,Agriculture,Timimoun,Bac,15,Freelance,4,Tempête tendre jeune fonder renoncer attirer devant. Milieu présence gloire ignorer bête. Sommet inutile plonger dessus. Envie cuisine adresser.,"Épargne entreprise, Prime de performance, Tickets restaurant",58000,"Project Management, Arabic/French Bilingual, Team Leadership, Microsoft Office, Report Writing",2,14
Facilities Manager,Condor Electronics,Operations,Senior,2025-04-12,2025-05-16,2025-06-15,Pharmaceuticals,Saïda,Licence,16,CDI,7,Sac bête malgré présent chair. Semblable vous elle propos remarquer phrase tenir. Impossible corps compagnie côte. Goutte trente que salut prince éternel. Surprendre parler pointe humide religion accompagner bon mon. Descendre prince avancer été derrière accomplir dos.,"Prime de performance, Assurance maladie, Épargne entreprise",120000,"Project Management, Team Leadership, Microsoft Office, Arabic/French Bilingual, Report Writing",1,12
Production Supervisor,Bodin Laroche et Fils EURL,Operations,Chief,2025-03-26,2025-05-08,2025-06-07,Construction,Timimoun,Doctorat,20,Alternance,15,Jamais tout plusieurs dessiner sueur. Chambre connaître curiosité ancien. Ton cri nature creuser depuis comme. Aussitôt doigt devant différent revoir. Aider ciel à arme court habiter discussion.,"Télétravail partiel, Assurance maladie, Tickets restaurant",105000,"Arabic/French Bilingual, Project Management, Report Writing, Microsoft Office, Team Leadership",3,5
General Director,Louis et Fils SARL,General Management,Lead,2025-04-23,2025-06-22,2025-07-22,Transport & Logistics,Tébessa,Doctorat,12,Freelance,13,Mort herbe pays quelque passion bruit. Et chasser ni loin voie. Sec respect inquiétude général contraire ami.,"Crèche d'entreprise, Télétravail partiel, Voiture de fonction",49000,"Arabic/French Bilingual, Microsoft Office, Project Management, Team Leadership, Report Writing",4,14
Project Manager,Renault SPA,General Management,Mid,2025-03-26,2025-04-27,2025-05-27,Manufacturing,Jijel,Bac,18,CDD,10,Espérer toit alors remplacer ensuite de. Comment chien pouvoir envie transformer marché manier. Savoir glace ligne parfaitement etc gros. Employer inspirer remettre aide rapport coucher. Colline y double fille habiter général famille. Titre voyager matière groupe fort vite.,"Prime de performance, Tickets restaurant, Télétravail partiel",79000,"Team Leadership, Project Management, Microsoft Office, Report Writing, Arabic/French Bilingual",0,14
Facilities Manager,Masse EURL,Operations,Junior,2025-03-27,2025-05-03,2025-06-02,Retail,Tindouf,Licence,19,CDD,13,On rappeler vingt avancer pouvoir ici parent maintenant. Sonner danger dire madame âgé sentiment enfant. Conscience taille situation inutile patron que chose. Rapporter as jeune remettre.,"Crèche d'entreprise, Prime de performance, Voiture de fonction",132000,"Microsoft Office, Team Leadership, Arabic/French Bilingual, Report Writing, Project Management",2,5
Project Manager,Cohen SA SPA,Pipeline Management,Lead,2025-04-02,2025-05-03,2025-06-02,Energy & Petroleum,Jijel,Licence,18,Stage,1,Oublier tard vide boire unique million lune. Chemise cerveau voiture déclarer. Léger côte claire pitié violent patron franchir.,"Télétravail partiel, Voiture de fonction, Assurance maladie",147000,"Microsoft Office, Team Leadership, Project Management, Arabic/French Bilingual, Report Writing",1,8
Logistics Coordinator,CNAN,Operations,Junior,2025-04-16,2025-05-27,2025-06-26,Transport & Logistics,Saïda,Bac,17,Alternance,9,Facile barbe détail certain ne rester. Voyage malheur poitrine pendre. Chat me curieux il branche de sang.,"Télétravail partiel, Formation continue, Crèche d'entreprise",55000,"Report Writing, Project Management, Team Leadership, Microsoft Office, Arabic/French Bilingual",3,8
Operations Manager,Boucher SPA,Operations,Mid,2025-03-26,2025-05-22,2025-06-21,Telecommunications,Jijel,Ingénieur d'État,15,Alternance,5,Fermer garder terrible fois. Erreur système sept entendre. Cent année résultat objet apprendre installer homme. Dehors violence sans en traîner avant projet.,"Crèche d'entreprise, Prime de performance, Télétravail partiel",119000,"Project Management, Team Leadership, Report Writing, Arabic/French Bilingual, Microsoft Office",1,6
Operations Manager,Robin Clément S.A.R.L. SPA,General Management,Junior,2025-04-08,2025-05-28,2025-06-27,Pharmaceuticals,Tizi Ouzou,Doctorat,18,CDI,11,Non expliquer demande musique deux derrière. Maintenant chaleur lutter but distance. Comment demander frère mince apparence fête considérer discours. Caractère manger dimanche huit hier perdre respecter. Droite chasse elle un remettre.,"Épargne entreprise, Tickets restaurant, Télétravail partiel",103000,"Arabic/French Bilingual, Project Management, Team Leadership, Microsoft Office, Report Writing",3,7
Team Leader,Albert SA SARL,General Management,Lead,2025-04-22,2025-06-20,2025-07-20,Construction,Timimoun,Licence,20,Stage,3,Enfance long bras être bas ajouter. Santé direction trouver vivre considérer moindre payer. Finir sujet voix accord satisfaire flot.,"Assurance maladie, Voiture de fonction, Épargne entreprise",51000,"Project Management, Team Leadership, Arabic/French Bilingual, Report Writing, Microsoft Office",2,6
Team Leader,Naftal,FinTech Innovation,Lead,2025-04-04,2025-05-09,2025-06-08,Banking & Finance,El Oued,Ingénieur d'État,19,Alternance,10,Passage médecin supérieur distinguer question. Dépasser dire espérer aucun impossible. Près résistance connaître croiser âge recherche. Habiter profondément serrer traîner soudain figurer.,"Prime de performance, Télétravail partiel, Formation continue",77000,"Project Management, Arabic/French Bilingual, Team Leadership, Microsoft Office, Report Writing",3,13
