job_Id,job title,department,date posted,application deadline,valid through,sector,job location,education requirement,education_years,type of contract,available posts,technical_skills,experience_min_req,experience_max_req,salary
1,Teacher,Academic Advisor,2025-04-10,2025-04-15,2025-05-15,Education,Blida,Licence,15,CDD,2,"Peer Learning Platforms, Curriculum Design, Gamification (Kahoot), Virtual Classrooms (Zoom), Digital Assessments, AR/VR Learning, Plagiarism Detection (Turnitin), Flipped Classroom Models, LMS (Moodle/Canvas)",2,5,50000
2,Cybersecurity Analyst,DevOps Engineer,2025-02-09,2025-02-22,2025-03-24,Information Technology,Algiers,Baccalaureate,12,Internship,6,"MySQL, IDS, Vue.js, React, Burp Suite, Angular",0,1,89000
3,Store Manager,Inventory Coordinator,2025-03-02,2025-03-12,2025-04-11,Retail,Oran,Ingénieur d'État,18,CDI,9,"Retail Chatbots, CRM (Salesforce), POS Systems, Click-and-Collect, Loss Prevention, Blockchain, Loyalty Programs, Cashierless Checkout, Social Commerce, Omnichannel Strategy, Vendor Management, Retail Automation",4,6,58000
4,Fleet Coordinator,Supply Chain Analyst,2025-02-20,2025-02-24,2025-03-26,Transport & Logistics,Batna,Doctorat,20,CDI,10,"EDI Integration, Last-Mile Delivery, Freight Forwarding, Cold Chain Logistics, Inventory Control, Logistics Costing, Reverse Logistics, SCM ERP Systems, Fleet Management, Transportation Modeling, Logistics Automation, Warehouse Management Systems, Route Optimization, Logistics Planning, TMS Software",8,10,90000
5,Health Informatics Specialist,Health Informatics Specialist,2025-04-13,2025-05-09,2025-06-08,Healthcare,Tébessa,Licence,15,Freelance,3,"Stem Cell Research, Mental Health Apps, Health Economics, Epidemiology, Surgical Robotics, Genomics, HIPAA Compliance, Health Insurance, Population Health",2,5,67000
6,Curriculum Developer,Curriculum Developer,2025-02-15,2025-03-15,2025-04-14,Education,Jijel,Doctorat,20,CDI,7,"Plagiarism Detection (Turnitin), Esports in Schools, LMS (Moodle/Canvas), Educational Data Mining, Classroom Management, Accessibility (WCAG), E-Learning Tools (Articulate), Microlearning, Digital Assessments, Virtual Classrooms (Zoom), AR/VR Learning, Podcasting in Ed, Educational Robotics, Mental Health Tools, Student Information Systems (SIS)",8,13,60000
7,Quality Control Inspector,Quality Control Inspector,2025-03-19,2025-03-20,2025-04-19,Manufacturing,Sétif,Baccalaureate,12,Alternance,9,"Industrial Automation (PLC), Robotics (ROS), IIoT, Tooling Design, Smart Factories, Predictive Maintenance, Quality Control",0,2,48000
8,Mine Engineer,Mine Engineer,2025-02-09,2025-02-13,2025-03-15,Mining,Bouira,No Formal Education,0,Alternance,3,"Drilling Operations, Rock Mechanics, Mining Economics",0,1,72000
9,Process Technician,Maintenance Engineer,2025-02-28,2025-03-11,2025-04-10,Manufacturing,M’sila,Master,17,Internship,2,"Six Sigma, Digital Twins, Industrial Automation (PLC), CAD/CAM, Safety Standards, Quality Control, Tooling Design",0,1,71000
10,Video Editor,Content Producer,2025-03-28,2025-04-26,2025-05-26,Media & Entertainment,Algiers,No Formal Education,0,Freelance,2,"Transmedia Storytelling, AR/VR Content, OTT Platforms",0,1,36000
11,Regulatory Affairs Specialist,Clinical Trials Manager,2025-02-09,2025-03-08,2025-04-07,Pharmaceuticals,Oran,Doctorat,20,Internship,6,"GLP Standards, Clinical Trials Management, Pharmacovigilance, Biostatistics, Analytical Chemistry, Medical Writing, Quality Assurance (QA), Pharmaceutical Sales",0,1,134000
12,Medical Technologist,Health Informatics Specialist,2025-02-26,2025-03-24,2025-04-23,Healthcare,Oran,Master,17,CDD,5,"Medical Device Regulation, Healthcare Analytics, Nursing Informatics, Precision Medicine, Telemedicine, Medical Imaging (MRI/CT), Infection Control, VR Therapy, EHR Systems, Health Informatics, Genomics, AI Diagnostics, Mental Health Apps",6,7,80000
13,Aquaculture Technician,Fishery Inspector,2025-03-19,2025-03-29,2025-04-28,Fisheries,Béjaïa,No Formal Education,0,Internship,5,"Oceanographic Survey, Biosecurity in Aquaculture, Fish Disease Management",0,1,24000
14,Quality Control Inspector,Production Supervisor,2025-03-22,2025-04-19,2025-05-19,Manufacturing,Algiers,Doctorat,20,Freelance,1,"Workforce Training, Rapid Prototyping, Additive Manufacturing, 3D Printing, Lean Manufacturing, Industrial Cybersecurity, Six Sigma, Tooling Design, Supply Chain Resilience, Production Planning, Energy Efficiency, Quality Control, Process Engineering, Robotics (ROS), CAD/CAM",8,13,80000
15,Formulation Scientist,Formulation Scientist,2025-03-06,2025-03-06,2025-04-05,Pharmaceuticals,Annaba,Doctorat,20,Freelance,4,"CMC Documentation, GLP Standards, Pharmaceutical Marketing, Regulatory Affairs, GMP Compliance, Stability Testing, Batch Record Review, FDA Submissions, Clinical Trials Management, Medical Writing, Preclinical Research, Pharmacovigilance, Drug Formulation, Sterile Manufacturing, Formulation Development",8,10,140000
16,Fleet Coordinator,Supply Chain Analyst,2025-04-21,2025-04-28,2025-05-28,Transport & Logistics,M’sila,Master,17,Freelance,10,"Transportation Modeling, Customs Compliance, Freight Forwarding, SCM ERP Systems, Logistics Analytics, Logistics Automation, Shipment Tracking, Logistics Planning, Reverse Logistics, EDI Integration, TMS Software, Distribution Strategy, Warehouse Management Systems, Supply Chain Optimization",6,9,90000
17,Store Manager,Store Manager,2025-04-15,2025-05-05,2025-06-04,Retail,Jijel,Licence,15,CDI,1,"Retail Automation, Visual Merchandising, In-Store Analytics, Mobile POS, Consumer Behavior Analysis, Retail Chatbots, E-Commerce Integration, Social Commerce, Inventory Management",2,5,49000
18,Site Manager,Quantity Surveyor,2025-03-12,2025-03-25,2025-04-24,Construction,Constantine,Ingénieur d'État,18,CDD,1,"Prefabrication, 3D Printing, Construction Robotics, Lean Construction, HVAC Design, Land Surveying, Risk Management, Stakeholder Collaboration, Tunnel Construction, Urban Planning, IoT for Smart Buildings",4,5,86000
19,Risk Manager,Portfolio Manager,2025-02-22,2025-03-04,2025-04-03,Finance,Algiers,Licence,15,Freelance,7,"Portfolio Management, Crowdfunding, Blockchain/Crypto, Capital Markets, Audit Techniques, Quantitative Finance, Economic Forecasting, Actuarial Science",2,3,94000
20,Data Scientist,Software Engineer,2025-04-22,2025-05-08,2025-06-07,Information Technology,Annaba,Ingénieur d'État,18,Freelance,5,"Stable Diffusion, EKS, ISO 27001, Seaborn, R, VPNs, TypeScript, Node.js, REST APIs, Docker, Hadoop, C++",4,7,148000
21,Fleet Coordinator,Customs Compliance Officer,2025-02-16,2025-02-20,2025-03-22,Transport & Logistics,Chlef,No Formal Education,0,Internship,10,"Supply Chain Optimization, Logistics Costing, Fleet Management",0,1,42000
22,Sound Designer,Sound Designer,2025-03-15,2025-03-19,2025-04-18,Media & Entertainment,Oran,Doctorat,20,Freelance,9,"Newsroom Automation, Copyright Law, OTT Platforms, Sound Design (Pro Tools), AR/VR Content, Interactive Storytelling, Live Streaming (Twitch), Influencer Partnerships, Set Design, Scriptwriting, Ad Tech (Programmatic), Platform-Specific Content (TikTok), CDN Management, Digital Journalism, AI Content Generation",8,11,80000
23,Quality Control Inspector,Process Technician,2025-03-13,2025-03-29,2025-04-28,Manufacturing,Bejaïa,Ingénieur d'État,18,Internship,8,"Smart Factories, Industrial Cybersecurity, Workforce Training, Supply Chain Resilience, 3D Printing, Energy Efficiency, Six Sigma",0,1,66000
24,DevOps Engineer,Data Scientist,2025-04-06,2025-04-18,2025-05-18,Information Technology,Annaba,Baccalaureate,12,CDI,1,"Cloud Architecture, CEH, Generative AI, Scikit-learn, Jenkins, Prometheus",0,1,89000
25,Data Scientist,Software Engineer,2025-04-26,2025-04-28,2025-05-28,Information Technology,Oran,Ingénieur d'État,18,CDD,3,"TensorFlow, Elasticsearch, Django, Cloud Architecture, Spring Boot, Serverless Computing, Matplotlib, GKE, Kafka, Network Security, Azure",4,5,143000
26,Portfolio Manager,Portfolio Manager,2025-04-18,2025-05-10,2025-06-09,Finance,Batna,Licence,15,Freelance,9,"Financial AI, Regulatory Compliance (SOX), Real Estate Finance, Quantitative Finance, Tax Strategy, ESG Investing, Economic Forecasting, Wealth Management, Blockchain/Crypto",2,4,96000
27,Cybersecurity Analyst,Data Scientist,2025-03-31,2025-04-06,2025-05-06,Information Technology,Annaba,No Formal Education,0,Internship,7,"CEH, Rust, Jira",0,1,71000
28,Reservoir Engineer,Reservoir Engineer,2025-05-07,2025-05-25,2025-06-24,Energy & Petroleum,Algiers,Master,17,Freelance,7,"Subsea Engineering, Risk Assessment (HAZOP), Predictive Maintenance AI, Power Plant Management, Drilling Optimization, Downstream Operations, Thermal Modeling, Corrosion Engineering, Wind Farm Design, Digital Twins, Energy Storage Solutions, Pipeline Integrity Management, Well Logging, IoT for Oilfields, Petroleum Engineering",6,10,200000
29,Regulatory Affairs Specialist,QA Analyst,2025-02-14,2025-03-12,2025-04-11,Pharmaceuticals,Constantine,Licence,15,Freelance,7,"Pharmaceutical Marketing, Batch Record Review, Analytical Chemistry, Preclinical Research, FDA Submissions, Drug Formulation, Pharmaceutical Sales, Clinical Trials Management, Stability Testing",2,4,112000
30,Supply Chain Analyst,Logistics Manager,2025-03-07,2025-03-24,2025-04-23,Transport & Logistics,Algiers,No Formal Education,0,CDD,4,"Customs Compliance, Distribution Strategy, Transportation Modeling",0,1,42000
31,Supply Chain Analyst,Logistics Manager,2025-04-04,2025-04-13,2025-05-13,Transport & Logistics,Constantine,Licence,15,CDI,10,"Last-Mile Delivery, SCM ERP Systems, Route Optimization, Logistics Planning, Cold Chain Logistics, Supply Chain Optimization, Logistics Automation, Reverse Logistics, Customs Compliance",2,5,72000
32,Customs Compliance Officer,Fleet Coordinator,2025-04-16,2025-04-19,2025-05-19,Transport & Logistics,Algiers,Master,17,Freelance,1,"Logistics Costing, Logistics Automation, EDI Integration, Customs Compliance, SCM ERP Systems, Logistics Planning, Reverse Logistics, Freight Forwarding, Inventory Control, Logistics Analytics, TMS Software, Last-Mile Delivery, Cold Chain Logistics",6,7,90000
33,Blasting Technician,Blasting Technician,2025-02-11,2025-02-22,2025-03-24,Mining,Blida,No Formal Education,0,Freelance,8,"Mining Equipment Maintenance, Mine Planning, GIS for Mining",0,1,72000
34,Clinical Researcher,Clinical Researcher,2025-04-23,2025-05-07,2025-06-06,Healthcare,Skikda,Ingénieur d'État,18,Alternance,5,"Health Informatics, Genomics, AI Drug Discovery, Mental Health Apps, Population Health, Precision Medicine, Medical Simulation",0,1,69000
35,Avionics Engineer,Avionics Engineer,2025-02-14,2025-02-25,2025-03-27,Aerospace & Defense,Sétif,Ingénieur d'État,18,Internship,4,"Military Standards (MIL-STD), Ground Control Systems, Unmanned Aerial Systems, Aerodynamics Simulation, DO-178C Certification, ITAR Compliance, Flight Control Systems",0,1,152000
36,Flight Test Engineer,Flight Test Engineer,2025-05-02,2025-05-06,2025-06-05,Aerospace & Defense,Blida,Ingénieur d'État,18,CDI,4,"CAD for Aerospace, Reliability Engineering, Military Standards (MIL-STD), Flight Control Systems, Defense Contracting, Flight Testing, DO-178C Certification, Aerospace Materials, Jet Propulsion, Thermal Analysis, Systems Engineering, Radar Systems",4,6,175000
37,Wind Turbine Engineer,Energy Auditor,2025-03-15,2025-03-28,2025-04-27,Renewable Energy,Algiers,Licence,15,Alternance,5,"Solar PV Systems, Load Flow Analysis, Sustainable Design, Power Purchase Agreements (PPAs), Energy Simulation, Grid Integration",0,1,92000
38,Inventory Coordinator,Store Manager,2025-03-23,2025-04-09,2025-05-09,Retail,Algiers,Ingénieur d'État,18,Internship,2,"Retail Analytics, Personal Shopping AI, Social Commerce, RFID, Loyalty Programs, CRM (Salesforce), Loss Prevention",0,1,50000
39,Tour Guide,Guest Services Manager,2025-02-22,2025-03-11,2025-04-10,Tourism & Hospitality,Medea,Ingénieur d'État,18,Freelance,10,"Hospitality Branding, Customer Relationship Management, Tour Guiding, Hospitality Software (Opera), Front Office Operations, Culinary Arts, Travel Itinerary Planning, Hospitality Marketing, Travel Regulations, Hospitality Accounting, Airline Reservations",4,5,57000
40,Reservoir Engineer,Reservoir Engineer,2025-03-13,2025-03-23,2025-04-22,Energy & Petroleum,Tipaza,Master,17,CDI,4,"Pipeline Integrity Management, Subsea Engineering, Energy Economics, Smart Grid Technology, Predictive Maintenance AI, Reservoir Simulation, IoT for Oilfields, HSE Compliance, Risk Assessment (HAZOP), Digital Twins, Energy Storage Solutions, Hydraulic Fracturing, Drilling Optimization, Carbon Capture & Storage, Corrosion Engineering",6,10,200000
41,Instructional Designer,Academic Advisor,2025-04-13,2025-04-25,2025-05-25,Education,El Oued,Ingénieur d'État,18,Alternance,9,"Curriculum Design, Peer Learning Platforms, Open Educational Resources (OER), Plagiarism Detection (Turnitin), Gamification (Kahoot), Virtual Classrooms (Zoom), Educational Data Mining",0,1,52000
42,Mine Engineer,Geologist,2025-04-16,2025-04-19,2025-05-19,Mining,Tipaza,Master,17,Internship,5,"GIS for Mining, Geological Mapping, Mine Reclamation, Mineralogy, Mining Economics, Underground Mining Techniques, Slope Stability Analysis",0,1,142000
43,QA Analyst,Formulation Scientist,2025-04-07,2025-04-15,2025-05-15,Pharmaceuticals,El Oued,Doctorat,20,CDI,8,"Pharmaceutical Marketing, Pharmacovigilance, Analytical Chemistry, Formulation Development, GMP Compliance, Batch Record Review, FDA Submissions, Preclinical Research, Stability Testing, HPLC, Pharmaceutical Sales, Biostatistics, Quality Assurance (QA), Drug Formulation, Sterile Manufacturing",8,11,140000
44,Sales Associate,Merchandiser,2025-03-30,2025-04-10,2025-05-10,Retail,M’sila,Doctorat,20,Internship,2,"Retail Chatbots, Visual Merchandising, Loyalty Programs, Consumer Behavior Analysis, Inventory Management, Dynamic Pricing, E-Commerce Integration, CRM (Salesforce)",0,1,57000
45,Avionics Engineer,Systems Engineer,2025-02-22,2025-03-16,2025-04-15,Aerospace & Defense,Laghouat,Master,17,Alternance,5,"Weapon Systems Integration, Mission Planning, Ground Control Systems, Jet Propulsion, Thermal Analysis, Aerospace Materials, Defense Contracting, Flight Control Systems",0,2,165000
46,Formulation Scientist,Formulation Scientist,2025-03-15,2025-03-28,2025-04-27,Pharmaceuticals,Algiers,Master,17,Freelance,10,"GLP Standards, Sterile Manufacturing, Pharmaceutical Sales, Medical Writing, Pharmaceutical Marketing, Preclinical Research, Analytical Chemistry, Batch Record Review, HPLC, Stability Testing, Quality Assurance (QA), Pharmacovigilance, FDA Submissions, Drug Formulation",6,8,140000
47,Marketplace Coordinator,UX/UI Designer,2025-05-07,2025-06-03,2025-07-03,E-Commerce,Béjaïa,Ingénieur d'État,18,CDD,8,"Dropshipping, Subscription Models, Live Streaming Sales, Customer Segmentation, Returns Management, SEO/SEM, AI Personalization, Product Information Management (PIM), User-Generated Content (UGC), Cryptocurrency Payments, Supply Chain Analytics, Shopify/Magento",4,7,98000
48,Guest Services Manager,Hotel Manager,2025-02-28,2025-03-15,2025-04-14,Tourism & Hospitality,Bejaïa,Doctorat,20,Alternance,7,"Hospitality Branding, Hospitality Marketing, Food & Beverage Management, Destination Management, Hospitality Software (Opera), Guest Services, Travel Itinerary Planning, Tour Guiding",0,1,57000
49,Systems Engineer,Flight Test Engineer,2025-04-29,2025-05-01,2025-05-31,Aerospace & Defense,Algiers,Licence,15,Freelance,1,"DO-178C Certification, Jet Propulsion, Weapon Systems Integration, Unmanned Aerial Systems, Reliability Engineering, Defense Contracting, Satellite Communications, Thermal Analysis, Radar Systems",2,4,145000
50,VFX Artist,Content Producer,2025-03-01,2025-03-02,2025-04-01,Media & Entertainment,Laghouat,Master,17,CDD,4,"Media Asset Management (MAM), Video Editing (Premiere Pro), Metadata Tagging, Influencer Partnerships, CDN Management, Interactive Storytelling, AI Content Generation, Scriptwriting, 3D Animation (Maya/Blender), Digital Rights Management (DRM), Audience Analytics (Nielsen), Copyright Law, Transmedia Storytelling, Gaming Engines (Unity), AR/VR Content",6,10,80000
51,Health Informatics Specialist,Health Informatics Specialist,2025-04-26,2025-05-11,2025-06-10,Healthcare,Oran,Licence,15,Internship,10,"Medical Coding, Wearable Tech, EHR Systems, VR Therapy, Rehabilitation Tech, Epidemiology",0,1,61000
52,UX/UI Designer,Marketplace Coordinator,2025-03-17,2025-03-29,2025-04-28,E-Commerce,Blida,Master,17,Freelance,4,"Dropshipping, Shopify/Magento, Cross-Border E-Commerce, Subscription Models, Sustainable E-Commerce, Headless Commerce, Omnichannel Strategy, Customer Segmentation, Returns Management, AI Personalization, Fraud Detection, Email Automation, Product Information Management (PIM), Inventory Forecasting",6,8,100000
53,Energy Auditor,Energy Auditor,2025-02-13,2025-02-23,2025-03-25,Renewable Energy,Constantine,Master,17,Internship,5,"Biomass Energy Systems, Battery Storage Systems, Smart Grid Systems, Grid Integration, Energy Policy, Green Building Codes, Power Purchase Agreements (PPAs)",0,1,116000
54,HSE Specialist,Petroleum Engineer,2025-05-06,2025-06-02,2025-07-02,Energy & Petroleum,Tébessa,Master,17,Freelance,10,"Subsea Engineering, Nuclear Safety Protocols, Drilling Optimization, Remote Sensing (LiDAR), Hydrogen Energy Systems, Energy Storage Solutions, Pipeline Integrity Management, Geothermal Systems, Well Logging, Waste-to-Energy Tech, SCADA Systems, Offshore Operations, Carbon Credit Trading",6,7,200000
55,Process Technician,Production Supervisor,2025-05-03,2025-05-18,2025-06-17,Manufacturing,Oran,Baccalaureate,12,Alternance,3,"Energy Efficiency, Supply Chain Resilience, Robotics Programming, Safety Standards, Materials Management, CAD/CAM, Industrial Cybersecurity",0,2,48000
56,Digital Services Manager,Urban Planner,2025-02-27,2025-03-23,2025-04-22,Public Sector,Algiers,Ingénieur d'État,18,CDD,8,"Public Finance, Digital Identity Systems, Freedom of Information, Social Program Management, Government Procurement, Government Auditing, E-Government Solutions, IT for Government, Public Health Policy, Urban Planning, Municipal Budgeting, Legislative Drafting",4,7,69000
57,Data Scientist,Data Scientist,2025-03-17,2025-04-08,2025-05-08,Information Technology,Algiers,Master,17,CDD,10,".NET, Kafka, Python, Agile, Flask, Pandas, Firebase, Docker, Node.js, Power BI, TypeScript, Java, Metasploit, Redis",6,9,150000
58,Store Manager,Sales Associate,2025-02-20,2025-03-04,2025-04-03,Retail,Khenchela,Master,17,CDI,2,"Sustainability, RFID, Omnichannel Strategy, Mobile POS, Personal Shopping AI, Loss Prevention, Staff Training, POS Systems, Click-and-Collect, Social Commerce, Loyalty Programs, Dynamic Pricing, Inventory Management, Retail Chatbots",6,9,60000
59,Instructional Designer,Instructional Designer,2025-02-20,2025-03-03,2025-04-02,Education,Algiers,Baccalaureate,12,Freelance,10,"Classroom Management, Esports in Schools, Open Educational Resources (OER), Mental Health Tools, Parent-Teacher Apps, Hybrid Learning",0,1,40000
60,Wind Turbine Engineer,Grid Integration Specialist,2025-04-20,2025-05-17,2025-06-16,Renewable Energy,Medea,Ingénieur d'État,18,Internship,6,"Green Building Codes, Energy Efficiency Auditing, Energy Management Systems, Net Metering, Renewable Energy Site Assessment, Power Purchase Agreements (PPAs), Smart Grid Systems",0,1,108000
61,Policy Analyst,Policy Analyst,2025-03-31,2025-04-12,2025-05-12,Public Sector,Oran,Baccalaureate,12,Internship,2,"Freedom of Information, Government Procurement, IT for Government, Public Sector Accounting, Public Finance, Government Auditing",0,1,43000
62,Marketplace Coordinator,Marketplace Coordinator,2025-04-20,2025-05-18,2025-06-17,E-Commerce,Sétif,No Formal Education,0,Alternance,9,"Warehouse Automation (WMS), Dropshipping, Affiliate Marketing, 3PL Logistics",0,2,49000
63,Geologist,Environmental Compliance Officer,2025-03-20,2025-04-17,2025-05-17,Mining,Algiers,Master,17,Freelance,1,"Mining Equipment Maintenance, Mineralogy, Mine Planning, Underground Mining Techniques, Mineral Exploration, Environmental Impact of Mining, Mine Reclamation, Mine Ventilation, Ore Processing, Geological Mapping, Surface Mining, Mining Automation, Mining Safety Standards, Blasting Techniques",6,9,160000
64,Auditor,Auditor,2025-03-17,2025-04-03,2025-05-03,Finance,Bejaïa,Doctorat,20,Alternance,2,"Algorithmic Trading, Data Analytics (Power BI), Wealth Management, Derivatives, AML Compliance, Treasury Management, Audit Techniques, Forex",0,1,115000
65,Registered Nurse,Clinical Researcher,2025-02-28,2025-03-06,2025-04-05,Healthcare,Mostaganem,Baccalaureate,12,Freelance,10,"Genomics, Epidemiology, Digital Therapeutics, Medical Imaging (MRI/CT), EHR Systems, Clinical Trials",0,1,53000
66,Merchandiser,Merchandiser,2025-03-28,2025-04-20,2025-05-20,Retail,Oran,No Formal Education,0,Internship,7,"Vendor Management, Consumer Behavior Analysis, Retail Chatbots",0,1,29000
67,VFX Artist,Video Editor,2025-02-15,2025-02-17,2025-03-19,Media & Entertainment,Mostaganem,No Formal Education,0,Internship,2,"Newsroom Automation, Sports Broadcasting, Copyright Law",0,1,36000
68,HSE Specialist,Drilling Supervisor,2025-05-01,2025-05-06,2025-06-05,Energy & Petroleum,Tébessa,Master,17,CDI,7,"Petrochemical Design, Corrosion Engineering, Carbon Credit Trading, Carbon Capture & Storage, IoT for Oilfields, Well Logging, Thermal Modeling, Subsea Engineering, Energy Storage Solutions, Downstream Operations, Waste-to-Energy Tech, Hydraulic Fracturing, Energy Economics, Hydrogen Energy Systems, Offshore Operations",6,10,200000
69,Project Engineer,Site Manager,2025-02-21,2025-02-28,2025-03-30,Construction,Constantine,Licence,15,CDD,3,"Sustainable Design (LEED), HVAC Design, Concrete Tech, Energy Efficiency, Land Surveying, Building Codes, Water Management, Road Engineering, Drone Surveying",2,5,74000
70,Safety Officer,Site Manager,2025-04-24,2025-05-14,2025-06-13,Construction,Tipaza,Ingénieur d'État,18,Freelance,5,"Road Engineering, Sustainable Design (LEED), Urban Planning, Energy Efficiency, Drone Surveying, CAD (AutoCAD), Concrete Tech, HVAC Design, Procore Software, Geotechnical Engineering, Project Management (Primavera), Facility Management",4,7,89000
71,Avionics Engineer,Defense Analyst,2025-04-05,2025-04-08,2025-05-08,Aerospace & Defense,Annaba,Master,17,Alternance,8,"Mission Planning, Aerospace Materials, Satellite Communications, Radar Systems, Systems Engineering, Avionics Systems, ITAR Compliance",0,1,162000
72,Fleet Coordinator,Fleet Coordinator,2025-03-16,2025-04-03,2025-05-03,Transport & Logistics,Tiaret,Ingénieur d'État,18,Freelance,10,"Inventory Control, Transportation Modeling, Shipment Tracking, Last-Mile Delivery, TMS Software, Customs Compliance, Logistics Automation, SCM ERP Systems, Distribution Strategy, Logistics Planning, Warehouse Management Systems",4,5,86000
73,Fleet Coordinator,Customs Compliance Officer,2025-04-05,2025-04-27,2025-05-27,Transport & Logistics,Oran,Master,17,CDI,5,"Customs Compliance, Logistics Analytics, Logistics Planning, Logistics Costing, Logistics Automation, Fleet Management, Warehouse Management Systems, SCM ERP Systems, Shipment Tracking, Transportation Modeling, Reverse Logistics, Cold Chain Logistics, Inventory Control, Supply Chain Optimization",6,9,90000
74,Sound Designer,Video Editor,2025-03-30,2025-04-11,2025-05-11,Media & Entertainment,Souk Ahras,Master,17,Alternance,1,"CDN Management, Social Media Algorithms, Audience Analytics (Nielsen), Sports Broadcasting, Music Production (Ableton), Media Planning, Ad Tech (Programmatic), Newsroom Automation",0,2,72000
75,UX/UI Designer,Marketplace Coordinator,2025-04-01,2025-04-01,2025-05-01,E-Commerce,Blida,Ingénieur d'État,18,Alternance,5,"Cross-Border E-Commerce, Influencer Marketing, Marketplace Management (Amazon/eBay), Headless Commerce, Subscription Models, Returns Management, A/B Testing",0,1,84000
76,Medical Technologist,Clinical Researcher,2025-04-14,2025-04-19,2025-05-19,Healthcare,Algiers,Master,17,Freelance,9,"Health Informatics, Remote Monitoring, AI Diagnostics, Biomedical Engineering, Medical Device Regulation, Health Insurance, HIPAA Compliance, Mental Health Apps, Health Economics, Genomics, Healthcare Analytics, Surgical Robotics, EHR Systems, Medical Coding",6,9,80000
77,Irrigation Specialist,Agronomist,2025-04-14,2025-05-10,2025-06-09,Agriculture,Tiaret,No Formal Education,0,Freelance,4,"Agricultural Policy, AgriTech Solutions, Hydroponics",0,1,24000
78,Procurement Officer,Digital Services Manager,2025-04-20,2025-05-02,2025-06-01,Public Sector,Medea,Doctorat,20,CDI,2,"E-Government Solutions, Freedom of Information, Municipal Budgeting, Citizen Engagement, Public Finance, Legislative Drafting, IT for Government, Public Health Policy, Social Program Management, Government Procurement, Public Policy Analysis, Government CRM, Government Auditing, Civic Tech, Digital Identity Systems",8,10,70000
79,Policy Analyst,Procurement Officer,2025-04-22,2025-05-08,2025-06-07,Public Sector,Constantine,Ingénieur d'État,18,Internship,1,"Urban Planning, Social Program Management, Citizen Engagement, Civic Tech, Regulatory Compliance, Open Data Platforms, Municipal Budgeting",0,1,59000
80,Quality Assurance Officer,Aquaculture Technician,2025-02-17,2025-03-03,2025-04-02,Fisheries,Tiaret,Licence,15,Freelance,1,"Water Quality Management, Sustainable Fishing Techniques, Cold Chain for Seafood, Fisheries Economics, Fish Stock Assessment, Hatchery Operations, Fisheries Regulations, Seafood Traceability, Biosecurity in Aquaculture",2,4,40000
81,Procurement Officer,Procurement Officer,2025-03-21,2025-03-28,2025-04-27,Public Sector,Algiers,Master,17,CDI,5,"Government Procurement, Public Sector Accounting, Policy Impact Evaluation, Municipal Budgeting, Legislative Drafting, Citizen Engagement, Open Data Platforms, Urban Planning, E-Government Solutions, Public Policy Analysis, Public Finance, Digital Identity Systems, Civic Tech, Government Auditing",6,8,70000
82,Store Manager,Merchandiser,2025-03-23,2025-03-23,2025-04-22,Retail,Mostaganem,Ingénieur d'État,18,Internship,7,"AR Shopping, Retail Chatbots, Personal Shopping AI, Pricing Strategy, Social Commerce, Sustainability, Retail Automation",0,1,50000
83,VFX Artist,Content Producer,2025-04-18,2025-04-30,2025-05-30,Media & Entertainment,Sétif,Licence,15,CDI,2,"Influencer Partnerships, Digital Journalism, Social Media Algorithms, Music Production (Ableton), Digital Rights Management (DRM), Audience Analytics (Nielsen), Metadata Tagging, Motion Graphics (After Effects), Set Design",2,4,62000
84,E-Commerce Manager,UX/UI Designer,2025-03-27,2025-04-04,2025-05-04,E-Commerce,Sétif,Master,17,CDD,1,"Omnichannel Strategy, Supply Chain Analytics, Last-Mile Delivery, Headless Commerce, API Integration (REST/SOAP), GDPR/CCPA Compliance, Shopify/Magento, Cross-Border E-Commerce, Sustainable E-Commerce, Dynamic Pricing, Warehouse Automation (WMS), Social Commerce (TikTok/Instagram), Mobile App Development (React Native)",6,7,100000
85,Quantity Surveyor,Safety Officer,2025-03-28,2025-04-02,2025-05-02,Construction,Biskra,Doctorat,20,Freelance,4,"HVAC Design, Concrete Tech, Land Surveying, Quantity Surveying, Structural Analysis, Road Engineering, Water Management, Prefabrication, Drone Surveying, Lean Construction, Urban Planning, Geotechnical Engineering, Stakeholder Collaboration, Construction Robotics, Safety Audits",8,14,90000
86,VFX Artist,Content Producer,2025-05-02,2025-05-16,2025-06-15,Media & Entertainment,M’sila,No Formal Education,0,Freelance,6,"Social Media Algorithms, Audience Analytics (Nielsen), Set Design",0,1,36000
87,Project Engineer,Safety Officer,2025-04-29,2025-05-23,2025-06-22,Construction,Algiers,Licence,15,Alternance,10,"Safety Standards, Sustainable Design (LEED), Urban Planning, Safety Audits, Prefabrication, IoT for Smart Buildings",0,1,66000
88,Mine Engineer,Geologist,2025-04-07,2025-04-16,2025-05-16,Mining,Biskra,Doctorat,20,CDI,8,"Surface Mining, Mining Automation, Underground Mining Techniques, Mineral Exploration, Mining Economics, Drilling Operations, GIS for Mining, Mine Planning, Ore Processing, Slope Stability Analysis, Geological Mapping, Rock Mechanics, Environmental Impact of Mining, Mineralogy, Blasting Techniques",8,10,160000
89,Sound Designer,Content Producer,2025-02-21,2025-03-11,2025-04-10,Media & Entertainment,Batna,Baccalaureate,12,Freelance,10,"CDN Management, Social Media Algorithms, Interactive Storytelling, Sports Broadcasting, Metadata Tagging, Copyright Law",0,1,46000
90,Video Editor,Sound Designer,2025-04-22,2025-04-29,2025-05-29,Media & Entertainment,Annaba,Master,17,Internship,10,"Copyright Law, Ad Tech (Programmatic), Crisis Communication, Color Grading (DaVinci Resolve), Newsroom Automation, Metadata Tagging, Interactive Storytelling",0,1,71000
91,Video Editor,Content Producer,2025-03-31,2025-04-25,2025-05-25,Media & Entertainment,M’sila,Ingénieur d'État,18,Internship,8,"CDN Management, Gaming Engines (Unity), Platform-Specific Content (TikTok), Set Design, Digital Journalism, Audience Analytics (Nielsen), Live Streaming (Twitch)",0,1,66000
92,Farm Manager,Irrigation Specialist,2025-05-07,2025-05-07,2025-06-06,Agriculture,Blida,Ingénieur d'État,18,CDI,5,"Agricultural Economics, Crop Management, Post-Harvest Technology, Sustainable Farming, Livestock Management, Agricultural Supply Chains, Agroforestry, Soil Science, Pest Control Strategies, Remote Sensing for Crops, Genetically Modified Crops, Agricultural Data Analysis",4,6,48000
93,Agri-Tech Developer,Agri-Tech Developer,2025-04-06,2025-04-21,2025-05-21,Agriculture,Biskra,Ingénieur d'État,18,CDI,2,"Irrigation Systems, Hydroponics, Genetically Modified Crops, Crop Management, Seed Technology, AgriTech Solutions, Farm Machinery, Post-Harvest Technology, Agricultural Policy, Remote Sensing for Crops, Livestock Management, Agricultural Data Analysis",4,6,48000
94,Quantity Surveyor,Quantity Surveyor,2025-03-26,2025-03-26,2025-04-25,Construction,El Oued,Licence,15,CDI,7,"Building Codes, Sustainable Design (LEED), Land Surveying, Disaster-Resistant Design, Road Engineering, Risk Management, Structural Analysis, Procore Software, Urban Planning",2,4,72000
95,Marine Biologist,Marine Biologist,2025-02-17,2025-03-06,2025-04-05,Fisheries,Sétif,Baccalaureate,12,CDD,10,"Fish Stock Assessment, Marine Ecosystem Monitoring, Fisheries Economics, Cold Chain for Seafood, Fish Disease Management, Fisheries Regulations",0,1,30000
96,Agronomist,Irrigation Specialist,2025-05-03,2025-05-17,2025-06-16,Agriculture,Biskra,Baccalaureate,12,Internship,10,"Seed Technology, Agricultural Supply Chains, Remote Sensing for Crops, Agroforestry, Post-Harvest Technology, Farm Machinery",0,1,30000
97,Network Engineer,Billing Specialist,2025-03-02,2025-03-04,2025-04-03,Telecommunications,Biskra,Baccalaureate,12,Alternance,8,"Carrier Ethernet, QoS Management, RF Engineering, Telecom Regulations, Microwave Engineering, VoIP Systems",0,1,73000
98,Registered Nurse,Health Informatics Specialist,2025-03-02,2025-03-29,2025-04-28,Healthcare,Biskra,Master,17,CDD,7,"Nursing Informatics, Health Economics, AI Drug Discovery, Medical Simulation, Medical Imaging (MRI/CT), Medical Coding, HIPAA Compliance, Health Insurance, Clinical Trials, Precision Medicine, Pharmacy Automation, Population Health, Remote Monitoring, Epidemiology, Digital Therapeutics",6,10,80000
99,Energy Auditor,Energy Auditor,2025-02-14,2025-02-18,2025-03-20,Renewable Energy,Batna,Doctorat,20,CDD,4,"Sustainable Design, Net Metering, Renewable Energy Economics, Power Purchase Agreements (PPAs), Energy Management Systems, Grid Integration, Inverter Technology, Renewable Energy Forecasting, Hydropower Design, Smart Grid Systems, Energy Simulation, Wind Turbine Maintenance, Renewable Energy Site Assessment, Energy Efficiency Auditing, Battery Storage Systems",8,10,130000
100,Marketplace Coordinator,E-Commerce Manager,2025-04-19,2025-05-12,2025-06-11,E-Commerce,Skikda,Ingénieur d'État,18,Freelance,8,"3PL Logistics, Chatbot Development, Omnichannel Strategy, Dropshipping, Last-Mile Delivery, Customer Segmentation, Payment Gateways (Stripe/PayPal), Dynamic Pricing, Subscription Models, AR/VR Try-Ons, Customer Lifetime Value (CLV), Cryptocurrency Payments",4,7,98000
101,Instructional Designer,Academic Advisor,2025-04-27,2025-04-30,2025-05-30,Education,Tipaza,Baccalaureate,12,CDD,1,"Digital Portfolios, Virtual Labs (Labster), MOOC Platforms (Coursera), Parent-Teacher Apps, Open Educational Resources (OER), AI Grading, Interactive Whiteboards",0,2,40000
102,Geologist,Mine Engineer,2025-04-21,2025-05-16,2025-06-15,Mining,Constantine,Ingénieur d'État,18,CDD,1,"Environmental Impact of Mining, Ore Processing, Mine Planning, Mine Reclamation, Mining Safety Standards, Slope Stability Analysis, Underground Mining Techniques, Mineral Exploration, Blasting Techniques, Mining Equipment Maintenance, Drilling Operations, Rock Mechanics",4,6,155000
103,Flight Test Engineer,Systems Engineer,2025-04-22,2025-04-28,2025-05-28,Aerospace & Defense,Oran,Master,17,CDD,8,"Satellite Communications, Defense Contracting, CAD for Aerospace, Systems Engineering, Thermal Analysis, DO-178C Certification, Ground Control Systems, Flight Control Systems, Unmanned Aerial Systems, Flight Testing, Mission Planning, Reliability Engineering, Radar Systems",6,7,180000
104,RF Technician,Network Engineer,2025-02-19,2025-03-14,2025-04-13,Telecommunications,Batna,Master,17,CDD,8,"Carrier Ethernet, Telecom Project Management, 5G Network Design, LTE/4G/5G Optimization, SDN/NFV, QoS Management, Network Provisioning, VSAT Systems, Network Monitoring Tools, Fiber Optic Technology, Mobile Core Networks, BSS/OSS Systems, VoIP Systems, Network Planning",6,9,120000
105,Maintenance Engineer,Quality Control Inspector,2025-04-01,2025-04-09,2025-05-09,Manufacturing,Annaba,Baccalaureate,12,Internship,3,"Materials Management, Robotics Programming, Safety Standards, MES Systems, Waste Reduction, Rapid Prototyping",0,1,46000
106,Agri-Tech Developer,Irrigation Specialist,2025-03-04,2025-03-29,2025-04-28,Agriculture,Algiers,Master,17,CDI,1,"Pest Control Strategies, Agricultural Policy, Seed Technology, Agricultural Data Analysis, Agricultural Economics, Hydroponics, Agroforestry, Genetically Modified Crops, Post-Harvest Technology, Farm Machinery, Crop Management, Agrochemical Knowledge, Remote Sensing for Crops, Irrigation Systems",6,8,50000
107,Safety Officer,Safety Officer,2025-05-02,2025-05-31,2025-06-30,Construction,Algiers,Master,17,Internship,5,"Material Science, BIM (Revit), 3D Printing, Sustainable Design (LEED), CAD (AutoCAD), Road Engineering, HVAC Design",0,1,81000
108,VFX Artist,Video Editor,2025-03-20,2025-03-30,2025-04-29,Media & Entertainment,Sétif,Ingénieur d'État,18,CDD,3,"Influencer Partnerships, Media Planning, Platform-Specific Content (TikTok), 3D Animation (Maya/Blender), Interactive Storytelling, Metadata Tagging, Digital Journalism, AI Content Generation, VFX (Nuke/Houdini), Gaming Engines (Unity), Audience Analytics (Nielsen), Virtual Production (Unreal Engine), Scriptwriting",4,8,80000
109,Software Engineer,Software Engineer,2025-03-31,2025-04-09,2025-05-09,Information Technology,Sétif,Ingénieur d'État,18,Alternance,7,"Elasticsearch, Cloud Architecture, IPS, Git, Agile, Jenkins, Grafana",0,1,125000
110,Clinical Trials Manager,Regulatory Affairs Specialist,2025-04-17,2025-05-02,2025-06-01,Pharmaceuticals,Annaba,Licence,15,CDI,10,"Clinical Trials Management, Stability Testing, Batch Record Review, Analytical Chemistry, GLP Standards, Pharmacovigilance, Preclinical Research, Pharmaceutical Sales, GMP Compliance",2,5,114000
111,DevOps Engineer,DevOps Engineer,2025-03-17,2025-04-04,2025-05-04,Information Technology,Blida,Licence,15,CDD,9,"Agile, Rust, TensorFlow, Spark, Bash, Docker, Generative AI, Seaborn, CompTIA Security+",2,4,118000
112,Marine Biologist,Quality Assurance Officer,2025-03-21,2025-04-15,2025-05-15,Fisheries,Tlemcen,Baccalaureate,12,Freelance,7,"Water Quality Management, Net Design, Fisheries Economics, Seafood Traceability, Fish Stock Assessment, Fisheries Regulations",0,1,30000
113,Agronomist,Agri-Tech Developer,2025-03-22,2025-03-27,2025-04-26,Agriculture,Blida,Licence,15,CDD,6,"Soil Science, Remote Sensing for Crops, Irrigation Systems, Crop Management, Agrochemical Knowledge, Hydroponics, Agricultural Policy, Post-Harvest Technology, Sustainable Farming",2,4,40000
114,Medical Technologist,Health Informatics Specialist,2025-03-03,2025-03-13,2025-04-12,Healthcare,Annaba,Ingénieur d'État,18,Freelance,1,"AI Drug Discovery, Remote Monitoring, Population Health, Genomics, Medical Coding, Digital Therapeutics, Healthcare Analytics, Clinical Trials, Epidemiology, VR Therapy, Precision Medicine",4,5,77000
115,Flight Test Engineer,Flight Test Engineer,2025-02-13,2025-03-01,2025-03-31,Aerospace & Defense,Batna,Master,17,Alternance,8,"Satellite Communications, CAD for Aerospace, Aerodynamics Simulation, Reliability Engineering, DO-178C Certification, Avionics Systems, Defense Contracting, Aerospace Materials",0,2,165000
116,Grid Integration Specialist,Energy Auditor,2025-02-09,2025-03-09,2025-04-08,Renewable Energy,Constantine,Ingénieur d'État,18,Freelance,4,"Renewable Energy Site Assessment, Energy Management Systems, Renewable Energy Forecasting, Power Purchase Agreements (PPAs), Energy Simulation, Grid Integration, Battery Storage Systems, Hydropower Design, Inverter Technology, Green Building Codes, Load Flow Analysis, Net Metering, Biomass Energy Systems",4,8,130000
117,Farm Manager,Farm Manager,2025-04-01,2025-04-12,2025-05-12,Agriculture,Algiers,No Formal Education,0,Internship,3,"AgriTech Solutions, Precision Agriculture, Irrigation Systems",0,1,24000
118,Guest Services Manager,Guest Services Manager,2025-04-05,2025-04-15,2025-05-15,Tourism & Hospitality,Algiers,No Formal Education,0,Alternance,9,"Cultural Tourism, Front Office Operations, Hospitality Software (Opera)",0,1,29000
119,Regulatory Affairs Specialist,Clinical Trials Manager,2025-02-07,2025-02-10,2025-03-12,Pharmaceuticals,Oran,Doctorat,20,CDD,4,"Medical Writing, Preclinical Research, Analytical Chemistry, Regulatory Affairs, Batch Record Review, HPLC, Stability Testing, CMC Documentation, Pharmacovigilance, Pharmaceutical Sales, Drug Formulation, Clinical Trials Management, GMP Compliance, FDA Submissions, Pharmaceutical Marketing",8,15,140000
120,Policy Analyst,Policy Analyst,2025-04-16,2025-04-18,2025-05-18,Public Sector,Constantine,Baccalaureate,12,Internship,7,"Municipal Budgeting, Government Procurement, Urban Planning, Government Auditing, Public Health Policy, E-Government Solutions",0,1,43000
121,Store Manager,Sales Associate,2025-03-01,2025-03-04,2025-04-03,Retail,Biskra,No Formal Education,0,CDD,10,"Loyalty Programs, Visual Merchandising, RFID",0,1,29000
122,Energy Auditor,Grid Integration Specialist,2025-05-05,2025-05-06,2025-06-05,Renewable Energy,Oran,Licence,15,Alternance,6,"Grid Integration, Battery Storage Systems, Energy Management Systems, Energy Policy, Renewable Energy Site Assessment, Solar PV Systems, Power Purchase Agreements (PPAs)",0,2,94000
123,DevOps Engineer,Cybersecurity Analyst,2025-05-01,2025-05-17,2025-06-16,Information Technology,Mostaganem,Baccalaureate,12,Alternance,7,"Prometheus, Swift, SQL, Microservices, Git, Burp Suite",0,1,89000
124,Telecom Analyst,Network Engineer,2025-02-13,2025-03-09,2025-04-08,Telecommunications,Oran,Baccalaureate,12,Freelance,8,"BSS/OSS Systems, VoIP Systems, RF Engineering, Network Planning, IP/MPLS, LTE/4G/5G Optimization",0,1,73000
125,Sound Designer,Video Editor,2025-03-02,2025-03-15,2025-04-14,Media & Entertainment,Bejaïa,Ingénieur d'État,18,CDI,5,"Podcast Production, Social Media Algorithms, Media Planning, Scriptwriting, VFX (Nuke/Houdini), OTT Platforms, CDN Management, Influencer Partnerships, Localization/Dubbing, Metadata Tagging, 3D Animation (Maya/Blender)",4,5,76000
126,Inventory Coordinator,Merchandiser,2025-04-12,2025-05-05,2025-06-04,Retail,Adrar,No Formal Education,0,Freelance,5,"Mobile POS, Omnichannel Strategy, Retail Analytics",0,1,29000
127,Billing Specialist,Telecom Analyst,2025-02-27,2025-03-25,2025-04-24,Telecommunications,M’sila,Ingénieur d'État,18,Internship,10,"Network Monitoring Tools, Spectrum Management, QoS Management, Telecom Project Management, RF Engineering, Carrier Ethernet, VSAT Systems",0,1,101000
128,DevOps Engineer,Cybersecurity Analyst,2025-02-19,2025-03-18,2025-04-17,Information Technology,Batna,Ingénieur d'État,18,Freelance,2,"CI/CD, NumPy, TypeScript, Datadog, Serverless Computing, Ansible, Jira, Azure, TDD, GitLab CI, Kotlin, CISSP",4,6,146000
129,DevOps Engineer,Data Scientist,2025-04-03,2025-04-25,2025-05-25,Information Technology,Jijel,Ingénieur d'État,18,CDI,8,"R, EC2, GitLab CI, CEH, Pandas, C++, Wireshark, GitHub Actions, Kafka, GPT, SQL, Vue.js, Elasticsearch",4,8,150000
130,Environmental Compliance Officer,Blasting Technician,2025-03-02,2025-03-24,2025-04-23,Mining,Mostaganem,No Formal Education,0,CDI,2,"Slope Stability Analysis, Mineralogy, Tailings Management",0,1,72000
131,Reservoir Engineer,Petroleum Engineer,2025-04-26,2025-05-15,2025-06-14,Energy & Petroleum,Sétif,Doctorat,20,CDI,2,"Thermal Modeling, Geothermal Systems, SCADA Systems, Carbon Credit Trading, Nuclear Safety Protocols, Regulatory Compliance (EPA), Remote Sensing (LiDAR), Geospatial Analysis (GIS), Biofuel Production, Energy Trading, Pipeline Leak Detection, Subsea Engineering, Wind Farm Design, Hydraulic Fracturing, HSE Compliance",8,11,200000
132,HSE Specialist,Petroleum Engineer,2025-02-25,2025-03-01,2025-03-31,Energy & Petroleum,Constantine,Ingénieur d'État,18,Alternance,3,"Remote Sensing (LiDAR), Predictive Maintenance AI, Geothermal Systems, Subsea Engineering, Corrosion Engineering, Solar Energy Systems, Pipeline Leak Detection, IoT for Oilfields",0,2,168000
133,Tour Guide,Guest Services Manager,2025-02-16,2025-03-08,2025-04-07,Tourism & Hospitality,Jijel,Ingénieur d'État,18,CDI,4,"Travel Regulations, Customer Relationship Management, Hospitality Software (Opera), Event Management, Guest Services, Cultural Tourism, Hospitality Branding, Food & Beverage Management, Travel Itinerary Planning, Revenue Management, Hospitality Accounting",4,5,57000
134,Guest Services Manager,Hotel Manager,2025-03-13,2025-04-02,2025-05-02,Tourism & Hospitality,Skikda,Licence,15,Internship,10,"Hospitality Branding, Travel Regulations, Hospitality Marketing, Revenue Management, Culinary Arts, Travel Itinerary Planning",0,1,43000
135,Curriculum Developer,Academic Advisor,2025-03-18,2025-04-09,2025-05-09,Education,Constantine,Doctorat,20,Internship,7,"Virtual Labs (Labster), Mental Health Tools, Peer Learning Platforms, Special Ed Tech, Learning Analytics, AI Grading, Classroom Management, Virtual Classrooms (Zoom)",0,1,58000
136,Auditor,Portfolio Manager,2025-05-01,2025-05-03,2025-06-02,Finance,Algiers,Ingénieur d'État,18,CDI,8,"Financial Cybersecurity, Cost Accounting, Actuarial Science, AML Compliance, Audit Techniques, Treasury Management, Financial Planning Software, Economic Forecasting, Derivatives, Private Equity, Data Analytics (Power BI), Blockchain/Crypto, Real Estate Finance",4,8,120000
137,Production Supervisor,Maintenance Engineer,2025-04-13,2025-04-17,2025-05-17,Manufacturing,Annaba,Master,17,Freelance,3,"CAD/CAM, Robotics (ROS), Supply Chain Optimization, Waste Reduction, Safety Standards, IIoT, Smart Factories, Lean Manufacturing, Factory Layout, Supply Chain Resilience, CNC Machining, Materials Management, Industrial Cybersecurity",6,7,80000
138,Flight Test Engineer,Flight Test Engineer,2025-02-12,2025-03-03,2025-04-02,Aerospace & Defense,Oran,Doctorat,20,CDI,4,"Reliability Engineering, DO-178C Certification, Systems Engineering, Jet Propulsion, CAD for Aerospace, ITAR Compliance, Aerospace Materials, Thermal Analysis, Avionics Systems, Defense Contracting, Ground Control Systems, Flight Control Systems, Unmanned Aerial Systems, Weapon Systems Integration, Military Standards (MIL-STD)",8,15,180000
139,Maintenance Engineer,Maintenance Engineer,2025-04-18,2025-05-04,2025-06-03,Manufacturing,Chlef,Doctorat,20,CDI,3,"Rapid Prototyping, Sustainable Practices, ERP (SAP), Robotics Programming, Workforce Training, Quality Control, Smart Factories, Tooling Design, Digital Twins, Waste Reduction, Process Engineering, MES Systems, Supply Chain Resilience, Supply Chain Optimization, Materials Management",8,11,80000
140,VFX Artist,Sound Designer,2025-04-25,2025-04-30,2025-05-30,Media & Entertainment,Sétif,Ingénieur d'État,18,Internship,6,"Scriptwriting, Metadata Tagging, Music Production (Ableton), Digital Journalism, 3D Animation (Maya/Blender), Newsroom Automation, AI Content Generation",0,1,66000
141,Health Informatics Specialist,Clinical Researcher,2025-03-03,2025-03-12,2025-04-11,Healthcare,Bejaïa,Ingénieur d'État,18,Freelance,9,"Healthcare Analytics, Pharmacy Automation, Rehabilitation Tech, Remote Monitoring, Medical Imaging (MRI/CT), Health Economics, Telemedicine, Infection Control, Medical Device Regulation, EHR Systems, AI Drug Discovery, AI Diagnostics, Nursing Informatics",4,8,80000
142,Medical Technologist,Clinical Researcher,2025-02-25,2025-03-23,2025-04-22,Healthcare,Constantine,Ingénieur d'État,18,CDI,6,"Rehabilitation Tech, Medical Simulation, Infection Control, AI Diagnostics, Medical Imaging (MRI/CT), Epidemiology, Nursing Informatics, Wearable Tech, Genomics, Mental Health Apps, Health Informatics, Telemedicine",4,7,79000
143,Policy Analyst,Procurement Officer,2025-03-22,2025-03-28,2025-04-27,Public Sector,Annaba,Doctorat,20,Internship,1,"Public Finance, Citizen Engagement, E-Government Solutions, Public Health Policy, Regulatory Compliance, IT for Government, Government Auditing, Government Procurement",0,1,67000
144,Fleet Coordinator,Supply Chain Analyst,2025-03-19,2025-03-27,2025-04-26,Transport & Logistics,Béjaïa,Baccalaureate,12,CDD,2,"EDI Integration, Logistics Automation, Route Optimization, Customs Compliance, Logistics Costing, TMS Software",0,1,53000
145,Curriculum Developer,Teacher,2025-03-06,2025-03-28,2025-04-27,Education,Tiaret,Ingénieur d'État,18,Internship,6,"Classroom Management, Virtual Classrooms (Zoom), Language Apps (Duolingo), Parent-Teacher Apps, Gamification (Kahoot), Flipped Classroom Models, Adaptive Learning",0,1,52000
146,Production Supervisor,Quality Control Inspector,2025-03-03,2025-03-06,2025-04-05,Manufacturing,Laghouat,Ingénieur d'État,18,CDI,4,"IIoT, Digital Twins, ERP (SAP), Process Engineering, CAD/CAM, Materials Management, Workforce Training, Safety Standards, Energy Efficiency, 3D Printing, MES Systems",4,5,76000
147,Mine Engineer,Mine Engineer,2025-03-22,2025-04-17,2025-05-17,Mining,Batna,Baccalaureate,12,CDI,1,"Mining Economics, Tailings Management, Geological Mapping, Mineral Exploration, Drilling Operations, Ore Processing, Rock Mechanics",0,2,95000
148,Quantity Surveyor,Safety Officer,2025-02-16,2025-02-18,2025-03-20,Construction,Algiers,Licence,15,Internship,4,"Safety Standards, Stakeholder Collaboration, Quantity Surveying, Energy Efficiency, Urban Planning, Water Management",0,1,66000
149,Financial Analyst,Financial Analyst,2025-04-11,2025-05-07,2025-06-06,Finance,Oran,Baccalaureate,12,CDD,8,"Robo-Advisors, Tax Strategy, Wealth Management, Economic Forecasting, Financial AI, Algorithmic Trading",0,1,73000
150,Formulation Scientist,Clinical Trials Manager,2025-04-29,2025-04-29,2025-05-29,Pharmaceuticals,Batna,Doctorat,20,Alternance,2,"Clinical Trials Management, Pharmaceutical Sales, Quality Assurance (QA), Medical Writing, Sterile Manufacturing, Drug Formulation, Analytical Chemistry, Batch Record Review, CMC Documentation",0,2,136000
151,E-Commerce Manager,SEO Specialist,2025-02-16,2025-02-27,2025-03-29,E-Commerce,Algiers,Ingénieur d'État,18,Freelance,7,"3PL Logistics, Mobile App Development (React Native), Warehouse Automation (WMS), Cryptocurrency Payments, Last-Mile Delivery, Sustainable E-Commerce, API Integration (REST/SOAP), Omnichannel Strategy, Email Automation, Shopify/Magento, A/B Testing",4,5,96000
152,SEO Specialist,SEO Specialist,2025-02-23,2025-03-14,2025-04-13,E-Commerce,Saïda,No Formal Education,0,Internship,2,"Cross-Border E-Commerce, Cryptocurrency Payments, Inventory Forecasting",0,1,48000
153,Clinical Researcher,Clinical Researcher,2025-03-26,2025-04-18,2025-05-18,Healthcare,Blida,Master,17,Freelance,10,"HIPAA Compliance, EHR Systems, Mental Health Apps, Medical Simulation, Genomics, Precision Medicine, Surgical Robotics, Infection Control, VR Therapy, Pharmacy Automation, Rehabilitation Tech, Epidemiology, Wearable Tech, Telemedicine",6,8,80000
154,QA Analyst,Clinical Trials Manager,2025-02-27,2025-03-18,2025-04-17,Pharmaceuticals,Constantine,Doctorat,20,Freelance,2,"Formulation Development, FDA Submissions, Medical Writing, GLP Standards, Regulatory Affairs, CMC Documentation, Clinical Trials Management, Preclinical Research, Pharmaceutical Sales, Pharmaceutical Marketing, HPLC, Biostatistics, GMP Compliance, Pharmacovigilance, Quality Assurance (QA)",8,15,140000
155,Maintenance Engineer,Maintenance Engineer,2025-05-05,2025-05-07,2025-06-06,Manufacturing,Tizi Ouzou,Doctorat,20,Freelance,6,"Six Sigma, CNC Machining, ERP (SAP), Waste Reduction, Tooling Design, CAD/CAM, Robotics (ROS), Rapid Prototyping, Supply Chain Resilience, 3D Printing, Factory Layout, Production Planning, Digital Twins, Materials Management, Energy Efficiency",8,10,80000
156,Process Technician,Maintenance Engineer,2025-02-22,2025-03-12,2025-04-11,Manufacturing,Oran,No Formal Education,0,CDD,5,"Tooling Design, Rapid Prototyping, Digital Twins",0,1,36000
157,DevOps Engineer,Cybersecurity Analyst,2025-02-07,2025-02-25,2025-03-27,Information Technology,Chlef,No Formal Education,0,Freelance,5,"GCP, TensorFlow, PowerShell",0,1,71000
158,Curriculum Developer,Teacher,2025-03-04,2025-03-26,2025-04-25,Education,Algiers,Baccalaureate,12,CDD,3,"Virtual Classrooms (Zoom), Plagiarism Detection (Turnitin), AI Tutoring, Gamification (Kahoot), Podcasting in Ed, MOOC Platforms (Coursera), Data Privacy (FERPA)",0,2,40000
159,Network Engineer,Network Engineer,2025-03-06,2025-03-26,2025-04-25,Telecommunications,Ghardaïa,Baccalaureate,12,CDD,10,"5G Network Design, Microwave Engineering, Network Planning, RF Engineering, SDN/NFV, Network Provisioning, VoIP Systems",0,2,74000
160,Site Manager,Project Engineer,2025-04-15,2025-05-11,2025-06-10,Construction,Sétif,Ingénieur d'État,18,Internship,9,"Safety Standards, Risk Management, Land Surveying, Structural Analysis, 3D Printing, Lean Construction, Facility Management",0,1,76000
161,Marine Biologist,Quality Assurance Officer,2025-04-12,2025-05-05,2025-06-04,Fisheries,Bouira,Licence,15,Alternance,9,"Hatchery Operations, Aquaculture Management, Cold Chain for Seafood, Water Quality Management, Fish Nutrition, Seafood Traceability, Bycatch Reduction",0,2,36000
162,Irrigation Specialist,Agronomist,2025-02-22,2025-03-03,2025-04-02,Agriculture,Constantine,No Formal Education,0,CDD,4,"Hydroponics, Sustainable Farming, Genetically Modified Crops",0,1,24000
163,DevOps Engineer,DevOps Engineer,2025-03-07,2025-03-17,2025-04-16,Information Technology,Algiers,Doctorat,20,Freelance,10,"Jenkins, AWS S3, Pandas, Penetration Testing, Docker, Terraform, C++, React, Rust, MongoDB, Apache Airflow, PostgreSQL, JavaScript, GKE, IaC",8,13,150000
164,Tour Guide,Tour Guide,2025-02-12,2025-03-12,2025-04-11,Tourism & Hospitality,Skikda,Doctorat,20,CDD,6,"Travel Regulations, Revenue Management, Customer Relationship Management, Cultural Tourism, Guest Services, Travel Itinerary Planning, Event Management, Airline Reservations, Culinary Arts, Tour Guiding, Destination Management, Sustainable Tourism, Tourism Policy, Hospitality Marketing, Hospitality Accounting",8,10,60000
165,QA Analyst,Formulation Scientist,2025-04-19,2025-05-15,2025-06-14,Pharmaceuticals,Constantine,Doctorat,20,Alternance,10,"Analytical Chemistry, CMC Documentation, Biostatistics, Drug Formulation, Quality Assurance (QA), Medical Writing, GMP Compliance, GLP Standards",0,1,134000
166,Auditor,Risk Manager,2025-02-12,2025-02-27,2025-03-29,Finance,Oran,Master,17,CDD,6,"Behavioral Finance, ESG Investing, Data Analytics (Power BI), Actuarial Science, Financial Planning Software, AML Compliance, Economic Forecasting, Robo-Advisors, Financial Cybersecurity, Derivatives, Financial Modeling, Tax Strategy, Portfolio Management, Quantitative Finance",6,9,120000
167,Teacher,Teacher,2025-02-12,2025-02-14,2025-03-16,Education,Tiaret,Master,17,Internship,3,"Mental Health Tools, Blockchain Credentials, Podcasting in Ed, Virtual Labs (Labster), Adaptive Learning, Digital Portfolios, Coding Bootcamps",0,1,55000
168,Video Editor,Sound Designer,2025-04-04,2025-04-27,2025-05-27,Media & Entertainment,Algiers,Licence,15,Freelance,2,"Media Planning, Social Media Algorithms, VFX (Nuke/Houdini), AI Content Generation, Influencer Partnerships, 3D Animation (Maya/Blender), Platform-Specific Content (TikTok), Ad Tech (Programmatic)",2,3,61000
169,Regulatory Affairs Specialist,QA Analyst,2025-03-27,2025-04-21,2025-05-21,Pharmaceuticals,Constantine,Licence,15,CDI,6,"Sterile Manufacturing, Batch Record Review, Preclinical Research, CMC Documentation, Formulation Development, Pharmacovigilance, Clinical Trials Management, GMP Compliance, HPLC",2,4,112000
170,Logistics Manager,Customs Compliance Officer,2025-02-22,2025-02-24,2025-03-26,Transport & Logistics,Oran,Licence,15,Alternance,8,"Route Optimization, Warehouse Management Systems, TMS Software, Logistics Planning, Distribution Strategy, Logistics Costing",0,1,64000
171,Quality Assurance Officer,Quality Assurance Officer,2025-03-28,2025-03-31,2025-04-30,Fisheries,Batna,No Formal Education,0,Alternance,7,"Fisheries Data Analysis, Hatchery Operations, Seafood Traceability, Fish Stock Assessment",0,2,24000
172,Sales Associate,Merchandiser,2025-04-30,2025-05-09,2025-06-08,Retail,Algiers,Baccalaureate,12,CDI,2,"Consumer Behavior Analysis, POS Systems, Dynamic Pricing, Vendor Management, Sustainability, E-Commerce Integration",0,1,36000
173,Urban Planner,Policy Analyst,2025-02-13,2025-03-13,2025-04-12,Public Sector,Tizi Ouzou,Baccalaureate,12,Alternance,10,"Government CRM, Civic Tech, Social Program Management, Government Auditing, Municipal Budgeting, Regulatory Compliance",0,1,43000
174,VFX Artist,Content Producer,2025-02-13,2025-02-24,2025-03-26,Media & Entertainment,Constantine,Master,17,Freelance,6,"Newsroom Automation, Gaming Engines (Unity), AI Content Generation, Media Asset Management (MAM), Digital Rights Management (DRM), Digital Journalism, Video Editing (Premiere Pro), Localization/Dubbing, Music Production (Ableton), Ad Tech (Programmatic), Copyright Law, Crisis Communication, AR/VR Content, Virtual Production (Unreal Engine), Interactive Storytelling",6,10,80000
175,Mine Engineer,Mine Engineer,2025-03-18,2025-03-23,2025-04-22,Mining,Oran,Licence,15,Alternance,6,"GIS for Mining, Mining Automation, Mine Reclamation, Ore Processing, Underground Mining Techniques, Mineral Exploration, Mine Ventilation",0,2,115000
176,UX/UI Designer,Marketplace Coordinator,2025-05-04,2025-05-31,2025-06-30,E-Commerce,Blida,No Formal Education,0,Internship,5,"Dynamic Pricing, Cross-Border E-Commerce, Chatbot Development",0,1,48000
177,Quantity Surveyor,Safety Officer,2025-03-02,2025-03-30,2025-04-29,Construction,Bejaïa,Licence,15,Internship,10,"Disaster-Resistant Design, 3D Printing, Procore Software, Concrete Tech, Land Surveying, Material Science",0,1,66000
178,Financial Analyst,Auditor,2025-04-05,2025-04-06,2025-05-06,Finance,Souk Ahras,Master,17,CDD,9,"Credit Analysis, Economic Forecasting, Algorithmic Trading, Quantitative Finance, Risk Management (FRM), Derivatives, Private Equity, Fintech Development, Financial Planning Software, Portfolio Management, Tax Strategy, Actuarial Science, Financial AI, Insurtech",6,8,120000
179,Drilling Supervisor,HSE Specialist,2025-04-08,2025-04-11,2025-05-11,Energy & Petroleum,Bouira,Doctorat,20,CDD,8,"Wind Farm Design, Energy Economics, Carbon Capture & Storage, Refinery Process Engineering, Drilling Optimization, Downstream Operations, Offshore Operations, Energy Storage Solutions, SCADA Systems, Predictive Maintenance AI, Reservoir Simulation, Hydrogen Energy Systems, Geothermal Systems, Thermal Modeling, Geospatial Analysis (GIS)",8,11,200000
180,Petroleum Engineer,Reservoir Engineer,2025-03-19,2025-04-16,2025-05-16,Energy & Petroleum,Oran,Ingénieur d'État,18,Alternance,1,"Risk Assessment (HAZOP), Predictive Maintenance AI, Downstream Operations, Regulatory Compliance (EPA), Geothermal Systems, Energy Economics, SCADA Systems, Remote Sensing (LiDAR)",0,2,168000
181,Teacher,Academic Advisor,2025-04-02,2025-04-27,2025-05-27,Education,Sétif,Ingénieur d'État,18,CDI,8,"Open Educational Resources (OER), Classroom Management, Plagiarism Detection (Turnitin), Flipped Classroom Models, MOOC Platforms (Coursera), Microlearning, Podcasting in Ed, Mental Health Tools, Educational Data Mining, Gamification (Kahoot), Coding Bootcamps, Teacher Training",4,7,59000
182,Site Manager,Safety Officer,2025-03-09,2025-03-21,2025-04-20,Construction,Sétif,Licence,15,Internship,7,"Green Certifications, Environmental Impact Assessment, Drone Surveying, Water Management, Energy Efficiency, Tunnel Construction",0,1,66000
183,Wind Turbine Engineer,Energy Auditor,2025-02-26,2025-03-13,2025-04-12,Renewable Energy,Oran,Doctorat,20,CDD,5,"Energy Management Systems, Battery Storage Systems, Grid Integration, Hydropower Design, Renewable Energy Site Assessment, Energy Simulation, Green Building Codes, Smart Grid Systems, Renewable Energy Economics, Inverter Technology, Net Metering, Energy Policy, Renewable Energy Forecasting, Energy Efficiency Auditing, Solar PV Systems",8,14,130000
184,Mine Engineer,Environmental Compliance Officer,2025-03-02,2025-03-14,2025-04-13,Mining,Annaba,Master,17,CDI,7,"Ore Processing, Mineral Exploration, Mining Automation, Mine Ventilation, Mining Equipment Maintenance, Rock Mechanics, Environmental Impact of Mining, Blasting Techniques, Geological Mapping, Underground Mining Techniques, Mineralogy, Mine Reclamation, Tailings Management, Mining Economics, GIS for Mining",6,10,160000
185,E-Commerce Manager,UX/UI Designer,2025-03-17,2025-03-23,2025-04-22,E-Commerce,Batna,Baccalaureate,12,CDD,10,"Omnichannel Strategy, User-Generated Content (UGC), Sustainable E-Commerce, Voice Commerce, 3PL Logistics, Influencer Marketing",0,1,60000
186,Wind Turbine Engineer,Energy Auditor,2025-04-13,2025-04-27,2025-05-27,Renewable Energy,Algiers,Master,17,Alternance,4,"Grid Integration, Hydropower Design, Sustainable Design, Smart Grid Systems, Energy Efficiency Auditing, Renewable Energy Economics, Renewable Energy Forecasting",0,1,116000
187,Marketplace Coordinator,Marketplace Coordinator,2025-03-23,2025-04-07,2025-05-07,E-Commerce,Tébessa,Doctorat,20,Alternance,10,"Omnichannel Strategy, Dynamic Pricing, Heatmap Analysis, Affiliate Marketing, Marketplace Management (Amazon/eBay), Fraud Detection, Voice Commerce, SEO/SEM, Customer Lifetime Value (CLV)",0,2,97000
188,Registered Nurse,Medical Technologist,2025-04-20,2025-04-23,2025-05-23,Healthcare,Oran,Ingénieur d'État,18,CDI,7,"Rehabilitation Tech, Telemedicine, Infection Control, VR Therapy, EHR Systems, Medical Imaging (MRI/CT), Medical Coding, Medical Simulation, Mental Health Apps, Medical Device Regulation, Epidemiology",4,5,77000
189,Procurement Officer,Procurement Officer,2025-02-07,2025-03-01,2025-03-31,Public Sector,Algiers,Ingénieur d'État,18,Internship,2,"IT for Government, E-Government Solutions, Citizen Engagement, Public Finance, Municipal Budgeting, Social Program Management, Government Procurement",0,1,59000
190,Medical Technologist,Clinical Researcher,2025-04-08,2025-05-05,2025-06-04,Healthcare,Saïda,Licence,15,Freelance,7,"Precision Medicine, Population Health, Clinical Trials, Medical Coding, Medical Simulation, Pharmacy Automation, Genomics, EHR Systems",2,3,65000
191,Instructional Designer,Curriculum Developer,2025-02-16,2025-02-19,2025-03-21,Education,Oran,Doctorat,20,CDI,2,"Parent-Teacher Apps, Plagiarism Detection (Turnitin), Hybrid Learning, E-Learning Tools (Articulate), Adaptive Learning, Special Ed Tech, Peer Learning Platforms, Gamification (Kahoot), Digital Portfolios, Microlearning, Learning Analytics, Coding Bootcamps, Accessibility (WCAG), STEM Tools, Digital Assessments",8,12,60000
192,Drilling Supervisor,Drilling Supervisor,2025-03-31,2025-04-10,2025-05-10,Energy & Petroleum,Bejaïa,Master,17,Internship,10,"Energy Trading, Thermal Modeling, Solar Energy Systems, Reservoir Simulation, Corrosion Engineering, Remote Sensing (LiDAR), Geothermal Systems",0,1,177000
193,Digital Services Manager,Procurement Officer,2025-03-28,2025-04-09,2025-05-09,Public Sector,Oran,Licence,15,CDI,3,"Public Health Policy, Social Program Management, Government CRM, Civic Tech, Legislative Drafting, IT for Government, Municipal Budgeting, Policy Impact Evaluation, Public Policy Analysis",2,5,57000
194,Instructional Designer,Instructional Designer,2025-02-19,2025-03-07,2025-04-06,Education,Algiers,Baccalaureate,12,Freelance,6,"AI Grading, Virtual Labs (Labster), Adaptive Learning, Peer Learning Platforms, Language Apps (Duolingo), Digital Portfolios, Special Ed Tech",0,2,40000
195,Drilling Supervisor,Reservoir Engineer,2025-05-03,2025-05-06,2025-06-05,Energy & Petroleum,Laghouat,Ingénieur d'État,18,CDI,8,"Risk Assessment (HAZOP), Offshore Operations, Energy Auditing, Subsea Engineering, Remote Sensing (LiDAR), Downstream Operations, Corrosion Engineering, Emissions Monitoring, Carbon Capture & Storage, Waste-to-Energy Tech, Nuclear Safety Protocols, Carbon Credit Trading",4,7,197000
196,Flight Test Engineer,Avionics Engineer,2025-05-03,2025-05-14,2025-06-13,Aerospace & Defense,Laghouat,Licence,15,CDI,7,"Ground Control Systems, Avionics Systems, Radar Systems, Defense Contracting, CAD for Aerospace, Satellite Communications, Mission Planning, Weapon Systems Integration, Systems Engineering",2,5,148000
197,Flight Test Engineer,Defense Analyst,2025-03-14,2025-03-27,2025-04-26,Aerospace & Defense,Sétif,Doctorat,20,CDI,2,"Aerodynamics Simulation, Defense Contracting, Ground Control Systems, Unmanned Aerial Systems, Reliability Engineering, Military Standards (MIL-STD), Flight Testing, Avionics Systems, Radar Systems, Weapon Systems Integration, Mission Planning, CAD for Aerospace, DO-178C Certification, ITAR Compliance, Jet Propulsion",8,11,180000
198,Instructional Designer,Curriculum Developer,2025-02-22,2025-03-15,2025-04-14,Education,Tébessa,Licence,15,Freelance,2,"Educational Data Mining, Data Privacy (FERPA), Hybrid Learning, Interactive Whiteboards, Student Information Systems (SIS), Learning Analytics, LMS (Moodle/Canvas), Plagiarism Detection (Turnitin), Educational Robotics",2,5,50000
199,Environmental Compliance Officer,Geologist,2025-04-28,2025-05-24,2025-06-23,Mining,Constantine,Doctorat,20,CDD,2,"Tailings Management, Mining Economics, Blasting Techniques, Drilling Operations, Mine Reclamation, Underground Mining Techniques, Mineral Exploration, Surface Mining, Geological Mapping, Mineralogy, Mine Ventilation, Rock Mechanics, Mining Automation, Environmental Impact of Mining, Slope Stability Analysis",8,13,160000
200,Medical Technologist,Clinical Researcher,2025-04-16,2025-04-30,2025-05-30,Healthcare,Skikda,Licence,15,CDD,9,"Telemedicine, Remote Monitoring, Surgical Robotics, Precision Medicine, Population Health, Stem Cell Research, Medical Simulation, Rehabilitation Tech, Mental Health Apps",2,5,67000
201,Farm Manager,Farm Manager,2025-04-07,2025-05-02,2025-06-01,Agriculture,Béjaïa,Baccalaureate,12,CDI,1,"Post-Harvest Technology, Agrochemical Knowledge, AgriTech Solutions, Crop Management, Agricultural Supply Chains, Agricultural Economics",0,1,30000
202,Curriculum Developer,Instructional Designer,2025-02-07,2025-03-05,2025-04-04,Education,Blida,Doctorat,20,Freelance,1,"Open Educational Resources (OER), Esports in Schools, E-Learning Tools (Articulate), LMS (Moodle/Canvas), Plagiarism Detection (Turnitin), MOOC Platforms (Coursera), Flipped Classroom Models, Peer Learning Platforms, Mental Health Tools, Hybrid Learning, AR/VR Learning, Educational Data Mining, Virtual Labs (Labster), Blockchain Credentials, Educational Robotics",8,12,60000
203,Clinical Researcher,Health Informatics Specialist,2025-03-08,2025-03-13,2025-04-12,Healthcare,Constantine,Baccalaureate,12,CDD,3,"Medical Imaging (MRI/CT), Mental Health Apps, Biomedical Engineering, Precision Medicine, Nursing Informatics, HIPAA Compliance, AI Diagnostics",0,2,54000
204,Systems Engineer,Avionics Engineer,2025-05-03,2025-05-09,2025-06-08,Aerospace & Defense,Constantine,Master,17,Alternance,1,"ITAR Compliance, Ground Control Systems, Aerodynamics Simulation, Radar Systems, Satellite Communications, Flight Control Systems, Aerospace Materials, Unmanned Aerial Systems",0,2,165000
205,QA Analyst,Clinical Trials Manager,2025-03-04,2025-03-09,2025-04-08,Pharmaceuticals,Skikda,Licence,15,CDD,6,"HPLC, Formulation Development, Pharmaceutical Sales, GMP Compliance, Pharmacovigilance, Pharmaceutical Marketing, Quality Assurance (QA), Stability Testing, Sterile Manufacturing",2,4,112000
206,Aquaculture Technician,Quality Assurance Officer,2025-05-04,2025-05-09,2025-06-08,Fisheries,Blida,Master,17,Freelance,1,"Fish Disease Management, Fish Stock Assessment, Net Design, Aquaponics, Cold Chain for Seafood, Fisheries Regulations, Fish Nutrition, Oceanographic Survey, Marine Biology, Seafood Traceability, Marine Ecosystem Monitoring, Aquaculture Management, Bycatch Reduction, Water Quality Management, Hatchery Operations",6,10,50000
207,Curriculum Developer,Instructional Designer,2025-04-20,2025-05-16,2025-06-15,Education,Algiers,Licence,15,CDI,8,"AI Tutoring, E-Learning Tools (Articulate), Special Ed Tech, Plagiarism Detection (Turnitin), Virtual Labs (Labster), AR/VR Learning, Hybrid Learning, Student Information Systems (SIS)",2,3,49000
208,Quality Assurance Officer,Marine Biologist,2025-02-22,2025-03-07,2025-04-06,Fisheries,Algiers,Ingénieur d'État,18,CDI,9,"Marine Biology, Fisheries Data Analysis, GPS for Fishing, Sustainable Fishing Techniques, Net Design, Bycatch Reduction, Cold Chain for Seafood, Fisheries Economics, Fish Disease Management, Fish Stock Assessment, Seafood Traceability",4,5,48000
209,Reservoir Engineer,Drilling Supervisor,2025-03-06,2025-04-04,2025-05-04,Energy & Petroleum,Annaba,Ingénieur d'État,18,Internship,9,"Well Logging, Energy Trading, Petroleum Engineering, Remote Sensing (LiDAR), Waste-to-Energy Tech, HSE Compliance, Reservoir Simulation",0,1,164000
210,Environmental Compliance Officer,Mine Engineer,2025-02-27,2025-03-15,2025-04-14,Mining,Biskra,Baccalaureate,12,Freelance,4,"Underground Mining Techniques, Blasting Techniques, Drilling Operations, Mine Ventilation, Mining Safety Standards, Geological Mapping",0,1,92000
211,Solar PV Technician,Energy Auditor,2025-02-26,2025-03-10,2025-04-09,Renewable Energy,Algiers,Master,17,CDI,4,"Hydropower Design, Smart Grid Systems, Grid Integration, Energy Efficiency Auditing, Sustainable Design, Power Purchase Agreements (PPAs), Wind Turbine Maintenance, Energy Simulation, Inverter Technology, Renewable Energy Site Assessment, Energy Management Systems, Net Metering, Load Flow Analysis, Renewable Energy Forecasting",6,9,130000
212,Billing Specialist,RF Technician,2025-03-28,2025-04-20,2025-05-20,Telecommunications,Algiers,Ingénieur d'État,18,CDD,4,"BSS/OSS Systems, Network Monitoring Tools, QoS Management, IP/MPLS, Telecom Regulations, RF Engineering, Microwave Engineering, Telecom Project Management, Mobile Core Networks, LTE/4G/5G Optimization, Fiber Optic Technology, VoIP Systems",4,7,118000
213,Wind Turbine Engineer,Energy Auditor,2025-03-03,2025-03-05,2025-04-04,Renewable Energy,Algiers,Licence,15,CDI,9,"Renewable Energy Economics, Wind Turbine Maintenance, Renewable Energy Site Assessment, Renewable Energy Forecasting, Power Purchase Agreements (PPAs), Energy Management Systems, Energy Policy, Battery Storage Systems, Inverter Technology",2,5,104000
214,Quality Control Inspector,Process Technician,2025-02-15,2025-03-07,2025-04-06,Manufacturing,Souk Ahras,Master,17,CDI,7,"Rapid Prototyping, Smart Factories, Production Planning, Energy Efficiency, 3D Printing, Waste Reduction, Additive Manufacturing, ERP (SAP), Factory Layout, Industrial Cybersecurity, Sustainable Practices, CAD/CAM, Robotics Programming, MES Systems",6,8,80000
215,Procurement Officer,Policy Analyst,2025-04-28,2025-05-11,2025-06-10,Public Sector,Batna,Ingénieur d'État,18,CDD,1,"Public Health Policy, Government CRM, Government Procurement, Freedom of Information, Public Sector Accounting, Municipal Budgeting, Digital Identity Systems, Open Data Platforms, IT for Government, E-Government Solutions, Citizen Engagement, Legislative Drafting, Regulatory Compliance",4,8,70000
216,Mine Engineer,Blasting Technician,2025-02-11,2025-02-11,2025-03-13,Mining,Béjaïa,Baccalaureate,12,Alternance,7,"GIS for Mining, Mine Planning, Rock Mechanics, Mineral Exploration, Slope Stability Analysis, Geological Mapping, Mining Safety Standards",0,2,95000
217,Medical Technologist,Medical Technologist,2025-03-11,2025-03-17,2025-04-16,Healthcare,Constantine,Ingénieur d'État,18,Alternance,2,"AI Drug Discovery, Telemedicine, Population Health, Rehabilitation Tech, Nursing Informatics, Healthcare Analytics, Clinical Trials, Stem Cell Research",0,2,70000
218,Drilling Supervisor,Petroleum Engineer,2025-04-09,2025-04-21,2025-05-21,Energy & Petroleum,Oran,Ingénieur d'État,18,CDD,9,"Wind Farm Design, Energy Economics, Solar Energy Systems, Carbon Credit Trading, Corrosion Engineering, Drilling Optimization, Refinery Process Engineering, Carbon Capture & Storage, SCADA Systems, Subsea Engineering, Well Logging",4,5,190000
219,Cybersecurity Analyst,Data Scientist,2025-02-22,2025-03-15,2025-04-14,Information Technology,Constantine,Master,17,Alternance,5,"Kafka, Spark, Kotlin, MongoDB, Burp Suite, GDPR, Flask, Vue.js",0,2,136000
220,Agri-Tech Developer,Agronomist,2025-04-01,2025-04-21,2025-05-21,Agriculture,Oran,Baccalaureate,12,Internship,10,"Remote Sensing for Crops, Seed Technology, Agricultural Economics, Soil Science, Agroforestry, Agricultural Policy",0,1,30000
221,QA Analyst,Formulation Scientist,2025-04-02,2025-04-02,2025-05-02,Pharmaceuticals,Algiers,Doctorat,20,Alternance,7,"Medical Writing, Biostatistics, Pharmacovigilance, FDA Submissions, Drug Formulation, Pharmaceutical Sales, Stability Testing, Analytical Chemistry, Sterile Manufacturing",0,2,136000
222,Guest Services Manager,Event Coordinator,2025-02-17,2025-02-20,2025-03-22,Tourism & Hospitality,Annaba,No Formal Education,0,CDI,10,"Hospitality Accounting, Tour Guiding, Culinary Arts",0,1,29000
223,Safety Officer,Quantity Surveyor,2025-05-03,2025-05-10,2025-06-09,Construction,Batna,Master,17,Internship,10,"Safety Audits, 3D Printing, Procore Software, Water Management, Safety Standards, HVAC Design, Risk Management",0,1,81000
224,Blasting Technician,Environmental Compliance Officer,2025-03-31,2025-04-01,2025-05-01,Mining,Oran,Doctorat,20,CDI,4,"Mine Ventilation, Rock Mechanics, Tailings Management, Mining Equipment Maintenance, Ore Processing, Geological Mapping, Mine Reclamation, Mining Automation, Mine Planning, GIS for Mining, Slope Stability Analysis, Blasting Techniques, Mining Economics, Mineralogy, Drilling Operations",8,9,160000
225,Video Editor,VFX Artist,2025-04-29,2025-05-16,2025-06-15,Media & Entertainment,El Oued,Master,17,Alternance,5,"Transmedia Storytelling, Influencer Partnerships, Video Editing (Premiere Pro), Sound Design (Pro Tools), Digital Journalism, Interactive Storytelling, Newsroom Automation",0,1,71000
226,Tour Guide,Tour Guide,2025-04-04,2025-04-30,2025-05-30,Tourism & Hospitality,Algiers,Licence,15,CDD,1,"Hospitality Accounting, Guest Services, Hospitality Branding, Hospitality Software (Opera), Tour Guiding, Front Office Operations, Hotel Operations, Travel Regulations, Cultural Tourism",2,4,48000
227,Energy Auditor,Energy Auditor,2025-02-21,2025-03-13,2025-04-12,Renewable Energy,Skikda,Master,17,CDD,10,"Load Flow Analysis, Solar PV Systems, Renewable Energy Forecasting, Inverter Technology, Green Building Codes, Renewable Energy Site Assessment, Wind Turbine Maintenance, Biomass Energy Systems, Power Purchase Agreements (PPAs), Energy Policy, Smart Grid Systems, Energy Simulation, Hydropower Design, Renewable Energy Economics, Sustainable Design",6,10,130000
228,Defense Analyst,Defense Analyst,2025-02-19,2025-02-21,2025-03-23,Aerospace & Defense,Blida,Master,17,Internship,8,"Military Standards (MIL-STD), Aerospace Materials, Flight Control Systems, Radar Systems, Thermal Analysis, Satellite Communications, Reliability Engineering",0,1,162000
229,Billing Specialist,Telecom Analyst,2025-03-08,2025-03-25,2025-04-24,Telecommunications,Saïda,Doctorat,20,CDI,5,"Microwave Engineering, Network Monitoring Tools, VoIP Systems, RF Engineering, QoS Management, Telecom Regulations, IP/MPLS, Network Provisioning, Telecom Billing Systems, BSS/OSS Systems, VSAT Systems, Telecom Project Management, Mobile Core Networks, Network Planning, Fiber Optic Technology",8,9,120000
230,Sales Associate,Sales Associate,2025-05-05,2025-05-06,2025-06-05,Retail,Annaba,Baccalaureate,12,Alternance,6,"Personal Shopping AI, CRM (Salesforce), Click-and-Collect, IoT, AR Shopping, Staff Training",0,1,36000
231,Urban Planner,Urban Planner,2025-05-05,2025-05-22,2025-06-21,Public Sector,Laghouat,Doctorat,20,Freelance,8,"Urban Planning, Social Program Management, E-Government Solutions, Government Procurement, Citizen Engagement, IT for Government, Open Data Platforms, Public Policy Analysis, Public Health Policy, Civic Tech, Government Auditing, Regulatory Compliance, Government CRM, Legislative Drafting, Public Sector Accounting",8,12,70000
232,Drilling Supervisor,Reservoir Engineer,2025-02-27,2025-03-11,2025-04-10,Energy & Petroleum,Oran,Master,17,Freelance,10,"Emissions Monitoring, Risk Assessment (HAZOP), Nuclear Safety Protocols, Thermal Modeling, Energy Trading, Solar Energy Systems, Power Plant Management, Predictive Maintenance AI, SCADA Systems, Carbon Credit Trading, Regulatory Compliance (EPA), Downstream Operations, Pipeline Leak Detection, Energy Auditing",6,9,200000
233,Risk Manager,Risk Manager,2025-04-12,2025-04-16,2025-05-16,Finance,Oran,Ingénieur d'État,18,CDD,9,"M&A, Economic Forecasting, IPO Preparation, CBDCs, Financial Modeling, Data Analytics (Power BI), Treasury Management, Audit Techniques, Regulatory Compliance (SOX), Behavioral Finance, Insurtech, Wealth Management",4,6,116000
234,Store Manager,Inventory Coordinator,2025-03-13,2025-04-09,2025-05-09,Retail,Oran,Doctorat,20,CDD,1,"Dynamic Pricing, Supply Chain Visibility, Omnichannel Strategy, Mobile POS, In-Store Analytics, Space Planning, Retail Automation, Pricing Strategy, Retail Chatbots, Consumer Behavior Analysis, Cashierless Checkout, Social Commerce, Click-and-Collect, Inventory Management, E-Commerce Integration",8,12,60000
235,Tour Guide,Tour Guide,2025-05-03,2025-05-22,2025-06-21,Tourism & Hospitality,Sétif,Licence,15,Freelance,9,"Hospitality Accounting, Destination Management, Sustainable Tourism, Revenue Management, Event Management, Culinary Arts, Hospitality Branding, Airline Reservations",2,3,47000
236,Content Producer,Sound Designer,2025-04-08,2025-04-15,2025-05-15,Media & Entertainment,Blida,Licence,15,Freelance,5,"Influencer Partnerships, Set Design, Localization/Dubbing, AR/VR Content, Scriptwriting, Metadata Tagging, Digital Journalism, Video Editing (Premiere Pro), VFX (Nuke/Houdini)",2,4,62000
237,Content Producer,Content Producer,2025-05-07,2025-05-18,2025-06-17,Media & Entertainment,Tizi Ouzou,No Formal Education,0,CDI,2,"Newsroom Automation, Localization/Dubbing, Scriptwriting",0,1,36000
238,Tour Guide,Hotel Manager,2025-05-01,2025-05-08,2025-06-07,Tourism & Hospitality,Tiaret,Licence,15,CDD,4,"Revenue Management, Hospitality Branding, Cultural Tourism, Event Management, Hotel Operations, Airline Reservations, Culinary Arts, Hospitality Software (Opera), Hospitality Accounting",2,5,49000
239,Inventory Coordinator,Sales Associate,2025-04-25,2025-05-03,2025-06-02,Retail,Constantine,Master,17,Alternance,8,"Personal Shopping AI, Pricing Strategy, AR Shopping, Consumer Behavior Analysis, Loss Prevention, CRM (Salesforce), Mobile POS, Loyalty Programs",0,2,55000
240,Quantity Surveyor,Site Manager,2025-05-03,2025-05-23,2025-06-22,Construction,Algiers,Master,17,CDD,6,"Concrete Tech, Water Management, Urban Planning, BIM (Revit), Land Surveying, 3D Printing, Safety Audits, Geotechnical Engineering, Road Engineering, Quantity Surveying, Bridge Engineering, Risk Management, HVAC Design",6,7,90000
241,Grid Integration Specialist,Grid Integration Specialist,2025-02-09,2025-02-17,2025-03-19,Renewable Energy,Blida,Ingénieur d'État,18,Internship,7,"Battery Storage Systems, Green Building Codes, Grid Integration, Energy Simulation, Renewable Energy Forecasting, Smart Grid Systems, Energy Management Systems",0,1,108000
242,Content Producer,Content Producer,2025-04-19,2025-05-05,2025-06-04,Media & Entertainment,Sétif,No Formal Education,0,Internship,10,"Transmedia Storytelling, Live Streaming (Twitch), Gaming Engines (Unity)",0,1,36000
243,E-Commerce Manager,SEO Specialist,2025-04-23,2025-05-12,2025-06-11,E-Commerce,Oran,Licence,15,Freelance,3,"Inventory Forecasting, AI Personalization, SEO/SEM, Heatmap Analysis, Product Information Management (PIM), Dynamic Pricing, Mobile App Development (React Native), Sustainable E-Commerce",2,3,78000
244,Marketplace Coordinator,E-Commerce Manager,2025-04-25,2025-05-07,2025-06-06,E-Commerce,Constantine,No Formal Education,0,Freelance,7,"Marketplace Management (Amazon/eBay), AR/VR Try-Ons, GDPR/CCPA Compliance",0,1,48000
245,Cybersecurity Analyst,Cybersecurity Analyst,2025-03-04,2025-03-11,2025-04-10,Information Technology,Blida,Doctorat,20,CDI,4,"Matplotlib, Jira, Lambda, GDPR, CI/CD, Penetration Testing, Firewalls, GitHub, Generative AI, Datadog, C#, PowerShell, NumPy, AKS, Django",8,13,150000
246,Quality Control Inspector,Maintenance Engineer,2025-04-24,2025-04-29,2025-05-29,Manufacturing,Algiers,Doctorat,20,CDD,2,"Industrial Automation (PLC), 3D Printing, Smart Factories, Supply Chain Optimization, CAD/CAM, Robotics (ROS), Process Engineering, Quality Control, Workforce Training, Lean Manufacturing, Rapid Prototyping, MES Systems, ERP (SAP), IIoT, Six Sigma",8,11,80000
247,Policy Analyst,Urban Planner,2025-03-16,2025-03-17,2025-04-16,Public Sector,Algiers,Baccalaureate,12,Freelance,3,"Public Health Policy, Urban Planning, Public Sector Accounting, Digital Identity Systems, Government CRM, Municipal Budgeting",0,1,43000
248,Marine Biologist,Fishery Inspector,2025-05-01,2025-05-23,2025-06-22,Fisheries,Blida,No Formal Education,0,Internship,8,"Biosecurity in Aquaculture, Fish Disease Management, Aquaponics",0,1,24000
249,Billing Specialist,Telecom Analyst,2025-02-28,2025-03-09,2025-04-08,Telecommunications,Constantine,Baccalaureate,12,Alternance,3,"VSAT Systems, SDN/NFV, IP/MPLS, 5G Network Design, Microwave Engineering, Carrier Ethernet, VoIP Systems",0,2,74000
250,Tour Guide,Event Coordinator,2025-04-27,2025-05-19,2025-06-18,Tourism & Hospitality,Algiers,Doctorat,20,Alternance,7,"Hospitality Branding, Destination Management, Culinary Arts, Tourism Policy, Hospitality Software (Opera), Travel Itinerary Planning, Sustainable Tourism, Front Office Operations",0,1,57000
251,Financial Analyst,Risk Manager,2025-03-12,2025-03-26,2025-04-25,Finance,Oran,Master,17,CDD,2,"Economic Forecasting, Insurtech, Algorithmic Trading, Fintech Development, Quantitative Finance, Forex, Financial Planning Software, Blockchain/Crypto, Financial Modeling, Portfolio Management, Behavioral Finance, Audit Techniques, Actuarial Science, Derivatives, Risk Management (FRM)",6,10,120000
252,Marketplace Coordinator,E-Commerce Manager,2025-04-27,2025-05-08,2025-06-07,E-Commerce,Algiers,Licence,15,CDI,4,"Warehouse Automation (WMS), API Integration (REST/SOAP), GDPR/CCPA Compliance, Marketplace Management (Amazon/eBay), Sustainable E-Commerce, Last-Mile Delivery, Social Commerce (TikTok/Instagram), Chatbot Development",2,3,78000
253,Blasting Technician,Environmental Compliance Officer,2025-02-28,2025-03-01,2025-03-31,Mining,Jijel,No Formal Education,0,CDD,3,"Underground Mining Techniques, Surface Mining, Slope Stability Analysis",0,1,72000
254,Telecom Analyst,Billing Specialist,2025-04-12,2025-04-21,2025-05-21,Telecommunications,Mostaganem,Ingénieur d'État,18,Alternance,4,"VSAT Systems, LTE/4G/5G Optimization, SDN/NFV, IP/MPLS, Telecom Regulations, Spectrum Management, 5G Network Design, Telecom Project Management",0,2,102000
255,Hotel Manager,Tour Guide,2025-03-17,2025-04-01,2025-05-01,Tourism & Hospitality,Sétif,No Formal Education,0,Freelance,4,"Front Office Operations, Hospitality Software (Opera), Cultural Tourism",0,1,29000
256,Flight Test Engineer,Systems Engineer,2025-03-06,2025-03-09,2025-04-08,Aerospace & Defense,Oran,Master,17,Freelance,10,"Defense Contracting, Radar Systems, Thermal Analysis, CAD for Aerospace, ITAR Compliance, Aerodynamics Simulation, Systems Engineering, Ground Control Systems, Weapon Systems Integration, Military Standards (MIL-STD), Mission Planning, Flight Testing, Jet Propulsion, Avionics Systems",6,9,180000
257,Telecom Analyst,Billing Specialist,2025-04-23,2025-05-06,2025-06-05,Telecommunications,Khenchela,Baccalaureate,12,CDD,10,"Telecom Billing Systems, Telecom Regulations, Fiber Optic Technology, Network Monitoring Tools, BSS/OSS Systems, RF Engineering",0,1,73000
258,Quality Assurance Officer,Aquaculture Technician,2025-03-13,2025-04-06,2025-05-06,Fisheries,Annaba,Ingénieur d'État,18,Freelance,7,"Marine Biology, Fish Disease Management, Fish Stock Assessment, Bycatch Reduction, Fisheries Regulations, Biosecurity in Aquaculture, Aquaponics, Fish Nutrition, Oceanographic Survey, Marine Ecosystem Monitoring, Cold Chain for Seafood, Water Quality Management",4,7,49000
259,Geologist,Geologist,2025-03-17,2025-04-12,2025-05-12,Mining,Blida,No Formal Education,0,Freelance,7,"Mining Economics, Mine Reclamation, Mineralogy",0,1,72000
260,Logistics Manager,Fleet Coordinator,2025-03-11,2025-03-12,2025-04-11,Transport & Logistics,Constantine,Licence,15,Alternance,8,"Supply Chain Optimization, Cold Chain Logistics, Route Optimization, Logistics Automation, Customs Compliance, Last-Mile Delivery, Logistics Analytics",0,2,65000
261,SEO Specialist,SEO Specialist,2025-02-18,2025-03-02,2025-04-01,E-Commerce,Sétif,No Formal Education,0,Freelance,2,"Conversion Rate Optimization, Dynamic Pricing, Product Information Management (PIM)",0,1,48000
262,Grid Integration Specialist,Wind Turbine Engineer,2025-02-24,2025-03-24,2025-04-23,Renewable Energy,Algiers,Doctorat,20,Alternance,9,"Wind Turbine Maintenance, Sustainable Design, Renewable Energy Economics, Renewable Energy Forecasting, Net Metering, Grid Integration, Energy Management Systems, Solar PV Systems",0,1,124000
263,Merchandiser,Store Manager,2025-03-04,2025-03-05,2025-04-04,Retail,Algiers,Licence,15,Internship,4,"Cashierless Checkout, Space Planning, AR Shopping, Staff Training, Consumer Behavior Analysis, CRM (Salesforce)",0,1,43000
264,Agri-Tech Developer,Farm Manager,2025-02-17,2025-03-17,2025-04-16,Agriculture,Algiers,Baccalaureate,12,Alternance,5,"Pest Control Strategies, Precision Agriculture, Genetically Modified Crops, Remote Sensing for Crops, Seed Technology, Agricultural Policy, AgriTech Solutions",0,2,30000
265,Marketplace Coordinator,UX/UI Designer,2025-03-21,2025-04-06,2025-05-06,E-Commerce,Algiers,Master,17,Freelance,4,"Omnichannel Strategy, Inventory Forecasting, GDPR/CCPA Compliance, Customer Segmentation, Warehouse Automation (WMS), Mobile App Development (React Native), Last-Mile Delivery, A/B Testing, Supply Chain Analytics, Product Information Management (PIM), AI Personalization, Cross-Border E-Commerce, Fraud Detection, API Integration (REST/SOAP), Chatbot Development",6,10,100000
266,Project Engineer,Project Engineer,2025-04-18,2025-05-03,2025-06-02,Construction,Biskra,Doctorat,20,Alternance,3,"Facility Management, Sustainable Design (LEED), Quantity Surveying, HVAC Design, Construction Law, Procore Software, Disaster-Resistant Design, Tunnel Construction",0,1,86000
267,Formulation Scientist,QA Analyst,2025-03-21,2025-04-19,2025-05-19,Pharmaceuticals,Batna,Licence,15,CDD,2,"Batch Record Review, Preclinical Research, Stability Testing, Sterile Manufacturing, Formulation Development, Pharmaceutical Marketing, GMP Compliance, Quality Assurance (QA)",2,3,110000
268,Safety Officer,Quantity Surveyor,2025-03-28,2025-04-02,2025-05-02,Construction,Constantine,Ingénieur d'État,18,Internship,8,"Green Certifications, Drone Surveying, Project Management (Primavera), Procore Software, Land Surveying, BIM (Revit), Structural Analysis",0,1,76000
269,Medical Technologist,Registered Nurse,2025-03-16,2025-04-12,2025-05-12,Healthcare,Constantine,Master,17,Alternance,8,"Mental Health Apps, Epidemiology, Remote Monitoring, Medical Imaging (MRI/CT), Digital Therapeutics, AI Drug Discovery, Medical Simulation",0,1,73000
270,Farm Manager,Agri-Tech Developer,2025-02-25,2025-03-09,2025-04-08,Agriculture,Tébessa,No Formal Education,0,CDD,9,"Remote Sensing for Crops, Sustainable Farming, Seed Technology",0,1,24000
271,Defense Analyst,Flight Test Engineer,2025-02-11,2025-03-04,2025-04-03,Aerospace & Defense,Sétif,Doctorat,20,CDD,7,"Unmanned Aerial Systems, Jet Propulsion, Mission Planning, Ground Control Systems, Radar Systems, Aerodynamics Simulation, Flight Control Systems, Flight Testing, Military Standards (MIL-STD), Defense Contracting, DO-178C Certification, Reliability Engineering, CAD for Aerospace, Aerospace Materials, Satellite Communications",8,14,180000
272,Systems Engineer,Defense Analyst,2025-02-07,2025-03-04,2025-04-03,Aerospace & Defense,Oran,Master,17,Freelance,3,"Mission Planning, Aerodynamics Simulation, Radar Systems, Unmanned Aerial Systems, Thermal Analysis, ITAR Compliance, Military Standards (MIL-STD), Flight Control Systems, Defense Contracting, Ground Control Systems, CAD for Aerospace, DO-178C Certification, Reliability Engineering",6,7,180000
273,RF Technician,RF Technician,2025-05-07,2025-06-02,2025-07-02,Telecommunications,Constantine,Licence,15,CDI,7,"IP/MPLS, Telecom Billing Systems, RF Engineering, Network Provisioning, BSS/OSS Systems, Telecom Regulations, 5G Network Design, Carrier Ethernet, QoS Management",2,5,97000
274,Digital Services Manager,Policy Analyst,2025-04-14,2025-04-23,2025-05-23,Public Sector,Laghouat,Licence,15,CDD,10,"Government CRM, Regulatory Compliance, Public Policy Analysis, Urban Planning, Open Data Platforms, Policy Impact Evaluation, Public Sector Accounting, Public Health Policy, Public Finance",2,4,56000
275,Site Manager,Quantity Surveyor,2025-03-14,2025-04-03,2025-05-03,Construction,Algiers,Baccalaureate,12,CDI,10,"Safety Standards, Cost Estimation, Lean Construction, Procore Software, Bridge Engineering, Water Management, Environmental Impact Assessment",0,2,58000
276,Blasting Technician,Mine Engineer,2025-02-13,2025-03-01,2025-03-31,Mining,Oran,Licence,15,Freelance,6,"Surface Mining, Geological Mapping, Environmental Impact of Mining, GIS for Mining, Mineral Exploration, Ore Processing, Mineralogy, Rock Mechanics, Underground Mining Techniques",2,4,125000
277,Registered Nurse,Registered Nurse,2025-04-08,2025-04-23,2025-05-23,Healthcare,Oran,Master,17,Alternance,5,"Health Insurance, Stem Cell Research, Digital Therapeutics, Surgical Robotics, HIPAA Compliance, Nursing Informatics, Medical Simulation, Population Health",0,2,74000
278,Tour Guide,Event Coordinator,2025-04-12,2025-04-18,2025-05-18,Tourism & Hospitality,Annaba,No Formal Education,0,CDI,1,"Hospitality Branding, Tourism Policy, Travel Regulations",0,1,29000
279,Supply Chain Analyst,Logistics Manager,2025-04-17,2025-05-01,2025-05-31,Transport & Logistics,Annaba,Doctorat,20,Freelance,5,"Logistics Analytics, Shipment Tracking, Inventory Control, Fleet Management, Transportation Modeling, Reverse Logistics, Warehouse Management Systems, Logistics Costing, Route Optimization, TMS Software, EDI Integration, SCM ERP Systems, Logistics Planning, Supply Chain Optimization, Cold Chain Logistics",8,11,90000
280,SEO Specialist,UX/UI Designer,2025-03-28,2025-04-12,2025-05-12,E-Commerce,Constantine,Doctorat,20,Internship,9,"Mobile App Development (React Native), Payment Gateways (Stripe/PayPal), Customer Segmentation, Cross-Border E-Commerce, Cryptocurrency Payments, Conversion Rate Optimization, Product Information Management (PIM), A/B Testing",0,1,96000
281,Quantity Surveyor,Site Manager,2025-04-12,2025-05-01,2025-05-31,Construction,Skikda,Ingénieur d'État,18,Alternance,3,"Quantity Surveying, Urban Planning, Facility Management, Project Management (Primavera), Structural Analysis, 3D Printing, Concrete Tech",0,1,76000
282,Flight Test Engineer,Systems Engineer,2025-03-10,2025-03-29,2025-04-28,Aerospace & Defense,Sétif,Ingénieur d'État,18,CDI,6,"Mission Planning, Unmanned Aerial Systems, Avionics Systems, Military Standards (MIL-STD), Jet Propulsion, Aerospace Materials, Systems Engineering, Weapon Systems Integration, Aerodynamics Simulation, Flight Control Systems, ITAR Compliance",4,5,172000
283,Agronomist,Agronomist,2025-04-15,2025-04-29,2025-05-29,Agriculture,Algiers,Ingénieur d'État,18,Internship,9,"Post-Harvest Technology, Crop Management, Soil Science, Agricultural Policy, Agricultural Data Analysis, Agroforestry, Precision Agriculture",0,1,42000
284,HSE Specialist,Drilling Supervisor,2025-04-01,2025-04-07,2025-05-07,Energy & Petroleum,Bejaïa,Ingénieur d'État,18,CDD,5,"Reservoir Simulation, Risk Assessment (HAZOP), HSE Compliance, Wind Farm Design, IoT for Oilfields, Energy Storage Solutions, Petroleum Engineering, Energy Auditing, Geospatial Analysis (GIS), Power Plant Management, Remote Sensing (LiDAR), Solar Energy Systems, Geothermal Systems",4,8,200000
285,Quality Control Inspector,Quality Control Inspector,2025-02-25,2025-03-17,2025-04-16,Manufacturing,Algiers,Licence,15,Alternance,6,"ERP (SAP), Industrial Automation (PLC), MES Systems, Energy Efficiency, Lean Manufacturing, Robotics (ROS)",0,1,56000
286,QA Analyst,Regulatory Affairs Specialist,2025-04-12,2025-04-30,2025-05-30,Pharmaceuticals,Medea,Doctorat,20,Freelance,5,"Sterile Manufacturing, Regulatory Affairs, GLP Standards, Drug Formulation, Biostatistics, FDA Submissions, Analytical Chemistry, Medical Writing, Stability Testing, Clinical Trials Management, Batch Record Review, Formulation Development, CMC Documentation, Pharmacovigilance, Pharmaceutical Marketing",8,14,140000
287,Event Coordinator,Event Coordinator,2025-04-13,2025-04-21,2025-05-21,Tourism & Hospitality,Tizi Ouzou,Baccalaureate,12,Freelance,6,"Hospitality Marketing, Airline Reservations, Customer Relationship Management, Guest Services, Travel Regulations, Food & Beverage Management",0,1,36000
288,Supply Chain Analyst,Logistics Manager,2025-04-07,2025-05-04,2025-06-03,Transport & Logistics,El Oued,Doctorat,20,CDI,6,"TMS Software, Shipment Tracking, EDI Integration, Last-Mile Delivery, Logistics Costing, Transportation Modeling, SCM ERP Systems, Reverse Logistics, Freight Forwarding, Logistics Planning, Cold Chain Logistics, Route Optimization, Supply Chain Optimization, Inventory Control, Distribution Strategy",8,15,90000
289,Wind Turbine Engineer,Wind Turbine Engineer,2025-03-08,2025-03-27,2025-04-26,Renewable Energy,Algiers,Doctorat,20,CDI,10,"Renewable Energy Site Assessment, Energy Efficiency Auditing, Biomass Energy Systems, Inverter Technology, Sustainable Design, Renewable Energy Economics, Wind Turbine Maintenance, Power Purchase Agreements (PPAs), Green Building Codes, Energy Management Systems, Energy Policy, Net Metering, Energy Simulation, Load Flow Analysis, Grid Integration",8,11,130000
290,Site Manager,Project Engineer,2025-04-01,2025-04-01,2025-05-01,Construction,Constantine,Ingénieur d'État,18,Alternance,5,"3D Printing, Facility Management, Urban Planning, Road Engineering, Energy Efficiency, Water Management, Bridge Engineering",0,1,76000
291,Guest Services Manager,Tour Guide,2025-03-08,2025-03-21,2025-04-20,Tourism & Hospitality,Sétif,No Formal Education,0,Freelance,9,"Customer Relationship Management, Destination Management, Hotel Operations",0,1,29000
292,Environmental Compliance Officer,Blasting Technician,2025-02-27,2025-03-19,2025-04-18,Mining,Béjaïa,Ingénieur d'État,18,Internship,7,"Underground Mining Techniques, GIS for Mining, Mineral Exploration, Mine Ventilation, Tailings Management, Mining Economics, Mine Reclamation",0,1,132000
293,Project Engineer,Site Manager,2025-04-24,2025-05-22,2025-06-21,Construction,Algiers,Doctorat,20,CDI,3,"Safety Standards, Structural Analysis, Procore Software, Energy Efficiency, Disaster-Resistant Design, Safety Audits, Prefabrication, Urban Planning, 3D Printing, Stakeholder Collaboration, Bridge Engineering, Drone Surveying, Material Science, Road Engineering, Risk Management",8,10,90000
294,Data Scientist,Cybersecurity Analyst,2025-04-06,2025-04-21,2025-05-21,Information Technology,Algiers,Master,17,Internship,4,"CISSP, Pandas, Scikit-learn, Wireshark, C++, PyTorch, IaC",0,1,134000
295,Content Producer,Sound Designer,2025-03-24,2025-04-14,2025-05-14,Media & Entertainment,Ghardaïa,Master,17,CDI,9,"Crisis Communication, VFX (Nuke/Houdini), Ad Tech (Programmatic), Transmedia Storytelling, Motion Graphics (After Effects), Influencer Partnerships, Social Media Algorithms, AI Content Generation, Media Planning, Video Editing (Premiere Pro), Podcast Production, Digital Rights Management (DRM), Media Asset Management (MAM), Set Design",6,8,80000
296,Maintenance Engineer,Quality Control Inspector,2025-03-21,2025-03-31,2025-04-30,Manufacturing,Algiers,Doctorat,20,Alternance,5,"Sustainable Practices, MES Systems, CAD/CAM, 3D Printing, Rapid Prototyping, Lean Manufacturing, Energy Efficiency, Predictive Maintenance",0,1,76000
297,Content Producer,Video Editor,2025-03-28,2025-04-19,2025-05-19,Media & Entertainment,Batna,Licence,15,CDD,10,"Video Editing (Premiere Pro), Color Grading (DaVinci Resolve), Audience Analytics (Nielsen), Metadata Tagging, Copyright Law, Set Design, VFX (Nuke/Houdini), Interactive Storytelling, Digital Rights Management (DRM)",2,4,62000
298,Cybersecurity Analyst,Data Scientist,2025-04-25,2025-05-03,2025-06-02,Information Technology,Algiers,Licence,15,CDI,3,"CISSP, GDPR, Redis, Power BI, Azure, Grafana, GPT, GitLab, Jira",2,4,118000
299,Teacher,Curriculum Developer,2025-04-11,2025-04-15,2025-05-15,Education,Ghardaïa,Master,17,Internship,5,"Mental Health Tools, Virtual Labs (Labster), Digital Portfolios, Plagiarism Detection (Turnitin), Microlearning, Peer Learning Platforms, LMS (Moodle/Canvas)",0,1,55000
300,Network Engineer,Network Engineer,2025-03-06,2025-03-31,2025-04-30,Telecommunications,Sétif,Master,17,Alternance,5,"Network Provisioning, LTE/4G/5G Optimization, Microwave Engineering, IP/MPLS, Mobile Core Networks, SDN/NFV, Network Monitoring Tools, Telecom Billing Systems",0,2,110000
301,Auditor,Financial Analyst,2025-04-12,2025-04-28,2025-05-28,Finance,Algiers,Baccalaureate,12,CDI,7,"Financial Planning Software, Derivatives, Real Estate Finance, Tax Strategy, Portfolio Management, Risk Management (FRM), Financial Modeling",0,2,74000
302,Hotel Manager,Hotel Manager,2025-02-16,2025-02-27,2025-03-29,Tourism & Hospitality,Oran,Master,17,CDD,7,"Event Management, Front Office Operations, Destination Management, Sustainable Tourism, Hospitality Marketing, Culinary Arts, Food & Beverage Management, Revenue Management, Tour Guiding, Cultural Tourism, Hospitality Branding, Hospitality Accounting, Airline Reservations",6,7,60000
303,UX/UI Designer,UX/UI Designer,2025-04-13,2025-04-28,2025-05-28,E-Commerce,Bejaïa,No Formal Education,0,Freelance,5,"Heatmap Analysis, Marketplace Management (Amazon/eBay), Voice Commerce",0,1,48000
304,Curriculum Developer,Instructional Designer,2025-02-28,2025-03-09,2025-04-08,Education,Annaba,Doctorat,20,CDI,8,"AI Tutoring, Virtual Labs (Labster), Plagiarism Detection (Turnitin), Data Privacy (FERPA), Gamification (Kahoot), Learning Analytics, Esports in Schools, Open Educational Resources (OER), Hybrid Learning, LMS (Moodle/Canvas), Interactive Whiteboards, Accessibility (WCAG), MOOC Platforms (Coursera), Student Information Systems (SIS), Digital Portfolios",8,9,60000
305,Agri-Tech Developer,Agri-Tech Developer,2025-02-21,2025-02-22,2025-03-24,Agriculture,Mostaganem,Ingénieur d'État,18,CDI,9,"Agroforestry, Agricultural Economics, Remote Sensing for Crops, Genetically Modified Crops, Agricultural Policy, Agricultural Supply Chains, AgriTech Solutions, Irrigation Systems, Precision Agriculture, Agricultural Data Analysis, Crop Management, Pest Control Strategies, Agrochemical Knowledge",4,8,50000
306,Quality Control Inspector,Quality Control Inspector,2025-02-11,2025-02-22,2025-03-24,Manufacturing,Algiers,Ingénieur d'État,18,CDD,5,"MES Systems, Six Sigma, Sustainable Practices, Factory Layout, Supply Chain Resilience, CNC Machining, ERP (SAP), Lean Manufacturing, Waste Reduction, Industrial Automation (PLC), CAD/CAM, Quality Control",4,7,79000
307,Energy Auditor,Grid Integration Specialist,2025-03-25,2025-04-23,2025-05-23,Renewable Energy,Medea,Licence,15,CDI,6,"Wind Turbine Maintenance, Energy Policy, Energy Efficiency Auditing, Renewable Energy Economics, Biomass Energy Systems, Energy Management Systems, Green Building Codes, Renewable Energy Forecasting, Battery Storage Systems",2,5,104000
308,Safety Officer,Site Manager,2025-04-30,2025-05-03,2025-06-02,Construction,Tipaza,Master,17,CDI,4,"Cost Estimation, Urban Planning, Lean Construction, Energy Efficiency, Tunnel Construction, Safety Standards, Procore Software, Building Codes, Project Management (Primavera), Bridge Engineering, Safety Audits, Construction Robotics, Water Management, Prefabrication",6,8,90000
309,Health Informatics Specialist,Clinical Researcher,2025-03-23,2025-04-12,2025-05-12,Healthcare,El Oued,Ingénieur d'État,18,CDI,10,"VR Therapy, Healthcare Analytics, Clinical Trials, Remote Monitoring, Medical Imaging (MRI/CT), Stem Cell Research, AI Diagnostics, Pharmacy Automation, Health Informatics, Telemedicine, Biomedical Engineering, HIPAA Compliance",4,7,79000
310,Supply Chain Analyst,Customs Compliance Officer,2025-05-04,2025-05-31,2025-06-30,Transport & Logistics,Blida,Master,17,CDI,3,"Fleet Management, Distribution Strategy, Logistics Planning, SCM ERP Systems, Logistics Analytics, Shipment Tracking, Supply Chain Optimization, Logistics Automation, Inventory Control, TMS Software, Customs Compliance, Route Optimization, Cold Chain Logistics, Warehouse Management Systems",6,8,90000
311,Quantity Surveyor,Safety Officer,2025-02-25,2025-03-15,2025-04-14,Construction,Tlemcen,Baccalaureate,12,CDD,10,"Safety Standards, Urban Planning, Prefabrication, Procore Software, BIM (Revit), Risk Management, Quantity Surveying",0,2,58000
312,Farm Manager,Irrigation Specialist,2025-03-26,2025-04-14,2025-05-14,Agriculture,Souk Ahras,Baccalaureate,12,Internship,4,"Irrigation Systems, Agricultural Economics, AgriTech Solutions, Agroforestry, Seed Technology, Soil Science",0,1,30000
313,Marketplace Coordinator,Marketplace Coordinator,2025-03-02,2025-03-09,2025-04-08,E-Commerce,Annaba,Ingénieur d'État,18,Freelance,6,"Dropshipping, Payment Gateways (Stripe/PayPal), API Integration (REST/SOAP), Social Commerce (TikTok/Instagram), Fraud Detection, Conversion Rate Optimization, Heatmap Analysis, AR/VR Try-Ons, Sustainable E-Commerce, Shopify/Magento, Customer Lifetime Value (CLV)",4,5,96000
314,Regulatory Affairs Specialist,Formulation Scientist,2025-04-11,2025-04-11,2025-05-11,Pharmaceuticals,Blida,Licence,15,Freelance,4,"FDA Submissions, HPLC, Analytical Chemistry, Stability Testing, Regulatory Affairs, Formulation Development, CMC Documentation, GLP Standards, GMP Compliance",2,5,114000
315,Guest Services Manager,Tour Guide,2025-05-04,2025-05-09,2025-06-08,Tourism & Hospitality,Tiaret,Licence,15,CDD,8,"Tour Guiding, Culinary Arts, Revenue Management, Travel Itinerary Planning, Cultural Tourism, Hospitality Software (Opera), Hospitality Marketing, Airline Reservations, Food & Beverage Management",2,4,48000
316,RF Technician,Telecom Analyst,2025-04-23,2025-05-13,2025-06-12,Telecommunications,Constantine,Doctorat,20,CDD,10,"Network Planning, Telecom Regulations, QoS Management, Spectrum Management, VSAT Systems, Telecom Project Management, Mobile Core Networks, BSS/OSS Systems, 5G Network Design, Carrier Ethernet, Network Provisioning, Telecom Billing Systems, RF Engineering, LTE/4G/5G Optimization, Microwave Engineering",8,9,120000
317,Mine Engineer,Environmental Compliance Officer,2025-02-28,2025-03-08,2025-04-07,Mining,Algiers,No Formal Education,0,Internship,9,"Rock Mechanics, Tailings Management, GIS for Mining",0,1,72000
318,Software Engineer,Software Engineer,2025-04-26,2025-05-21,2025-06-20,Information Technology,Tlemcen,Baccalaureate,12,CDD,6,"JavaScript, IaC, Matplotlib, Penetration Testing, GitHub, Ansible",0,1,89000
319,Systems Engineer,Defense Analyst,2025-03-24,2025-03-26,2025-04-25,Aerospace & Defense,Constantine,Master,17,Internship,1,"Satellite Communications, Unmanned Aerial Systems, Flight Testing, Defense Contracting, DO-178C Certification, Thermal Analysis, Jet Propulsion",0,1,162000
320,Event Coordinator,Hotel Manager,2025-04-02,2025-04-14,2025-05-14,Tourism & Hospitality,Chlef,Doctorat,20,Freelance,1,"Sustainable Tourism, Travel Itinerary Planning, Guest Services, Hospitality Software (Opera), Event Management, Culinary Arts, Front Office Operations, Cultural Tourism, Travel Regulations, Tourism Policy, Customer Relationship Management, Hospitality Marketing, Airline Reservations, Hospitality Accounting, Revenue Management",8,11,60000
321,Geologist,Geologist,2025-05-07,2025-05-12,2025-06-11,Mining,Bejaïa,Licence,15,Freelance,9,"Geological Mapping, Mineralogy, Mining Automation, Slope Stability Analysis, GIS for Mining, Drilling Operations, Rock Mechanics, Ore Processing",2,3,122000
322,Event Coordinator,Hotel Manager,2025-03-23,2025-03-29,2025-04-28,Tourism & Hospitality,Annaba,Ingénieur d'État,18,CDI,2,"Hospitality Marketing, Customer Relationship Management, Event Management, Front Office Operations, Travel Regulations, Guest Services, Hospitality Branding, Food & Beverage Management, Tourism Policy, Airline Reservations, Cultural Tourism, Hotel Operations",4,7,59000
323,Wind Turbine Engineer,Grid Integration Specialist,2025-04-25,2025-05-17,2025-06-16,Renewable Energy,Skikda,Doctorat,20,Internship,1,"Battery Storage Systems, Solar PV Systems, Grid Integration, Energy Simulation, Energy Management Systems, Renewable Energy Economics, Sustainable Design, Inverter Technology",0,1,124000
324,Flight Test Engineer,Systems Engineer,2025-04-12,2025-05-07,2025-06-06,Aerospace & Defense,Biskra,Ingénieur d'État,18,Freelance,4,"Flight Testing, Jet Propulsion, Aerodynamics Simulation, Defense Contracting, Mission Planning, Radar Systems, Unmanned Aerial Systems, Military Standards (MIL-STD), Ground Control Systems, Flight Control Systems, ITAR Compliance, Thermal Analysis",4,7,178000
325,Risk Manager,Financial Analyst,2025-04-02,2025-04-30,2025-05-30,Finance,Algiers,Ingénieur d'État,18,Alternance,3,"Fintech Development, Treasury Management, Blockchain/Crypto, AML Compliance, ESG Investing, Economic Forecasting, Regulatory Compliance (SOX), Financial AI",0,2,102000
326,Production Supervisor,Production Supervisor,2025-03-09,2025-03-30,2025-04-29,Manufacturing,El Oued,Ingénieur d'État,18,CDD,8,"Supply Chain Resilience, Safety Standards, Additive Manufacturing, Digital Twins, Sustainable Practices, Robotics Programming, Predictive Maintenance, MES Systems, Workforce Training, CAD/CAM, ERP (SAP)",4,5,76000
327,Policy Analyst,Procurement Officer,2025-04-07,2025-05-01,2025-05-31,Public Sector,Oran,Ingénieur d'État,18,CDI,7,"Digital Identity Systems, Regulatory Compliance, Public Sector Accounting, Government Procurement, Government Auditing, Policy Impact Evaluation, Open Data Platforms, Public Finance, E-Government Solutions, Legislative Drafting, Public Policy Analysis, Municipal Budgeting, Urban Planning",4,8,70000
328,Health Informatics Specialist,Clinical Researcher,2025-03-20,2025-04-15,2025-05-15,Healthcare,Chlef,Baccalaureate,12,Freelance,7,"Epidemiology, Surgical Robotics, EHR Systems, Wearable Tech, Medical Simulation, Healthcare Analytics, VR Therapy",0,2,54000
329,Defense Analyst,Defense Analyst,2025-03-22,2025-03-29,2025-04-28,Aerospace & Defense,Sétif,Ingénieur d'État,18,Internship,7,"Jet Propulsion, CAD for Aerospace, Defense Contracting, Military Standards (MIL-STD), Satellite Communications, Flight Testing, Ground Control Systems",0,1,152000
330,Formulation Scientist,QA Analyst,2025-04-20,2025-05-13,2025-06-12,Pharmaceuticals,Constantine,Doctorat,20,Internship,10,"Quality Assurance (QA), Analytical Chemistry, CMC Documentation, Pharmaceutical Sales, Clinical Trials Management, FDA Submissions, GLP Standards, Drug Formulation",0,1,134000
331,Software Engineer,Software Engineer,2025-03-22,2025-04-03,2025-05-03,Information Technology,Constantine,Licence,15,Freelance,8,"Docker, Terraform, GitLab CI, Stable Diffusion, Elasticsearch, TypeScript, Django, Agile, AWS S3",2,4,118000
332,Environmental Compliance Officer,Environmental Compliance Officer,2025-04-20,2025-05-02,2025-06-01,Mining,Batna,Doctorat,20,Internship,2,"Drilling Operations, Underground Mining Techniques, Ore Processing, Mineral Exploration, Mining Equipment Maintenance, Blasting Techniques, Mineralogy, Geological Mapping",0,1,152000
333,Merchandiser,Inventory Coordinator,2025-04-29,2025-05-12,2025-06-11,Retail,Sétif,No Formal Education,0,Freelance,5,"Blockchain, Supply Chain Visibility, Visual Merchandising",0,1,29000
334,Energy Auditor,Energy Auditor,2025-04-22,2025-05-17,2025-06-16,Renewable Energy,Sétif,Master,17,Freelance,2,"Solar PV Systems, Smart Grid Systems, Energy Simulation, Sustainable Design, Hydropower Design, Energy Policy, Grid Integration, Renewable Energy Economics, Inverter Technology, Battery Storage Systems, Wind Turbine Maintenance, Energy Efficiency Auditing, Energy Management Systems, Load Flow Analysis",6,8,130000
335,Solar PV Technician,Grid Integration Specialist,2025-03-26,2025-04-06,2025-05-06,Renewable Energy,Tébessa,Licence,15,CDI,3,"Sustainable Design, Hydropower Design, Smart Grid Systems, Biomass Energy Systems, Energy Management Systems, Battery Storage Systems, Load Flow Analysis, Renewable Energy Site Assessment, Solar PV Systems",2,4,102000
336,Project Engineer,Quantity Surveyor,2025-03-05,2025-03-26,2025-04-25,Construction,Oran,Baccalaureate,12,CDD,2,"CAD (AutoCAD), Water Management, Stakeholder Collaboration, Project Management (Primavera), Lean Construction, Cost Estimation",0,1,56000
337,Policy Analyst,Urban Planner,2025-02-14,2025-02-27,2025-03-29,Public Sector,Algiers,Baccalaureate,12,Freelance,1,"Social Program Management, Government Auditing, Civic Tech, Digital Identity Systems, Public Policy Analysis, Government Procurement",0,1,43000
338,Blasting Technician,Blasting Technician,2025-03-01,2025-03-14,2025-04-13,Mining,Constantine,Master,17,Alternance,4,"Mining Automation, Mine Planning, Rock Mechanics, Mine Ventilation, Surface Mining, Mineral Exploration, Geological Mapping",0,1,142000
339,Health Informatics Specialist,Clinical Researcher,2025-03-11,2025-03-26,2025-04-25,Healthcare,Constantine,Master,17,CDI,3,"Clinical Trials, Health Insurance, Genomics, Mental Health Apps, Telemedicine, Remote Monitoring, Pharmacy Automation, Healthcare Analytics, Medical Device Regulation, Medical Coding, Medical Simulation, HIPAA Compliance, Population Health, Surgical Robotics, Wearable Tech",6,10,80000
340,Policy Analyst,Digital Services Manager,2025-05-04,2025-05-30,2025-06-29,Public Sector,Sétif,Master,17,Alternance,5,"Policy Impact Evaluation, Citizen Engagement, Government Auditing, Regulatory Compliance, Public Health Policy, Public Sector Accounting, Civic Tech, Municipal Budgeting",0,2,64000
341,Instructional Designer,Instructional Designer,2025-02-14,2025-02-20,2025-03-22,Education,Saïda,Baccalaureate,12,CDI,3,"STEM Tools, AI Tutoring, Educational Robotics, MOOC Platforms (Coursera), Accessibility (WCAG), AI Grading",0,1,40000
342,QA Analyst,Formulation Scientist,2025-02-21,2025-03-04,2025-04-03,Pharmaceuticals,Batna,Doctorat,20,Internship,6,"Pharmaceutical Sales, Formulation Development, Preclinical Research, Drug Formulation, GLP Standards, Clinical Trials Management, Batch Record Review, Biostatistics",0,1,134000
343,Site Manager,Site Manager,2025-03-16,2025-03-23,2025-04-22,Construction,Algiers,No Formal Education,0,Internship,1,"Facility Management, Geotechnical Engineering, Urban Planning",0,1,46000
344,Systems Engineer,Flight Test Engineer,2025-04-16,2025-04-26,2025-05-26,Aerospace & Defense,Laghouat,Doctorat,20,Alternance,5,"Flight Testing, DO-178C Certification, Aerospace Materials, Thermal Analysis, Mission Planning, Systems Engineering, ITAR Compliance, CAD for Aerospace",0,1,172000
345,SEO Specialist,Marketplace Coordinator,2025-02-13,2025-03-05,2025-04-04,E-Commerce,Constantine,Ingénieur d'État,18,Internship,3,"Heatmap Analysis, Customer Lifetime Value (CLV), Live Streaming Sales, API Integration (REST/SOAP), Influencer Marketing, Customer Segmentation, Fraud Detection",0,1,84000
346,Digital Services Manager,Urban Planner,2025-03-18,2025-04-03,2025-05-03,Public Sector,Sétif,Ingénieur d'État,18,CDI,1,"Digital Identity Systems, IT for Government, Public Policy Analysis, Public Sector Accounting, Legislative Drafting, Government Procurement, Government Auditing, Civic Tech, Public Health Policy, Citizen Engagement, Social Program Management, Freedom of Information",4,6,68000
347,Production Supervisor,Production Supervisor,2025-03-31,2025-04-22,2025-05-22,Manufacturing,Biskra,No Formal Education,0,Freelance,3,"Factory Layout, Energy Efficiency, Rapid Prototyping",0,1,36000
348,Reservoir Engineer,Petroleum Engineer,2025-03-19,2025-03-22,2025-04-21,Energy & Petroleum,Biskra,Doctorat,20,Alternance,7,"Geospatial Analysis (GIS), SCADA Systems, Thermal Modeling, Power Plant Management, Energy Auditing, Petrochemical Design, Wind Farm Design, Well Logging, Energy Trading",0,2,194000
349,Content Producer,Sound Designer,2025-02-27,2025-03-19,2025-04-18,Media & Entertainment,Batna,No Formal Education,0,Freelance,10,"Sound Design (Pro Tools), Interactive Storytelling, AI Content Generation",0,1,36000
350,Regulatory Affairs Specialist,Formulation Scientist,2025-03-16,2025-04-13,2025-05-13,Pharmaceuticals,Algiers,Doctorat,20,Freelance,9,"Sterile Manufacturing, Pharmaceutical Marketing, HPLC, FDA Submissions, Analytical Chemistry, Drug Formulation, CMC Documentation, Preclinical Research, Stability Testing, Biostatistics, Pharmaceutical Sales, Regulatory Affairs, GMP Compliance, Quality Assurance (QA), Batch Record Review",8,14,140000
351,Health Informatics Specialist,Clinical Researcher,2025-04-15,2025-04-15,2025-05-15,Healthcare,Mostaganem,Doctorat,20,CDI,9,"HIPAA Compliance, Genomics, Health Economics, AI Drug Discovery, Rehabilitation Tech, Remote Monitoring, Wearable Tech, Mental Health Apps, Medical Coding, Pharmacy Automation, Health Informatics, Clinical Trials, Healthcare Analytics, Biomedical Engineering, VR Therapy",8,12,80000
352,Fishery Inspector,Aquaculture Technician,2025-05-01,2025-05-28,2025-06-27,Fisheries,Constantine,Baccalaureate,12,CDI,4,"Biosecurity in Aquaculture, Oceanographic Survey, Fish Nutrition, Fish Stock Assessment, Aquaponics, Marine Biology, Fisheries Economics",0,2,30000
353,Merchandiser,Sales Associate,2025-03-15,2025-04-07,2025-05-07,Retail,Algiers,Doctorat,20,Internship,1,"Space Planning, Staff Training, Loyalty Programs, CRM (Salesforce), E-Commerce Integration, Pricing Strategy, Click-and-Collect, In-Store Analytics",0,1,57000
354,Project Engineer,Site Manager,2025-02-07,2025-02-24,2025-03-26,Construction,Souk Ahras,No Formal Education,0,Alternance,10,"Safety Standards, Construction Robotics, Quantity Surveying, Facility Management",0,2,48000
355,Cybersecurity Analyst,Data Scientist,2025-03-07,2025-03-25,2025-04-24,Information Technology,Constantine,No Formal Education,0,CDD,4,"Firebase, Spark, Rust",0,1,71000
356,Academic Advisor,Instructional Designer,2025-04-30,2025-05-20,2025-06-19,Education,Tipaza,Licence,15,Freelance,3,"Educational Robotics, Flipped Classroom Models, Gamification (Kahoot), Curriculum Design, E-Learning Tools (Articulate), Language Apps (Duolingo), Student Information Systems (SIS), Classroom Management, MOOC Platforms (Coursera)",2,5,50000
357,Curriculum Developer,Instructional Designer,2025-03-31,2025-04-26,2025-05-26,Education,Tiaret,Baccalaureate,12,Internship,5,"Language Apps (Duolingo), Flipped Classroom Models, Digital Assessments, STEM Tools, Data Privacy (FERPA), Open Educational Resources (OER)",0,1,40000
358,VFX Artist,VFX Artist,2025-04-25,2025-05-24,2025-06-23,Media & Entertainment,Tlemcen,Licence,15,Internship,2,"Platform-Specific Content (TikTok), VFX (Nuke/Houdini), Music Production (Ableton), AR/VR Content, Ad Tech (Programmatic), Set Design",0,1,56000
359,SEO Specialist,UX/UI Designer,2025-05-05,2025-05-15,2025-06-14,E-Commerce,Oran,No Formal Education,0,Internship,4,"Sustainable E-Commerce, Inventory Forecasting, Customer Lifetime Value (CLV)",0,1,48000
360,Agronomist,Agri-Tech Developer,2025-03-26,2025-04-05,2025-05-05,Agriculture,Biskra,Ingénieur d'État,18,Internship,3,"Hydroponics, Agricultural Policy, Post-Harvest Technology, Irrigation Systems, Soil Science, Seed Technology, Pest Control Strategies",0,1,42000
361,Fishery Inspector,Aquaculture Technician,2025-03-05,2025-03-26,2025-04-25,Fisheries,Algiers,Master,17,Alternance,4,"Fisheries Regulations, Hatchery Operations, Fish Stock Assessment, Bycatch Reduction, Oceanographic Survey, Net Design, Fisheries Economics",0,1,45000
362,Supply Chain Analyst,Logistics Manager,2025-03-26,2025-03-27,2025-04-26,Transport & Logistics,Algiers,Doctorat,20,Alternance,7,"Cold Chain Logistics, Route Optimization, Reverse Logistics, Freight Forwarding, TMS Software, Logistics Automation, SCM ERP Systems, Shipment Tracking",0,1,86000
363,Medical Technologist,Clinical Researcher,2025-03-16,2025-04-01,2025-05-01,Healthcare,Annaba,Master,17,CDD,7,"Biomedical Engineering, Genomics, Digital Therapeutics, Medical Device Regulation, Medical Simulation, Surgical Robotics, Stem Cell Research, Rehabilitation Tech, Infection Control, VR Therapy, Health Informatics, EHR Systems, Population Health, HIPAA Compliance",6,9,80000
364,Health Informatics Specialist,Health Informatics Specialist,2025-04-12,2025-05-01,2025-05-31,Healthcare,Blida,Baccalaureate,12,CDI,9,"Health Economics, Genomics, Population Health, Surgical Robotics, Digital Therapeutics, Rehabilitation Tech, Healthcare Analytics",0,2,54000
365,Agri-Tech Developer,Irrigation Specialist,2025-04-18,2025-04-26,2025-05-26,Agriculture,Tizi Ouzou,Doctorat,20,Freelance,3,"Pest Control Strategies, Agrochemical Knowledge, Agricultural Supply Chains, Seed Technology, Agroforestry, Agricultural Data Analysis, Remote Sensing for Crops, Farm Machinery, Soil Science, Crop Management, Livestock Management, Hydroponics, Irrigation Systems, Agricultural Policy, Genetically Modified Crops",8,13,50000
366,SEO Specialist,UX/UI Designer,2025-04-29,2025-05-21,2025-06-20,E-Commerce,Batna,Doctorat,20,Freelance,7,"AR/VR Try-Ons, Customer Segmentation, Cryptocurrency Payments, User-Generated Content (UGC), Fraud Detection, 3PL Logistics, Heatmap Analysis, GDPR/CCPA Compliance, Supply Chain Analytics, Chatbot Development, API Integration (REST/SOAP), Dynamic Pricing, Email Automation, Warehouse Automation (WMS), Conversion Rate Optimization",8,13,100000
367,SEO Specialist,SEO Specialist,2025-05-07,2025-05-13,2025-06-12,E-Commerce,Algiers,Ingénieur d'État,18,Freelance,3,"Heatmap Analysis, Shopify/Magento, Subscription Models, Affiliate Marketing, Live Streaming Sales, Returns Management, Customer Segmentation, Payment Gateways (Stripe/PayPal), User-Generated Content (UGC), Headless Commerce, Email Automation",4,5,96000
368,Logistics Manager,Supply Chain Analyst,2025-04-08,2025-05-03,2025-06-02,Transport & Logistics,Sétif,Baccalaureate,12,CDD,9,"Logistics Analytics, Reverse Logistics, Warehouse Management Systems, Logistics Costing, Logistics Planning, Transportation Modeling",0,1,53000
369,HSE Specialist,Petroleum Engineer,2025-02-09,2025-02-28,2025-03-30,Energy & Petroleum,Tizi Ouzou,Master,17,Alternance,2,"Carbon Capture & Storage, Geothermal Systems, Nuclear Safety Protocols, IoT for Oilfields, Risk Assessment (HAZOP), Petroleum Engineering, Thermal Modeling",0,1,177000
370,RF Technician,RF Technician,2025-04-05,2025-05-02,2025-06-01,Telecommunications,Algiers,Ingénieur d'État,18,Freelance,1,"Microwave Engineering, LTE/4G/5G Optimization, RF Engineering, Mobile Core Networks, Telecom Project Management, Fiber Optic Technology, 5G Network Design, Network Provisioning, VoIP Systems, Spectrum Management, Network Monitoring Tools",4,5,115000
371,Process Technician,Process Technician,2025-04-12,2025-04-13,2025-05-13,Manufacturing,Biskra,Doctorat,20,Alternance,3,"Additive Manufacturing, CNC Machining, MES Systems, Factory Layout, Process Engineering, Rapid Prototyping, Supply Chain Optimization, CAD/CAM, Production Planning",0,2,78000
372,Supply Chain Analyst,Customs Compliance Officer,2025-02-15,2025-03-07,2025-04-06,Transport & Logistics,Jijel,No Formal Education,0,CDI,9,"Customs Compliance, Distribution Strategy, Logistics Analytics",0,1,42000
373,Clinical Trials Manager,QA Analyst,2025-02-20,2025-03-14,2025-04-13,Pharmaceuticals,Sétif,Licence,15,CDD,5,"Biostatistics, Clinical Trials Management, Sterile Manufacturing, Regulatory Affairs, Batch Record Review, Preclinical Research, Pharmaceutical Sales, GLP Standards, HPLC",2,4,112000
374,Blasting Technician,Blasting Technician,2025-02-24,2025-02-26,2025-03-28,Mining,Blida,Master,17,CDI,9,"Underground Mining Techniques, Mine Reclamation, Tailings Management, Ore Processing, Geological Mapping, Mine Ventilation, Mineralogy, Mineral Exploration, Mining Automation, Environmental Impact of Mining, Blasting Techniques, Mining Equipment Maintenance, Surface Mining, GIS for Mining, Rock Mechanics",6,10,160000
375,Sound Designer,Video Editor,2025-03-04,2025-03-22,2025-04-21,Media & Entertainment,Mostaganem,Master,17,CDI,1,"Social Media Algorithms, Crisis Communication, Metadata Tagging, Music Production (Ableton), Live Streaming (Twitch), Digital Journalism, Interactive Storytelling, Set Design, Ad Tech (Programmatic), Sports Broadcasting, Podcast Production, CDN Management, Newsroom Automation",6,7,80000
376,Production Supervisor,Quality Control Inspector,2025-03-10,2025-03-20,2025-04-19,Manufacturing,Oran,No Formal Education,0,CDD,2,"CNC Machining, MES Systems, Sustainable Practices",0,1,36000
377,Regulatory Affairs Specialist,Clinical Trials Manager,2025-03-23,2025-04-07,2025-05-07,Pharmaceuticals,Sétif,Master,17,CDD,8,"Quality Assurance (QA), Drug Formulation, GLP Standards, Pharmaceutical Sales, Formulation Development, GMP Compliance, FDA Submissions, Stability Testing, CMC Documentation, Pharmacovigilance, Pharmaceutical Marketing, Biostatistics, HPLC",6,7,140000
378,Petroleum Engineer,Reservoir Engineer,2025-03-11,2025-03-29,2025-04-28,Energy & Petroleum,Khenchela,Doctorat,20,Alternance,10,"Power Plant Management, Corrosion Engineering, Energy Storage Solutions, Energy Auditing, Petrochemical Design, Subsea Engineering, Offshore Operations, Drilling Optimization",0,1,190000
379,Sound Designer,VFX Artist,2025-03-06,2025-03-26,2025-04-25,Media & Entertainment,Tipaza,No Formal Education,0,Internship,10,"Digital Journalism, Motion Graphics (After Effects), Social Media Algorithms",0,1,36000
380,Customs Compliance Officer,Supply Chain Analyst,2025-03-03,2025-03-06,2025-04-05,Transport & Logistics,Souk Ahras,Baccalaureate,12,Alternance,6,"TMS Software, Last-Mile Delivery, Logistics Costing, Logistics Automation, Distribution Strategy, Reverse Logistics",0,1,53000
381,Production Supervisor,Process Technician,2025-03-24,2025-03-24,2025-04-23,Manufacturing,Oran,Baccalaureate,12,CDD,3,"Smart Factories, Materials Management, MES Systems, Predictive Maintenance, Quality Control, CNC Machining",0,1,46000
382,Merchandiser,Sales Associate,2025-04-20,2025-05-16,2025-06-15,Retail,Constantine,Master,17,CDI,2,"Staff Training, Loss Prevention, Omnichannel Strategy, Consumer Behavior Analysis, Cashierless Checkout, AR Shopping, Retail Automation, Space Planning, Pricing Strategy, POS Systems, Dynamic Pricing, In-Store Analytics, Retail Analytics",6,7,60000
383,Defense Analyst,Avionics Engineer,2025-02-12,2025-02-28,2025-03-30,Aerospace & Defense,Oran,Licence,15,Alternance,1,"Aerospace Materials, CAD for Aerospace, Aerodynamics Simulation, Systems Engineering, Defense Contracting, Ground Control Systems",0,1,132000
384,Curriculum Developer,Academic Advisor,2025-02-28,2025-03-03,2025-04-02,Education,Bejaïa,Licence,15,CDI,4,"Language Apps (Duolingo), Digital Portfolios, Accessibility (WCAG), Parent-Teacher Apps, Interactive Whiteboards, STEM Tools, Curriculum Design, Student Information Systems (SIS)",2,3,49000
385,Data Scientist,Cybersecurity Analyst,2025-04-23,2025-04-24,2025-05-24,Information Technology,Blida,Baccalaureate,12,Internship,7,"AKS, CI/CD, Wireshark, TypeScript, Azure, .NET",0,1,89000
386,Sound Designer,Sound Designer,2025-04-21,2025-04-22,2025-05-22,Media & Entertainment,El Oued,Baccalaureate,12,Internship,1,"CDN Management, Virtual Production (Unreal Engine), Copyright Law, AR/VR Content, Live Streaming (Twitch), Influencer Partnerships",0,1,46000
387,Logistics Manager,Fleet Coordinator,2025-03-03,2025-03-12,2025-04-11,Transport & Logistics,Constantine,Doctorat,20,Internship,8,"Logistics Automation, Last-Mile Delivery, Route Optimization, TMS Software, Logistics Planning, Fleet Management, Freight Forwarding, Warehouse Management Systems",0,1,86000
388,Energy Auditor,Wind Turbine Engineer,2025-04-29,2025-04-29,2025-05-29,Renewable Energy,Oran,Master,17,Alternance,6,"Renewable Energy Site Assessment, Load Flow Analysis, Renewable Energy Forecasting, Grid Integration, Sustainable Design, Hydropower Design, Renewable Energy Economics",0,1,116000
389,Fleet Coordinator,Fleet Coordinator,2025-04-08,2025-04-15,2025-05-15,Transport & Logistics,Oran,No Formal Education,0,CDI,8,"Inventory Control, Cold Chain Logistics, Shipment Tracking",0,1,42000
390,Quality Control Inspector,Process Technician,2025-03-02,2025-03-08,2025-04-07,Manufacturing,Saïda,Doctorat,20,CDD,2,"Waste Reduction, IIoT, Factory Layout, Robotics (ROS), ERP (SAP), Robotics Programming, Materials Management, Supply Chain Resilience, Six Sigma, Energy Efficiency, Lean Manufacturing, Workforce Training, Smart Factories, MES Systems, CNC Machining",8,15,80000
391,Agri-Tech Developer,Agri-Tech Developer,2025-03-24,2025-03-29,2025-04-28,Agriculture,Batna,Master,17,Internship,7,"Livestock Management, Pest Control Strategies, AgriTech Solutions, Seed Technology, Remote Sensing for Crops, Farm Machinery, Genetically Modified Crops",0,1,45000
392,Farm Manager,Agronomist,2025-04-02,2025-04-12,2025-05-12,Agriculture,Tébessa,Ingénieur d'État,18,CDI,3,"Agricultural Supply Chains, Livestock Management, Agricultural Economics, Remote Sensing for Crops, Genetically Modified Crops, Post-Harvest Technology, AgriTech Solutions, Precision Agriculture, Agrochemical Knowledge, Soil Science, Crop Management",4,5,48000
393,Maintenance Engineer,Process Technician,2025-03-24,2025-04-05,2025-05-05,Manufacturing,Algiers,Baccalaureate,12,CDD,10,"Industrial Cybersecurity, Predictive Maintenance, CNC Machining, 3D Printing, Supply Chain Resilience, MES Systems, Industrial Automation (PLC)",0,2,48000
394,Video Editor,VFX Artist,2025-04-22,2025-05-09,2025-06-08,Media & Entertainment,Adrar,Master,17,Freelance,10,"Crisis Communication, OTT Platforms, Platform-Specific Content (TikTok), Media Asset Management (MAM), Gaming Engines (Unity), Digital Rights Management (DRM), Media Planning, Influencer Partnerships, Interactive Storytelling, Sports Broadcasting, VFX (Nuke/Houdini), Social Media Algorithms, 3D Animation (Maya/Blender), Ad Tech (Programmatic), Metadata Tagging",6,10,80000
395,Marine Biologist,Aquaculture Technician,2025-02-23,2025-03-24,2025-04-23,Fisheries,M’sila,Doctorat,20,Freelance,2,"Net Design, Biosecurity in Aquaculture, Sustainable Fishing Techniques, Marine Biology, Aquaponics, Marine Ecosystem Monitoring, Fisheries Regulations, Seafood Traceability, Aquaculture Management, Bycatch Reduction, Oceanographic Survey, Fish Nutrition, Water Quality Management, Fisheries Economics, Fisheries Data Analysis",8,13,50000
396,HSE Specialist,Drilling Supervisor,2025-04-06,2025-04-11,2025-05-11,Energy & Petroleum,Blida,Doctorat,20,CDI,9,"Petrochemical Design, Hydraulic Fracturing, Power Plant Management, Drilling Optimization, Thermal Modeling, Predictive Maintenance AI, Solar Energy Systems, Digital Twins, Waste-to-Energy Tech, Pipeline Leak Detection, Energy Economics, Wind Farm Design, Smart Grid Technology, LNG Operations, IoT for Oilfields",8,12,200000
397,Wind Turbine Engineer,Energy Auditor,2025-04-23,2025-04-30,2025-05-30,Renewable Energy,Constantine,Ingénieur d'État,18,Freelance,2,"Inverter Technology, Wind Turbine Maintenance, Energy Management Systems, Net Metering, Solar PV Systems, Hydropower Design, Power Purchase Agreements (PPAs), Smart Grid Systems, Renewable Energy Economics, Load Flow Analysis, Energy Simulation, Battery Storage Systems, Biomass Energy Systems",4,8,130000
398,Teacher,Curriculum Developer,2025-03-09,2025-03-14,2025-04-13,Education,Blida,Doctorat,20,Alternance,4,"Classroom Management, E-Learning Tools (Articulate), Open Educational Resources (OER), Hybrid Learning, Teacher Training, AI Tutoring, Language Apps (Duolingo), LMS (Moodle/Canvas)",0,1,58000
399,Store Manager,Sales Associate,2025-04-04,2025-04-05,2025-05-05,Retail,Oran,Licence,15,Alternance,7,"Social Commerce, Retail Analytics, Pricing Strategy, Consumer Behavior Analysis, Visual Merchandising, Loss Prevention",0,1,43000
400,E-Commerce Manager,UX/UI Designer,2025-03-09,2025-04-05,2025-05-05,E-Commerce,Sétif,Doctorat,20,CDD,1,"AR/VR Try-Ons, GDPR/CCPA Compliance, Affiliate Marketing, Product Information Management (PIM), Email Automation, A/B Testing, Shopify/Magento, Inventory Forecasting, Headless Commerce, Chatbot Development, Customer Segmentation, Heatmap Analysis, AI Personalization, Mobile App Development (React Native), Marketplace Management (Amazon/eBay)",8,11,100000
401,Regulatory Affairs Specialist,Formulation Scientist,2025-04-13,2025-05-01,2025-05-31,Pharmaceuticals,Skikda,Doctorat,20,Freelance,8,"Pharmaceutical Marketing, Batch Record Review, HPLC, GLP Standards, Biostatistics, GMP Compliance, Medical Writing, Regulatory Affairs, Pharmaceutical Sales, Formulation Development, CMC Documentation, Stability Testing, FDA Submissions, Preclinical Research, Quality Assurance (QA)",8,14,140000
402,Grid Integration Specialist,Grid Integration Specialist,2025-03-17,2025-03-26,2025-04-25,Renewable Energy,Oran,Licence,15,Alternance,1,"Energy Policy, Hydropower Design, Net Metering, Inverter Technology, Solar PV Systems, Wind Turbine Maintenance, Grid Integration",0,2,94000
403,Drilling Supervisor,Petroleum Engineer,2025-02-14,2025-03-14,2025-04-13,Energy & Petroleum,Batna,Master,17,CDD,2,"Subsea Engineering, Power Plant Management, Energy Trading, Hydraulic Fracturing, Risk Assessment (HAZOP), IoT for Oilfields, SCADA Systems, Petroleum Engineering, Smart Grid Technology, Digital Twins, Hydrogen Energy Systems, Pipeline Leak Detection, Offshore Operations, LNG Operations",6,8,200000
404,Geologist,Mine Engineer,2025-04-15,2025-04-26,2025-05-26,Mining,Oran,Doctorat,20,CDI,3,"Drilling Operations, Mine Ventilation, Mine Planning, Mine Reclamation, Slope Stability Analysis, Surface Mining, Mining Automation, Mining Equipment Maintenance, Tailings Management, Mineralogy, GIS for Mining, Underground Mining Techniques, Mining Economics, Blasting Techniques, Mining Safety Standards",8,13,160000
405,Agri-Tech Developer,Agri-Tech Developer,2025-02-16,2025-03-02,2025-04-01,Agriculture,Sétif,Master,17,CDI,4,"Remote Sensing for Crops, Agricultural Data Analysis, Agricultural Policy, Precision Agriculture, Sustainable Farming, Agricultural Economics, Pest Control Strategies, Crop Management, Post-Harvest Technology, Seed Technology, Hydroponics, Irrigation Systems, Agroforestry, Farm Machinery, Agrochemical Knowledge",6,10,50000
406,Production Supervisor,Production Supervisor,2025-04-30,2025-05-29,2025-06-28,Manufacturing,Algiers,Ingénieur d'État,18,Internship,1,"Tooling Design, Supply Chain Optimization, Quality Control, Robotics (ROS), MES Systems, Rapid Prototyping, Digital Twins",0,1,66000
407,Agronomist,Farm Manager,2025-04-26,2025-05-01,2025-05-31,Agriculture,M’sila,No Formal Education,0,Internship,10,"Crop Management, Agricultural Supply Chains, Sustainable Farming",0,1,24000
408,UX/UI Designer,E-Commerce Manager,2025-04-25,2025-05-22,2025-06-21,E-Commerce,Sétif,Master,17,Internship,2,"3PL Logistics, Payment Gateways (Stripe/PayPal), A/B Testing, GDPR/CCPA Compliance, Voice Commerce, Dropshipping, Mobile App Development (React Native)",0,1,90000
409,Defense Analyst,Defense Analyst,2025-04-23,2025-04-24,2025-05-24,Aerospace & Defense,Jijel,Licence,15,Freelance,1,"CAD for Aerospace, Aerospace Materials, ITAR Compliance, Avionics Systems, Radar Systems, Defense Contracting, Thermal Analysis, Ground Control Systems, Mission Planning",2,5,148000
410,Customs Compliance Officer,Customs Compliance Officer,2025-03-12,2025-04-06,2025-05-06,Transport & Logistics,M’sila,Baccalaureate,12,CDD,3,"TMS Software, Reverse Logistics, Logistics Costing, Logistics Analytics, Logistics Automation, Customs Compliance",0,1,53000
411,Maintenance Engineer,Maintenance Engineer,2025-03-20,2025-04-06,2025-05-06,Manufacturing,Sétif,No Formal Education,0,Alternance,10,"Additive Manufacturing, Tooling Design, Safety Standards",0,1,36000
412,Supply Chain Analyst,Supply Chain Analyst,2025-02-13,2025-03-09,2025-04-08,Transport & Logistics,Annaba,No Formal Education,0,Freelance,4,"Reverse Logistics, SCM ERP Systems, Inventory Control",0,1,42000
413,Financial Analyst,Portfolio Manager,2025-04-10,2025-04-26,2025-05-26,Finance,Algiers,Master,17,CDD,1,"Treasury Management, Audit Techniques, IPO Preparation, Robo-Advisors, Crowdfunding, Actuarial Science, ESG Investing, CBDCs, Cost Accounting, Credit Analysis, Portfolio Management, Private Equity, Data Analytics (Power BI), Financial Modeling, Fintech Development",6,10,120000
414,Logistics Manager,Logistics Manager,2025-02-08,2025-02-28,2025-03-30,Transport & Logistics,Constantine,Licence,15,Internship,4,"Supply Chain Optimization, Fleet Management, Route Optimization, Shipment Tracking, TMS Software, Logistics Planning",0,1,64000
415,Auditor,Risk Manager,2025-04-27,2025-05-20,2025-06-19,Finance,Constantine,Licence,15,CDI,3,"Tax Strategy, Crowdfunding, Quantitative Finance, ESG Investing, Private Equity, Portfolio Management, M&A, Derivatives",2,3,94000
416,Supply Chain Analyst,Customs Compliance Officer,2025-02-17,2025-03-10,2025-04-09,Transport & Logistics,Algiers,No Formal Education,0,CDD,3,"Logistics Automation, Inventory Control, Logistics Costing",0,1,42000
417,Energy Auditor,Wind Turbine Engineer,2025-03-14,2025-04-05,2025-05-05,Renewable Energy,Bejaïa,Ingénieur d'État,18,CDI,5,"Battery Storage Systems, Power Purchase Agreements (PPAs), Net Metering, Inverter Technology, Energy Policy, Load Flow Analysis, Energy Management Systems, Biomass Energy Systems, Renewable Energy Forecasting, Energy Simulation, Grid Integration, Hydropower Design",4,6,126000
418,Customs Compliance Officer,Customs Compliance Officer,2025-04-16,2025-04-23,2025-05-23,Transport & Logistics,Tipaza,Licence,15,Alternance,7,"Cold Chain Logistics, Route Optimization, EDI Integration, SCM ERP Systems, Last-Mile Delivery, Transportation Modeling",0,1,64000
419,Geologist,Blasting Technician,2025-03-21,2025-03-29,2025-04-28,Mining,Blida,Master,17,CDI,3,"Rock Mechanics, Mineralogy, Blasting Techniques, Ore Processing, Slope Stability Analysis, Drilling Operations, Environmental Impact of Mining, Underground Mining Techniques, Mine Ventilation, Surface Mining, Mining Equipment Maintenance, Mining Automation, GIS for Mining, Geological Mapping, Mining Safety Standards",6,10,160000
420,Drilling Supervisor,Reservoir Engineer,2025-04-19,2025-05-14,2025-06-13,Energy & Petroleum,Blida,Master,17,CDI,6,"Risk Assessment (HAZOP), Subsea Engineering, Geospatial Analysis (GIS), Reservoir Simulation, Pipeline Integrity Management, Energy Trading, Hydraulic Fracturing, Smart Grid Technology, Thermal Modeling, Petrochemical Design, Power Plant Management, Wind Farm Design, LNG Operations",6,7,200000
421,Tour Guide,Event Coordinator,2025-04-11,2025-04-24,2025-05-24,Tourism & Hospitality,Algiers,Licence,15,Freelance,6,"Hotel Operations, Airline Reservations, Cultural Tourism, Revenue Management, Hospitality Accounting, Customer Relationship Management, Sustainable Tourism, Guest Services, Travel Regulations",2,5,49000
422,Cybersecurity Analyst,Cybersecurity Analyst,2025-04-07,2025-05-03,2025-06-02,Information Technology,Skikda,No Formal Education,0,Freelance,4,"Azure, GCP, TensorFlow",0,1,71000
423,Project Engineer,Quantity Surveyor,2025-04-23,2025-05-16,2025-06-15,Construction,Algiers,Ingénieur d'État,18,Freelance,6,"Safety Audits, Urban Planning, Facility Management, CAD (AutoCAD), Building Codes, Bridge Engineering, Concrete Tech, Sustainable Design (LEED), Stakeholder Collaboration, Construction Law, Water Management, Road Engineering, Tunnel Construction",4,8,90000
424,Aquaculture Technician,Quality Assurance Officer,2025-03-24,2025-04-14,2025-05-14,Fisheries,Annaba,Ingénieur d'État,18,CDI,6,"Marine Biology, Hatchery Operations, Sustainable Fishing Techniques, Fish Nutrition, Fish Stock Assessment, Oceanographic Survey, Fisheries Data Analysis, Net Design, Water Quality Management, Aquaculture Management, Marine Ecosystem Monitoring, Biosecurity in Aquaculture",4,7,49000
425,Quality Control Inspector,Quality Control Inspector,2025-04-28,2025-05-26,2025-06-25,Manufacturing,Sétif,Doctorat,20,Alternance,2,"Additive Manufacturing, Industrial Automation (PLC), 3D Printing, Digital Twins, Materials Management, Process Engineering, Rapid Prototyping, Robotics (ROS), ERP (SAP)",0,2,78000
426,Fishery Inspector,Fishery Inspector,2025-03-05,2025-03-20,2025-04-19,Fisheries,Annaba,Licence,15,Internship,8,"Fish Nutrition, Aquaponics, GPS for Fishing, Seafood Traceability, Fisheries Regulations, Sustainable Fishing Techniques",0,1,36000
427,Avionics Engineer,Defense Analyst,2025-04-30,2025-05-11,2025-06-10,Aerospace & Defense,Blida,Master,17,Alternance,8,"Radar Systems, Defense Contracting, Mission Planning, Aerodynamics Simulation, ITAR Compliance, CAD for Aerospace, Military Standards (MIL-STD)",0,1,162000
428,Data Scientist,Cybersecurity Analyst,2025-04-28,2025-05-02,2025-06-01,Information Technology,Tébessa,Ingénieur d'État,18,CDD,10,"Redis, GitHub, Agile, Generative AI, R, TDD, Matplotlib, Kotlin, GitHub Actions, Grafana, MySQL",4,5,143000
429,Academic Advisor,Teacher,2025-03-06,2025-03-27,2025-04-26,Education,Oran,Doctorat,20,Freelance,7,"Digital Assessments, Interactive Whiteboards, Curriculum Design, Hybrid Learning, Gamification (Kahoot), AI Tutoring, Open Educational Resources (OER), Blockchain Credentials, Accessibility (WCAG), Educational Robotics, AR/VR Learning, MOOC Platforms (Coursera), STEM Tools, Peer Learning Platforms, Coding Bootcamps",8,11,60000
430,E-Commerce Manager,Marketplace Coordinator,2025-03-02,2025-03-24,2025-04-23,E-Commerce,Oran,Doctorat,20,CDD,6,"Supply Chain Analytics, Inventory Forecasting, 3PL Logistics, Last-Mile Delivery, Subscription Models, Omnichannel Strategy, Influencer Marketing, Mobile App Development (React Native), Email Automation, Heatmap Analysis, Sustainable E-Commerce, User-Generated Content (UGC), SEO/SEM, Cross-Border E-Commerce, Payment Gateways (Stripe/PayPal)",8,12,100000
431,Instructional Designer,Curriculum Developer,2025-04-03,2025-05-02,2025-06-01,Education,Algiers,Baccalaureate,12,Freelance,3,"Digital Assessments, Curriculum Design, Podcasting in Ed, Virtual Labs (Labster), Data Privacy (FERPA), E-Learning Tools (Articulate)",0,1,40000
432,Avionics Engineer,Avionics Engineer,2025-04-12,2025-04-30,2025-05-30,Aerospace & Defense,Algiers,Doctorat,20,CDD,4,"Radar Systems, Avionics Systems, DO-178C Certification, ITAR Compliance, Unmanned Aerial Systems, Systems Engineering, Ground Control Systems, Aerospace Materials, Satellite Communications, Aerodynamics Simulation, Flight Testing, Thermal Analysis, Defense Contracting, CAD for Aerospace, Mission Planning",8,10,180000
433,UX/UI Designer,E-Commerce Manager,2025-03-11,2025-03-12,2025-04-11,E-Commerce,Bejaïa,Licence,15,Alternance,4,"User-Generated Content (UGC), Customer Lifetime Value (CLV), Warehouse Automation (WMS), Product Information Management (PIM), Dropshipping, Affiliate Marketing, Cryptocurrency Payments",0,2,73000
434,Marine Biologist,Aquaculture Technician,2025-03-26,2025-04-10,2025-05-10,Fisheries,Tiaret,Baccalaureate,12,Internship,4,"Marine Ecosystem Monitoring, Fisheries Data Analysis, Fish Stock Assessment, Marine Biology, Aquaponics, Fish Disease Management",0,1,30000
435,Wind Turbine Engineer,Energy Auditor,2025-02-24,2025-03-19,2025-04-18,Renewable Energy,Oran,Master,17,Internship,3,"Energy Management Systems, Power Purchase Agreements (PPAs), Battery Storage Systems, Net Metering, Solar PV Systems, Sustainable Design, Biomass Energy Systems",0,1,116000
436,Software Engineer,Data Scientist,2025-02-27,2025-03-16,2025-04-15,Information Technology,Algiers,Master,17,CDI,5,"Computer Vision, SQL, Rust, Spring Boot, Nessus, AWS S3, TDD, Postman, Git, Burp Suite, Jira, Stable Diffusion, C++, Redis",6,8,150000
437,Quantity Surveyor,Quantity Surveyor,2025-04-25,2025-05-07,2025-06-06,Construction,Algiers,Master,17,Internship,5,"Environmental Impact Assessment, Bridge Engineering, Construction Robotics, 3D Printing, Risk Management, CAD (AutoCAD), Tunnel Construction",0,1,81000
438,Guest Services Manager,Event Coordinator,2025-03-12,2025-03-25,2025-04-24,Tourism & Hospitality,Constantine,Ingénieur d'État,18,CDI,2,"Travel Itinerary Planning, Revenue Management, Tour Guiding, Travel Regulations, Hospitality Marketing, Airline Reservations, Destination Management, Front Office Operations, Customer Relationship Management, Guest Services, Hospitality Accounting, Hospitality Branding",4,6,58000
439,Risk Manager,Risk Manager,2025-05-03,2025-05-31,2025-06-30,Finance,Jijel,Licence,15,Alternance,4,"Credit Analysis, Wealth Management, IPO Preparation, Blockchain/Crypto, Fintech Development, Economic Forecasting, Financial AI",0,2,88000
440,Defense Analyst,Defense Analyst,2025-04-16,2025-04-29,2025-05-29,Aerospace & Defense,Constantine,Doctorat,20,CDI,7,"Defense Contracting, Ground Control Systems, Jet Propulsion, Systems Engineering, Flight Control Systems, CAD for Aerospace, Weapon Systems Integration, ITAR Compliance, DO-178C Certification, Thermal Analysis, Mission Planning, Military Standards (MIL-STD), Aerodynamics Simulation, Avionics Systems, Radar Systems",8,15,180000
441,Medical Technologist,Medical Technologist,2025-04-01,2025-04-01,2025-05-01,Healthcare,Algiers,Baccalaureate,12,Alternance,6,"Epidemiology, AI Drug Discovery, Surgical Robotics, Health Economics, Population Health, Wearable Tech, Infection Control",0,2,54000
442,Instructional Designer,Curriculum Developer,2025-03-29,2025-04-07,2025-05-07,Education,Annaba,Master,17,Freelance,6,"E-Learning Tools (Articulate), Mental Health Tools, Peer Learning Platforms, Language Apps (Duolingo), AI Grading, Digital Portfolios, Gamification (Kahoot), Hybrid Learning, Teacher Training, Special Ed Tech, Open Educational Resources (OER), Blockchain Credentials, Accessibility (WCAG), LMS (Moodle/Canvas)",6,9,60000
443,Quantity Surveyor,Project Engineer,2025-02-15,2025-02-26,2025-03-28,Construction,Constantine,No Formal Education,0,CDI,2,"Tunnel Construction, Green Certifications, Stakeholder Collaboration",0,1,46000
444,Merchandiser,Inventory Coordinator,2025-04-17,2025-05-06,2025-06-05,Retail,Biskra,Doctorat,20,Internship,2,"Dynamic Pricing, Retail Analytics, Retail Automation, In-Store Analytics, Demand Forecasting, Personal Shopping AI, Vendor Management, Retail Chatbots",0,1,57000
445,Policy Analyst,Policy Analyst,2025-03-26,2025-04-21,2025-05-21,Public Sector,Algiers,Master,17,Alternance,7,"Civic Tech, Digital Identity Systems, IT for Government, E-Government Solutions, Government Auditing, Urban Planning, Regulatory Compliance",0,1,63000
446,Risk Manager,Financial Analyst,2025-04-21,2025-05-02,2025-06-01,Finance,Constantine,Licence,15,Freelance,7,"ESG Investing, Data Analytics (Power BI), Real Estate Finance, Blockchain/Crypto, Credit Analysis, Algorithmic Trading, Tax Strategy, IPO Preparation, Economic Forecasting",2,5,97000
447,Digital Services Manager,Policy Analyst,2025-04-15,2025-05-08,2025-06-07,Public Sector,Algiers,Baccalaureate,12,Freelance,1,"Government Auditing, Municipal Budgeting, Public Policy Analysis, Legislative Drafting, Open Data Platforms, Government CRM",0,1,43000
448,Guest Services Manager,Event Coordinator,2025-04-10,2025-05-03,2025-06-02,Tourism & Hospitality,Sétif,Doctorat,20,Freelance,6,"Hospitality Accounting, Hospitality Branding, Travel Itinerary Planning, Guest Services, Culinary Arts, Travel Regulations, Hospitality Software (Opera), Hotel Operations, Food & Beverage Management, Tour Guiding, Hospitality Marketing, Sustainable Tourism, Tourism Policy, Airline Reservations, Revenue Management",8,14,60000
449,Defense Analyst,Defense Analyst,2025-03-22,2025-03-22,2025-04-21,Aerospace & Defense,Annaba,Licence,15,Freelance,1,"Satellite Communications, Mission Planning, Weapon Systems Integration, Military Standards (MIL-STD), Thermal Analysis, Aerodynamics Simulation, Defense Contracting, Unmanned Aerial Systems, Flight Testing",2,5,148000
450,Instructional Designer,Academic Advisor,2025-02-16,2025-03-02,2025-04-01,Education,Annaba,Licence,15,Alternance,10,"Learning Analytics, Virtual Classrooms (Zoom), Flipped Classroom Models, Hybrid Learning, STEM Tools, Data Privacy (FERPA)",0,1,46000
451,Wind Turbine Engineer,Wind Turbine Engineer,2025-02-28,2025-03-19,2025-04-18,Renewable Energy,Annaba,Ingénieur d'État,18,CDI,2,"Energy Management Systems, Energy Policy, Renewable Energy Forecasting, Grid Integration, Renewable Energy Site Assessment, Net Metering, Energy Simulation, Biomass Energy Systems, Wind Turbine Maintenance, Load Flow Analysis, Battery Storage Systems, Power Purchase Agreements (PPAs)",4,6,126000
452,Software Engineer,DevOps Engineer,2025-04-15,2025-04-26,2025-05-26,Information Technology,Béjaïa,Doctorat,20,Internship,9,"PostgreSQL, REST APIs, Node.js, TDD, React, IDS, Bash, Spark",0,1,143000
453,Blasting Technician,Geologist,2025-03-08,2025-04-05,2025-05-05,Mining,Biskra,Ingénieur d'État,18,Alternance,1,"Tailings Management, Mining Economics, Mining Equipment Maintenance, Mineralogy, Mineral Exploration, Drilling Operations, Surface Mining",0,1,132000
454,Reservoir Engineer,HSE Specialist,2025-03-14,2025-04-05,2025-05-05,Energy & Petroleum,Constantine,Master,17,CDD,8,"HSE Compliance, Hydraulic Fracturing, Hydrogen Energy Systems, Well Logging, Energy Auditing, Reservoir Simulation, Risk Assessment (HAZOP), Nuclear Safety Protocols, SCADA Systems, Emissions Monitoring, Energy Storage Solutions, Regulatory Compliance (EPA), Smart Grid Technology, Drilling Optimization",6,9,200000
455,Medical Technologist,Registered Nurse,2025-04-01,2025-04-26,2025-05-26,Healthcare,Constantine,Master,17,Internship,5,"Precision Medicine, Epidemiology, Pharmacy Automation, Mental Health Apps, Rehabilitation Tech, Population Health, Surgical Robotics",0,1,73000
456,Irrigation Specialist,Irrigation Specialist,2025-03-12,2025-04-01,2025-05-01,Agriculture,Annaba,Doctorat,20,Alternance,7,"Hydroponics, Crop Management, Post-Harvest Technology, Agricultural Data Analysis, Pest Control Strategies, Remote Sensing for Crops, Soil Science, Farm Machinery, Genetically Modified Crops",0,2,48000
457,Medical Technologist,Medical Technologist,2025-04-20,2025-05-16,2025-06-15,Healthcare,Algiers,Ingénieur d'État,18,Alternance,2,"Rehabilitation Tech, VR Therapy, AI Diagnostics, Medical Imaging (MRI/CT), Telemedicine, Surgical Robotics, Population Health, Nursing Informatics",0,2,70000
458,Irrigation Specialist,Agri-Tech Developer,2025-03-11,2025-03-28,2025-04-27,Agriculture,Constantine,Doctorat,20,Internship,4,"Farm Machinery, Sustainable Farming, Agroforestry, Post-Harvest Technology, Pest Control Strategies, Agricultural Policy, Genetically Modified Crops, Irrigation Systems",0,1,48000
459,Inventory Coordinator,Merchandiser,2025-04-16,2025-05-08,2025-06-07,Retail,Algiers,No Formal Education,0,CDI,2,"Inventory Management, RFID, AR Shopping",0,1,29000
460,Portfolio Manager,Portfolio Manager,2025-03-05,2025-03-19,2025-04-18,Finance,Mostaganem,Ingénieur d'État,18,Alternance,3,"Fintech Development, CBDCs, Risk Management (FRM), Credit Analysis, Wealth Management, Actuarial Science, Private Equity",0,1,101000
461,Registered Nurse,Medical Technologist,2025-03-03,2025-03-14,2025-04-13,Healthcare,Constantine,Baccalaureate,12,Alternance,8,"HIPAA Compliance, Stem Cell Research, Clinical Trials, Infection Control, AI Diagnostics, Health Informatics",0,1,53000
462,Academic Advisor,Academic Advisor,2025-02-18,2025-02-27,2025-03-29,Education,Constantine,Master,17,CDI,4,"Podcasting in Ed, Data Privacy (FERPA), Student Information Systems (SIS), Learning Analytics, Open Educational Resources (OER), Blockchain Credentials, Flipped Classroom Models, Classroom Management, Plagiarism Detection (Turnitin), Adaptive Learning, AI Grading, E-Learning Tools (Articulate), Accessibility (WCAG), Gamification (Kahoot)",6,9,60000
463,Medical Technologist,Clinical Researcher,2025-03-09,2025-03-14,2025-04-13,Healthcare,Annaba,Licence,15,Alternance,9,"HIPAA Compliance, AI Drug Discovery, Digital Therapeutics, Mental Health Apps, Health Informatics, Precision Medicine, Biomedical Engineering",0,2,62000
464,Portfolio Manager,Portfolio Manager,2025-04-20,2025-05-16,2025-06-15,Finance,Oran,Ingénieur d'État,18,Internship,3,"Regulatory Compliance (SOX), Wealth Management, Credit Analysis, Financial Planning Software, Fintech Development, Real Estate Finance, AML Compliance",0,1,101000
465,Billing Specialist,Billing Specialist,2025-04-22,2025-04-30,2025-05-30,Telecommunications,Algiers,Doctorat,20,CDD,2,"Network Provisioning, VSAT Systems, Network Planning, VoIP Systems, Network Monitoring Tools, QoS Management, Fiber Optic Technology, RF Engineering, Microwave Engineering, BSS/OSS Systems, Telecom Regulations, Telecom Project Management, IP/MPLS, 5G Network Design, Spectrum Management",8,13,120000
466,Teacher,Curriculum Developer,2025-02-25,2025-03-07,2025-04-06,Education,Biskra,Doctorat,20,Internship,2,"Virtual Labs (Labster), Parent-Teacher Apps, Classroom Management, Adaptive Learning, E-Learning Tools (Articulate), STEM Tools, Learning Analytics, Mental Health Tools",0,1,58000
467,Grid Integration Specialist,Grid Integration Specialist,2025-04-19,2025-05-12,2025-06-11,Renewable Energy,Oran,Master,17,CDI,9,"Energy Policy, Load Flow Analysis, Renewable Energy Forecasting, Wind Turbine Maintenance, Hydropower Design, Power Purchase Agreements (PPAs), Net Metering, Energy Efficiency Auditing, Energy Management Systems, Sustainable Design, Renewable Energy Economics, Grid Integration, Battery Storage Systems, Green Building Codes",6,8,130000
468,Maintenance Engineer,Process Technician,2025-03-05,2025-04-02,2025-05-02,Manufacturing,Saïda,Doctorat,20,CDD,5,"Waste Reduction, Digital Twins, Rapid Prototyping, Six Sigma, Sustainable Practices, Tooling Design, Workforce Training, Quality Control, Supply Chain Resilience, 3D Printing, CAD/CAM, Lean Manufacturing, Energy Efficiency, Predictive Maintenance, MES Systems",8,12,80000
469,Agronomist,Agri-Tech Developer,2025-04-21,2025-05-16,2025-06-15,Agriculture,Laghouat,Master,17,Alternance,2,"Precision Agriculture, Livestock Management, Remote Sensing for Crops, Genetically Modified Crops, Farm Machinery, Seed Technology, Agricultural Policy",0,1,45000
470,Risk Manager,Risk Manager,2025-04-05,2025-04-18,2025-05-18,Finance,Algiers,Ingénieur d'État,18,CDD,9,"Cost Accounting, Crowdfunding, ESG Investing, Fintech Development, Algorithmic Trading, Economic Forecasting, AML Compliance, Quantitative Finance, Wealth Management, Financial Cybersecurity, Private Equity, M&A, Financial Planning Software",4,8,120000
471,Registered Nurse,Health Informatics Specialist,2025-02-16,2025-02-25,2025-03-27,Healthcare,Annaba,Ingénieur d'État,18,Alternance,1,"Surgical Robotics, EHR Systems, Digital Therapeutics, Medical Device Regulation, Pharmacy Automation, Wearable Tech, Health Economics",0,1,69000
472,Supply Chain Analyst,Customs Compliance Officer,2025-03-07,2025-03-18,2025-04-17,Transport & Logistics,Sétif,No Formal Education,0,CDI,7,"Logistics Analytics, SCM ERP Systems, Customs Compliance",0,1,42000
473,Drilling Supervisor,HSE Specialist,2025-03-14,2025-03-22,2025-04-21,Energy & Petroleum,Annaba,Doctorat,20,Internship,6,"Predictive Maintenance AI, Solar Energy Systems, Pipeline Leak Detection, Risk Assessment (HAZOP), Geospatial Analysis (GIS), Biofuel Production, Petrochemical Design, Wind Farm Design",0,1,190000
474,Clinical Trials Manager,Formulation Scientist,2025-03-08,2025-03-08,2025-04-07,Pharmaceuticals,Annaba,Licence,15,CDD,5,"FDA Submissions, Pharmaceutical Marketing, Clinical Trials Management, Quality Assurance (QA), HPLC, Stability Testing, Biostatistics, Drug Formulation, Sterile Manufacturing",2,4,112000
475,Procurement Officer,Urban Planner,2025-04-16,2025-05-11,2025-06-10,Public Sector,El Oued,Doctorat,20,Internship,3,"Public Policy Analysis, E-Government Solutions, Social Program Management, Digital Identity Systems, IT for Government, Legislative Drafting, Public Sector Accounting, Public Finance",0,1,67000
476,Clinical Trials Manager,QA Analyst,2025-02-19,2025-03-04,2025-04-03,Pharmaceuticals,Adrar,Master,17,Freelance,8,"Batch Record Review, Drug Formulation, Formulation Development, Quality Assurance (QA), Stability Testing, Biostatistics, Analytical Chemistry, Clinical Trials Management, GLP Standards, Pharmacovigilance, HPLC, Pharmaceutical Marketing, Pharmaceutical Sales, Sterile Manufacturing",6,8,140000
477,Medical Technologist,Medical Technologist,2025-02-11,2025-02-13,2025-03-15,Healthcare,Oran,Licence,15,Internship,1,"Health Economics, HIPAA Compliance, Mental Health Apps, EHR Systems, Digital Therapeutics, Clinical Trials",0,1,61000
478,Quality Assurance Officer,Marine Biologist,2025-04-01,2025-04-15,2025-05-15,Fisheries,Blida,Baccalaureate,12,Freelance,7,"Fish Stock Assessment, Net Design, Sustainable Fishing Techniques, Fisheries Regulations, Fisheries Data Analysis, Fisheries Economics, Hatchery Operations",0,2,30000
479,SEO Specialist,E-Commerce Manager,2025-04-15,2025-04-21,2025-05-21,E-Commerce,Algiers,No Formal Education,0,Freelance,4,"Dropshipping, User-Generated Content (UGC), Social Commerce (TikTok/Instagram)",0,1,48000
480,Telecom Analyst,Network Engineer,2025-04-09,2025-05-02,2025-06-01,Telecommunications,Oran,Baccalaureate,12,Alternance,3,"Carrier Ethernet, Telecom Regulations, SDN/NFV, Mobile Core Networks, LTE/4G/5G Optimization, Network Provisioning, Telecom Billing Systems",0,2,74000
481,Site Manager,Site Manager,2025-02-16,2025-02-16,2025-03-18,Construction,Annaba,Baccalaureate,12,Internship,2,"Urban Planning, Water Management, Green Certifications, Geotechnical Engineering, CAD (AutoCAD), Sustainable Design (LEED)",0,1,56000
482,Energy Auditor,Energy Auditor,2025-04-03,2025-04-16,2025-05-16,Renewable Energy,Sétif,Doctorat,20,CDI,7,"Energy Simulation, Net Metering, Solar PV Systems, Inverter Technology, Renewable Energy Forecasting, Hydropower Design, Battery Storage Systems, Smart Grid Systems, Renewable Energy Site Assessment, Sustainable Design, Biomass Energy Systems, Energy Efficiency Auditing, Renewable Energy Economics, Power Purchase Agreements (PPAs), Load Flow Analysis",8,12,130000
483,Agri-Tech Developer,Agri-Tech Developer,2025-03-24,2025-04-16,2025-05-16,Agriculture,El Oued,Master,17,Freelance,4,"Hydroponics, Irrigation Systems, Precision Agriculture, Seed Technology, Agricultural Data Analysis, Agrochemical Knowledge, Genetically Modified Crops, Livestock Management, Agroforestry, AgriTech Solutions, Agricultural Policy, Agricultural Economics, Post-Harvest Technology, Pest Control Strategies",6,8,50000
484,Software Engineer,Data Scientist,2025-03-21,2025-04-06,2025-05-06,Information Technology,Sétif,No Formal Education,0,CDD,5,"Stable Diffusion, Elasticsearch, Jira",0,1,71000
485,Event Coordinator,Event Coordinator,2025-02-24,2025-02-26,2025-03-28,Tourism & Hospitality,Oran,Doctorat,20,Alternance,5,"Culinary Arts, Travel Itinerary Planning, Hotel Operations, Guest Services, Food & Beverage Management, Cultural Tourism, Revenue Management, Hospitality Marketing, Tourism Policy",0,2,58000
486,Marine Biologist,Fishery Inspector,2025-03-03,2025-03-26,2025-04-25,Fisheries,M’sila,Baccalaureate,12,Freelance,5,"Seafood Traceability, Water Quality Management, Oceanographic Survey, Fisheries Data Analysis, Fisheries Economics, Marine Ecosystem Monitoring",0,1,30000
487,Portfolio Manager,Risk Manager,2025-02-18,2025-02-21,2025-03-23,Finance,Constantine,Licence,15,Alternance,8,"Forex, ESG Investing, Fintech Development, Actuarial Science, Credit Analysis, AML Compliance",0,1,87000
488,VFX Artist,Content Producer,2025-03-17,2025-04-09,2025-05-09,Media & Entertainment,Tébessa,Doctorat,20,Internship,2,"Video Editing (Premiere Pro), Sound Design (Pro Tools), Media Planning, Live Streaming (Twitch), Localization/Dubbing, Virtual Production (Unreal Engine), Sports Broadcasting, Metadata Tagging",0,1,76000
489,Sound Designer,Content Producer,2025-02-14,2025-03-14,2025-04-13,Media & Entertainment,Algiers,No Formal Education,0,CDI,9,"OTT Platforms, Crisis Communication, Influencer Partnerships",0,1,36000
490,Billing Specialist,RF Technician,2025-04-09,2025-04-11,2025-05-11,Telecommunications,Blida,Baccalaureate,12,Alternance,5,"Fiber Optic Technology, Network Provisioning, VSAT Systems, Telecom Billing Systems, Carrier Ethernet, LTE/4G/5G Optimization",0,1,73000
491,Software Engineer,Data Scientist,2025-02-21,2025-02-28,2025-03-30,Information Technology,Jijel,Ingénieur d'État,18,CDD,6,"CI/CD, Prometheus, Node.js, Terraform, GitLab, PostgreSQL, Vue.js, Scrum, Metasploit, Swift, NLP, VPNs, Django",4,8,150000
492,Tour Guide,Tour Guide,2025-04-26,2025-05-23,2025-06-22,Tourism & Hospitality,Jijel,Master,17,Freelance,10,"Destination Management, Hospitality Branding, Guest Services, Customer Relationship Management, Front Office Operations, Sustainable Tourism, Food & Beverage Management, Culinary Arts, Event Management, Revenue Management, Travel Itinerary Planning, Hotel Operations, Hospitality Marketing, Tour Guiding",6,8,60000
493,Quality Assurance Officer,Quality Assurance Officer,2025-03-08,2025-03-12,2025-04-11,Fisheries,Algiers,No Formal Education,0,Alternance,7,"Cold Chain for Seafood, Fisheries Economics, Hatchery Operations",0,1,24000
494,Digital Services Manager,Digital Services Manager,2025-03-03,2025-03-08,2025-04-07,Public Sector,Tlemcen,Doctorat,20,Freelance,3,"Freedom of Information, Public Health Policy, IT for Government, Social Program Management, Urban Planning, Government Auditing, Government Procurement, Policy Impact Evaluation, Digital Identity Systems, Government CRM, Open Data Platforms, Public Finance, Citizen Engagement, Municipal Budgeting, Regulatory Compliance",8,12,70000
495,HSE Specialist,Reservoir Engineer,2025-04-02,2025-04-22,2025-05-22,Energy & Petroleum,Oran,Licence,15,CDI,6,"Geothermal Systems, HSE Compliance, Remote Sensing (LiDAR), Digital Twins, Emissions Monitoring, SCADA Systems, Subsea Engineering, Offshore Operations, LNG Operations",2,4,154000
496,Aquaculture Technician,Quality Assurance Officer,2025-04-06,2025-05-04,2025-06-03,Fisheries,Sétif,No Formal Education,0,CDI,10,"Aquaculture Management, Fisheries Economics, Fisheries Data Analysis",0,1,24000
497,Software Engineer,Software Engineer,2025-04-24,2025-05-04,2025-06-03,Information Technology,Khenchela,Baccalaureate,12,CDD,8,"CISSP, Grafana, IDS, Azure, Stable Diffusion, GitLab CI, Java",0,2,92000
498,E-Commerce Manager,SEO Specialist,2025-04-23,2025-05-18,2025-06-17,E-Commerce,Souk Ahras,Baccalaureate,12,CDI,7,"Sustainable E-Commerce, Email Automation, Cross-Border E-Commerce, Warehouse Automation (WMS), User-Generated Content (UGC), Fraud Detection, Chatbot Development",0,2,61000
499,Project Engineer,Safety Officer,2025-03-15,2025-04-05,2025-05-05,Construction,Algiers,Baccalaureate,12,Internship,3,"Energy Efficiency, Water Management, Facility Management, Safety Audits, Procore Software, Green Certifications",0,1,56000
500,Customs Compliance Officer,Supply Chain Analyst,2025-05-06,2025-05-27,2025-06-26,Transport & Logistics,Batna,No Formal Education,0,CDI,2,"Cold Chain Logistics, TMS Software, Warehouse Management Systems",0,1,42000
501,Hotel Manager,Event Coordinator,2025-03-07,2025-04-04,2025-05-04,Tourism & Hospitality,Annaba,Master,17,CDD,1,"Travel Regulations, Hospitality Branding, Travel Itinerary Planning, Airline Reservations, Hospitality Software (Opera), Hotel Operations, Event Management, Cultural Tourism, Revenue Management, Sustainable Tourism, Tourism Policy, Guest Services, Tour Guiding",6,7,60000
502,Supply Chain Analyst,Logistics Manager,2025-03-20,2025-04-03,2025-05-03,Transport & Logistics,Bejaïa,Ingénieur d'État,18,Alternance,2,"Reverse Logistics, Last-Mile Delivery, Distribution Strategy, Supply Chain Optimization, TMS Software, Logistics Planning, EDI Integration",0,1,75000
503,Data Scientist,Data Scientist,2025-04-03,2025-04-05,2025-05-05,Information Technology,Constantine,Master,17,Alternance,10,"Flask, IDS, TDD, Wireshark, Computer Vision, AWS, C#, Prometheus",0,2,136000
504,Hotel Manager,Tour Guide,2025-04-07,2025-04-11,2025-05-11,Tourism & Hospitality,Laghouat,No Formal Education,0,CDI,3,"Customer Relationship Management, Sustainable Tourism, Culinary Arts",0,1,29000
505,Financial Analyst,Auditor,2025-04-22,2025-05-02,2025-06-01,Finance,Sétif,Ingénieur d'État,18,CDI,2,"IPO Preparation, Insurtech, Financial AI, Behavioral Finance, Private Equity, Regulatory Compliance (SOX), Algorithmic Trading, Real Estate Finance, Audit Techniques, Risk Management (FRM), Fintech Development, M&A",4,7,118000
506,Safety Officer,Quantity Surveyor,2025-04-08,2025-04-18,2025-05-18,Construction,Chlef,Master,17,Freelance,6,"Material Science, Project Management (Primavera), Cost Estimation, Construction Robotics, Prefabrication, Procore Software, Risk Management, BIM (Revit), Sustainable Design (LEED), Road Engineering, Geotechnical Engineering, Green Certifications, Safety Standards, Building Codes, IoT for Smart Buildings",6,10,90000
507,Quality Assurance Officer,Aquaculture Technician,2025-03-04,2025-03-07,2025-04-06,Fisheries,Skikda,Ingénieur d'État,18,Internship,9,"Marine Biology, Hatchery Operations, Sustainable Fishing Techniques, Bycatch Reduction, Oceanographic Survey, Biosecurity in Aquaculture, Aquaponics",0,1,42000
508,Billing Specialist,RF Technician,2025-02-22,2025-03-05,2025-04-04,Telecommunications,Tipaza,Baccalaureate,12,Freelance,8,"BSS/OSS Systems, Spectrum Management, Network Monitoring Tools, Fiber Optic Technology, Microwave Engineering, 5G Network Design, QoS Management",0,2,74000
509,Registered Nurse,Medical Technologist,2025-02-23,2025-03-21,2025-04-20,Healthcare,Algiers,Master,17,Freelance,5,"Health Informatics, Biomedical Engineering, Epidemiology, Health Economics, Wearable Tech, Medical Coding, Medical Device Regulation, Mental Health Apps, Health Insurance, Clinical Trials, Medical Simulation, AI Diagnostics, Medical Imaging (MRI/CT), VR Therapy",6,8,80000
510,Risk Manager,Auditor,2025-02-14,2025-02-21,2025-03-23,Finance,Khenchela,Master,17,Internship,9,"Financial Planning Software, Crowdfunding, Financial Modeling, Wealth Management, CBDCs, Financial AI, Forex",0,1,108000
511,Geologist,Blasting Technician,2025-02-07,2025-02-26,2025-03-28,Mining,Biskra,No Formal Education,0,CDD,8,"Mining Safety Standards, Mining Economics, Drilling Operations",0,1,72000
512,Avionics Engineer,Avionics Engineer,2025-03-22,2025-04-19,2025-05-19,Aerospace & Defense,Annaba,Ingénieur d'État,18,Internship,9,"CAD for Aerospace, Aerodynamics Simulation, Reliability Engineering, Ground Control Systems, Avionics Systems, Systems Engineering, DO-178C Certification",0,1,152000
513,Production Supervisor,Process Technician,2025-03-24,2025-04-07,2025-05-07,Manufacturing,Tébessa,Ingénieur d'État,18,Internship,6,"Additive Manufacturing, Waste Reduction, Digital Twins, Robotics (ROS), 3D Printing, Factory Layout, Materials Management",0,1,66000
514,Tour Guide,Guest Services Manager,2025-02-10,2025-02-21,2025-03-23,Tourism & Hospitality,Béjaïa,Licence,15,Internship,5,"Hospitality Marketing, Customer Relationship Management, Hospitality Branding, Hotel Operations, Tourism Policy, Travel Itinerary Planning",0,1,43000
515,Avionics Engineer,Flight Test Engineer,2025-03-06,2025-03-19,2025-04-18,Aerospace & Defense,Khenchela,Ingénieur d'État,18,CDD,8,"CAD for Aerospace, Military Standards (MIL-STD), Aerospace Materials, Aerodynamics Simulation, Mission Planning, Reliability Engineering, DO-178C Certification, Satellite Communications, Unmanned Aerial Systems, ITAR Compliance, Avionics Systems",4,5,172000
516,Maintenance Engineer,Maintenance Engineer,2025-04-16,2025-05-08,2025-06-07,Manufacturing,Biskra,Ingénieur d'État,18,CDD,1,"Industrial Automation (PLC), ERP (SAP), Smart Factories, IIoT, Additive Manufacturing, Supply Chain Resilience, Production Planning, Digital Twins, Robotics Programming, 3D Printing, CAD/CAM",4,5,76000
517,Fishery Inspector,Quality Assurance Officer,2025-02-13,2025-02-24,2025-03-26,Fisheries,Algiers,Master,17,Internship,3,"Bycatch Reduction, Cold Chain for Seafood, GPS for Fishing, Hatchery Operations, Oceanographic Survey, Sustainable Fishing Techniques, Fish Stock Assessment",0,1,45000
518,Environmental Compliance Officer,Blasting Technician,2025-05-07,2025-05-19,2025-06-18,Mining,Constantine,Licence,15,CDD,2,"Mine Planning, Mining Automation, Mineral Exploration, Mine Reclamation, Geological Mapping, Environmental Impact of Mining, Mine Ventilation, Rock Mechanics, Mineralogy",2,4,125000
519,Risk Manager,Risk Manager,2025-04-24,2025-05-22,2025-06-21,Finance,Sétif,Licence,15,Alternance,4,"Wealth Management, Data Analytics (Power BI), M&A, Behavioral Finance, Financial Modeling, IPO Preparation",0,1,87000
520,Hotel Manager,Hotel Manager,2025-04-12,2025-04-21,2025-05-21,Tourism & Hospitality,Constantine,Licence,15,Freelance,3,"Guest Services, Tour Guiding, Hospitality Accounting, Customer Relationship Management, Airline Reservations, Hospitality Software (Opera), Hotel Operations, Travel Regulations, Travel Itinerary Planning",2,4,48000
521,QA Analyst,Formulation Scientist,2025-03-20,2025-03-25,2025-04-24,Pharmaceuticals,Medea,Licence,15,CDD,5,"Biostatistics, Clinical Trials Management, Pharmacovigilance, Pharmaceutical Marketing, Medical Writing, Stability Testing, CMC Documentation, FDA Submissions, Preclinical Research",2,5,114000
522,Irrigation Specialist,Farm Manager,2025-03-31,2025-04-10,2025-05-10,Agriculture,Annaba,Master,17,CDI,9,"Genetically Modified Crops, Agricultural Economics, Irrigation Systems, Precision Agriculture, Agricultural Policy, Soil Science, Hydroponics, Crop Management, Agricultural Supply Chains, Agricultural Data Analysis, AgriTech Solutions, Post-Harvest Technology, Farm Machinery, Sustainable Farming",6,8,50000
523,Energy Auditor,Grid Integration Specialist,2025-04-10,2025-04-17,2025-05-17,Renewable Energy,Laghouat,Doctorat,20,Alternance,7,"Renewable Energy Economics, Renewable Energy Forecasting, Energy Policy, Energy Efficiency Auditing, Sustainable Design, Battery Storage Systems, Renewable Energy Site Assessment, Energy Simulation",0,1,124000
524,Formulation Scientist,Formulation Scientist,2025-05-06,2025-05-18,2025-06-17,Pharmaceuticals,Oran,Doctorat,20,Internship,7,"Medical Writing, Regulatory Affairs, GLP Standards, Quality Assurance (QA), Clinical Trials Management, Preclinical Research, Drug Formulation, CMC Documentation",0,1,134000
525,Irrigation Specialist,Agri-Tech Developer,2025-04-28,2025-05-04,2025-06-03,Agriculture,Algiers,No Formal Education,0,CDD,6,"Farm Machinery, Soil Science, Irrigation Systems",0,1,24000
526,Network Engineer,Network Engineer,2025-02-13,2025-02-15,2025-03-17,Telecommunications,Biskra,Baccalaureate,12,Freelance,4,"VSAT Systems, VoIP Systems, Microwave Engineering, Telecom Billing Systems, Spectrum Management, LTE/4G/5G Optimization",0,1,73000
527,Energy Auditor,Solar PV Technician,2025-02-23,2025-03-09,2025-04-08,Renewable Energy,Khenchela,Doctorat,20,Freelance,6,"Power Purchase Agreements (PPAs), Net Metering, Wind Turbine Maintenance, Renewable Energy Forecasting, Green Building Codes, Renewable Energy Site Assessment, Biomass Energy Systems, Grid Integration, Battery Storage Systems, Sustainable Design, Inverter Technology, Renewable Energy Economics, Energy Efficiency Auditing, Smart Grid Systems, Solar PV Systems",8,9,130000
528,Mine Engineer,Environmental Compliance Officer,2025-04-05,2025-05-02,2025-06-01,Mining,Sétif,Baccalaureate,12,Internship,1,"Mining Equipment Maintenance, Mine Planning, Geological Mapping, GIS for Mining, Mining Safety Standards, Mining Economics",0,1,92000
529,Telecom Analyst,Billing Specialist,2025-05-07,2025-05-21,2025-06-20,Telecommunications,Oran,Doctorat,20,Freelance,8,"Telecom Billing Systems, IP/MPLS, QoS Management, Network Provisioning, SDN/NFV, Telecom Project Management, Fiber Optic Technology, 5G Network Design, Telecom Regulations, Microwave Engineering, Network Monitoring Tools, VoIP Systems, Network Planning, LTE/4G/5G Optimization, RF Engineering",8,12,120000
530,Content Producer,Sound Designer,2025-03-21,2025-03-27,2025-04-26,Media & Entertainment,Algiers,Doctorat,20,CDI,5,"Ad Tech (Programmatic), VFX (Nuke/Houdini), Media Asset Management (MAM), Social Media Algorithms, Music Production (Ableton), Localization/Dubbing, Newsroom Automation, Digital Journalism, Live Streaming (Twitch), OTT Platforms, Metadata Tagging, Scriptwriting, Platform-Specific Content (TikTok), Copyright Law, Digital Rights Management (DRM)",8,9,80000
531,RF Technician,Billing Specialist,2025-03-24,2025-04-07,2025-05-07,Telecommunications,Medea,Baccalaureate,12,Alternance,9,"LTE/4G/5G Optimization, Network Monitoring Tools, QoS Management, Mobile Core Networks, VoIP Systems, BSS/OSS Systems, Microwave Engineering",0,2,74000
532,Wind Turbine Engineer,Wind Turbine Engineer,2025-04-15,2025-05-04,2025-06-03,Renewable Energy,Algiers,Licence,15,Internship,1,"Renewable Energy Economics, Biomass Energy Systems, Energy Policy, Net Metering, Power Purchase Agreements (PPAs), Wind Turbine Maintenance",0,1,92000
533,Irrigation Specialist,Irrigation Specialist,2025-03-05,2025-03-29,2025-04-28,Agriculture,Tébessa,Doctorat,20,CDD,9,"Genetically Modified Crops, Sustainable Farming, Agricultural Data Analysis, Seed Technology, Irrigation Systems, Hydroponics, Agroforestry, Agricultural Economics, Crop Management, AgriTech Solutions, Livestock Management, Soil Science, Agricultural Policy, Post-Harvest Technology, Farm Machinery",8,10,50000
534,Teacher,Curriculum Developer,2025-03-31,2025-04-23,2025-05-23,Education,Algiers,Master,17,CDD,5,"Blockchain Credentials, Plagiarism Detection (Turnitin), Educational Data Mining, Virtual Classrooms (Zoom), Virtual Labs (Labster), Peer Learning Platforms, Adaptive Learning, AI Tutoring, MOOC Platforms (Coursera), Esports in Schools, Digital Assessments, Learning Analytics, STEM Tools, Gamification (Kahoot), AR/VR Learning",6,10,60000
535,UX/UI Designer,UX/UI Designer,2025-03-21,2025-03-24,2025-04-23,E-Commerce,Annaba,Licence,15,CDD,7,"Heatmap Analysis, Customer Segmentation, User-Generated Content (UGC), Dropshipping, Payment Gateways (Stripe/PayPal), Last-Mile Delivery, Customer Lifetime Value (CLV), Live Streaming Sales, Sustainable E-Commerce",2,5,80000
536,Blasting Technician,Geologist,2025-04-06,2025-04-07,2025-05-07,Mining,Algiers,Master,17,CDI,5,"Tailings Management, Mining Safety Standards, Blasting Techniques, Drilling Operations, GIS for Mining, Mining Automation, Geological Mapping, Mine Reclamation, Slope Stability Analysis, Underground Mining Techniques, Mineral Exploration, Environmental Impact of Mining, Mine Planning, Surface Mining, Ore Processing",6,10,160000
537,Data Scientist,DevOps Engineer,2025-05-04,2025-05-24,2025-06-23,Information Technology,Algiers,Baccalaureate,12,CDD,6,"Matplotlib, Lambda, CompTIA Security+, VPNs, JavaScript, Docker",0,1,89000
538,HSE Specialist,Reservoir Engineer,2025-04-19,2025-05-04,2025-06-03,Energy & Petroleum,Algiers,Doctorat,20,CDD,8,"Drilling Optimization, Waste-to-Energy Tech, Refinery Process Engineering, Subsea Engineering, Carbon Credit Trading, Energy Auditing, Wind Farm Design, HSE Compliance, Geospatial Analysis (GIS), Offshore Operations, Pipeline Leak Detection, Corrosion Engineering, Energy Trading, Remote Sensing (LiDAR), IoT for Oilfields",8,15,200000
539,Inventory Coordinator,Merchandiser,2025-04-06,2025-04-18,2025-05-18,Retail,Sétif,Ingénieur d'État,18,CDI,6,"Omnichannel Strategy, Retail Automation, Click-and-Collect, Sustainability, In-Store Analytics, Supply Chain Visibility, Inventory Management, Retail Analytics, E-Commerce Integration, Loss Prevention, Retail Chatbots, Pricing Strategy, AR Shopping",4,8,60000
540,Environmental Compliance Officer,Blasting Technician,2025-02-09,2025-02-13,2025-03-15,Mining,Annaba,Doctorat,20,CDI,4,"Surface Mining, Slope Stability Analysis, Rock Mechanics, Underground Mining Techniques, Drilling Operations, Mining Automation, Mining Equipment Maintenance, Mine Reclamation, Tailings Management, Mine Ventilation, Environmental Impact of Mining, Mining Economics, Mineral Exploration, Geological Mapping, Ore Processing",8,11,160000
541,Hotel Manager,Guest Services Manager,2025-03-01,2025-03-28,2025-04-27,Tourism & Hospitality,Tébessa,Master,17,Freelance,5,"Revenue Management, Sustainable Tourism, Hospitality Branding, Cultural Tourism, Destination Management, Airline Reservations, Front Office Operations, Culinary Arts, Hospitality Marketing, Hospitality Software (Opera), Food & Beverage Management, Hospitality Accounting, Travel Itinerary Planning, Tour Guiding, Guest Services",6,10,60000
542,SEO Specialist,Marketplace Coordinator,2025-04-05,2025-04-06,2025-05-06,E-Commerce,Oran,No Formal Education,0,Internship,5,"Affiliate Marketing, SEO/SEM, Payment Gateways (Stripe/PayPal)",0,1,48000
543,Quality Control Inspector,Production Supervisor,2025-04-22,2025-05-05,2025-06-04,Manufacturing,Batna,Baccalaureate,12,CDD,7,"Quality Control, Lean Manufacturing, MES Systems, IIoT, Workforce Training, Energy Efficiency, Sustainable Practices",0,2,48000
544,Academic Advisor,Academic Advisor,2025-04-03,2025-04-04,2025-05-04,Education,Biskra,Licence,15,Alternance,7,"Plagiarism Detection (Turnitin), Student Information Systems (SIS), Teacher Training, MOOC Platforms (Coursera), Flipped Classroom Models, Interactive Whiteboards",0,1,46000
545,Environmental Compliance Officer,Geologist,2025-04-22,2025-04-30,2025-05-30,Mining,Béjaïa,Ingénieur d'État,18,CDI,3,"Rock Mechanics, Mineralogy, Slope Stability Analysis, Mining Automation, Mining Economics, Blasting Techniques, Mine Ventilation, GIS for Mining, Surface Mining, Mine Planning, Drilling Operations, Mining Equipment Maintenance",4,7,158000
546,Event Coordinator,Tour Guide,2025-03-24,2025-04-18,2025-05-18,Tourism & Hospitality,Chlef,Licence,15,CDD,10,"Hospitality Accounting, Revenue Management, Hospitality Branding, Hotel Operations, Sustainable Tourism, Hospitality Software (Opera), Airline Reservations, Front Office Operations",2,3,47000
547,Marketplace Coordinator,E-Commerce Manager,2025-04-11,2025-05-02,2025-06-01,E-Commerce,Bejaïa,Master,17,CDI,5,"Payment Gateways (Stripe/PayPal), Customer Lifetime Value (CLV), Email Automation, Live Streaming Sales, Product Information Management (PIM), AI Personalization, Heatmap Analysis, Supply Chain Analytics, Sustainable E-Commerce, Subscription Models, Dynamic Pricing, Cryptocurrency Payments, Influencer Marketing, 3PL Logistics",6,9,100000
548,Procurement Officer,Policy Analyst,2025-05-06,2025-05-19,2025-06-18,Public Sector,Algiers,Baccalaureate,12,CDD,10,"Government Auditing, Public Finance, Public Health Policy, Public Policy Analysis, Government CRM, IT for Government",0,1,43000
549,Process Technician,Process Technician,2025-02-24,2025-03-24,2025-04-23,Manufacturing,Constantine,Baccalaureate,12,Alternance,5,"Materials Management, ERP (SAP), Sustainable Practices, Industrial Automation (PLC), 3D Printing, Industrial Cybersecurity",0,1,46000
550,Digital Services Manager,Urban Planner,2025-03-21,2025-04-13,2025-05-13,Public Sector,Sétif,Baccalaureate,12,Alternance,8,"Legislative Drafting, Public Finance, Government CRM, Citizen Engagement, Municipal Budgeting, Regulatory Compliance, Public Policy Analysis",0,2,44000
551,Environmental Compliance Officer,Mine Engineer,2025-02-15,2025-03-09,2025-04-08,Mining,Sétif,No Formal Education,0,Alternance,8,"Slope Stability Analysis, Mine Reclamation, Drilling Operations",0,1,72000
552,Supply Chain Analyst,Fleet Coordinator,2025-03-12,2025-03-31,2025-04-30,Transport & Logistics,Tiaret,Master,17,CDI,3,"EDI Integration, Customs Compliance, Freight Forwarding, TMS Software, Last-Mile Delivery, Supply Chain Optimization, Logistics Costing, Inventory Control, Cold Chain Logistics, Route Optimization, Logistics Automation, Logistics Planning, Reverse Logistics, SCM ERP Systems",6,9,90000
553,Environmental Compliance Officer,Mine Engineer,2025-03-11,2025-03-26,2025-04-25,Mining,Algiers,No Formal Education,0,CDD,4,"GIS for Mining, Mining Equipment Maintenance, Blasting Techniques",0,1,72000
554,Quality Assurance Officer,Aquaculture Technician,2025-04-13,2025-04-18,2025-05-18,Fisheries,Algiers,Master,17,Freelance,2,"Fisheries Data Analysis, Aquaculture Management, Hatchery Operations, Cold Chain for Seafood, Sustainable Fishing Techniques, Marine Ecosystem Monitoring, Water Quality Management, Aquaponics, Marine Biology, GPS for Fishing, Net Design, Fisheries Regulations, Fish Disease Management, Fish Stock Assessment, Seafood Traceability",6,10,50000
555,Quality Control Inspector,Quality Control Inspector,2025-05-01,2025-05-08,2025-06-07,Manufacturing,Constantine,Ingénieur d'État,18,Alternance,4,"CNC Machining, Lean Manufacturing, Smart Factories, ERP (SAP), Industrial Automation (PLC), IIoT, Materials Management",0,1,66000
556,Agri-Tech Developer,Agronomist,2025-03-11,2025-03-30,2025-04-29,Agriculture,Annaba,Master,17,Internship,9,"Agricultural Supply Chains, Remote Sensing for Crops, AgriTech Solutions, Soil Science, Agricultural Data Analysis, Irrigation Systems, Agricultural Policy",0,1,45000
557,Content Producer,Sound Designer,2025-04-15,2025-05-09,2025-06-08,Media & Entertainment,Oran,No Formal Education,0,Internship,4,"Motion Graphics (After Effects), Digital Rights Management (DRM), Copyright Law",0,1,36000
558,Logistics Manager,Supply Chain Analyst,2025-03-06,2025-03-25,2025-04-24,Transport & Logistics,Sétif,No Formal Education,0,Alternance,10,"SCM ERP Systems, Supply Chain Optimization, Shipment Tracking, Transportation Modeling",0,2,43000
559,Marketplace Coordinator,UX/UI Designer,2025-04-26,2025-05-22,2025-06-21,E-Commerce,Batna,Baccalaureate,12,Freelance,1,"Payment Gateways (Stripe/PayPal), Last-Mile Delivery, Heatmap Analysis, Supply Chain Analytics, Shopify/Magento, Affiliate Marketing, API Integration (REST/SOAP)",0,2,61000
560,Procurement Officer,Urban Planner,2025-02-10,2025-03-04,2025-04-03,Public Sector,Algiers,Baccalaureate,12,CDI,8,"Citizen Engagement, Public Health Policy, Policy Impact Evaluation, Urban Planning, Public Policy Analysis, Government CRM, Social Program Management",0,2,44000
561,Grid Integration Specialist,Solar PV Technician,2025-02-15,2025-03-02,2025-04-01,Renewable Energy,Adrar,Licence,15,Internship,7,"Green Building Codes, Renewable Energy Site Assessment, Smart Grid Systems, Energy Efficiency Auditing, Biomass Energy Systems, Wind Turbine Maintenance",0,1,92000
562,Billing Specialist,Network Engineer,2025-03-03,2025-03-18,2025-04-17,Telecommunications,Blida,Licence,15,CDI,10,"VSAT Systems, Carrier Ethernet, Fiber Optic Technology, 5G Network Design, Mobile Core Networks, Network Planning, Telecom Regulations, Telecom Project Management, IP/MPLS",2,4,96000
563,Auditor,Financial Analyst,2025-02-18,2025-03-09,2025-04-08,Finance,Biskra,Ingénieur d'État,18,Alternance,4,"IPO Preparation, Quantitative Finance, Regulatory Compliance (SOX), Blockchain/Crypto, Tax Strategy, Wealth Management, Portfolio Management, Audit Techniques",0,2,102000
564,Maintenance Engineer,Maintenance Engineer,2025-05-01,2025-05-25,2025-06-24,Manufacturing,Blida,Master,17,Freelance,6,"IIoT, Industrial Cybersecurity, Materials Management, Robotics Programming, Production Planning, MES Systems, Supply Chain Optimization, Six Sigma, CNC Machining, ERP (SAP), Additive Manufacturing, Quality Control, Predictive Maintenance",6,7,80000
565,Site Manager,Project Engineer,2025-04-28,2025-04-28,2025-05-28,Construction,M’sila,Doctorat,20,Internship,2,"Project Management (Primavera), Risk Management, Tunnel Construction, Land Surveying, Geotechnical Engineering, Procore Software, Bridge Engineering, CAD (AutoCAD)",0,1,86000
566,Reservoir Engineer,Reservoir Engineer,2025-04-11,2025-05-07,2025-06-06,Energy & Petroleum,M’sila,Licence,15,CDD,4,"Predictive Maintenance AI, Pipeline Leak Detection, Offshore Operations, Well Logging, Hydraulic Fracturing, IoT for Oilfields, Regulatory Compliance (EPA), Drilling Optimization, Thermal Modeling",2,5,158000
567,Billing Specialist,Billing Specialist,2025-03-23,2025-04-12,2025-05-12,Telecommunications,Algiers,Baccalaureate,12,Alternance,7,"Carrier Ethernet, Telecom Project Management, Telecom Regulations, LTE/4G/5G Optimization, RF Engineering, Spectrum Management, Mobile Core Networks",0,2,74000
568,Merchandiser,Store Manager,2025-02-12,2025-02-21,2025-03-23,Retail,Blida,Master,17,Freelance,6,"Staff Training, Retail Automation, Pricing Strategy, Cashierless Checkout, Click-and-Collect, Dynamic Pricing, Supply Chain Visibility, Personal Shopping AI, Inventory Management, Omnichannel Strategy, Loyalty Programs, RFID, Space Planning",6,7,60000
569,Avionics Engineer,Defense Analyst,2025-03-29,2025-04-15,2025-05-15,Aerospace & Defense,Algiers,Doctorat,20,CDI,6,"Flight Testing, ITAR Compliance, Radar Systems, Flight Control Systems, Satellite Communications, Reliability Engineering, Weapon Systems Integration, Ground Control Systems, Jet Propulsion, Aerodynamics Simulation, Military Standards (MIL-STD), DO-178C Certification, Thermal Analysis, Mission Planning, Systems Engineering",8,12,180000
570,Hotel Manager,Tour Guide,2025-04-08,2025-05-02,2025-06-01,Tourism & Hospitality,Oran,Doctorat,20,CDI,3,"Culinary Arts, Travel Itinerary Planning, Hospitality Software (Opera), Food & Beverage Management, Travel Regulations, Guest Services, Revenue Management, Tourism Policy, Hotel Operations, Hospitality Branding, Event Management, Front Office Operations, Sustainable Tourism, Hospitality Accounting, Airline Reservations",8,13,60000
571,Agri-Tech Developer,Farm Manager,2025-04-08,2025-04-29,2025-05-29,Agriculture,Chlef,No Formal Education,0,CDD,4,"Soil Science, Livestock Management, Post-Harvest Technology",0,1,24000
572,Telecom Analyst,Telecom Analyst,2025-04-21,2025-04-23,2025-05-23,Telecommunications,Tlemcen,Ingénieur d'État,18,Internship,5,"RF Engineering, SDN/NFV, Fiber Optic Technology, Telecom Billing Systems, BSS/OSS Systems, IP/MPLS, Telecom Regulations",0,1,101000
573,Tour Guide,Event Coordinator,2025-02-26,2025-03-10,2025-04-09,Tourism & Hospitality,Chlef,Doctorat,20,Alternance,10,"Travel Regulations, Travel Itinerary Planning, Revenue Management, Hospitality Accounting, Hospitality Marketing, Hospitality Branding, Customer Relationship Management, Destination Management, Front Office Operations",0,2,58000
574,Farm Manager,Agri-Tech Developer,2025-04-01,2025-04-07,2025-05-07,Agriculture,Saïda,Ingénieur d'État,18,Freelance,5,"Agricultural Policy, Farm Machinery, Genetically Modified Crops, Hydroponics, Agricultural Data Analysis, Pest Control Strategies, Remote Sensing for Crops, Crop Management, Livestock Management, Agricultural Economics, Seed Technology, Irrigation Systems",4,6,48000
575,Solar PV Technician,Energy Auditor,2025-03-06,2025-03-27,2025-04-26,Renewable Energy,Adrar,Ingénieur d'État,18,Internship,7,"Renewable Energy Site Assessment, Grid Integration, Green Building Codes, Smart Grid Systems, Renewable Energy Forecasting, Energy Policy, Energy Simulation",0,1,108000
576,VFX Artist,VFX Artist,2025-05-03,2025-05-26,2025-06-25,Media & Entertainment,Souk Ahras,Baccalaureate,12,Alternance,8,"Video Editing (Premiere Pro), Social Media Algorithms, Color Grading (DaVinci Resolve), AR/VR Content, OTT Platforms, Media Planning, AI Content Generation",0,2,48000
577,Site Manager,Safety Officer,2025-02-18,2025-02-19,2025-03-21,Construction,Algiers,Doctorat,20,CDD,2,"Prefabrication, Structural Analysis, Safety Audits, Construction Robotics, Bridge Engineering, Geotechnical Engineering, Cost Estimation, Construction Law, Procore Software, Stakeholder Collaboration, Building Codes, Urban Planning, IoT for Smart Buildings, Disaster-Resistant Design, CAD (AutoCAD)",8,12,90000
578,Defense Analyst,Defense Analyst,2025-04-09,2025-05-08,2025-06-07,Aerospace & Defense,Mostaganem,Master,17,Internship,3,"Jet Propulsion, Avionics Systems, Aerodynamics Simulation, Mission Planning, Thermal Analysis, Systems Engineering, Weapon Systems Integration",0,1,162000
579,Curriculum Developer,Academic Advisor,2025-04-25,2025-05-06,2025-06-05,Education,Laghouat,Ingénieur d'État,18,CDI,10,"Open Educational Resources (OER), Mental Health Tools, Virtual Labs (Labster), Special Ed Tech, Microlearning, Curriculum Design, Teacher Training, Educational Robotics, Data Privacy (FERPA), Hybrid Learning, Adaptive Learning, Digital Assessments",4,7,59000
580,Academic Advisor,Academic Advisor,2025-04-16,2025-04-23,2025-05-23,Education,Constantine,Baccalaureate,12,Freelance,5,"STEM Tools, Parent-Teacher Apps, Plagiarism Detection (Turnitin), Adaptive Learning, AR/VR Learning, Classroom Management",0,1,40000
581,Medical Technologist,Registered Nurse,2025-03-09,2025-04-04,2025-05-04,Healthcare,Algiers,Doctorat,20,Alternance,4,"Surgical Robotics, Clinical Trials, Wearable Tech, Stem Cell Research, Mental Health Apps, AI Drug Discovery, Medical Device Regulation, Health Insurance",0,1,77000
582,Production Supervisor,Production Supervisor,2025-02-08,2025-03-06,2025-04-05,Manufacturing,M’sila,Ingénieur d'État,18,Internship,5,"Supply Chain Optimization, Supply Chain Resilience, Energy Efficiency, Robotics (ROS), IIoT, Six Sigma, Industrial Cybersecurity",0,1,66000
583,RF Technician,Telecom Analyst,2025-03-18,2025-03-22,2025-04-21,Telecommunications,Batna,Master,17,Alternance,2,"Network Provisioning, Telecom Regulations, Network Monitoring Tools, Spectrum Management, Fiber Optic Technology, VSAT Systems, IP/MPLS, 5G Network Design",0,2,110000
584,Environmental Compliance Officer,Geologist,2025-02-28,2025-03-05,2025-04-04,Mining,Annaba,Licence,15,Internship,3,"GIS for Mining, Environmental Impact of Mining, Mineral Exploration, Mine Ventilation, Geological Mapping, Drilling Operations",0,1,112000
585,VFX Artist,Content Producer,2025-03-23,2025-03-28,2025-04-27,Media & Entertainment,Constantine,No Formal Education,0,Internship,5,"Podcast Production, Music Production (Ableton), Crisis Communication",0,1,36000
586,Process Technician,Process Technician,2025-04-10,2025-04-17,2025-05-17,Manufacturing,Tizi Ouzou,Master,17,Freelance,9,"Quality Control, Robotics (ROS), Waste Reduction, Rapid Prototyping, Predictive Maintenance, Materials Management, Factory Layout, Digital Twins, Workforce Training, Tooling Design, Industrial Cybersecurity, 3D Printing, Supply Chain Resilience",6,7,80000
587,Fishery Inspector,Quality Assurance Officer,2025-03-27,2025-04-10,2025-05-10,Fisheries,Bouira,Master,17,Internship,4,"Fisheries Regulations, GPS for Fishing, Aquaponics, Oceanographic Survey, Fish Stock Assessment, Marine Ecosystem Monitoring, Bycatch Reduction",0,1,45000
588,Billing Specialist,Billing Specialist,2025-03-28,2025-04-10,2025-05-10,Telecommunications,M’sila,Master,17,Internship,5,"QoS Management, Mobile Core Networks, Network Monitoring Tools, Fiber Optic Technology, Telecom Billing Systems, Carrier Ethernet, Spectrum Management",0,1,108000
589,Wind Turbine Engineer,Solar PV Technician,2025-03-19,2025-04-11,2025-05-11,Renewable Energy,Bejaïa,Ingénieur d'État,18,Alternance,9,"Battery Storage Systems, Energy Management Systems, Hydropower Design, Net Metering, Wind Turbine Maintenance, Renewable Energy Forecasting, Energy Efficiency Auditing, Inverter Technology",0,2,110000
590,DevOps Engineer,Data Scientist,2025-03-24,2025-04-04,2025-05-04,Information Technology,Sétif,Licence,15,Internship,4,"Java, C++, JavaScript, GKE, Vue.js, EC2",0,1,107000
591,Auditor,Auditor,2025-03-23,2025-04-18,2025-05-18,Finance,Algiers,Licence,15,CDD,1,"CBDCs, Tax Strategy, Wealth Management, Capital Markets, Blockchain/Crypto, Private Equity, Financial AI, Insurtech, Robo-Advisors",2,4,96000
592,Wind Turbine Engineer,Solar PV Technician,2025-02-21,2025-03-11,2025-04-10,Renewable Energy,Tizi Ouzou,Ingénieur d'État,18,Alternance,5,"Sustainable Design, Renewable Energy Forecasting, Biomass Energy Systems, Renewable Energy Economics, Energy Efficiency Auditing, Smart Grid Systems, Energy Management Systems",0,1,108000
593,Clinical Trials Manager,Regulatory Affairs Specialist,2025-02-25,2025-03-26,2025-04-25,Pharmaceuticals,Tlemcen,Doctorat,20,Freelance,8,"GMP Compliance, Pharmaceutical Sales, Analytical Chemistry, Medical Writing, Pharmacovigilance, Stability Testing, Biostatistics, CMC Documentation, Batch Record Review, HPLC, FDA Submissions, GLP Standards, Quality Assurance (QA), Sterile Manufacturing, Drug Formulation",8,12,140000
594,RF Technician,Network Engineer,2025-03-28,2025-04-03,2025-05-03,Telecommunications,Oran,Doctorat,20,CDD,4,"BSS/OSS Systems, Microwave Engineering, QoS Management, Telecom Regulations, Mobile Core Networks, 5G Network Design, Carrier Ethernet, VSAT Systems, Telecom Project Management, Spectrum Management, SDN/NFV, RF Engineering, VoIP Systems, IP/MPLS, Network Planning",8,9,120000
595,Health Informatics Specialist,Health Informatics Specialist,2025-05-01,2025-05-04,2025-06-03,Healthcare,Biskra,Licence,15,Freelance,8,"Mental Health Apps, Medical Coding, Health Informatics, Epidemiology, HIPAA Compliance, Remote Monitoring, EHR Systems, AI Diagnostics",2,3,65000
596,Avionics Engineer,Avionics Engineer,2025-03-05,2025-03-25,2025-04-24,Aerospace & Defense,Jijel,Doctorat,20,CDD,9,"Ground Control Systems, DO-178C Certification, Thermal Analysis, Avionics Systems, Defense Contracting, Flight Testing, CAD for Aerospace, Jet Propulsion, Aerodynamics Simulation, Satellite Communications, Reliability Engineering, Flight Control Systems, Systems Engineering, Military Standards (MIL-STD), Radar Systems",8,14,180000
597,Agronomist,Irrigation Specialist,2025-03-11,2025-04-04,2025-05-04,Agriculture,Saïda,Master,17,Freelance,8,"AgriTech Solutions, Pest Control Strategies, Seed Technology, Agroforestry, Precision Agriculture, Hydroponics, Irrigation Systems, Soil Science, Sustainable Farming, Farm Machinery, Crop Management, Remote Sensing for Crops, Agricultural Supply Chains, Agricultural Data Analysis",6,9,50000
598,Instructional Designer,Academic Advisor,2025-03-04,2025-03-04,2025-04-03,Education,Oran,Baccalaureate,12,Alternance,8,"Blockchain Credentials, Esports in Schools, AR/VR Learning, Virtual Labs (Labster), LMS (Moodle/Canvas), MOOC Platforms (Coursera)",0,1,40000
599,Blasting Technician,Blasting Technician,2025-03-06,2025-03-20,2025-04-19,Mining,El Oued,Licence,15,Alternance,9,"Mining Safety Standards, Mine Ventilation, Drilling Operations, Underground Mining Techniques, Surface Mining, Environmental Impact of Mining",0,1,112000
600,Agri-Tech Developer,Irrigation Specialist,2025-04-29,2025-05-27,2025-06-26,Agriculture,Batna,Doctorat,20,Alternance,8,"Farm Machinery, Irrigation Systems, Soil Science, AgriTech Solutions, Seed Technology, Remote Sensing for Crops, Agricultural Supply Chains, Precision Agriculture",0,1,48000
601,Safety Officer,Safety Officer,2025-04-04,2025-04-27,2025-05-27,Construction,Tipaza,Licence,15,Freelance,9,"Safety Audits, Land Surveying, Tunnel Construction, Water Management, HVAC Design, Geotechnical Engineering, Procore Software, Material Science, Construction Law",2,5,74000
602,Auditor,Risk Manager,2025-05-02,2025-05-09,2025-06-08,Finance,Mostaganem,Doctorat,20,Internship,8,"Capital Markets, Financial Planning Software, Fintech Development, Financial Modeling, Economic Forecasting, Cost Accounting, Private Equity, Derivatives",0,1,115000
603,Medical Technologist,Health Informatics Specialist,2025-03-22,2025-04-17,2025-05-17,Healthcare,Sétif,Licence,15,CDI,4,"Clinical Trials, EHR Systems, Stem Cell Research, Wearable Tech, Pharmacy Automation, Telemedicine, Surgical Robotics, Biomedical Engineering, Health Insurance",2,5,67000
604,Marketplace Coordinator,UX/UI Designer,2025-03-26,2025-04-11,2025-05-11,E-Commerce,Tizi Ouzou,No Formal Education,0,Freelance,5,"Returns Management, Heatmap Analysis, Social Commerce (TikTok/Instagram)",0,1,48000
605,Logistics Manager,Supply Chain Analyst,2025-03-11,2025-04-06,2025-05-06,Transport & Logistics,Constantine,Baccalaureate,12,CDI,7,"Supply Chain Optimization, Inventory Control, Transportation Modeling, Freight Forwarding, Route Optimization, Reverse Logistics, TMS Software",0,2,54000
606,Auditor,Financial Analyst,2025-04-22,2025-05-18,2025-06-17,Finance,El Oued,Master,17,CDI,2,"Data Analytics (Power BI), Fintech Development, Financial AI, Risk Management (FRM), Tax Strategy, Forex, Portfolio Management, Financial Planning Software, Insurtech, Treasury Management, Economic Forecasting, Behavioral Finance, Financial Modeling, M&A",6,9,120000
607,Billing Specialist,Network Engineer,2025-03-15,2025-04-06,2025-05-06,Telecommunications,Ghardaïa,Baccalaureate,12,CDI,2,"Network Monitoring Tools, Carrier Ethernet, 5G Network Design, RF Engineering, VSAT Systems, Network Provisioning",0,1,73000
608,DevOps Engineer,Data Scientist,2025-03-10,2025-03-19,2025-04-18,Information Technology,Oran,Licence,15,CDI,7,"Spring Boot, PyTorch, Network Security, CISSP, PostgreSQL, Jenkins, Microservices, Postman, Docker",2,4,118000
609,Flight Test Engineer,Avionics Engineer,2025-04-15,2025-04-26,2025-05-26,Aerospace & Defense,Bouira,Master,17,Alternance,6,"Flight Testing, ITAR Compliance, Thermal Analysis, Jet Propulsion, CAD for Aerospace, Aerodynamics Simulation, Military Standards (MIL-STD)",0,1,162000
610,Telecom Analyst,Network Engineer,2025-04-03,2025-04-21,2025-05-21,Telecommunications,Chlef,Licence,15,Freelance,4,"Network Provisioning, Telecom Regulations, RF Engineering, QoS Management, BSS/OSS Systems, Mobile Core Networks, Telecom Billing Systems, VSAT Systems",2,3,94000
611,Mine Engineer,Blasting Technician,2025-03-01,2025-03-20,2025-04-19,Mining,Oran,Doctorat,20,Freelance,1,"Mining Equipment Maintenance, Mine Reclamation, Mining Safety Standards, Underground Mining Techniques, Mineralogy, Mineral Exploration, Geological Mapping, Blasting Techniques, Drilling Operations, Mining Economics, Mine Planning, Tailings Management, GIS for Mining, Slope Stability Analysis, Mine Ventilation",8,12,160000
612,Procurement Officer,Urban Planner,2025-02-11,2025-02-26,2025-03-28,Public Sector,Sétif,Doctorat,20,Freelance,8,"Urban Planning, Municipal Budgeting, Public Finance, Citizen Engagement, Social Program Management, Legislative Drafting, E-Government Solutions, Policy Impact Evaluation, Government Auditing, Government CRM, Public Policy Analysis, Regulatory Compliance, Open Data Platforms, IT for Government, Public Health Policy",8,9,70000
613,Quantity Surveyor,Site Manager,2025-04-20,2025-05-12,2025-06-11,Construction,Oran,Licence,15,CDD,6,"Energy Efficiency, BIM (Revit), Geotechnical Engineering, Green Certifications, Disaster-Resistant Design, Safety Standards, Road Engineering, Water Management",2,3,71000
614,Data Scientist,Cybersecurity Analyst,2025-04-16,2025-05-04,2025-06-03,Information Technology,Oran,Doctorat,20,CDD,3,"IaC, GitHub, IPS, Angular, Lambda, NumPy, CI/CD, HIPAA, GitHub Actions, MySQL, Matplotlib, Burp Suite, Serverless Computing, Ansible, Elasticsearch",8,9,150000
615,Quantity Surveyor,Project Engineer,2025-03-16,2025-03-23,2025-04-22,Construction,El Oued,Licence,15,Freelance,7,"Sustainable Design (LEED), Prefabrication, Concrete Tech, CAD (AutoCAD), Quantity Surveying, Disaster-Resistant Design, Urban Planning, Safety Standards, Land Surveying",2,5,74000
616,Fleet Coordinator,Logistics Manager,2025-03-27,2025-03-28,2025-04-27,Transport & Logistics,Tizi Ouzou,No Formal Education,0,CDD,3,"Route Optimization, TMS Software, Logistics Costing",0,1,42000
617,Fishery Inspector,Quality Assurance Officer,2025-02-19,2025-03-15,2025-04-14,Fisheries,Constantine,Licence,15,Freelance,7,"Oceanographic Survey, Hatchery Operations, Fish Nutrition, Bycatch Reduction, Sustainable Fishing Techniques, Water Quality Management, GPS for Fishing, Fish Stock Assessment, Biosecurity in Aquaculture",2,4,40000
618,Drilling Supervisor,HSE Specialist,2025-04-05,2025-04-21,2025-05-21,Energy & Petroleum,Oran,Doctorat,20,Internship,1,"Predictive Maintenance AI, Offshore Operations, Well Logging, Energy Storage Solutions, Energy Economics, Reservoir Simulation, Biofuel Production, Energy Auditing",0,1,190000
619,Telecom Analyst,Network Engineer,2025-05-02,2025-05-06,2025-06-05,Telecommunications,Constantine,Master,17,Alternance,7,"Network Monitoring Tools, Carrier Ethernet, LTE/4G/5G Optimization, Spectrum Management, IP/MPLS, Telecom Regulations, 5G Network Design",0,1,108000
620,Instructional Designer,Instructional Designer,2025-05-02,2025-05-23,2025-06-22,Education,Sétif,Baccalaureate,12,Alternance,6,"Parent-Teacher Apps, Gamification (Kahoot), Podcasting in Ed, Classroom Management, Special Ed Tech, Virtual Labs (Labster), Interactive Whiteboards",0,2,40000
621,Telecom Analyst,Network Engineer,2025-02-16,2025-03-13,2025-04-12,Telecommunications,Oran,Ingénieur d'État,18,CDI,9,"VoIP Systems, VSAT Systems, Network Provisioning, BSS/OSS Systems, Telecom Regulations, Network Monitoring Tools, Mobile Core Networks, Spectrum Management, QoS Management, RF Engineering, Network Planning, Carrier Ethernet",4,6,116000
622,Telecom Analyst,Network Engineer,2025-05-06,2025-05-28,2025-06-27,Telecommunications,Constantine,Doctorat,20,CDI,7,"Telecom Billing Systems, Network Planning, Microwave Engineering, 5G Network Design, RF Engineering, SDN/NFV, BSS/OSS Systems, IP/MPLS, Network Monitoring Tools, Fiber Optic Technology, Spectrum Management, VSAT Systems, Network Provisioning, Carrier Ethernet, VoIP Systems",8,11,120000
623,Marketplace Coordinator,UX/UI Designer,2025-02-08,2025-02-14,2025-03-16,E-Commerce,Annaba,Ingénieur d'État,18,Freelance,3,"Social Commerce (TikTok/Instagram), A/B Testing, Chatbot Development, SEO/SEM, Mobile App Development (React Native), Product Information Management (PIM), Conversion Rate Optimization, Voice Commerce, Email Automation, Dynamic Pricing, Supply Chain Analytics, Omnichannel Strategy, Customer Segmentation",4,8,100000
624,Data Scientist,Software Engineer,2025-03-18,2025-03-25,2025-04-24,Information Technology,Bejaïa,Baccalaureate,12,CDI,10,"GPT, Kafka, VPNs, Pandas, GDPR, Lambda, TensorFlow",0,2,92000
625,Telecom Analyst,Telecom Analyst,2025-02-14,2025-03-08,2025-04-07,Telecommunications,M’sila,Licence,15,Internship,8,"Microwave Engineering, LTE/4G/5G Optimization, Telecom Project Management, Fiber Optic Technology, VoIP Systems, Network Monitoring Tools",0,1,87000
626,Clinical Researcher,Clinical Researcher,2025-04-23,2025-05-05,2025-06-04,Healthcare,Sétif,Ingénieur d'État,18,Internship,8,"Digital Therapeutics, Stem Cell Research, AI Diagnostics, Health Economics, Surgical Robotics, Medical Simulation, Mental Health Apps",0,1,69000
627,Grid Integration Specialist,Wind Turbine Engineer,2025-03-11,2025-03-30,2025-04-29,Renewable Energy,Béjaïa,Ingénieur d'État,18,Internship,10,"Energy Policy, Renewable Energy Economics, Load Flow Analysis, Energy Efficiency Auditing, Sustainable Design, Battery Storage Systems, Green Building Codes",0,1,108000
628,Grid Integration Specialist,Energy Auditor,2025-04-11,2025-04-14,2025-05-14,Renewable Energy,Annaba,Doctorat,20,Alternance,5,"Energy Management Systems, Energy Simulation, Renewable Energy Site Assessment, Energy Policy, Grid Integration, Green Building Codes, Renewable Energy Economics, Power Purchase Agreements (PPAs)",0,1,124000
629,Risk Manager,Portfolio Manager,2025-04-30,2025-05-15,2025-06-14,Finance,Sétif,Baccalaureate,12,Alternance,6,"Crowdfunding, Actuarial Science, Financial Cybersecurity, Treasury Management, Portfolio Management, Behavioral Finance",0,1,73000
630,Site Manager,Safety Officer,2025-04-30,2025-05-25,2025-06-24,Construction,Algiers,Licence,15,Alternance,4,"IoT for Smart Buildings, CAD (AutoCAD), Land Surveying, Green Certifications, Stakeholder Collaboration, Energy Efficiency",0,1,66000
631,Supply Chain Analyst,Supply Chain Analyst,2025-03-15,2025-03-30,2025-04-29,Transport & Logistics,Tipaza,Doctorat,20,CDD,6,"Fleet Management, Route Optimization, EDI Integration, Shipment Tracking, Cold Chain Logistics, Inventory Control, TMS Software, Distribution Strategy, Transportation Modeling, Logistics Planning, Last-Mile Delivery, Freight Forwarding, Supply Chain Optimization, Reverse Logistics, Customs Compliance",8,9,90000
632,Avionics Engineer,Avionics Engineer,2025-04-08,2025-05-01,2025-05-31,Aerospace & Defense,Algiers,Doctorat,20,Alternance,8,"Flight Control Systems, Ground Control Systems, Aerospace Materials, Avionics Systems, Mission Planning, Weapon Systems Integration, DO-178C Certification, Aerodynamics Simulation, Unmanned Aerial Systems",0,2,175000
633,Marketplace Coordinator,UX/UI Designer,2025-05-02,2025-05-28,2025-06-27,E-Commerce,Chlef,Doctorat,20,Internship,7,"AI Personalization, AR/VR Try-Ons, Customer Lifetime Value (CLV), Fraud Detection, Headless Commerce, Mobile App Development (React Native), Dynamic Pricing, Supply Chain Analytics",0,1,96000
634,Clinical Researcher,Registered Nurse,2025-02-10,2025-03-11,2025-04-10,Healthcare,Bejaïa,Baccalaureate,12,Internship,8,"Pharmacy Automation, Wearable Tech, Medical Coding, Medical Device Regulation, Health Economics, VR Therapy",0,1,53000
635,Hotel Manager,Tour Guide,2025-02-13,2025-02-24,2025-03-26,Tourism & Hospitality,Constantine,Master,17,Freelance,1,"Destination Management, Hospitality Branding, Event Management, Travel Regulations, Airline Reservations, Guest Services, Food & Beverage Management, Culinary Arts, Revenue Management, Hospitality Marketing, Hospitality Accounting, Cultural Tourism, Sustainable Tourism, Tour Guiding",6,9,60000
636,Software Engineer,Data Scientist,2025-04-09,2025-04-22,2025-05-22,Information Technology,Sétif,Baccalaureate,12,Alternance,1,"IaC, Computer Vision, GitLab, IPS, Stable Diffusion, Git, Spark",0,2,92000
637,Quality Assurance Officer,Fishery Inspector,2025-03-01,2025-03-05,2025-04-04,Fisheries,Adrar,Baccalaureate,12,Internship,7,"Cold Chain for Seafood, Water Quality Management, Net Design, Aquaponics, Fish Nutrition, Marine Biology",0,1,30000
638,Clinical Researcher,Health Informatics Specialist,2025-03-21,2025-03-25,2025-04-24,Healthcare,Tébessa,Doctorat,20,CDI,9,"Rehabilitation Tech, Medical Imaging (MRI/CT), Epidemiology, Infection Control, Telemedicine, Pharmacy Automation, Health Insurance, Health Informatics, Biomedical Engineering, Precision Medicine, VR Therapy, Digital Therapeutics, Medical Coding, Medical Simulation, Medical Device Regulation",8,11,80000
639,Risk Manager,Risk Manager,2025-04-21,2025-04-25,2025-05-25,Finance,Tébessa,Licence,15,CDI,10,"Credit Analysis, Regulatory Compliance (SOX), Tax Strategy, Insurtech, M&A, Risk Management (FRM), Portfolio Management, Quantitative Finance",2,3,94000
640,Avionics Engineer,Avionics Engineer,2025-03-22,2025-03-30,2025-04-29,Aerospace & Defense,Biskra,Licence,15,CDD,8,"Military Standards (MIL-STD), CAD for Aerospace, Aerospace Materials, ITAR Compliance, Reliability Engineering, Jet Propulsion, Defense Contracting, Avionics Systems",2,3,142000
641,Health Informatics Specialist,Registered Nurse,2025-04-15,2025-04-29,2025-05-29,Healthcare,Blida,Master,17,Alternance,5,"Health Insurance, Population Health, Health Economics, Wearable Tech, Infection Control, VR Therapy, Biomedical Engineering, Precision Medicine",0,2,74000
642,Merchandiser,Inventory Coordinator,2025-05-05,2025-05-06,2025-06-05,Retail,Oran,Baccalaureate,12,Internship,1,"AR Shopping, Visual Merchandising, Cashierless Checkout, CRM (Salesforce), Blockchain, E-Commerce Integration",0,1,36000
643,RF Technician,RF Technician,2025-02-11,2025-02-26,2025-03-28,Telecommunications,Oran,Licence,15,CDD,5,"Telecom Regulations, QoS Management, Network Provisioning, Telecom Billing Systems, Spectrum Management, Telecom Project Management, Network Monitoring Tools, VoIP Systems, RF Engineering",2,4,96000
644,Fishery Inspector,Fishery Inspector,2025-04-25,2025-04-27,2025-05-27,Fisheries,Constantine,Licence,15,Alternance,8,"Water Quality Management, Fisheries Regulations, Fish Disease Management, Net Design, Fisheries Data Analysis, Marine Biology, Fisheries Economics",0,2,36000
645,Billing Specialist,Telecom Analyst,2025-03-07,2025-03-24,2025-04-23,Telecommunications,Jijel,Doctorat,20,Internship,7,"Fiber Optic Technology, Network Planning, SDN/NFV, BSS/OSS Systems, IP/MPLS, Microwave Engineering, Telecom Regulations, 5G Network Design",0,1,115000
646,Maintenance Engineer,Production Supervisor,2025-03-15,2025-04-04,2025-05-04,Manufacturing,Bejaïa,Ingénieur d'État,18,Internship,6,"Smart Factories, CNC Machining, Production Planning, Additive Manufacturing, Factory Layout, Supply Chain Optimization, Robotics (ROS)",0,1,66000
647,Auditor,Portfolio Manager,2025-02-21,2025-03-04,2025-04-03,Finance,Tipaza,Baccalaureate,12,Internship,8,"Crowdfunding, Algorithmic Trading, Portfolio Management, Risk Management (FRM), Behavioral Finance, ESG Investing",0,1,73000
648,Production Supervisor,Process Technician,2025-03-30,2025-04-19,2025-05-19,Manufacturing,Oran,Doctorat,20,CDI,6,"ERP (SAP), CAD/CAM, Predictive Maintenance, Industrial Cybersecurity, CNC Machining, Safety Standards, Six Sigma, Factory Layout, Quality Control, Digital Twins, Tooling Design, Waste Reduction, Supply Chain Optimization, Additive Manufacturing, Rapid Prototyping",8,15,80000
649,Telecom Analyst,Billing Specialist,2025-04-02,2025-04-10,2025-05-10,Telecommunications,Annaba,Licence,15,Freelance,8,"Network Monitoring Tools, Spectrum Management, LTE/4G/5G Optimization, VSAT Systems, 5G Network Design, VoIP Systems, Fiber Optic Technology, Telecom Project Management, Carrier Ethernet",2,4,96000
650,E-Commerce Manager,Marketplace Coordinator,2025-02-23,2025-03-03,2025-04-02,E-Commerce,Algiers,Master,17,Internship,1,"API Integration (REST/SOAP), Heatmap Analysis, A/B Testing, Dynamic Pricing, Supply Chain Analytics, Customer Segmentation, Inventory Forecasting",0,1,90000
651,Farm Manager,Agri-Tech Developer,2025-02-14,2025-03-15,2025-04-14,Agriculture,Annaba,No Formal Education,0,Internship,5,"AgriTech Solutions, Agricultural Policy, Soil Science",0,1,24000
652,Defense Analyst,Avionics Engineer,2025-05-02,2025-05-20,2025-06-19,Aerospace & Defense,El Oued,Master,17,CDI,10,"Weapon Systems Integration, Satellite Communications, DO-178C Certification, Jet Propulsion, Flight Control Systems, Ground Control Systems, Aerospace Materials, Defense Contracting, ITAR Compliance, Systems Engineering, Military Standards (MIL-STD), Reliability Engineering, Mission Planning",6,7,180000
653,Medical Technologist,Medical Technologist,2025-04-08,2025-04-19,2025-05-19,Healthcare,Biskra,Licence,15,CDI,1,"Precision Medicine, Surgical Robotics, Health Informatics, Pharmacy Automation, VR Therapy, Genomics, Rehabilitation Tech, Clinical Trials",2,3,65000
654,Portfolio Manager,Auditor,2025-03-27,2025-04-24,2025-05-24,Finance,Blida,Licence,15,Freelance,1,"Crowdfunding, Risk Management (FRM), Financial AI, Capital Markets, Robo-Advisors, IPO Preparation, Private Equity, Portfolio Management",2,3,94000
655,Defense Analyst,Systems Engineer,2025-02-20,2025-03-03,2025-04-02,Aerospace & Defense,Annaba,Doctorat,20,Alternance,2,"Systems Engineering, CAD for Aerospace, Aerospace Materials, Military Standards (MIL-STD), Aerodynamics Simulation, Unmanned Aerial Systems, Reliability Engineering, ITAR Compliance",0,1,172000
656,Sound Designer,VFX Artist,2025-03-23,2025-04-04,2025-05-04,Media & Entertainment,Blida,Master,17,CDI,8,"Sports Broadcasting, Newsroom Automation, Sound Design (Pro Tools), Audience Analytics (Nielsen), Crisis Communication, CDN Management, Localization/Dubbing, 3D Animation (Maya/Blender), AR/VR Content, Gaming Engines (Unity), Influencer Partnerships, Color Grading (DaVinci Resolve), Digital Journalism, Media Planning, Live Streaming (Twitch)",6,10,80000
657,Network Engineer,RF Technician,2025-03-23,2025-04-04,2025-05-04,Telecommunications,Blida,Licence,15,Alternance,1,"QoS Management, Fiber Optic Technology, Carrier Ethernet, Spectrum Management, Telecom Billing Systems, RF Engineering",0,1,87000
658,Risk Manager,Risk Manager,2025-04-12,2025-04-12,2025-05-12,Finance,Constantine,Ingénieur d'État,18,CDI,3,"Forex, CBDCs, Robo-Advisors, Private Equity, Actuarial Science, Tax Strategy, Economic Forecasting, ESG Investing, Financial Modeling, Financial Cybersecurity, IPO Preparation, Crowdfunding",4,6,116000
659,Safety Officer,Site Manager,2025-05-05,2025-05-27,2025-06-26,Construction,Béjaïa,Master,17,Alternance,3,"Prefabrication, Drone Surveying, Safety Standards, Procore Software, Project Management (Primavera), Cost Estimation, Construction Robotics",0,1,81000
660,Systems Engineer,Avionics Engineer,2025-05-05,2025-05-18,2025-06-17,Aerospace & Defense,Biskra,Doctorat,20,Internship,5,"Ground Control Systems, Aerodynamics Simulation, Aerospace Materials, Military Standards (MIL-STD), Unmanned Aerial Systems, ITAR Compliance, DO-178C Certification, Defense Contracting",0,1,172000
661,Data Scientist,Data Scientist,2025-04-13,2025-05-09,2025-06-08,Information Technology,Annaba,Doctorat,20,CDI,2,"Vue.js, Elasticsearch, PostgreSQL, Firebase, Kubernetes, Datadog, Power BI, Ethical Hacking, VPNs, Ansible, Serverless Computing, Matplotlib, Spark, AKS, Scikit-learn",8,13,150000
662,Formulation Scientist,Regulatory Affairs Specialist,2025-02-22,2025-02-25,2025-03-27,Pharmaceuticals,Algiers,Doctorat,20,Internship,1,"GMP Compliance, Drug Formulation, Clinical Trials Management, Stability Testing, Quality Assurance (QA), HPLC, Pharmaceutical Sales, Batch Record Review",0,1,134000
663,Health Informatics Specialist,Health Informatics Specialist,2025-03-21,2025-04-06,2025-05-06,Healthcare,Annaba,Master,17,Alternance,5,"AI Drug Discovery, Biomedical Engineering, Infection Control, Remote Monitoring, Health Insurance, Pharmacy Automation, VR Therapy",0,1,73000
664,Billing Specialist,Billing Specialist,2025-04-05,2025-04-19,2025-05-19,Telecommunications,Oran,Ingénieur d'État,18,Alternance,5,"5G Network Design, VSAT Systems, BSS/OSS Systems, Network Provisioning, Mobile Core Networks, QoS Management, Network Planning, Fiber Optic Technology",0,2,102000
665,Quantity Surveyor,Quantity Surveyor,2025-04-10,2025-04-30,2025-05-30,Construction,Medea,Ingénieur d'État,18,Alternance,2,"Road Engineering, Green Certifications, Geotechnical Engineering, Drone Surveying, Land Surveying, BIM (Revit), Lean Construction, IoT for Smart Buildings",0,2,78000
666,Mine Engineer,Blasting Technician,2025-04-15,2025-04-27,2025-05-27,Mining,Blida,Doctorat,20,Alternance,3,"Underground Mining Techniques, Blasting Techniques, Mineral Exploration, Mining Economics, Mine Ventilation, Surface Mining, Mine Planning, GIS for Mining",0,1,152000
667,QA Analyst,QA Analyst,2025-03-23,2025-04-06,2025-05-06,Pharmaceuticals,Bejaïa,Licence,15,Freelance,1,"Sterile Manufacturing, CMC Documentation, HPLC, Regulatory Affairs, Clinical Trials Management, Analytical Chemistry, Batch Record Review, Formulation Development, GLP Standards",2,5,114000
668,Fishery Inspector,Quality Assurance Officer,2025-02-26,2025-03-16,2025-04-15,Fisheries,Tizi Ouzou,Master,17,CDD,4,"Fisheries Regulations, Fisheries Economics, Bycatch Reduction, Sustainable Fishing Techniques, Fish Nutrition, GPS for Fishing, Water Quality Management, Marine Biology, Cold Chain for Seafood, Fish Disease Management, Hatchery Operations, Aquaculture Management, Fish Stock Assessment, Fisheries Data Analysis",6,8,50000
669,Guest Services Manager,Tour Guide,2025-04-30,2025-05-23,2025-06-22,Tourism & Hospitality,M’sila,Licence,15,CDI,9,"Hospitality Marketing, Culinary Arts, Front Office Operations, Travel Itinerary Planning, Hospitality Accounting, Tourism Policy, Revenue Management, Cultural Tourism",2,3,47000
670,Urban Planner,Procurement Officer,2025-02-17,2025-02-28,2025-03-30,Public Sector,Saïda,Baccalaureate,12,CDI,10,"Public Health Policy, Citizen Engagement, Social Program Management, Government Procurement, Public Finance, Freedom of Information",0,1,43000
671,Irrigation Specialist,Agri-Tech Developer,2025-03-16,2025-04-12,2025-05-12,Agriculture,Blida,Licence,15,CDI,1,"Hydroponics, Agroforestry, Farm Machinery, Livestock Management, Agrochemical Knowledge, Crop Management, Sustainable Farming, Genetically Modified Crops",2,3,39000
672,Agri-Tech Developer,Farm Manager,2025-03-13,2025-04-09,2025-05-09,Agriculture,Oran,Master,17,CDI,10,"Genetically Modified Crops, Hydroponics, Livestock Management, Sustainable Farming, Crop Management, Pest Control Strategies, Agricultural Policy, Seed Technology, Farm Machinery, Agricultural Supply Chains, Post-Harvest Technology, Agrochemical Knowledge, Precision Agriculture, Agricultural Economics",6,8,50000
673,Medical Technologist,Registered Nurse,2025-03-07,2025-03-21,2025-04-20,Healthcare,Bejaïa,Baccalaureate,12,Freelance,7,"Surgical Robotics, VR Therapy, Rehabilitation Tech, Health Economics, Medical Simulation, Genomics, Biomedical Engineering",0,2,54000
674,Flight Test Engineer,Systems Engineer,2025-02-09,2025-02-28,2025-03-30,Aerospace & Defense,Annaba,Master,17,Internship,6,"Radar Systems, Satellite Communications, Aerodynamics Simulation, Weapon Systems Integration, ITAR Compliance, DO-178C Certification, Jet Propulsion",0,1,162000
675,Marine Biologist,Quality Assurance Officer,2025-03-05,2025-03-05,2025-04-04,Fisheries,Constantine,Ingénieur d'État,18,CDD,5,"Seafood Traceability, Fisheries Data Analysis, Hatchery Operations, Biosecurity in Aquaculture, Cold Chain for Seafood, Aquaculture Management, Fish Stock Assessment, Sustainable Fishing Techniques, Net Design, Fisheries Economics, Fisheries Regulations, Fish Nutrition",4,7,49000
676,Hotel Manager,Tour Guide,2025-04-02,2025-04-04,2025-05-04,Tourism & Hospitality,Oran,No Formal Education,0,Alternance,7,"Hospitality Software (Opera), Guest Services, Hospitality Accounting, Revenue Management",0,2,30000
677,Production Supervisor,Maintenance Engineer,2025-05-06,2025-06-04,2025-07-04,Manufacturing,Annaba,Ingénieur d'État,18,CDI,4,"Industrial Automation (PLC), MES Systems, Quality Control, Tooling Design, Robotics Programming, Rapid Prototyping, Waste Reduction, Supply Chain Resilience, Factory Layout, Sustainable Practices, CNC Machining, ERP (SAP)",4,7,79000
678,Software Engineer,Cybersecurity Analyst,2025-04-20,2025-05-14,2025-06-13,Information Technology,M’sila,Ingénieur d'État,18,Alternance,9,"Kubernetes, AKS, Hadoop, ISO 27001, Generative AI, Scikit-learn, GDPR, PowerShell",0,2,128000
679,Formulation Scientist,Formulation Scientist,2025-04-28,2025-05-11,2025-06-10,Pharmaceuticals,Blida,Master,17,Alternance,6,"Stability Testing, Sterile Manufacturing, Drug Formulation, Pharmacovigilance, Pharmaceutical Sales, Preclinical Research, Quality Assurance (QA), Clinical Trials Management",0,2,128000
680,Wind Turbine Engineer,Grid Integration Specialist,2025-04-23,2025-05-04,2025-06-03,Renewable Energy,Batna,Licence,15,Internship,10,"Load Flow Analysis, Green Building Codes, Battery Storage Systems, Inverter Technology, Solar PV Systems, Renewable Energy Forecasting",0,1,92000
681,Procurement Officer,Policy Analyst,2025-04-06,2025-04-23,2025-05-23,Public Sector,Sétif,Baccalaureate,12,Freelance,10,"Citizen Engagement, E-Government Solutions, Legislative Drafting, Government Auditing, Government CRM, Social Program Management, Open Data Platforms",0,2,44000
682,Environmental Compliance Officer,Geologist,2025-02-28,2025-03-09,2025-04-08,Mining,Biskra,No Formal Education,0,Alternance,1,"Mine Reclamation, Geological Mapping, Rock Mechanics",0,1,72000
683,Medical Technologist,Medical Technologist,2025-04-08,2025-04-20,2025-05-20,Healthcare,Constantine,Baccalaureate,12,Internship,2,"Telemedicine, Epidemiology, Stem Cell Research, Medical Coding, Rehabilitation Tech, Medical Simulation",0,1,53000
684,Procurement Officer,Urban Planner,2025-04-13,2025-04-19,2025-05-19,Public Sector,Constantine,Baccalaureate,12,Freelance,6,"Public Health Policy, Regulatory Compliance, Civic Tech, Open Data Platforms, Legislative Drafting, Public Finance, Government CRM",0,2,44000
685,Avionics Engineer,Flight Test Engineer,2025-04-08,2025-04-12,2025-05-12,Aerospace & Defense,Algiers,Licence,15,Alternance,1,"Avionics Systems, Unmanned Aerial Systems, Reliability Engineering, Ground Control Systems, Satellite Communications, CAD for Aerospace",0,1,132000
686,Blasting Technician,Mine Engineer,2025-05-05,2025-05-06,2025-06-05,Mining,Constantine,Baccalaureate,12,Alternance,8,"Mining Safety Standards, Mineral Exploration, Mineralogy, Underground Mining Techniques, Slope Stability Analysis, Surface Mining, Mining Economics",0,2,95000
687,Avionics Engineer,Avionics Engineer,2025-03-08,2025-03-29,2025-04-28,Aerospace & Defense,Oran,Master,17,Freelance,2,"Aerospace Materials, Military Standards (MIL-STD), CAD for Aerospace, Jet Propulsion, Satellite Communications, Weapon Systems Integration, ITAR Compliance, Flight Control Systems, Ground Control Systems, Mission Planning, Flight Testing, Thermal Analysis, Defense Contracting, Radar Systems",6,8,180000
688,Project Engineer,Safety Officer,2025-02-10,2025-03-10,2025-04-09,Construction,Annaba,Ingénieur d'État,18,CDI,6,"Tunnel Construction, Safety Standards, Facility Management, Safety Audits, Land Surveying, Risk Management, Road Engineering, Lean Construction, Geotechnical Engineering, Construction Law, Sustainable Design (LEED)",4,5,86000
689,QA Analyst,QA Analyst,2025-03-14,2025-03-20,2025-04-19,Pharmaceuticals,Béjaïa,Licence,15,Internship,1,"Pharmaceutical Marketing, Sterile Manufacturing, Pharmaceutical Sales, Analytical Chemistry, CMC Documentation, Stability Testing",0,1,102000
690,SEO Specialist,E-Commerce Manager,2025-02-15,2025-03-01,2025-03-31,E-Commerce,Biskra,Master,17,Alternance,9,"API Integration (REST/SOAP), Conversion Rate Optimization, Payment Gateways (Stripe/PayPal), Cross-Border E-Commerce, GDPR/CCPA Compliance, Marketplace Management (Amazon/eBay), Affiliate Marketing",0,1,90000
691,Agronomist,Irrigation Specialist,2025-03-10,2025-03-30,2025-04-29,Agriculture,Algiers,Baccalaureate,12,CDI,8,"Soil Science, Irrigation Systems, Agroforestry, Hydroponics, Precision Agriculture, Remote Sensing for Crops, Seed Technology",0,2,30000
692,Production Supervisor,Quality Control Inspector,2025-02-24,2025-03-05,2025-04-04,Manufacturing,Bejaïa,Baccalaureate,12,Internship,4,"Lean Manufacturing, ERP (SAP), Industrial Cybersecurity, Production Planning, Quality Control, Tooling Design",0,1,46000
693,Clinical Researcher,Health Informatics Specialist,2025-02-19,2025-03-17,2025-04-16,Healthcare,Algiers,Master,17,Internship,7,"VR Therapy, Remote Monitoring, Population Health, Biomedical Engineering, Digital Therapeutics, EHR Systems, Infection Control",0,1,73000
694,Project Engineer,Site Manager,2025-05-03,2025-05-20,2025-06-19,Construction,Oran,No Formal Education,0,CDD,8,"Construction Law, Material Science, Safety Audits",0,1,46000
695,Blasting Technician,Mine Engineer,2025-03-30,2025-04-23,2025-05-23,Mining,Oran,Ingénieur d'État,18,CDD,2,"Mineral Exploration, Rock Mechanics, Ore Processing, GIS for Mining, Mining Automation, Surface Mining, Slope Stability Analysis, Mining Safety Standards, Mine Planning, Mine Ventilation, Geological Mapping, Mining Economics",4,6,155000
696,Event Coordinator,Guest Services Manager,2025-05-06,2025-05-19,2025-06-18,Tourism & Hospitality,Constantine,Ingénieur d'État,18,Alternance,1,"Culinary Arts, Travel Itinerary Planning, Hotel Operations, Revenue Management, Hospitality Branding, Tourism Policy, Cultural Tourism",0,1,50000
697,Systems Engineer,Avionics Engineer,2025-04-28,2025-05-05,2025-06-04,Aerospace & Defense,Tizi Ouzou,Doctorat,20,CDD,5,"Systems Engineering, CAD for Aerospace, Satellite Communications, Mission Planning, Avionics Systems, DO-178C Certification, Weapon Systems Integration, Flight Testing, Aerospace Materials, Defense Contracting, Flight Control Systems, Jet Propulsion, Radar Systems, Thermal Analysis, Ground Control Systems",8,10,180000
698,VFX Artist,Video Editor,2025-03-03,2025-03-26,2025-04-25,Media & Entertainment,Constantine,Doctorat,20,Freelance,6,"Digital Rights Management (DRM), Video Editing (Premiere Pro), Media Planning, Platform-Specific Content (TikTok), Copyright Law, Motion Graphics (After Effects), Sports Broadcasting, Live Streaming (Twitch), Transmedia Storytelling, Metadata Tagging, Virtual Production (Unreal Engine), Color Grading (DaVinci Resolve), Gaming Engines (Unity), Influencer Partnerships, Newsroom Automation",8,9,80000
699,Environmental Compliance Officer,Blasting Technician,2025-04-26,2025-05-10,2025-06-09,Mining,Tiaret,Ingénieur d'État,18,CDD,8,"Slope Stability Analysis, GIS for Mining, Mineral Exploration, Mine Reclamation, Mineralogy, Mining Safety Standards, Geological Mapping, Surface Mining, Mining Equipment Maintenance, Mining Economics, Mine Ventilation, Tailings Management",4,7,158000
700,Reservoir Engineer,HSE Specialist,2025-04-20,2025-05-06,2025-06-05,Energy & Petroleum,Constantine,Licence,15,Internship,7,"Corrosion Engineering, LNG Operations, Regulatory Compliance (EPA), SCADA Systems, Energy Storage Solutions, Digital Twins",0,1,138000
701,Defense Analyst,Defense Analyst,2025-04-26,2025-05-01,2025-05-31,Aerospace & Defense,Ghardaïa,Master,17,Freelance,6,"Weapon Systems Integration, CAD for Aerospace, ITAR Compliance, Ground Control Systems, Aerodynamics Simulation, Mission Planning, Reliability Engineering, Flight Control Systems, Unmanned Aerial Systems, Systems Engineering, Jet Propulsion, Aerospace Materials, Military Standards (MIL-STD), Flight Testing",6,8,180000
702,Flight Test Engineer,Defense Analyst,2025-03-24,2025-03-27,2025-04-26,Aerospace & Defense,Algiers,Ingénieur d'État,18,CDD,6,"Unmanned Aerial Systems, DO-178C Certification, Systems Engineering, Mission Planning, Avionics Systems, Aerodynamics Simulation, Aerospace Materials, CAD for Aerospace, Defense Contracting, Satellite Communications, Radar Systems, Jet Propulsion, Reliability Engineering",4,8,180000
703,Safety Officer,Quantity Surveyor,2025-02-20,2025-03-02,2025-04-01,Construction,Ghardaïa,Baccalaureate,12,CDD,8,"Sustainable Design (LEED), Safety Standards, CAD (AutoCAD), BIM (Revit), Energy Efficiency, Stakeholder Collaboration",0,1,56000
704,Sound Designer,Sound Designer,2025-05-01,2025-05-20,2025-06-19,Media & Entertainment,Annaba,Doctorat,20,CDD,4,"Gaming Engines (Unity), Influencer Partnerships, Crisis Communication, Social Media Algorithms, Music Production (Ableton), Scriptwriting, CDN Management, Digital Journalism, Virtual Production (Unreal Engine), AI Content Generation, Platform-Specific Content (TikTok), VFX (Nuke/Houdini), Set Design, AR/VR Content, Newsroom Automation",8,11,80000
705,Sales Associate,Store Manager,2025-04-30,2025-05-27,2025-06-26,Retail,Constantine,Ingénieur d'État,18,CDI,1,"Vendor Management, AR Shopping, Visual Merchandising, Blockchain, Inventory Management, RFID, Retail Chatbots, Pricing Strategy, Mobile POS, Dynamic Pricing, Supply Chain Visibility, IoT, Click-and-Collect",4,8,60000
706,Blasting Technician,Blasting Technician,2025-03-14,2025-03-18,2025-04-17,Mining,Oran,Licence,15,CDI,3,"Tailings Management, Mineral Exploration, Mining Safety Standards, Mine Ventilation, Mining Equipment Maintenance, Mining Automation, Mineralogy, Mine Reclamation, Ore Processing",2,5,128000
707,Guest Services Manager,Tour Guide,2025-04-24,2025-05-13,2025-06-12,Tourism & Hospitality,Sétif,Licence,15,CDD,9,"Culinary Arts, Event Management, Travel Itinerary Planning, Food & Beverage Management, Destination Management, Revenue Management, Cultural Tourism, Tour Guiding, Travel Regulations",2,4,48000
708,Avionics Engineer,Flight Test Engineer,2025-02-08,2025-02-20,2025-03-22,Aerospace & Defense,Algiers,Ingénieur d'État,18,Alternance,1,"Thermal Analysis, CAD for Aerospace, Military Standards (MIL-STD), Reliability Engineering, Unmanned Aerial Systems, Avionics Systems, Aerodynamics Simulation, Satellite Communications",0,2,155000
709,Customs Compliance Officer,Customs Compliance Officer,2025-03-31,2025-04-05,2025-05-05,Transport & Logistics,Skikda,Baccalaureate,12,Freelance,5,"TMS Software, Freight Forwarding, Logistics Planning, EDI Integration, Shipment Tracking, Last-Mile Delivery, Inventory Control",0,2,54000
710,Site Manager,Project Engineer,2025-03-23,2025-04-09,2025-05-09,Construction,Algiers,Baccalaureate,12,Freelance,2,"Sustainable Design (LEED), BIM (Revit), Tunnel Construction, Environmental Impact Assessment, Stakeholder Collaboration, Energy Efficiency",0,1,56000
711,Network Engineer,Network Engineer,2025-04-13,2025-04-25,2025-05-25,Telecommunications,Algiers,Licence,15,CDD,2,"VoIP Systems, 5G Network Design, Network Planning, Mobile Core Networks, Spectrum Management, Carrier Ethernet, SDN/NFV, Fiber Optic Technology, QoS Management",2,5,97000
712,Health Informatics Specialist,Medical Technologist,2025-04-04,2025-04-22,2025-05-22,Healthcare,Tipaza,Ingénieur d'État,18,Alternance,1,"Health Informatics, AI Diagnostics, Clinical Trials, Biomedical Engineering, HIPAA Compliance, Precision Medicine, Stem Cell Research",0,1,69000
713,Content Producer,Content Producer,2025-04-27,2025-05-15,2025-06-14,Media & Entertainment,Bejaïa,Baccalaureate,12,CDD,7,"Platform-Specific Content (TikTok), Copyright Law, AR/VR Content, Transmedia Storytelling, OTT Platforms, Sports Broadcasting, Audience Analytics (Nielsen)",0,2,48000
714,Merchandiser,Sales Associate,2025-02-17,2025-02-28,2025-03-30,Retail,Algiers,No Formal Education,0,CDI,8,"CRM (Salesforce), Click-and-Collect, Blockchain",0,1,29000
715,Telecom Analyst,Network Engineer,2025-03-24,2025-03-25,2025-04-24,Telecommunications,Batna,Ingénieur d'État,18,Internship,6,"QoS Management, Telecom Billing Systems, Telecom Project Management, Network Monitoring Tools, Spectrum Management, Network Provisioning, Carrier Ethernet",0,1,101000
716,Customs Compliance Officer,Customs Compliance Officer,2025-04-08,2025-05-05,2025-06-04,Transport & Logistics,Ghardaïa,Licence,15,Internship,8,"Customs Compliance, SCM ERP Systems, Last-Mile Delivery, Logistics Costing, Fleet Management, Logistics Analytics",0,1,64000
717,Fishery Inspector,Quality Assurance Officer,2025-03-10,2025-04-08,2025-05-08,Fisheries,Sétif,No Formal Education,0,Internship,3,"Aquaponics, Sustainable Fishing Techniques, Aquaculture Management",0,1,24000
718,Merchandiser,Sales Associate,2025-02-28,2025-03-03,2025-04-02,Retail,Algiers,Ingénieur d'État,18,Internship,3,"Loss Prevention, Demand Forecasting, AR Shopping, Staff Training, In-Store Analytics, IoT, E-Commerce Integration",0,1,50000
719,Marketplace Coordinator,E-Commerce Manager,2025-04-09,2025-05-01,2025-05-31,E-Commerce,Algiers,Licence,15,Internship,10,"Last-Mile Delivery, Customer Segmentation, Heatmap Analysis, Product Information Management (PIM), Mobile App Development (React Native), 3PL Logistics",0,1,72000
720,Auditor,Auditor,2025-05-06,2025-05-20,2025-06-19,Finance,Jijel,Doctorat,20,CDI,10,"Robo-Advisors, Tax Strategy, Economic Forecasting, Real Estate Finance, Audit Techniques, Blockchain/Crypto, Financial Modeling, Derivatives, Fintech Development, Treasury Management, Quantitative Finance, Portfolio Management, ESG Investing, Cost Accounting, AML Compliance",8,11,120000
721,Blasting Technician,Geologist,2025-04-11,2025-04-30,2025-05-30,Mining,Oran,Licence,15,Alternance,4,"GIS for Mining, Mining Automation, Mine Reclamation, Mine Planning, Mining Equipment Maintenance, Drilling Operations",0,1,112000
722,Quantity Surveyor,Site Manager,2025-02-18,2025-02-24,2025-03-26,Construction,Bouira,Ingénieur d'État,18,Alternance,5,"Green Certifications, Risk Management, Geotechnical Engineering, IoT for Smart Buildings, Stakeholder Collaboration, Land Surveying, CAD (AutoCAD), Construction Robotics",0,2,78000
723,HSE Specialist,HSE Specialist,2025-02-11,2025-02-12,2025-03-14,Energy & Petroleum,Adrar,Ingénieur d'État,18,Freelance,6,"Smart Grid Technology, IoT for Oilfields, Reservoir Simulation, Refinery Process Engineering, Offshore Operations, Energy Storage Solutions, Carbon Credit Trading, Energy Auditing, Waste-to-Energy Tech, Petrochemical Design, Corrosion Engineering, Pipeline Leak Detection",4,6,194000
724,Sales Associate,Sales Associate,2025-03-08,2025-03-31,2025-04-30,Retail,Sétif,No Formal Education,0,CDI,7,"Blockchain, Personal Shopping AI, Retail Analytics",0,1,29000
725,Portfolio Manager,Auditor,2025-02-18,2025-02-22,2025-03-24,Finance,Oran,Ingénieur d'État,18,Internship,5,"Real Estate Finance, ESG Investing, Tax Strategy, Financial Cybersecurity, Financial Modeling, Algorithmic Trading, Risk Management (FRM)",0,1,101000
726,Quantity Surveyor,Safety Officer,2025-03-01,2025-03-27,2025-04-26,Construction,Algiers,Doctorat,20,Internship,6,"Facility Management, Project Management (Primavera), Building Codes, Bridge Engineering, Road Engineering, Land Surveying, Water Management, CAD (AutoCAD)",0,1,86000
727,Policy Analyst,Policy Analyst,2025-02-20,2025-03-10,2025-04-09,Public Sector,Oran,Licence,15,CDI,9,"Digital Identity Systems, IT for Government, Public Sector Accounting, Regulatory Compliance, Citizen Engagement, Civic Tech, Legislative Drafting, Government Procurement",2,3,55000
728,UX/UI Designer,UX/UI Designer,2025-03-23,2025-04-10,2025-05-10,E-Commerce,Constantine,Master,17,CDI,4,"AR/VR Try-Ons, Warehouse Automation (WMS), Last-Mile Delivery, Payment Gateways (Stripe/PayPal), Conversion Rate Optimization, API Integration (REST/SOAP), Sustainable E-Commerce, 3PL Logistics, Customer Segmentation, Returns Management, Customer Lifetime Value (CLV), GDPR/CCPA Compliance, User-Generated Content (UGC)",6,7,100000
729,Irrigation Specialist,Irrigation Specialist,2025-04-13,2025-05-09,2025-06-08,Agriculture,Tiaret,Doctorat,20,Internship,1,"Agroforestry, Precision Agriculture, Livestock Management, Soil Science, Crop Management, Agricultural Economics, Post-Harvest Technology, Hydroponics",0,1,48000
730,Environmental Compliance Officer,Mine Engineer,2025-03-19,2025-04-16,2025-05-16,Mining,Skikda,Doctorat,20,CDI,10,"Mine Ventilation, Mineral Exploration, Surface Mining, Mine Planning, Environmental Impact of Mining, Mining Automation, Drilling Operations, Underground Mining Techniques, Mining Economics, Mine Reclamation, Geological Mapping, Mining Safety Standards, Slope Stability Analysis, GIS for Mining, Ore Processing",8,12,160000
731,Academic Advisor,Instructional Designer,2025-04-20,2025-04-27,2025-05-27,Education,Algiers,Master,17,Alternance,9,"Educational Data Mining, Curriculum Design, Mental Health Tools, Adaptive Learning, Digital Assessments, MOOC Platforms (Coursera), Podcasting in Ed",0,1,55000
732,Blasting Technician,Blasting Technician,2025-05-03,2025-05-23,2025-06-22,Mining,Ghardaïa,No Formal Education,0,CDD,10,"Environmental Impact of Mining, Mine Planning, Mine Ventilation",0,1,72000
733,Health Informatics Specialist,Health Informatics Specialist,2025-04-11,2025-04-15,2025-05-15,Healthcare,Bejaïa,Master,17,Internship,10,"Population Health, Precision Medicine, Digital Therapeutics, Wearable Tech, Healthcare Analytics, Rehabilitation Tech, Genomics",0,1,73000
734,Petroleum Engineer,Petroleum Engineer,2025-04-28,2025-05-21,2025-06-20,Energy & Petroleum,Algiers,Master,17,CDI,5,"Geospatial Analysis (GIS), Offshore Operations, Energy Trading, SCADA Systems, Smart Grid Technology, Predictive Maintenance AI, Petrochemical Design, Pipeline Integrity Management, Risk Assessment (HAZOP), Waste-to-Energy Tech, Hydrogen Energy Systems, Petroleum Engineering, HSE Compliance, Downstream Operations",6,8,200000
735,Quality Control Inspector,Maintenance Engineer,2025-04-07,2025-04-26,2025-05-26,Manufacturing,Tébessa,Baccalaureate,12,CDI,1,"Robotics (ROS), Six Sigma, Supply Chain Resilience, Quality Control, Factory Layout, CAD/CAM",0,1,46000
736,Environmental Compliance Officer,Mine Engineer,2025-03-06,2025-03-07,2025-04-06,Mining,Constantine,Baccalaureate,12,CDI,7,"GIS for Mining, Mining Economics, Slope Stability Analysis, Mining Automation, Underground Mining Techniques, Mine Planning",0,1,92000
737,Merchandiser,Inventory Coordinator,2025-04-15,2025-05-02,2025-06-01,Retail,Annaba,Licence,15,CDI,5,"Mobile POS, Social Commerce, Inventory Management, Supply Chain Visibility, POS Systems, RFID, E-Commerce Integration, Consumer Behavior Analysis, AR Shopping",2,5,49000
738,Maintenance Engineer,Production Supervisor,2025-02-28,2025-03-21,2025-04-20,Manufacturing,Sétif,Ingénieur d'État,18,Internship,9,"Energy Efficiency, Industrial Cybersecurity, IIoT, Supply Chain Resilience, Safety Standards, Smart Factories, ERP (SAP)",0,1,66000
739,Portfolio Manager,Auditor,2025-03-22,2025-04-02,2025-05-02,Finance,Ghardaïa,Ingénieur d'État,18,Freelance,3,"Capital Markets, Data Analytics (Power BI), Insurtech, Financial AI, Regulatory Compliance (SOX), ESG Investing, Fintech Development, Behavioral Finance, Derivatives, CBDCs, Wealth Management, AML Compliance",4,7,118000
740,RF Technician,Telecom Analyst,2025-05-01,2025-05-18,2025-06-17,Telecommunications,Constantine,Doctorat,20,CDD,4,"Network Planning, Network Provisioning, Telecom Regulations, Fiber Optic Technology, Carrier Ethernet, Telecom Billing Systems, 5G Network Design, BSS/OSS Systems, LTE/4G/5G Optimization, Network Monitoring Tools, VoIP Systems, QoS Management, RF Engineering, SDN/NFV, Telecom Project Management",8,15,120000
741,Quality Assurance Officer,Fishery Inspector,2025-02-16,2025-03-05,2025-04-04,Fisheries,Skikda,Doctorat,20,Internship,2,"Fisheries Economics, Aquaponics, Aquaculture Management, GPS for Fishing, Sustainable Fishing Techniques, Water Quality Management, Marine Biology, Fish Stock Assessment",0,1,48000
742,Quality Control Inspector,Production Supervisor,2025-03-31,2025-04-17,2025-05-17,Manufacturing,Annaba,No Formal Education,0,CDI,1,"3D Printing, Tooling Design, Waste Reduction",0,1,36000
743,Avionics Engineer,Defense Analyst,2025-02-12,2025-03-03,2025-04-02,Aerospace & Defense,Sétif,Doctorat,20,CDI,10,"Aerodynamics Simulation, CAD for Aerospace, Defense Contracting, DO-178C Certification, Military Standards (MIL-STD), Satellite Communications, Ground Control Systems, Unmanned Aerial Systems, Avionics Systems, Mission Planning, Weapon Systems Integration, Reliability Engineering, Thermal Analysis, Radar Systems, ITAR Compliance",8,12,180000
744,Digital Services Manager,Policy Analyst,2025-03-05,2025-03-14,2025-04-13,Public Sector,Jijel,Doctorat,20,Alternance,6,"Government Procurement, Public Health Policy, Regulatory Compliance, Social Program Management, Open Data Platforms, Municipal Budgeting, IT for Government, Citizen Engagement, Public Finance",0,2,68000
745,RF Technician,Billing Specialist,2025-02-18,2025-03-12,2025-04-11,Telecommunications,Algiers,Ingénieur d'État,18,Freelance,9,"Network Provisioning, 5G Network Design, BSS/OSS Systems, Carrier Ethernet, IP/MPLS, Fiber Optic Technology, LTE/4G/5G Optimization, VoIP Systems, Mobile Core Networks, VSAT Systems, Telecom Billing Systems, Spectrum Management, Telecom Regulations",4,8,120000
746,Agri-Tech Developer,Agronomist,2025-02-15,2025-02-25,2025-03-27,Agriculture,Medea,Licence,15,CDD,1,"Agricultural Economics, AgriTech Solutions, Soil Science, Irrigation Systems, Agroforestry, Farm Machinery, Agricultural Supply Chains, Precision Agriculture, Seed Technology",2,4,40000
747,Quality Control Inspector,Quality Control Inspector,2025-04-10,2025-05-08,2025-06-07,Manufacturing,Skikda,Doctorat,20,Alternance,8,"Robotics (ROS), 3D Printing, ERP (SAP), Rapid Prototyping, Supply Chain Resilience, Production Planning, CAD/CAM, Industrial Automation (PLC)",0,1,76000
748,Clinical Trials Manager,Formulation Scientist,2025-02-09,2025-02-11,2025-03-13,Pharmaceuticals,Oran,Master,17,Internship,1,"Sterile Manufacturing, FDA Submissions, Regulatory Affairs, Batch Record Review, Formulation Development, Drug Formulation, Pharmaceutical Marketing",0,1,126000
749,Agronomist,Agronomist,2025-04-24,2025-05-10,2025-06-09,Agriculture,Oran,No Formal Education,0,CDD,2,"Agricultural Data Analysis, Remote Sensing for Crops, Genetically Modified Crops",0,1,24000
750,Portfolio Manager,Financial Analyst,2025-03-02,2025-03-08,2025-04-07,Finance,Algiers,Licence,15,CDD,3,"CBDCs, Financial Modeling, Robo-Advisors, Risk Management (FRM), Insurtech, Economic Forecasting, Financial Cybersecurity, Algorithmic Trading, Private Equity",2,5,97000
751,Quality Control Inspector,Maintenance Engineer,2025-04-24,2025-05-21,2025-06-20,Manufacturing,Blida,Ingénieur d'État,18,CDD,4,"CNC Machining, Robotics (ROS), 3D Printing, Process Engineering, Safety Standards, Sustainable Practices, Waste Reduction, Smart Factories, Six Sigma, ERP (SAP), Supply Chain Resilience, Additive Manufacturing, Production Planning",4,8,80000
752,Farm Manager,Agronomist,2025-02-26,2025-03-01,2025-03-31,Agriculture,Blida,Doctorat,20,Internship,6,"Livestock Management, Crop Management, Agricultural Supply Chains, Hydroponics, Agricultural Policy, Sustainable Farming, Irrigation Systems, Precision Agriculture",0,1,48000
753,Quality Assurance Officer,Fishery Inspector,2025-04-28,2025-05-24,2025-06-23,Fisheries,Oran,Ingénieur d'État,18,Alternance,9,"Marine Ecosystem Monitoring, GPS for Fishing, Net Design, Fish Disease Management, Marine Biology, Aquaponics, Biosecurity in Aquaculture",0,1,42000
754,Video Editor,Content Producer,2025-02-27,2025-03-27,2025-04-26,Media & Entertainment,Algiers,Licence,15,Freelance,7,"Interactive Storytelling, Ad Tech (Programmatic), Gaming Engines (Unity), Metadata Tagging, CDN Management, Digital Journalism, Podcast Production, Media Asset Management (MAM), Influencer Partnerships",2,5,64000
